{
  "type": "FeatureCollection",
  "features": [
    {
      "type": "Feature",
      "properties": {
        "track_id": "PX-1",
        "route_id": "PX",
        "direction": 1,
        "golden": true,
        "source": "tdx"
      },
      "geometry": {
        "type": "LineString",
        "coordinates": [
          [
            121.82250633432557,
            25.063985621884253
          ],
          [
            121.82246698098399,
            25.06358551534255
          ],
          [
            121.82246288250731,
            25.063465993174976
          ],
          [
            121.8225198877136,
            25.062699342564827
          ],
          [
            121.82252198272079,
            25.062460909242162
          ],
          [
            121.82250625002963,
            25.06222731421227
          ],
          [
            121.82247057466728,
            25.061999444870427
          ],
          [
            121.82244178317036,
            25.06185403256984
          ],
          [
            121.82240047482804,
            25.061695391771934
          ],
          [
            121.82236784892979,
            25.061600619040785
          ],
          [
            121.82228170850094,
            25.061374536732316
          ],
          [
            121.82224958773189,
            25.061307900536256
          ],
          [
            121.82220217037654,
            25.061209517332596
          ],
          [
            121.82214783861293,
            25.061110170318646
          ],
          [
            121.82207793225487,
            25.060996808226292
          ],
          [
            121.82201533877671,
            25.060896568013867
          ],
          [
            121.82179155014305,
            25.060567338363963
          ],
          [
            121.82163320838566,
            25.06032623584274
          ],
          [
            121.82153247737048,
            25.06017241029209
          ],
          [
            121.82143047361089,
            25.060019413227078
          ],
          [
            121.82135248016746,
            25.059904416332138
          ],
          [
            121.82119046383912,
            25.059663414857404
          ],
          [
            121.82111546736914,
            25.059550414429957
          ],
          [
            121.82109846194933,
            25.05952541142194
          ],
          [
            121.8210914675171,
            25.05951541128122
          ],
          [
            121.821040461279,
            25.059440411213775
          ],
          [
            121.82102446683399,
            25.05941541163436
          ],
          [
            121.82099747037333,
            25.059375414656365
          ],
          [
            121.82097246294043,
            25.059339414980787
          ],
          [
            121.82095846744251,
            25.059318412646395
          ],
          [
            121.82094946758623,
            25.059306410405224
          ],
          [
            121.82092146367394,
            25.059268414105848
          ],
          [
            121.82087246358874,
            25.059204416693085
          ],
          [
            121.82083246367776,
            25.05915841591157
          ],
          [
            121.82077746099876,
            25.05909641065783
          ],
          [
            121.82074046467989,
            25.059059411933287
          ],
          [
            121.82072146098693,
            25.059039412247074
          ],
          [
            121.82068746463784,
            25.05900641426049
          ],
          [
            121.8206584637076,
            25.05897941014392
          ],
          [
            121.82061846786836,
            25.058944414060214
          ],
          [
            121.8205814618718,
            25.05891041254772
          ],
          [
            121.82054846352605,
            25.058881417317245
          ],
          [
            121.82040946606975,
            25.058758415340712
          ],
          [
            121.8202734653727,
            25.058637409853613
          ],
          [
            121.82014445382339,
            25.05852261281349
          ],
          [
            121.82003846715415,
            25.058427414067925
          ],
          [
            121.81992946568016,
            25.05833041731729
          ],
          [
            121.81979446370656,
            25.058210416955646
          ],
          [
            121.81968646694072,
            25.05811540959496
          ],
          [
            121.81966442313646,
            25.05809574251506
          ],
          [
            121.81965846097296,
            25.058090412960066
          ],
          [
            121.8196254531532,
            25.058061417564904
          ],
          [
            121.81957645184134,
            25.058019411213763
          ],
          [
            121.81953845222615,
            25.057989414187706
          ],
          [
            121.8195164592177,
            25.057971416931725
          ],
          [
            121.81951545153126,
            25.057970411388446
          ],
          [
            121.81949045877056,
            25.057951410550544
          ],
          [
            121.81948945114455,
            25.057950414034465
          ],
          [
            121.81942045624021,
            25.05790341729904
          ],
          [
            121.81936852675189,
            25.05786817073695
          ],
          [
            121.81928651390871,
            25.057824883932188
          ],
          [
            121.81921184561217,
            25.057787641246378
          ],
          [
            121.81915795075918,
            25.057765342167727
          ],
          [
            121.81908136014603,
            25.057737092596344
          ],
          [
            121.81899391277678,
            25.057708180641917
          ],
          [
            121.81889674431278,
            25.057682463885687
          ],
          [
            121.81879793982702,
            25.057662597018474
          ],
          [
            121.81869791608635,
            25.057648658989184
          ],
          [
            121.81867330067854,
            25.057646149568804
          ],
          [
            121.81864863781836,
            25.057643956376022
          ],
          [
            121.81862394702672,
            25.05764203416462
          ],
          [
            121.81859924782458,
            25.057640337688408
          ],
          [
            121.81857452009096,
            25.057638821919685
          ],
          [
            121.81854979331733,
            25.057637450585016
          ],
          [
            121.81852505717335,
            25.05763616054734
          ],
          [
            121.81850032132958,
            25.05763491564247
          ],
          [
            121.81614588431927,
            25.057517477268608
          ],
          [
            121.81579844251065,
            25.057501421137456
          ],
          [
            121.81576144535718,
            25.057501425762187
          ],
          [
            121.81572744122955,
            25.057501422965075
          ],
          [
            121.81565444462116,
            25.057505425971062
          ],
          [
            121.81562444780234,
            25.057507423350316
          ],
          [
            121.8156243091153,
            25.057507433139737
          ],
          [
            121.81559543881275,
            25.057510426403248
          ],
          [
            121.8155584482436,
            25.057514421194508
          ],
          [
            121.81552544849863,
            25.05751942322123
          ],
          [
            121.81551028934513,
            25.057521591871392
          ],
          [
            121.81545543507329,
            25.057529422210493
          ],
          [
            121.81543378377751,
            25.057533007743082
          ],
          [
            121.81528015588546,
            25.05755849690534
          ],
          [
            121.81523343904884,
            25.057566426932677
          ],
          [
            121.81519543095632,
            25.05757242234652
          ],
          [
            121.81518844053959,
            25.057573426685362
          ],
          [
            121.81510143325121,
            25.057588420845338
          ],
          [
            121.81491543645853,
            25.057618420599415
          ],
          [
            121.81479043093472,
            25.05763941888515
          ],
          [
            121.81474834921991,
            25.057646880971365
          ],
          [
            121.81448054476243,
            25.057691385150825
          ],
          [
            121.81445616103056,
            25.057695427886436
          ],
          [
            121.81443177699863,
            25.057699425481104
          ],
          [
            121.81440738245783,
            25.057703332852185
          ],
          [
            121.81438294737839,
            25.057707105025752
          ],
          [
            121.81435849128307,
            25.057710696756075
          ],
          [
            121.81433399405263,
            25.057714063014874
          ],
          [
            121.81430944547846,
            25.057717158719502
          ],
          [
            121.8142848650834,
            25.057719938624217
          ],
          [
            121.81418036675703,
            25.057727715698082
          ],
          [
            121.81407554785942,
            25.057728976439122
          ],
          [
            121.81401110588722,
            25.05772574567713
          ],
          [
            121.81397086435011,
            25.057723727374942
          ],
          [
            121.81386682186042,
            25.05771199281757
          ],
          [
            121.81384238688344,
            25.05770828091835
          ],
          [
            121.81381800928402,
            25.05770425273031
          ],
          [
            121.8137936795096,
            25.057699962472125
          ],
          [
            121.8137694077093,
            25.057695446199123
          ],
          [
            121.8137451743603,
            25.057690749156926
          ],
          [
            121.81372096985031,
            25.05768591653685
          ],
          [
            121.813696784567,
            25.057680993530184
          ],
          [
            121.81367261880844,
            25.057676025273945
          ],
          [
            121.81343043499454,
            25.057626182876177
          ],
          [
            121.81341431787527,
            25.057622867703575
          ],
          [
            121.81339821060772,
            25.057619543447508
          ],
          [
            121.81338210328136,
            25.057616210162262
          ],
          [
            121.8133660056876,
            25.05761284973878
          ],
          [
            121.81334990791586,
            25.057609462231333
          ],
          [
            121.81333382972764,
            25.05760603850397
          ],
          [
            121.81315520336335,
            25.05756503777198
          ],
          [
            121.81297810878166,
            25.05751884652227
          ],
          [
            121.8129623116458,
            25.057514455248906
          ],
          [
            121.81294652418327,
            25.057510027809997
          ],
          [
            121.81293074645367,
            25.057505573232927
          ],
          [
            121.81291497845696,
            25.05750109151769
          ],
          [
            121.8128992104614,
            25.05749660980076
          ],
          [
            121.81288344234778,
            25.057492110027308
          ],
          [
            121.81265109127767,
            25.057425818170103
          ],
          [
            121.81263533309195,
            25.05742131831559
          ],
          [
            121.81261957484782,
            25.057416809431963
          ],
          [
            121.81260381654525,
            25.05741229151922
          ],
          [
            121.8125880679757,
            25.057407746468368
          ],
          [
            121.81257232913912,
            25.057403174279365
          ],
          [
            121.81255660988654,
            25.05739856587062
          ],
          [
            121.81245198865403,
            25.057366638454745
          ],
          [
            121.81234811754702,
            25.057332729788442
          ],
          [
            121.81233264190722,
            25.0573274880821
          ],
          [
            121.81231716603061,
            25.05732221026451
          ],
          [
            121.81230171964872,
            25.05731689617302
          ],
          [
            121.81228627314907,
            25.0573115640251
          ],
          [
            121.8122708265912,
            25.057306222848133
          ],
          [
            121.8122553898261,
            25.05730086356051
          ],
          [
            121.81168978441482,
            25.057104668951855
          ],
          [
            121.81166662931138,
            25.05709662541336
          ],
          [
            121.81164349391285,
            25.057088563708056
          ],
          [
            121.81162037786251,
            25.05708042967153
          ],
          [
            121.81159730086236,
            25.057072205140607
          ],
          [
            121.81157428249558,
            25.057063853897418
          ],
          [
            121.81155133255376,
            25.05705535783302
          ],
          [
            121.81143297317443,
            25.057008031233764
          ],
          [
            121.8113171383867,
            25.056955770633678
          ],
          [
            121.81120407673534,
            25.05689869204117
          ],
          [
            121.81109403670432,
            25.056836902437947
          ],
          [
            121.81098725716265,
            25.05677055399739
          ],
          [
            121.81088394712746,
            25.056699781000994
          ],
          [
            121.81078434540504,
            25.056624726595714
          ],
          [
            121.8107656946667,
            25.056609869468662
          ],
          [
            121.81074717193682,
            25.05659488525209
          ],
          [
            121.81072872790091,
            25.056579810326195
          ],
          [
            121.81071037252875,
            25.05656465366431
          ],
          [
            121.81069206641621,
            25.05654945159248
          ],
          [
            121.81067377995087,
            25.05653422232782
          ],
          [
            121.81055908822688,
            25.056438657881838
          ],
          [
            121.81054690057482,
            25.05642850500937
          ],
          [
            121.81053470301434,
            25.056418352189905
          ],
          [
            121.81052249566424,
            25.056408217478292
          ],
          [
            121.81051026861407,
            25.056398100928593
          ],
          [
            121.8104980219232,
            25.05638801156821
          ],
          [
            121.81048573577084,
            25.056377949505325
          ],
          [
            121.81037253999219,
            25.05628828087975
          ],
          [
            121.81035989957893,
            25.056278599903695
          ],
          [
            121.81034722967391,
            25.056268955198373
          ],
          [
            121.81033453015844,
            25.05625932870893
          ],
          [
            121.81032181094282,
            25.056249720381302
          ],
          [
            121.81030909184794,
            25.056240130107362
          ],
          [
            121.81029635299359,
            25.056230548967807
          ],
          [
            121.80954132472102,
            25.055662190953182
          ],
          [
            121.80952858592619,
            25.055652600716613
          ],
          [
            121.80951585710297,
            25.055643019452283
          ],
          [
            121.80950313807348,
            25.055633420077964
          ],
          [
            121.80949041904594,
            25.055623820702507
          ],
          [
            121.80947771972248,
            25.055614203163028
          ],
          [
            121.80946503019275,
            25.05560456751358
          ],
          [
            121.80935515822928,
            25.05551977299008
          ],
          [
            121.8093426459191,
            25.055509955809203
          ],
          [
            121.80933014340269,
            25.055500120518392
          ],
          [
            121.80931766064963,
            25.05549027609104
          ],
          [
            121.80930517783926,
            25.055480422635146
          ],
          [
            121.80929270488197,
            25.055470560096747
          ],
          [
            121.80928023186733,
            25.05546068852982
          ],
          [
            121.80862079003438,
            25.054938965593838
          ],
          [
            121.80859739852018,
            25.054920477759836
          ],
          [
            121.80857395775767,
            25.054902035328762
          ],
          [
            121.80855041861,
            25.054883701762265
          ],
          [
            121.80852673188103,
            25.05486553149451
          ],
          [
            121.80850284831544,
            25.054847569932274
          ],
          [
            121.80847871877631,
            25.05482988053708
          ],
          [
            121.80845431388808,
            25.054812517635117
          ],
          [
            121.8084295844545,
            25.05479553566049
          ],
          [
            121.80835019856696,
            25.05474542146875
          ],
          [
            121.8082676113603,
            25.054699802412358
          ],
          [
            121.80818213117207,
            25.05465884833529
          ],
          [
            121.80809407607106,
            25.05462270194595
          ],
          [
            121.80805549584484,
            25.0546093792802
          ],
          [
            121.80800376418372,
            25.054591514980746
          ],
          [
            121.80797438994584,
            25.05458257482748
          ],
          [
            121.8079448501967,
            25.054574086955515
          ],
          [
            121.80791518428124,
            25.054566006012088
          ],
          [
            121.80788540157677,
            25.054558250696445
          ],
          [
            121.80785554136908,
            25.054550766628413
          ],
          [
            121.80782562306428,
            25.054543490508266
          ],
          [
            121.80779566595022,
            25.054536340981407
          ],
          [
            121.80776568949231,
            25.054529263775542
          ],
          [
            121.80766934810914,
            25.054506541303216
          ],
          [
            121.80763936193222,
            25.0544994912076
          ],
          [
            121.80760935629303,
            25.054492495378096
          ],
          [
            121.80757931190335,
            25.054485635169232
          ],
          [
            121.80754921932615,
            25.054478982854178
          ],
          [
            121.80751904918533,
            25.054472592759076
          ],
          [
            121.80748880201314,
            25.054466546130623
          ],
          [
            121.80745845834369,
            25.054460897241004
          ],
          [
            121.80742801870895,
            25.054455727336954
          ],
          [
            121.80731806684183,
            25.0544415737284
          ],
          [
            121.80720729869005,
            25.054434429999084
          ],
          [
            121.80716810196012,
            25.054434390252702
          ],
          [
            121.80709625941721,
            25.054434311240463
          ],
          [
            121.80698547442547,
            25.054441241680713
          ],
          [
            121.80687548840564,
            25.054455164195147
          ],
          [
            121.80676682622874,
            25.054476021768302
          ],
          [
            121.80666003229197,
            25.054503712141408
          ],
          [
            121.80655560126533,
            25.054538106244053
          ],
          [
            121.80651037941188,
            25.05455632604958
          ],
          [
            121.80645405725609,
            25.05457902970845
          ],
          [
            121.80635587470424,
            25.054626290382302
          ],
          [
            121.80633646811086,
            25.054636651257244
          ],
          [
            121.806329159786,
            25.054640554807683
          ],
          [
            121.80630271515598,
            25.054655233036954
          ],
          [
            121.8062765008185,
            25.054670271120965
          ],
          [
            121.80625049642137,
            25.054685587920662
          ],
          [
            121.80622466208708,
            25.05470114754168
          ],
          [
            121.80619894773258,
            25.054716869006306
          ],
          [
            121.80617332333176,
            25.054732707338914
          ],
          [
            121.80614773897881,
            25.054748608643976
          ],
          [
            121.806031474525,
            25.054820919924907
          ],
          [
            121.80587784025475,
            25.05491648171411
          ],
          [
            121.80583200158281,
            25.054944987258832
          ],
          [
            121.8058115300774,
            25.05495771008458
          ],
          [
            121.805791038511,
            25.054970396905446
          ],
          [
            121.80577048694727,
            25.05498300279941
          ],
          [
            121.80574986529882,
            25.054995500737952
          ],
          [
            121.8057291237781,
            25.05500785488018
          ],
          [
            121.80570826208995,
            25.055020020088964
          ],
          [
            121.80568723044686,
            25.055031960523387
          ],
          [
            121.80566602861279,
            25.055043640073677
          ],
          [
            121.80557817215562,
            25.055087847017102
          ],
          [
            121.80548741774166,
            25.055126896732006
          ],
          [
            121.80539414102743,
            25.055160642731988
          ],
          [
            121.80530875759551,
            25.055185968131664
          ],
          [
            121.80529869790946,
            25.055188947666306
          ],
          [
            121.80520148404489,
            25.055211692024887
          ],
          [
            121.8051028854177,
            25.05522879246201
          ],
          [
            121.80500329798208,
            25.05524017460656
          ],
          [
            121.80490311786994,
            25.055245791170734
          ],
          [
            121.8048027513008,
            25.05524562189629
          ],
          [
            121.80478624623855,
            25.055245043282962
          ],
          [
            121.80476974996661,
            25.055244293093093
          ],
          [
            121.804753262544,
            25.05524338035412
          ],
          [
            121.80473678385287,
            25.055242287011193
          ],
          [
            121.80472033365501,
            25.055241003929478
          ],
          [
            121.80470389212987,
            25.055239531216387
          ],
          [
            121.80465969344424,
            25.055233911687896
          ],
          [
            121.8046182026398,
            25.055228638585273
          ],
          [
            121.80453354864751,
            25.055212404900118
          ],
          [
            121.80445030734546,
            25.05519091839675
          ],
          [
            121.80436888565622,
            25.055164267150857
          ],
          [
            121.80428967097538,
            25.055132584483346
          ],
          [
            121.8042130210842,
            25.05509602193177
          ],
          [
            121.80419159949801,
            25.055084681723592
          ],
          [
            121.80417039382193,
            25.05507301534445
          ],
          [
            121.8041493844122,
            25.055061049984005
          ],
          [
            121.80412854200921,
            25.05504885802273
          ],
          [
            121.80410782720737,
            25.05503647578498
          ],
          [
            121.80408721057033,
            25.0550239485689
          ],
          [
            121.80406667268986,
            25.05501133967379
          ],
          [
            121.80404616419108,
            25.054998676450225
          ],
          [
            121.8038940367102,
            25.05490466353476
          ],
          [
            121.80387353809792,
            25.05489199120522
          ],
          [
            121.80385306898519,
            25.054879282602112
          ],
          [
            121.80383262919536,
            25.05486651064317
          ],
          [
            121.80381226816218,
            25.054853657005392
          ],
          [
            121.80379200541186,
            25.05484067644439
          ],
          [
            121.803771850737,
            25.05482755085175
          ],
          [
            121.80367585950638,
            25.054761192804452
          ],
          [
            121.80358343932379,
            25.054690752886522
          ],
          [
            121.80356488812275,
            25.054675785956952
          ],
          [
            121.80354648469756,
            25.05466068280926
          ],
          [
            121.80352817967339,
            25.054645470793886
          ],
          [
            121.80350996331654,
            25.054630177046743
          ],
          [
            121.80349179616245,
            25.05461482886461
          ],
          [
            121.80347365856717,
            25.054599453436975
          ],
          [
            121.80270232416753,
            25.053945203792978
          ],
          [
            121.80268419662035,
            25.05392981918165
          ],
          [
            121.80266608878057,
            25.05391441640603
          ],
          [
            121.80264801044079,
            25.053898977357658
          ],
          [
            121.80263000112436,
            25.053883483767493
          ],
          [
            121.80261206071368,
            25.05386791758069
          ],
          [
            121.8025942188219,
            25.053852260581756
          ],
          [
            121.80250168747119,
            25.05376759283065
          ],
          [
            121.80241250673421,
            25.053679990954528
          ],
          [
            121.80239604450705,
            25.053663125786382
          ],
          [
            121.80237968085747,
            25.05364617883402
          ],
          [
            121.8023634059341,
            25.053629159178445
          ],
          [
            121.80234720009281,
            25.053612094009022
          ],
          [
            121.80233102381032,
            25.053595001594804
          ],
          [
            121.80231487708664,
            25.053577881935784
          ],
          [
            121.80220539300383,
            25.05346182581477
          ],
          [
            121.80218924631522,
            25.05344470614091
          ],
          [
            121.80217306022536,
            25.05342762278897
          ],
          [
            121.80215681491389,
            25.053410575865964
          ],
          [
            121.80214048094409,
            25.053393610669588
          ],
          [
            121.80212401879265,
            25.053376745468768
          ],
          [
            121.80210739890533,
            25.0533600075063
          ],
          [
            121.80204037173444,
            25.05329570372358
          ],
          [
            121.80202288470849,
            25.053279728764355
          ],
          [
            121.80200523988796,
            25.05326387201574
          ],
          [
            121.80198748682369,
            25.05324813321008
          ],
          [
            121.80196964510107,
            25.053232476130628
          ],
          [
            121.80195175412584,
            25.053216864453574
          ],
          [
            121.80193382374941,
            25.05320128909798
          ],
          [
            121.8016542441163,
            25.05295844433529
          ],
          [
            121.8016407988674,
            25.0529467627767
          ],
          [
            121.80162737332392,
            25.05293506305497
          ],
          [
            121.8016139772786,
            25.05292332706176
          ],
          [
            121.80160063049298,
            25.05291154566267
          ],
          [
            121.80158735272865,
            25.05289970972333
          ],
          [
            121.80157416357109,
            25.052887783027057
          ],
          [
            121.80156107293044,
            25.052875765520394
          ],
          [
            121.80154811047842,
            25.052863648015492
          ],
          [
            121.80146956999424,
            25.052784429058935
          ],
          [
            121.80139690687739,
            25.052700691555145
          ],
          [
            121.80133043062746,
            25.052612785925078
          ],
          [
            121.80132047678646,
            25.05259849453501
          ],
          [
            121.80131067107143,
            25.052584121095304
          ],
          [
            121.80130098381068,
            25.05256967479387
          ],
          [
            121.80129139530126,
            25.052555173792456
          ],
          [
            121.80128189569182,
            25.052540627172032
          ],
          [
            121.80127246522069,
            25.05252604406692
          ],
          [
            121.80126306436482,
            25.052511442745892
          ],
          [
            121.80125369318289,
            25.052496832236365
          ],
          [
            121.80093444220196,
            25.05199887722898
          ],
          [
            121.80092194735963,
            25.051979390499604
          ],
          [
            121.8009094327598,
            25.05195991290336
          ],
          [
            121.8008968687896,
            25.051940462655388
          ],
          [
            121.80088424553897,
            25.051921039809113
          ],
          [
            121.80087154330512,
            25.05190166252627
          ],
          [
            121.80085874232657,
            25.051882339941134
          ],
          [
            121.80077181841573,
            25.051757313842877
          ],
          [
            121.80067979095112,
            25.05163535755169
          ],
          [
            121.80066532168365,
            25.051617036993765
          ],
          [
            121.80065075373058,
            25.05159878016052
          ],
          [
            121.80063611676339,
            25.051580577864232
          ],
          [
            121.80062141066479,
            25.051562412050014
          ],
          [
            121.8006066749577,
            25.05154426444931
          ],
          [
            121.80059191955223,
            25.05152613500868
          ],
          [
            121.8000091116841,
            25.050810386288095
          ],
          [
            121.79999434660442,
            25.05079226586278
          ],
          [
            121.79997955191637,
            25.050774163650832
          ],
          [
            121.79996468815577,
            25.05075610694806
          ],
          [
            121.79994973556127,
            25.050738104888612
          ],
          [
            121.79993465478593,
            25.05072020282313
          ],
          [
            121.79991942600982,
            25.050702400858302
          ],
          [
            121.79990400982736,
            25.05068473531731
          ],
          [
            121.79988838647726,
            25.050667215334254
          ],
          [
            121.79980634114993,
            25.050582028900884
          ],
          [
            121.79971855979204,
            25.050501721205375
          ],
          [
            121.79962540127048,
            25.050426615304897
          ],
          [
            121.79952723418319,
            25.050357007121367
          ],
          [
            121.79942443691786,
            25.050293174469008
          ],
          [
            121.7993174273819,
            25.050235376894488
          ],
          [
            121.79920662324561,
            25.050183837835622
          ],
          [
            121.79909248169943,
            25.05013876246308
          ],
          [
            121.79897544990432,
            25.050100337947185
          ],
          [
            121.79895183885823,
            25.050093486492706
          ],
          [
            121.79892815011502,
            25.05008687920171
          ],
          [
            121.79890439329202,
            25.05008047088365
          ],
          [
            121.79888058803337,
            25.050074234349573
          ],
          [
            121.798856734105,
            25.050068133489695
          ],
          [
            121.79883285109266,
            25.050062132087675
          ],
          [
            121.79880893882078,
            25.050056203061143
          ],
          [
            121.79878502678511,
            25.050050310140467
          ],
          [
            121.79850184487887,
            25.049980576642888
          ],
          [
            121.79848389850012,
            25.04997615923853
          ],
          [
            121.79846596220796,
            25.04997176886103
          ],
          [
            121.79844800633106,
            25.049967414697615
          ],
          [
            121.7984300309864,
            25.049963114803187
          ],
          [
            121.79841203629088,
            25.049958887232613
          ],
          [
            121.79839401250997,
            25.0499547591215
          ],
          [
            121.79837596967049,
            25.049950748471424
          ],
          [
            121.7983578781011,
            25.049946864469618
          ],
          [
            121.79824570965677,
            25.049926342353988
          ],
          [
            121.79813242963324,
            25.049911685139442
          ],
          [
            121.79801842491048,
            25.04990295393956
          ],
          [
            121.79790405234598,
            25.04990016489161
          ],
          [
            121.79788547130993,
            25.049900273729474
          ],
          [
            121.79786689109184,
            25.04990050894923
          ],
          [
            121.7978483216016,
            25.049900870497634
          ],
          [
            121.79782974284402,
            25.049901331398804
          ],
          [
            121.797811174522,
            25.049901873491415
          ],
          [
            121.7977926065503,
            25.04990246974637
          ],
          [
            121.79777403887051,
            25.04990311113623
          ],
          [
            121.79775547124888,
            25.0499037615512
          ],
          [
            121.79729458155968,
            25.049920147898984
          ],
          [
            121.79726983148393,
            25.0499210390764
          ],
          [
            121.79724507167293,
            25.049921957385248
          ],
          [
            121.79722032223846,
            25.049922947856313
          ],
          [
            121.79719557350411,
            25.04992404665263
          ],
          [
            121.79717083561323,
            25.049925289830735
          ],
          [
            121.79714611865082,
            25.049926704419804
          ],
          [
            121.79712140303042,
            25.049928326636014
          ],
          [
            121.79709670886368,
            25.049930201510207
          ],
          [
            121.79698619689414,
            25.04994206114501
          ],
          [
            121.79687658342354,
            25.049959540170956
          ],
          [
            121.79676822501963,
            25.049982609594377
          ],
          [
            121.79666145796436,
            25.05001116830929
          ],
          [
            121.79655661877415,
            25.05004515132041
          ],
          [
            121.79645403364813,
            25.0500844304943
          ],
          [
            121.79643153894767,
            25.05009388581008
          ],
          [
            121.79640915465285,
            25.050103557196763
          ],
          [
            121.79638687073698,
            25.050113426652622
          ],
          [
            121.7963646670885,
            25.050123449146763
          ],
          [
            121.79634254353236,
            25.050133597596858
          ],
          [
            121.79632047016375,
            25.05014384507999
          ],
          [
            121.79629842692947,
            25.050154155592683
          ],
          [
            121.79627640368625,
            25.05016449307825
          ],
          [
            121.79485319826829,
            25.05083314637515
          ],
          [
            121.79483851596113,
            25.050840040902187
          ],
          [
            121.79482383371055,
            25.050846944455273
          ],
          [
            121.79480916142647,
            25.050853856981345
          ],
          [
            121.79479449910896,
            25.05086077848043
          ],
          [
            121.79477984681617,
            25.050867717979973
          ],
          [
            121.79476520454813,
            25.05087467547998
          ],
          [
            121.79458404045934,
            25.050963376495215
          ],
          [
            121.79440516002627,
            25.051055856739048
          ],
          [
            121.79439089836745,
            25.051063444110415
          ],
          [
            121.7943766467914,
            25.051071058509784
          ],
          [
            121.79436240518176,
            25.05107868188229
          ],
          [
            121.79434817353852,
            25.051086314227895
          ],
          [
            121.79433395186172,
            25.051093955546634
          ],
          [
            121.79431972033125,
            25.05110160594449
          ],
          [
            121.79421366045119,
            25.051158641727003
          ],
          [
            121.79419765120828,
            25.051167249533673
          ],
          [
            121.79418163187856,
            25.051175830309315
          ],
          [
            121.7941655924357,
            25.051184366051995
          ],
          [
            121.79414950303327,
            25.05119283886576
          ],
          [
            121.79413336355498,
            25.05120123069571
          ],
          [
            121.79411716391627,
            25.051209514512447
          ],
          [
            121.79410088418085,
            25.051217672367024
          ],
          [
            121.79408451432238,
            25.051225686257492
          ],
          [
            121.79398508045054,
            25.051269821897318
          ],
          [
            121.79388259338417,
            25.051307690469088
          ],
          [
            121.79377749798306,
            25.051339118061524
          ],
          [
            121.79367030871175,
            25.051363966503427
          ],
          [
            121.79356152033266,
            25.05138211578584
          ],
          [
            121.7934516179319,
            25.051393482063798
          ],
          [
            121.7933411165592,
            25.051398017444715
          ],
          [
            121.79323054129105,
            25.05139569203955
          ],
          [
            121.7931203976746,
            25.05138652120377
          ],
          [
            121.79310197990262,
            25.051384317468724
          ],
          [
            121.79308358084769,
            25.051381942103976
          ],
          [
            121.79306520068411,
            25.051379422191882
          ],
          [
            121.79304684949625,
            25.05137678476188
          ],
          [
            121.79302850763833,
            25.051374057002178
          ],
          [
            121.79301018507849,
            25.05137124788729
          ],
          [
            121.79299187213908,
            25.051368393579967
          ],
          [
            121.7929735590843,
            25.051365521215452
          ],
          [
            121.79264064950655,
            25.05131314962988
          ],
          [
            121.79261623528845,
            25.05130929867003
          ],
          [
            121.79259183074959,
            25.051305411543442
          ],
          [
            121.79256744545172,
            25.051301434032514
          ],
          [
            121.7925430792208,
            25.0512973390549
          ],
          [
            121.79251875158671,
            25.05129308136759
          ],
          [
            121.79249446225934,
            25.05128861583334
          ],
          [
            121.79247024073679,
            25.05128390618372
          ],
          [
            121.7924460768189,
            25.051278907334385
          ],
          [
            121.79233587697577,
            25.05125171679878
          ],
          [
            121.79222796257748,
            25.051217752196063
          ],
          [
            121.7921228400382,
            25.05117716430213
          ],
          [
            121.79202100615026,
            25.0511301490843
          ],
          [
            121.79192291817947,
            25.05107692077737
          ],
          [
            121.79182903367908,
            25.05101773875439
          ],
          [
            121.79173980023154,
            25.050952853414664
          ],
          [
            121.7916556262982,
            25.050882596616646
          ],
          [
            121.79157691019532,
            25.050807264162227
          ],
          [
            121.79150400120787,
            25.050727233364857
          ],
          [
            121.79143724844376,
            25.05064285445566
          ],
          [
            121.79137696171564,
            25.050554532041716
          ],
          [
            121.79132342110336,
            25.05046267088824
          ],
          [
            121.7913127161196,
            25.050442316140916
          ],
          [
            121.79130229777535,
            25.050421842504775
          ],
          [
            121.7912921363985,
            25.05040125916565
          ],
          [
            121.79128218261293,
            25.050380593469946
          ],
          [
            121.79127239689463,
            25.050359863683777
          ],
          [
            121.7912627297516,
            25.050339079098617
          ],
          [
            121.79125316147979,
            25.050318257874963
          ],
          [
            121.79124362288323,
            25.050297427464717
          ],
          [
            121.79105578213624,
            25.049886536127662
          ],
          [
            121.79104625351816,
            25.049865705649143
          ],
          [
            121.79103667541169,
            25.049844884461198
          ],
          [
            121.79102700840885,
            25.049824108884746
          ],
          [
            121.79101721286997,
            25.049803379130886
          ],
          [
            121.79100724927132,
            25.04978271346557
          ],
          [
            121.79099705832712,
            25.049762139287786
          ],
          [
            121.79098662033357,
            25.04974167475793
          ],
          [
            121.79097587594707,
            25.0497213382475
          ],
          [
            121.79092634451881,
            25.049636397931803
          ],
          [
            121.7908708571798,
            25.049554558749062
          ],
          [
            121.79080965409157,
            25.049476180524643
          ],
          [
            121.79074299500151,
            25.049401586868374
          ],
          [
            121.79067115941652,
            25.049331092257017
          ],
          [
            121.79059445651289,
            25.049265001981695
          ],
          [
            121.79051319517491,
            25.049203576196444
          ],
          [
            121.79042773394977,
            25.049147092846837
          ],
          [
            121.79033842118288,
            25.049095784794385
          ],
          [
            121.79024564474122,
            25.049049866635364
          ],
          [
            121.79014979237384,
            25.049009534911896
          ],
          [
            121.79005126156416,
            25.04897495903182
          ],
          [
            121.78995047934995,
            25.048946281163452
          ],
          [
            121.78992655817619,
            25.048940413935107
          ],
          [
            121.78990254966698,
            25.0489348360559
          ],
          [
            121.78987847346836,
            25.048929520338003
          ],
          [
            121.78985433908515,
            25.04892440353646
          ],
          [
            121.78983016616344,
            25.048919458463494
          ],
          [
            121.78980596432372,
            25.048914639929066
          ],
          [
            121.78978174324449,
            25.048909911770643
          ],
          [
            121.78975751248849,
            25.048905219770756
          ],
          [
            121.78961700026204,
            25.048878061925826
          ],
          [
            121.78960832800408,
            25.048876383720884
          ],
          [
            121.78951629707358,
            25.048858600691748
          ],
          [
            121.789409134392,
            25.048837891773314
          ],
          [
            121.78923466820437,
            25.04880426053484
          ],
          [
            121.78904853339024,
            25.0487683889907
          ],
          [
            121.78882409659097,
            25.048724893535926
          ],
          [
            121.78852655171792,
            25.04866732335011
          ],
          [
            121.78834033131602,
            25.04863040414262
          ],
          [
            121.78814233436519,
            25.0485914076012
          ],
          [
            121.78794433396983,
            25.048553403866432
          ],
          [
            121.78774133261592,
            25.04851440624719
          ],
          [
            121.7875683316913,
            25.04848041317871
          ],
          [
            121.78752234058265,
            25.04847141257075
          ],
          [
            121.78747332692559,
            25.048462418943835
          ],
          [
            121.7874013257985,
            25.048449412432788
          ],
          [
            121.78736533696251,
            25.048442417088268
          ],
          [
            121.78731633601159,
            25.048435409451837
          ],
          [
            121.78722133352163,
            25.048422416428686
          ],
          [
            121.78712433837815,
            25.04841241306842
          ],
          [
            121.78703133639574,
            25.048405412792036
          ],
          [
            121.78692633259423,
            25.04840141909195
          ],
          [
            121.78682133444622,
            25.048401415563625
          ],
          [
            121.78672134029546,
            25.048404418791346
          ],
          [
            121.78662133196055,
            25.048411412303167
          ],
          [
            121.78652733207412,
            25.048420414211176
          ],
          [
            121.78648633592289,
            25.048425415994267
          ],
          [
            121.78645533273541,
            25.04842941694376
          ],
          [
            121.78638933891324,
            25.048438414932345
          ],
          [
            121.78633633445163,
            25.048445412188553
          ],
          [
            121.78632833341472,
            25.04844641148646
          ],
          [
            121.78629434020608,
            25.048452414340623
          ],
          [
            121.78628033997336,
            25.04845441136315
          ],
          [
            121.78612133936446,
            25.048477416085564
          ],
          [
            121.78594533846257,
            25.048504410586144
          ],
          [
            121.78588333839244,
            25.04851341430383
          ],
          [
            121.7858533361105,
            25.04851741886084
          ],
          [
            121.78580833901384,
            25.048524418706865
          ],
          [
            121.78575733279828,
            25.048532416297753
          ],
          [
            121.78571633937906,
            25.048539412993428
          ],
          [
            121.78556914826063,
            25.048566579661756
          ],
          [
            121.78556033989429,
            25.048568413743357
          ],
          [
            121.78554233880554,
            25.048572417965303
          ],
          [
            121.78544534011746,
            25.048591410742585
          ],
          [
            121.78532833492328,
            25.048615411311108
          ],
          [
            121.78518333204471,
            25.04864541880852
          ],
          [
            121.78503833894398,
            25.048675417086116
          ],
          [
            121.78493033907299,
            25.04869741072419
          ],
          [
            121.78479833885976,
            25.04872441511323
          ],
          [
            121.78479552808206,
            25.048724998713155
          ],
          [
            121.78467940402287,
            25.048748903841794
          ],
          [
            121.78462833432562,
            25.048759411105088
          ],
          [
            121.78450233319992,
            25.048785417573196
          ],
          [
            121.7844633379318,
            25.048793414483946
          ],
          [
            121.78439934136944,
            25.048806418407413
          ],
          [
            121.78431633623674,
            25.04882241155907
          ],
          [
            121.78426533975387,
            25.04883041761776
          ],
          [
            121.78422233153938,
            25.048835411347444
          ],
          [
            121.78412533827405,
            25.04884441851948
          ],
          [
            121.78401933803701,
            25.04884741552913
          ],
          [
            121.78391933495331,
            25.048844413453317
          ],
          [
            121.78383034006332,
            25.048836415028607
          ],
          [
            121.78380433642084,
            25.048833410574467
          ],
          [
            121.78377533357158,
            25.04882941082961
          ],
          [
            121.78371033204927,
            25.0488184148992
          ],
          [
            121.78363933914704,
            25.048803415130756
          ],
          [
            121.78355233365627,
            25.04877941784848
          ],
          [
            121.78345833309221,
            25.048749417824684
          ],
          [
            121.78340809403984,
            25.048736267510076
          ],
          [
            121.78322380810069,
            25.048665143459868
          ],
          [
            121.78305551847097,
            25.04858638762936
          ],
          [
            121.78291470241565,
            25.04852048680752
          ],
          [
            121.78267334130142,
            25.048411412163247
          ],
          [
            121.78250433931889,
            25.04833741708566
          ],
          [
            121.78249503758892,
            25.048333349416808
          ],
          [
            121.78236035114499,
            25.04827441229681
          ],
          [
            121.78233434649538,
            25.048263418001756
          ],
          [
            121.78233233829448,
            25.048262417466713
          ],
          [
            121.78224534366909,
            25.04822441726005
          ],
          [
            121.78221934889235,
            25.048213413864634
          ],
          [
            121.78218535111186,
            25.048198417187262
          ],
          [
            121.78209834386006,
            25.04815841279157
          ],
          [
            121.78204935085219,
            25.048135415167316
          ],
          [
            121.78200234349218,
            25.04811142304524
          ],
          [
            121.78197234308655,
            25.048095421246156
          ],
          [
            121.78189034296985,
            25.048046416752534
          ],
          [
            121.78185634689474,
            25.048025425542097
          ],
          [
            121.78182934651274,
            25.04800742181113
          ],
          [
            121.78181834510971,
            25.04799942693173
          ],
          [
            121.78181734771705,
            25.047998421069565
          ],
          [
            121.78175434468365,
            25.04795242207065
          ],
          [
            121.78168534213174,
            25.0478964247489
          ],
          [
            121.78161935035224,
            25.047835428216096
          ],
          [
            121.78156034165164,
            25.047775424079443
          ],
          [
            121.78150034443134,
            25.047706424419392
          ],
          [
            121.78144034333195,
            25.04762742197073
          ],
          [
            121.78138634506499,
            25.047546419863547
          ],
          [
            121.7813433482511,
            25.047473421679502
          ],
          [
            121.78131834175768,
            25.047424424012586
          ],
          [
            121.78130034837868,
            25.047387423490072
          ],
          [
            121.78130034564411,
            25.047385428364453
          ],
          [
            121.78128034925066,
            25.04734042170266
          ],
          [
            121.7812693499885,
            25.047312421201703
          ],
          [
            121.78124334751539,
            25.047245427358504
          ],
          [
            121.78121634458965,
            25.04716442765127
          ],
          [
            121.78120535051515,
            25.047129421557212
          ],
          [
            121.78119434576746,
            25.047097421770047
          ],
          [
            121.78114534858796,
            25.046945425855903
          ],
          [
            121.78109834534396,
            25.046798420828328
          ],
          [
            121.78108234456772,
            25.046747425758852
          ],
          [
            121.78102834988438,
            25.046582419949747
          ],
          [
            121.78101434937464,
            25.04653742685826
          ],
          [
            121.78100434483656,
            25.04650842804623
          ],
          [
            121.78098134615419,
            25.046438421127615
          ],
          [
            121.78096535099156,
            25.04639142532034
          ],
          [
            121.78095434554356,
            25.046362422738
          ],
          [
            121.78094034537163,
            25.046328425477185
          ],
          [
            121.78090534831898,
            25.04624943577721
          ],
          [
            121.78086134386895,
            25.046167432994558
          ],
          [
            121.7808133441577,
            25.046091436617612
          ],
          [
            121.7807973460845,
            25.046067434572166
          ],
          [
            121.78078234811127,
            25.04604643352093
          ],
          [
            121.7807823417651,
            25.04604543147013
          ],
          [
            121.78075834528565,
            25.046013436729012
          ],
          [
            121.78071834909649,
            25.04596343438688
          ],
          [
            121.78069634920975,
            25.04593843470348
          ],
          [
            121.78064634205626,
            25.04588342938986
          ],
          [
            121.78059334496132,
            25.0458304349095
          ],
          [
            121.78052534941938,
            25.04577043240013
          ],
          [
            121.78045734239888,
            25.04571643339593
          ],
          [
            121.78038434988042,
            25.04566543068998
          ],
          [
            121.78030234929656,
            25.045614430122914
          ],
          [
            121.78021734797474,
            25.04556842860682
          ],
          [
            121.78012735130471,
            25.045525432442428
          ],
          [
            121.78007834894132,
            25.045505431407534
          ],
          [
            121.7800553505131,
            25.045496434105335
          ],
          [
            121.78005334871564,
            25.045496435588625
          ],
          [
            121.77997597423635,
            25.04547486821372
          ],
          [
            121.77988128230521,
            25.045457237546778
          ],
          [
            121.77982009829805,
            25.045443123296806
          ],
          [
            121.77939634204968,
            25.045349435868975
          ],
          [
            121.77920135748062,
            25.04531543088299
          ],
          [
            121.77914135277582,
            25.045304433779606
          ],
          [
            121.77910036075836,
            25.04529743555945
          ],
          [
            121.77906435338392,
            25.045290429243504
          ],
          [
            121.77896734404736,
            25.045271428889368
          ],
          [
            121.7789303592735,
            25.045263434608806
          ],
          [
            121.77890335286139,
            25.04525843036721
          ],
          [
            121.77890135464627,
            25.045257429731567
          ],
          [
            121.77886436002787,
            25.045249444513786
          ],
          [
            121.77882335896184,
            25.04523944001025
          ],
          [
            121.7787383578244,
            25.045218444604767
          ],
          [
            121.77866535756411,
            25.045197440415603
          ],
          [
            121.77860135826144,
            25.045178438324562
          ],
          [
            121.77858197507562,
            25.04517225656899
          ],
          [
            121.77855435997344,
            25.04516344572617
          ],
          [
            121.77851035802924,
            25.045147444353923
          ],
          [
            121.77844560260081,
            25.04512325517809
          ],
          [
            121.77839435232158,
            25.045103445913025
          ],
          [
            121.77830135931099,
            25.045064445575953
          ],
          [
            121.77821035908313,
            25.045022437514213
          ],
          [
            121.77816235271608,
            25.04499844033562
          ],
          [
            121.77812835720343,
            25.04498044545883
          ],
          [
            121.77805435256904,
            25.044938438556734
          ],
          [
            121.77800835613169,
            25.044909438432253
          ],
          [
            121.77797135344537,
            25.044884444673635
          ],
          [
            121.7779703525227,
            25.044884440887365
          ],
          [
            121.77791235609175,
            25.0448414382742
          ],
          [
            121.77784435434992,
            25.044786444950976
          ],
          [
            121.77777835257635,
            25.044726439728297
          ],
          [
            121.77772335991325,
            25.044669446291305
          ],
          [
            121.77767535278349,
            25.04461544057585
          ],
          [
            121.777628358357,
            25.04455544411719
          ],
          [
            121.7775803522515,
            25.044487445286425
          ],
          [
            121.77753935154365,
            25.044422443112367
          ],
          [
            121.77752235883192,
            25.044391440332017
          ],
          [
            121.77750335535819,
            25.04435744181806
          ],
          [
            121.77747236009658,
            25.044293443511012
          ],
          [
            121.77744635400018,
            25.04423644270997
          ],
          [
            121.77742635236064,
            25.044193439671606
          ],
          [
            121.77741235614266,
            25.044161446194614
          ],
          [
            121.77738135911865,
            25.04409243744962
          ],
          [
            121.777312353708,
            25.04393944340194
          ],
          [
            121.77724235474479,
            25.04378444131597
          ],
          [
            121.77717335328155,
            25.043630445085295
          ],
          [
            121.77710535197762,
            25.04347944983987
          ],
          [
            121.77703935793544,
            25.043332443371412
          ],
          [
            121.77699035470481,
            25.043222452242233
          ],
          [
            121.77697835229833,
            25.043195449686507
          ],
          [
            121.77697835589332,
            25.043194447582582
          ],
          [
            121.77696435359701,
            25.04316145200147
          ],
          [
            121.77696335268816,
            25.04316144820808
          ],
          [
            121.77694635945,
            25.04312244672793
          ],
          [
            121.77693335355019,
            25.043093454273155
          ],
          [
            121.77690135982205,
            25.04302344853518
          ],
          [
            121.77687935775664,
            25.042977449614106
          ],
          [
            121.77686735811712,
            25.0429524512035
          ],
          [
            121.77685535488651,
            25.042928454895677
          ],
          [
            121.77681335788083,
            25.042851450733686
          ],
          [
            121.77676636016736,
            25.042773452562372
          ],
          [
            121.77672735681392,
            25.042715454284462
          ],
          [
            121.77670435657718,
            25.042682451548583
          ],
          [
            121.77668035550501,
            25.042649454040802
          ],
          [
            121.77662835343762,
            25.042582450752693
          ],
          [
            121.77659335271302,
            25.042538451678713
          ],
          [
            121.77657035791404,
            25.042509448204893
          ],
          [
            121.7764643550386,
            25.042377447113445
          ],
          [
            121.77638035975556,
            25.04227345252272
          ],
          [
            121.776310358687,
            25.042185454236677
          ],
          [
            121.77630535253701,
            25.0421804519119
          ],
          [
            121.77630535613768,
            25.042179449807733
          ],
          [
            121.7762435964317,
            25.042092455649623
          ],
          [
            121.77590798349229,
            25.04163696887019
          ],
          [
            121.77579353625568,
            25.041513966931184
          ],
          [
            121.7753917059888,
            25.041116033785368
          ],
          [
            121.77503781890826,
            25.040798214874233
          ],
          [
            121.77478416697619,
            25.040568453196702
          ],
          [
            121.77459078436378,
            25.04036055818023
          ],
          [
            121.77430782081413,
            25.040020159271297
          ],
          [
            121.77419796472975,
            25.03988452025368
          ],
          [
            121.77418735255466,
            25.039870456066634
          ],
          [
            121.77416335176696,
            25.039840464373434
          ],
          [
            121.77414536034014,
            25.039817455968308
          ],
          [
            121.77412735906756,
            25.039794456639907
          ],
          [
            121.7740773558002,
            25.03973446560081
          ],
          [
            121.77404335306171,
            25.039694469021995
          ],
          [
            121.77402336003028,
            25.039671471028107
          ],
          [
            121.77400535411842,
            25.039652461996386
          ],
          [
            121.77394335783757,
            25.039590466015657
          ],
          [
            121.77387835440499,
            25.039532466930538
          ],
          [
            121.77380335605308,
            25.03947347264239
          ],
          [
            121.77373535341287,
            25.039425464832846
          ],
          [
            121.7736683534088,
            25.039382471228702
          ],
          [
            121.7736003541614,
            25.039344466143035
          ],
          [
            121.77355435259103,
            25.039320465988567
          ],
          [
            121.77355335539308,
            25.039319469093947
          ],
          [
            121.77353736093212,
            25.039311472478207
          ],
          [
            121.77353135679536,
            25.039308470393777
          ],
          [
            121.77346136023083,
            25.03927747218812
          ],
          [
            121.77337335294716,
            25.039242469070857
          ],
          [
            121.77324935932151,
            25.03920347330638
          ],
          [
            121.7731673522142,
            25.039183470132805
          ],
          [
            121.77307535906061,
            25.03916546887557
          ],
          [
            121.77298636021764,
            25.03915247144275
          ],
          [
            121.77289437034356,
            25.039144472862542
          ],
          [
            121.77280836108663,
            25.039140469520444
          ],
          [
            121.77273636538074,
            25.039141466876522
          ],
          [
            121.77265036302926,
            25.039146473155924
          ],
          [
            121.77255436358071,
            25.03915646957381
          ],
          [
            121.77246036741154,
            25.039171465947117
          ],
          [
            121.77236236214995,
            25.039193470622077
          ],
          [
            121.7723233617504,
            25.03920346851263
          ],
          [
            121.77229936530833,
            25.039210472427325
          ],
          [
            121.77228036680674,
            25.03921646633057
          ],
          [
            121.77227936598568,
            25.039216471532367
          ],
          [
            121.77226036748212,
            25.039222465433074
          ],
          [
            121.77224636703376,
            25.039227467379913
          ],
          [
            121.77218636540843,
            25.03924646677126
          ],
          [
            121.77213836774355,
            25.039264464867834
          ],
          [
            121.77210936594757,
            25.039274464910786
          ],
          [
            121.77208437123846,
            25.039283469123525
          ],
          [
            121.77197536996903,
            25.03932346893238
          ],
          [
            121.77194836357337,
            25.039332465518633
          ],
          [
            121.7719293614545,
            25.03933947051056
          ],
          [
            121.7718433666767,
            25.039369465252154
          ],
          [
            121.77178337118728,
            25.03938946653737
          ],
          [
            121.77176036558964,
            25.03939646521942
          ],
          [
            121.7717293657231,
            25.039405473480805
          ],
          [
            121.77164936296973,
            25.039425470292286
          ],
          [
            121.7715653640635,
            25.039443465583712
          ],
          [
            121.77147536473187,
            25.039457465581858
          ],
          [
            121.77138836276421,
            25.039467468702398
          ],
          [
            121.77129537023897,
            25.03947346743967
          ],
          [
            121.77119936736162,
            25.039473469224546
          ],
          [
            121.77110936440434,
            25.03946946757499
          ],
          [
            121.77101236383047,
            25.039460464665787
          ],
          [
            121.77092236777722,
            25.03944646908483
          ],
          [
            121.77091836437137,
            25.03944647180053
          ],
          [
            121.77090637129673,
            25.039444466657173
          ],
          [
            121.77085736594593,
            25.039434465315942
          ],
          [
            121.77082436698839,
            25.039426466345237
          ],
          [
            121.77073436427311,
            25.039403469960476
          ],
          [
            121.77063936672342,
            25.03937246467796
          ],
          [
            121.77056136656118,
            25.039343465637824
          ],
          [
            121.77047837789807,
            25.039307468789293
          ],
          [
            121.77040437714363,
            25.039271470431103
          ],
          [
            121.77036937723372,
            25.03925247683501
          ],
          [
            121.77028337792584,
            25.039202475298524
          ],
          [
            121.77024737566673,
            25.03917847643569
          ],
          [
            121.7702243812479,
            25.039163474055016
          ],
          [
            121.77016137970529,
            25.039119474084163
          ],
          [
            121.77012137624624,
            25.03908947438074
          ],
          [
            121.77009537418671,
            25.03907047922096
          ],
          [
            121.7700703729554,
            25.03905147886954
          ],
          [
            121.76996338046457,
            25.038970476111672
          ],
          [
            121.76983837718807,
            25.03887747835302
          ],
          [
            121.7696983719671,
            25.038773481074827
          ],
          [
            121.76966137383997,
            25.038745478875516
          ],
          [
            121.76963537186673,
            25.038726474603443
          ],
          [
            121.76960337330993,
            25.038702481923643
          ],
          [
            121.76951038010847,
            25.03863047926411
          ],
          [
            121.76948537646022,
            25.038609474648542
          ],
          [
            121.76945537705734,
            25.038583476436564
          ],
          [
            121.76939138075363,
            25.038524477056413
          ],
          [
            121.76933337347036,
            25.038464480662892
          ],
          [
            121.7692763791576,
            25.03839847550709
          ],
          [
            121.76922237248426,
            25.038328482624735
          ],
          [
            121.76919237612776,
            25.038285475945784
          ],
          [
            121.76917737854833,
            25.038262478498062
          ],
          [
            121.76914337705627,
            25.038206474437896
          ],
          [
            121.76912438058059,
            25.038171481667558
          ],
          [
            121.76911537225277,
            25.03815547684819
          ],
          [
            121.76911437509952,
            25.03815447992254
          ],
          [
            121.76908037300154,
            25.038082478568448
          ],
          [
            121.76904737767444,
            25.03800347544104
          ],
          [
            121.76902037757507,
            25.037924477388383
          ],
          [
            121.7689983791469,
            25.037843476353956
          ],
          [
            121.76898137392853,
            25.03776547379135
          ],
          [
            121.76896937779749,
            25.03768348209435
          ],
          [
            121.76896337673993,
            25.03760147742667
          ],
          [
            121.76896137543176,
            25.037520481229826
          ],
          [
            121.76896537914114,
            25.037439481039943
          ],
          [
            121.76897137671142,
            25.03737947824909
          ],
          [
            121.76897537982853,
            25.037344474762165
          ],
          [
            121.76898937576712,
            25.037262474939734
          ],
          [
            121.7689953721474,
            25.037232480600036
          ],
          [
            121.76900237412198,
            25.037198481735206
          ],
          [
            121.76900737216559,
            25.037170478680075
          ],
          [
            121.76901837169466,
            25.037116480578145
          ],
          [
            121.76902237544601,
            25.03709747436887
          ],
          [
            121.76902837805946,
            25.03706848208237
          ],
          [
            121.76904237432105,
            25.03699448992092
          ],
          [
            121.76905037674591,
            25.036952487233908
          ],
          [
            121.76905537810201,
            25.036915483430686
          ],
          [
            121.76906037585111,
            25.03687949076083
          ],
          [
            121.76906337107987,
            25.036854486274542
          ],
          [
            121.76906536291737,
            25.036827482806885
          ],
          [
            121.76907136859464,
            25.03675448894462
          ],
          [
            121.76907336634812,
            25.036720488891298
          ],
          [
            121.76907536184268,
            25.036692483317005
          ],
          [
            121.76908436727115,
            25.036555484792
          ],
          [
            121.76908536229169,
            25.03653548303715
          ],
          [
            121.769085369669,
            25.03653348785236
          ],
          [
            121.76909636390651,
            25.036386485242087
          ],
          [
            121.76910736629755,
            25.03622649156355
          ],
          [
            121.76910936689957,
            25.036202485282008
          ],
          [
            121.76911136868573,
            25.036175490788114
          ],
          [
            121.76911636941432,
            25.03609548750937
          ],
          [
            121.76911836535888,
            25.036048487411293
          ],
          [
            121.76911936736153,
            25.03601848280185
          ],
          [
            121.7691193674961,
            25.035991489639567
          ],
          [
            121.7691183658085,
            25.035913485489278
          ],
          [
            121.76911236369956,
            25.035834487075988
          ],
          [
            121.76910336788583,
            25.035758483334302
          ],
          [
            121.76909337054738,
            25.03569348967938
          ],
          [
            121.76907636560477,
            25.035615487099648
          ],
          [
            121.76905636444441,
            25.03553848405477
          ],
          [
            121.76903136656335,
            25.03545948463419
          ],
          [
            121.76899636860352,
            25.035367482737943
          ],
          [
            121.76895936830464,
            25.03528648707051
          ],
          [
            121.76894537048675,
            25.035258483000106
          ],
          [
            121.76889936287262,
            25.035177488784107
          ],
          [
            121.76885236469641,
            25.035104489292866
          ],
          [
            121.76881336639835,
            25.035049485971335
          ],
          [
            121.76880236296353,
            25.035034484502823
          ],
          [
            121.76880136583873,
            25.03503348757399
          ],
          [
            121.76875736348005,
            25.034978483041257
          ],
          [
            121.7687073662348,
            25.034923491449423
          ],
          [
            121.76864436791223,
            25.03486048719225
          ],
          [
            121.76858536959672,
            25.034806490034086
          ],
          [
            121.76851236463607,
            25.034748484714513
          ],
          [
            121.76844336333856,
            25.03469848438251
          ],
          [
            121.76836236334053,
            25.034645485626942
          ],
          [
            121.76828036399485,
            25.034597484374373
          ],
          [
            121.7682193663012,
            25.034564487072934
          ],
          [
            121.7681993669733,
            25.03455448833169
          ],
          [
            121.76819636199203,
            25.034552490662477
          ],
          [
            121.76813936895262,
            25.034524483063777
          ],
          [
            121.76806536693323,
            25.03449248278062
          ],
          [
            121.76797336502275,
            25.034456485880188
          ],
          [
            121.76788636498635,
            25.034426493657488
          ],
          [
            121.76780436675159,
            25.03440249709422
          ],
          [
            121.76772236371204,
            25.034382499832812
          ],
          [
            121.76762537077511,
            25.034364493853456
          ],
          [
            121.76754636680019,
            25.03435349979175
          ],
          [
            121.76747337271148,
            25.03434649202893
          ],
          [
            121.76738636983914,
            25.034341497550894
          ],
          [
            121.76729337334447,
            25.034341499268113
          ],
          [
            121.76720537234532,
            25.03434649460397
          ],
          [
            121.76711438021823,
            25.034356497711478
          ],
          [
            121.76702837733504,
            25.034370492390902
          ],
          [
            121.76693937962524,
            25.034390496948003
          ],
          [
            121.76690737355601,
            25.034398498269486
          ],
          [
            121.76687938063665,
            25.034406496930128
          ],
          [
            121.76681237360813,
            25.03442850043786
          ],
          [
            121.76672537642695,
            25.034459499455885
          ],
          [
            121.76665437611358,
            25.034489495059947
          ],
          [
            121.76658537625467,
            25.034522495602634
          ],
          [
            121.76653637891575,
            25.034548495685463
          ],
          [
            121.76650337464038,
            25.034566495865032
          ],
          [
            121.7664273741629,
            25.0346114943039
          ],
          [
            121.7664003722467,
            25.034627495439597
          ],
          [
            121.76637237570782,
            25.0346444947599
          ],
          [
            121.7663473754042,
            25.034660494591492
          ],
          [
            121.76627237445398,
            25.034708494061793
          ],
          [
            121.76624637333813,
            25.034724499037342
          ],
          [
            121.76621937385755,
            25.034742495276195
          ],
          [
            121.76614337202017,
            25.034790499843343
          ],
          [
            121.76607637729853,
            25.03483049540378
          ],
          [
            121.76604937897335,
            25.034845494370575
          ],
          [
            121.76602037532537,
            25.034861496729555
          ],
          [
            121.76594537146373,
            25.034899493229823
          ],
          [
            121.76585937220436,
            25.03493649913294
          ],
          [
            121.76579337418227,
            25.03496149422413
          ],
          [
            121.76576737900247,
            25.03497049349931
          ],
          [
            121.7657663745265,
            25.034971500763337
          ],
          [
            121.7656863748892,
            25.03499649573542
          ],
          [
            121.76561248617347,
            25.035016223046348
          ],
          [
            121.76550837553135,
            25.035034499055044
          ],
          [
            121.76542497315198,
            25.03504450718061
          ],
          [
            121.7654083778228,
            25.035046497528203
          ],
          [
            121.76531238205652,
            25.035053491968004
          ],
          [
            121.76523710719363,
            25.03505584767967
          ],
          [
            121.76512061708348,
            25.03505768431116
          ],
          [
            121.76502300350631,
            25.035049881269366
          ],
          [
            121.76492399951589,
            25.03503837488614
          ],
          [
            121.76482231099321,
            25.035014216221253
          ],
          [
            121.76474886240932,
            25.0349930809251
          ],
          [
            121.7647145675739,
            25.03498199068944
          ],
          [
            121.76468551141659,
            25.034971974882907
          ],
          [
            121.76468232397715,
            25.034970907946246
          ],
          [
            121.76460896083047,
            25.03494276655141
          ],
          [
            121.76453300374885,
            25.034911785673398
          ],
          [
            121.76450896784877,
            25.034902773175222
          ],
          [
            121.76448476675331,
            25.034892687212217
          ],
          [
            121.76446077430579,
            25.034882690450072
          ],
          [
            121.76442477075048,
            25.034867690862075
          ],
          [
            121.76425472652261,
            25.03479667693234
          ],
          [
            121.7641207294087,
            25.03473967821938
          ],
          [
            121.7639717386875,
            25.034677673800967
          ],
          [
            121.76387981851008,
            25.03463871280105
          ],
          [
            121.76384971940708,
            25.03462667092891
          ],
          [
            121.76383164504156,
            25.034618638791958
          ],
          [
            121.76375480054044,
            25.034586705119583
          ],
          [
            121.76371585801041,
            25.03457072740023
          ],
          [
            121.76367387703661,
            25.03455373611302
          ],
          [
            121.76364198869535,
            25.03454078255472
          ],
          [
            121.76355819808015,
            25.034508857388765
          ],
          [
            121.76347840954695,
            25.034479935934286
          ],
          [
            121.76339550560212,
            25.034451969333688
          ],
          [
            121.7633605912134,
            25.03443999723565
          ],
          [
            121.76333570981394,
            25.03443203611441
          ],
          [
            121.76328572858485,
            25.034416042758583
          ],
          [
            121.76326683468625,
            25.03441007310444
          ],
          [
            121.763196974907,
            25.034389117207233
          ],
          [
            121.76314495854126,
            25.034374109259957
          ],
          [
            121.76311193909105,
            25.034364104464732
          ],
          [
            121.76294800400731,
            25.034316123726192
          ],
          [
            121.76279286667187,
            25.034271085855814
          ],
          [
            121.76277064646644,
            25.034264013761103
          ],
          [
            121.76276779673967,
            25.03426307143877
          ],
          [
            121.76260199923864,
            25.034215126955623
          ],
          [
            121.76242198080168,
            25.034162118412684
          ],
          [
            121.76225884990264,
            25.034114304305366
          ],
          [
            121.76224797981324,
            25.034111119071977
          ],
          [
            121.7622141085733,
            25.034101154554527
          ],
          [
            121.76218811353749,
            25.034094155899396
          ],
          [
            121.76217577428193,
            25.034090544860145
          ],
          [
            121.76203096892921,
            25.03404811640037
          ],
          [
            121.76186197851362,
            25.03399812007985
          ],
          [
            121.76168801771772,
            25.03394713792326
          ],
          [
            121.7615079864051,
            25.03389513041119
          ],
          [
            121.76134798628264,
            25.033847127717465
          ],
          [
            121.76117800174751,
            25.03379812876137
          ],
          [
            121.76102296869915,
            25.033752122504175
          ],
          [
            121.76084699081318,
            25.033700129533294
          ],
          [
            121.76067200021075,
            25.03364913338625
          ],
          [
            121.76049501186651,
            25.033597136136564
          ],
          [
            121.76031599227306,
            25.033545131009465
          ],
          [
            121.76011999147555,
            25.03348712776407
          ],
          [
            121.75995712231446,
            25.033439697950143
          ],
          [
            121.75993795366412,
            25.033434117467795
          ],
          [
            121.75988203172204,
            25.033417142210634
          ],
          [
            121.75985310777418,
            25.033409165056174
          ],
          [
            121.75979611849698,
            25.033392646614935
          ],
          [
            121.75970485817646,
            25.033368756084442
          ],
          [
            121.75966444768488,
            25.033355619526418
          ],
          [
            121.75963196034958,
            25.03334343551929
          ],
          [
            121.75958548419352,
            25.03332524727613
          ],
          [
            121.75955801066304,
            25.033313037625827
          ],
          [
            121.75954523136532,
            25.033307135545236
          ],
          [
            121.75952818433544,
            25.033300117768672
          ],
          [
            121.75948045396778,
            25.033277783100413
          ],
          [
            121.75940371789497,
            25.0332373965329
          ],
          [
            121.75932699044311,
            25.03319196332363
          ],
          [
            121.75925834884873,
            25.033146542930165
          ],
          [
            121.75918860555635,
            25.033095991296438
          ],
          [
            121.75912588507667,
            25.033043390549548
          ],
          [
            121.75908147980198,
            25.033002612962388
          ],
          [
            121.75908006286492,
            25.033002620199763
          ],
          [
            121.75906513723554,
            25.03298768315341
          ],
          [
            121.75905313300825,
            25.032975683284782
          ],
          [
            121.75904301312724,
            25.032965560607433
          ],
          [
            121.75902077314404,
            25.03294231919877
          ],
          [
            121.75899859664204,
            25.0329181205123
          ],
          [
            121.75894039646433,
            25.032852902772607
          ],
          [
            121.75892315889331,
            25.03283261498608
          ],
          [
            121.7589021604703,
            25.032806622757562
          ],
          [
            121.75887923406117,
            25.032779710504236
          ],
          [
            121.75877420683004,
            25.03265367658166
          ],
          [
            121.75871517459436,
            25.03258363310532
          ],
          [
            121.75866515560861,
            25.032522616563032
          ],
          [
            121.75860318610792,
            25.032448642870573
          ],
          [
            121.75854523482806,
            25.03237871116534
          ],
          [
            121.75852125166035,
            25.03235072993412
          ],
          [
            121.75850117670825,
            25.032326637803457
          ],
          [
            121.75845230088996,
            25.03226779105666
          ],
          [
            121.75842347238601,
            25.032234986590232
          ],
          [
            121.75839969499386,
            25.032208232072904
          ],
          [
            121.75837802361102,
            25.03218556544063
          ],
          [
            121.75831936896982,
            25.03212690396445
          ],
          [
            121.75825493252337,
            25.03206743237445
          ],
          [
            121.75818259889539,
            25.03200798298746
          ],
          [
            121.75810896649229,
            25.03195324368964
          ],
          [
            121.75809514080233,
            25.03194311276342
          ],
          [
            121.75805552225052,
            25.031913622308092
          ],
          [
            121.75796117423141,
            25.031843361417316
          ],
          [
            121.75792109133852,
            25.03182053583381
          ],
          [
            121.75783619586937,
            25.03177759001763
          ],
          [
            121.75774531171749,
            25.031735640663776
          ],
          [
            121.75766343675492,
            25.03170369330326
          ],
          [
            121.75758454529343,
            25.031676732108437
          ],
          [
            121.75749465499149,
            25.03164976373641
          ],
          [
            121.75740377866451,
            25.031626808692693
          ],
          [
            121.75735483691274,
            25.03161681151304
          ],
          [
            121.75733088632128,
            25.031611823807605
          ],
          [
            121.75726898387461,
            25.031601838476686
          ],
          [
            121.75716408597425,
            25.031586854084473
          ],
          [
            121.7571051868624,
            25.031581863832145
          ],
          [
            121.75707622097471,
            25.03157987179211
          ],
          [
            121.75699724644466,
            25.031574866399044
          ],
          [
            121.75695430907392,
            25.031572873275994
          ],
          [
            121.7569113183457,
            25.031571873474103
          ],
          [
            121.75688729317443,
            25.0315708763796
          ],
          [
            121.75679032042983,
            25.031566874347646
          ],
          [
            121.75674329676143,
            25.0315658679498
          ],
          [
            121.75670932684677,
            25.031563865206248
          ],
          [
            121.75668532764114,
            25.031563870036553
          ],
          [
            121.75661324593418,
            25.031559867545493
          ],
          [
            121.75656022510852,
            25.031556869385525
          ],
          [
            121.75651621142491,
            25.031553870497095
          ],
          [
            121.75648715626247,
            25.031551860740684
          ],
          [
            121.75640307399775,
            25.031542854615005
          ],
          [
            121.75632299866976,
            25.03153284401619
          ],
          [
            121.75624892577235,
            25.031520834762567
          ],
          [
            121.756165847142,
            25.031505819883865
          ],
          [
            121.75607676281066,
            25.0314857979787
          ],
          [
            121.75603969805317,
            25.03147678716915
          ],
          [
            121.7560106754845,
            25.031468773642036
          ],
          [
            121.7559876601404,
            25.03146277887113
          ],
          [
            121.75591364115792,
            25.03144176842154
          ],
          [
            121.75586659351481,
            25.031428754844395
          ],
          [
            121.75582362233327,
            25.03141476357024
          ],
          [
            121.7558076347465,
            25.031410773321586
          ],
          [
            121.75578853318106,
            25.03140474056016
          ],
          [
            121.75578554451927,
            25.031403744640855
          ],
          [
            121.75564257784379,
            25.031359747702957
          ],
          [
            121.75548457486548,
            25.031311746477876
          ],
          [
            121.75531558228657,
            25.031258754372367
          ],
          [
            121.7551525793646,
            25.03120974902578
          ],
          [
            121.75498856354314,
            25.031158744463124
          ],
          [
            121.75495357760914,
            25.031147754749913
          ],
          [
            121.75493353487013,
            25.03114173568557
          ],
          [
            121.75491052718868,
            25.031133736526453
          ],
          [
            121.75483955448405,
            25.031111744081848
          ],
          [
            121.754759540209,
            25.03108573499244
          ],
          [
            121.7546785252076,
            25.03105973094077
          ],
          [
            121.7546114801307,
            25.03103671635143
          ],
          [
            121.7545474970259,
            25.031013722297175
          ],
          [
            121.75451448290619,
            25.031002713440223
          ],
          [
            121.75447645641331,
            25.03098870569503
          ],
          [
            121.75444042772014,
            25.0309756989166
          ],
          [
            121.75440387639522,
            25.030961485051712
          ],
          [
            121.75440285949048,
            25.03096047006765
          ],
          [
            121.75435631174355,
            25.030941648567072
          ],
          [
            121.75433626059262,
            25.030932623193074
          ],
          [
            121.75428819703393,
            25.030910595453406
          ],
          [
            121.7541990731473,
            25.03086453631889
          ],
          [
            121.75411394772635,
            25.030814457508182
          ],
          [
            121.75402580456216,
            25.030755366117454
          ],
          [
            121.75394667613294,
            25.030694269900838
          ],
          [
            121.75387557770559,
            25.030632175958043
          ],
          [
            121.7538064601556,
            25.030565061481134
          ],
          [
            121.75374033565745,
            25.03048992409638
          ],
          [
            121.75367923416549,
            25.030409786867956
          ],
          [
            121.7536281466837,
            25.030330646064225
          ],
          [
            121.7535900773172,
            25.03026252542326
          ],
          [
            121.75354702833911,
            25.030172420141387
          ],
          [
            121.75353697852914,
            25.030149323709523
          ],
          [
            121.75352512677964,
            25.030116730095614
          ],
          [
            121.75352409992554,
            25.030115706127795
          ],
          [
            121.75349691131842,
            25.030033121858626
          ],
          [
            121.75347387788271,
            25.029942978270228
          ],
          [
            121.75346285520062,
            25.029883883731326
          ],
          [
            121.7534568420974,
            25.029846809784942
          ],
          [
            121.75344683380398,
            25.029760734909846
          ],
          [
            121.75344183682799,
            25.029706701523725
          ],
          [
            121.75343783178864,
            25.029657709672257
          ],
          [
            121.75342783294305,
            25.029553705450773
          ],
          [
            121.75341883258817,
            25.029447701012256
          ],
          [
            121.75341283743994,
            25.029382730937343
          ],
          [
            121.7534098426058,
            25.02935475077903
          ],
          [
            121.75340484139848,
            25.02930975427994
          ],
          [
            121.75339783788777,
            25.0292467844676
          ],
          [
            121.75339184812866,
            25.029203788131422
          ],
          [
            121.75338884572572,
            25.029177812191286
          ],
          [
            121.75338185545058,
            25.02913485703707
          ],
          [
            121.75336585929153,
            25.02903690477302
          ],
          [
            121.75334987025357,
            25.028957965106756
          ],
          [
            121.75332788328608,
            25.028859023053943
          ],
          [
            121.75330490335358,
            25.0287710909695
          ],
          [
            121.7532779294845,
            25.028678159640553
          ],
          [
            121.75325496292993,
            25.028610260262052
          ],
          [
            121.75321901475995,
            25.028519414692315
          ],
          [
            121.7531781041418,
            25.028438588081578
          ],
          [
            121.75312021013391,
            25.028344757139095
          ],
          [
            121.75305627072193,
            25.028258838108552
          ],
          [
            121.75305331368202,
            25.028254889866798
          ],
          [
            121.75303038333676,
            25.028226983612942
          ],
          [
            121.75298446953363,
            25.028177075573083
          ],
          [
            121.75292557627732,
            25.028119171402366
          ],
          [
            121.75285870681027,
            25.028061289552177
          ],
          [
            121.75277582652166,
            25.028000383180835
          ],
          [
            121.75273893346385,
            25.0279754545599
          ],
          [
            121.75270200899803,
            25.027953496249516
          ],
          [
            121.75263705459582,
            25.027915520023225
          ],
          [
            121.75259811488347,
            25.02789455592581
          ],
          [
            121.7525731254693,
            25.027881555967582
          ],
          [
            121.75253710089919,
            25.02786254516398
          ],
          [
            121.75250410463322,
            25.02784454819429
          ],
          [
            121.75247912520207,
            25.027831557197114
          ],
          [
            121.75244113277157,
            25.027811563269005
          ],
          [
            121.75237119687655,
            25.02777559826677
          ],
          [
            121.75233220600394,
            25.027757604517884
          ],
          [
            121.75230824341355,
            25.027745619463094
          ],
          [
            121.75226835723862,
            25.02772866843081
          ],
          [
            121.75217646417364,
            25.027692715155
          ],
          [
            121.75211855192306,
            25.02767373375799
          ],
          [
            121.75209397048046,
            25.027665877525035
          ],
          [
            121.75209208786013,
            25.02766587802315
          ],
          [
            121.75189687641726,
            25.027619821545713
          ],
          [
            121.75180007792929,
            25.027604864535615
          ],
          [
            121.75168126323213,
            25.027594875784917
          ],
          [
            121.75158642636907,
            25.027592881730637
          ],
          [
            121.75148757718794,
            25.027595873217454
          ],
          [
            121.75138372110158,
            25.027604866384323
          ],
          [
            121.75130485047691,
            25.027614852641545
          ],
          [
            121.75118998955077,
            25.027635827085124
          ],
          [
            121.75110015740157,
            25.02765677427191
          ],
          [
            121.7510082932274,
            25.02768573937286
          ],
          [
            121.75096436073902,
            25.027700721873014
          ],
          [
            121.75092636736292,
            25.027714717403562
          ],
          [
            121.75088635269576,
            25.027728723135805
          ],
          [
            121.75080036662223,
            25.027759716763782
          ],
          [
            121.75069634388385,
            25.027796723707446
          ],
          [
            121.75063237926304,
            25.02781872261462
          ],
          [
            121.75060036833331,
            25.027830719779743
          ],
          [
            121.75055033448267,
            25.027847728124815
          ],
          [
            121.75049330363652,
            25.02786774194479
          ],
          [
            121.75046026004955,
            25.027877758167644
          ],
          [
            121.75040926881722,
            25.02789376018064
          ],
          [
            121.75035123485681,
            25.027911765800987
          ],
          [
            121.75031318359355,
            25.027922782279127
          ],
          [
            121.75026513677862,
            25.02793579018982
          ],
          [
            121.75020913937948,
            25.027949786138517
          ],
          [
            121.75017613913995,
            25.027958790961108
          ],
          [
            121.7501321327024,
            25.027969792310348
          ],
          [
            121.75008314445334,
            25.02798278685832
          ],
          [
            121.75004914340501,
            25.0279917876757
          ],
          [
            121.74993120170684,
            25.02802277053036
          ],
          [
            121.74988926826887,
            25.028035756503716
          ],
          [
            121.7498643075742,
            25.028043745688972
          ],
          [
            121.74982338089205,
            25.028057719628233
          ],
          [
            121.74973251357152,
            25.028092664384825
          ],
          [
            121.74968861099714,
            25.028112620706327
          ],
          [
            121.74966003912944,
            25.028126405895158
          ],
          [
            121.7496590838402,
            25.028127367665263
          ],
          [
            121.74957182400372,
            25.028175501873214
          ],
          [
            121.74950694727464,
            25.02821542518221
          ],
          [
            121.74944407263105,
            25.02826033979688
          ],
          [
            121.74941113553376,
            25.028286289406058
          ],
          [
            121.74938916836237,
            25.028304266276123
          ],
          [
            121.749359207718,
            25.02832922585951
          ],
          [
            121.74929728179494,
            25.028385167661877
          ],
          [
            121.74927028020112,
            25.028411168568752
          ],
          [
            121.74925027499594,
            25.028429162611918
          ],
          [
            121.74921730501784,
            25.028461133920228
          ],
          [
            121.74916831488062,
            25.02850813608828
          ],
          [
            121.74913132649432,
            25.028544117941586
          ],
          [
            121.74911032885076,
            25.028565123242135
          ],
          [
            121.7490823324121,
            25.028592113165274
          ],
          [
            121.74902435830528,
            25.02865107732526
          ],
          [
            121.74899643306075,
            25.02868000786138
          ],
          [
            121.74898146120287,
            25.028697976504773
          ],
          [
            121.74895649271988,
            25.028725935181914
          ],
          [
            121.74890158927471,
            25.02879781170203
          ],
          [
            121.74887764397998,
            25.028832734710292
          ],
          [
            121.74886292146624,
            25.02885587504325
          ],
          [
            121.74886196030236,
            25.028855870858113
          ],
          [
            121.74884171363803,
            25.028889610633023
          ],
          [
            121.74882672705478,
            25.028916589128766
          ],
          [
            121.74881474594788,
            25.02893755798946
          ],
          [
            121.74878478312309,
            25.028996489266845
          ],
          [
            121.74876679542666,
            25.029033467676896
          ],
          [
            121.74875580738838,
            25.02905643571253
          ],
          [
            121.74873681955582,
            25.029098420585697
          ],
          [
            121.74868682181992,
            25.02920641982243
          ],
          [
            121.74843383701298,
            25.02972805014209
          ],
          [
            121.74841059009243,
            25.029763809149642
          ],
          [
            121.74834645179108,
            25.029843992452218
          ],
          [
            121.74826405255527,
            25.02992269681822
          ],
          [
            121.74819265457919,
            25.02998059976297
          ],
          [
            121.74813092224551,
            25.03002293514927
          ],
          [
            121.74803848765556,
            25.030075897343288
          ],
          [
            121.74795163232557,
            25.030122439686686
          ],
          [
            121.74788340067747,
            25.030156763866174
          ],
          [
            121.74785142701984,
            25.030168516511846
          ],
          [
            121.74784872737601,
            25.03016941482501
          ],
          [
            121.74784542452063,
            25.030170514786022
          ],
          [
            121.74780942331905,
            25.030181511293236
          ],
          [
            121.74774742822902,
            25.030198515701173
          ],
          [
            121.74766342797254,
            25.03021751760297
          ],
          [
            121.74757543000142,
            25.030232513145286
          ],
          [
            121.74751443061395,
            25.030240511682912
          ],
          [
            121.74749091767647,
            25.030242236897003
          ],
          [
            121.74743242245592,
            25.030246512360677
          ],
          [
            121.74734854687135,
            25.030248486934806
          ],
          [
            121.74726042622144,
            25.03024651055129
          ],
          [
            121.74717942929901,
            25.03023951492971
          ],
          [
            121.74707942463301,
            25.030225518919217
          ],
          [
            121.7469944272816,
            25.030207511272152
          ],
          [
            121.74690042407177,
            25.03018151404748
          ],
          [
            121.74682542585403,
            25.03015551154463
          ],
          [
            121.74676142642704,
            25.030129516935883
          ],
          [
            121.7467554233647,
            25.030126513740043
          ],
          [
            121.74673142330288,
            25.030116514103586
          ],
          [
            121.74673142714629,
            25.030115511992864
          ],
          [
            121.74665542115551,
            25.030078518543892
          ],
          [
            121.74657543077461,
            25.03003151512719
          ],
          [
            121.7465074223548,
            25.02998651886249
          ],
          [
            121.74645642389017,
            25.029947512880128
          ],
          [
            121.74642042837884,
            25.029918515643455
          ],
          [
            121.74636242517218,
            25.029866517616572
          ],
          [
            121.74633342358717,
            25.029840518594064
          ],
          [
            121.74631342182433,
            25.02982151609845
          ],
          [
            121.74628542707221,
            25.02979651410187
          ],
          [
            121.74622042958299,
            25.029736516348123
          ],
          [
            121.74616142137207,
            25.029680514918137
          ],
          [
            121.7461184233515,
            25.029640511696567
          ],
          [
            121.74609842170885,
            25.02962151819756
          ],
          [
            121.74606442571871,
            25.029590515677448
          ],
          [
            121.74600643051511,
            25.029536513280487
          ],
          [
            121.74597742908273,
            25.029510514183855
          ],
          [
            121.74595642668004,
            25.029491516659643
          ],
          [
            121.74592542150981,
            25.029463514397843
          ],
          [
            121.74586443013256,
            25.029410511015183
          ],
          [
            121.74578843005631,
            25.029346514769905
          ],
          [
            121.74571542679969,
            25.029286511814608
          ],
          [
            121.74563242914037,
            25.02922051029951
          ],
          [
            121.7455524245035,
            25.029159513208793
          ],
          [
            121.74550543032035,
            25.02912551531224
          ],
          [
            121.74547342503742,
            25.029102510370524
          ],
          [
            121.74547242814603,
            25.029101513278835
          ],
          [
            121.74540442449099,
            25.029055514371574
          ],
          [
            121.74534342894766,
            25.029016512986313
          ],
          [
            121.74527342432862,
            25.028975516454242
          ],
          [
            121.74519342960967,
            25.028932511625257
          ],
          [
            121.7451494250904,
            25.02890951260427
          ],
          [
            121.74506842633201,
            25.028872516262705
          ],
          [
            121.74499342880483,
            25.028841511374576
          ],
          [
            121.74495242930145,
            25.028825511874324
          ],
          [
            121.7449124267475,
            25.02881051848571
          ],
          [
            121.74483942744338,
            25.028785516054626
          ],
          [
            121.74479542783008,
            25.028771517672688
          ],
          [
            121.74477042957695,
            25.028763517867862
          ],
          [
            121.74472842161008,
            25.02874951851379
          ],
          [
            121.74464642919249,
            25.028723513815375
          ],
          [
            121.7445784261425,
            25.02870051748996
          ],
          [
            121.74455143023962,
            25.02869151653524
          ],
          [
            121.7445064238474,
            25.028676511989875
          ],
          [
            121.74444042238599,
            25.028653514602
          ],
          [
            121.74441242962368,
            25.028643516522532
          ],
          [
            121.74436842792386,
            25.028627513838664
          ],
          [
            121.74428243001292,
            25.028594514352335
          ],
          [
            121.74419642996716,
            25.02855951064201
          ],
          [
            121.74410742943331,
            25.02852151562636
          ],
          [
            121.74402242598163,
            25.02848251651154
          ],
          [
            121.74394342332101,
            25.02844451648731
          ],
          [
            121.7438954238655,
            25.028419514841836
          ],
          [
            121.74386642997662,
            25.02840451120775
          ],
          [
            121.74386342166109,
            25.028403515143548
          ],
          [
            121.74378242487649,
            25.028358510367
          ],
          [
            121.7436984215895,
            25.028309512219895
          ],
          [
            121.74362842177221,
            25.028267512775773
          ],
          [
            121.743583430396,
            25.028238514691978
          ],
          [
            121.74354743042562,
            25.028213516094464
          ],
          [
            121.74349442434622,
            25.028176514255733
          ],
          [
            121.74346442941332,
            25.028156514115377
          ],
          [
            121.74343042715009,
            25.028132516615923
          ],
          [
            121.74333142481643,
            25.028062513227926
          ],
          [
            121.74325842606457,
            25.028009514614943
          ],
          [
            121.74319542977459,
            25.027965511864785
          ],
          [
            121.74316242840634,
            25.027941518324763
          ],
          [
            121.7431204235761,
            25.027911512098612
          ],
          [
            121.74307042610369,
            25.027875515208564
          ],
          [
            121.7430354210974,
            25.027849518443553
          ],
          [
            121.74301042622929,
            25.02783051336031
          ],
          [
            121.7429744222279,
            25.02780151529738
          ],
          [
            121.74290142904093,
            25.02773951569905
          ],
          [
            121.74283242868042,
            25.027672512730465
          ],
          [
            121.74278742842372,
            25.027625512890395
          ],
          [
            121.7427784307456,
            25.02761551887566
          ],
          [
            121.7427714228538,
            25.02760851216605
          ],
          [
            121.74275342141775,
            25.027587513044164
          ],
          [
            121.74269542148048,
            25.02751751195517
          ],
          [
            121.74264142254839,
            25.027445513750315
          ],
          [
            121.7425834294304,
            25.027358513120987
          ],
          [
            121.74253442946012,
            25.027272514772548
          ],
          [
            121.74249642272173,
            25.027195516434677
          ],
          [
            121.74248042180022,
            25.02715951200867
          ],
          [
            121.74246342581918,
            25.02711951320917
          ],
          [
            121.74244342293767,
            25.02707051059472
          ],
          [
            121.74242542163927,
            25.02702151603521
          ],
          [
            121.74241542393536,
            25.026993516410872
          ],
          [
            121.74240142636019,
            25.026954513746663
          ],
          [
            121.74237942522461,
            25.026894516140754
          ],
          [
            121.74236742178815,
            25.02686251816003
          ],
          [
            121.74235142839949,
            25.026819517087837
          ],
          [
            121.74233042237546,
            25.026763513844976
          ],
          [
            121.74231242147758,
            25.02671951167293
          ],
          [
            121.74229942332403,
            25.026688511717616
          ],
          [
            121.74228242395087,
            25.026654516436835
          ],
          [
            121.7422364228308,
            25.02656951411807
          ],
          [
            121.74219642383463,
            25.02650551672892
          ],
          [
            121.74215242784689,
            25.026442514293272
          ],
          [
            121.74209943079109,
            25.02637551229981
          ],
          [
            121.74204042152577,
            25.026310517401146
          ],
          [
            121.74196442672599,
            25.02623851136419
          ],
          [
            121.74189742996685,
            25.026181518848993
          ],
          [
            121.74182242328449,
            25.026125514202235
          ],
          [
            121.74173342780597,
            25.026066518875712
          ],
          [
            121.74171942261972,
            25.026057515759888
          ],
          [
            121.74168143027275,
            25.026035514848914
          ],
          [
            121.74168042352865,
            25.026034517779546
          ],
          [
            121.74163142260467,
            25.026007516181206
          ],
          [
            121.74155242613742,
            25.025968512707923
          ],
          [
            121.7414634222439,
            25.02592951397134
          ],
          [
            121.74135842621165,
            25.025890513690552
          ],
          [
            121.74127542574132,
            25.025864512102856
          ],
          [
            121.74124542458641,
            25.025856518580394
          ],
          [
            121.74120542368995,
            25.0258465165624
          ],
          [
            121.74113942283014,
            25.02583151634495
          ],
          [
            121.74107242722971,
            25.02581751412214
          ],
          [
            121.74106042604988,
            25.025815515601096
          ],
          [
            121.74102242490987,
            25.02580851886986
          ],
          [
            121.74087342254845,
            25.025780516883447
          ],
          [
            121.7407074252319,
            25.02575051399774
          ],
          [
            121.74054342558864,
            25.025721512093472
          ],
          [
            121.74036942635136,
            25.0256905104877
          ],
          [
            121.7402084290671,
            25.025661502284414
          ],
          [
            121.74003642162496,
            25.025630508422676
          ],
          [
            121.73990142441762,
            25.025606507294505
          ],
          [
            121.73981342119156,
            25.025590505572872
          ],
          [
            121.73931169731543,
            25.02549749602693
          ],
          [
            121.73930249222073,
            25.02549580845918
          ],
          [
            121.73929278127268,
            25.025494033128094
          ],
          [
            121.73928306047087,
            25.025492266873233
          ],
          [
            121.73927334963152,
            25.025490509596057
          ],
          [
            121.7392636288843,
            25.025488752367494
          ],
          [
            121.73925389828338,
            25.025487004215183
          ],
          [
            121.73924417764486,
            25.025485265040533
          ],
          [
            121.7392344570066,
            25.025483525865255
          ],
          [
            121.73922472651458,
            25.025481795766197
          ],
          [
            121.73921499607691,
            25.025480074694094
          ],
          [
            121.73920526569356,
            25.02547836264894
          ],
          [
            121.73919553531046,
            25.025476650603146
          ],
          [
            121.73918580498172,
            25.025474947584303
          ],
          [
            121.73917606474511,
            25.02547324461411
          ],
          [
            121.73916633447092,
            25.02547155062158
          ],
          [
            121.73915659428889,
            25.025469856677674
          ],
          [
            121.7391468541612,
            25.025468171760703
          ],
          [
            121.73913711408782,
            25.02546649587071
          ],
          [
            121.7391273740147,
            25.025464819980066
          ],
          [
            121.7391176339418,
            25.025463144088782
          ],
          [
            121.73910789392323,
            25.025461477224447
          ],
          [
            121.73910445219308,
            25.02546088947054
          ],
          [
            121.73909814405089,
            25.025459819436318
          ],
          [
            121.7390884040869,
            25.025458161598298
          ],
          [
            121.73907865421504,
            25.025456503808872
          ],
          [
            121.73906890439751,
            25.025454855046423
          ],
          [
            121.73905915463428,
            25.0254532153109
          ],
          [
            121.73904940481722,
            25.025451566547165
          ],
          [
            121.73903965510854,
            25.02544993583795
          ],
          [
            121.73903441823056,
            25.02544905908795
          ],
          [
            121.73903273212521,
            25.02544877857914
          ],
          [
            121.73902297250885,
            25.02544714791809
          ],
          [
            121.73901322280084,
            25.025445517207142
          ],
          [
            121.73900346323903,
            25.02544389557239
          ],
          [
            121.73899371358553,
            25.025442273887744
          ],
          [
            121.7389839540242,
            25.025440652251717
          ],
          [
            121.73897419446311,
            25.02543903061503
          ],
          [
            121.73897173471616,
            25.025438618533574
          ],
          [
            121.73896444475628,
            25.025437399900845
          ],
          [
            121.73895468519567,
            25.02543577826286
          ],
          [
            121.73894493548933,
            25.02543414754739
          ],
          [
            121.73893518578322,
            25.025432516831263
          ],
          [
            121.7389254261152,
            25.025430877136163
          ],
          [
            121.73891567635553,
            25.025429237391137
          ],
          [
            121.73890592648797,
            25.0254275795903
          ],
          [
            121.73889618652876,
            25.025425921739537
          ],
          [
            121.73888643660767,
            25.025424254909794
          ],
          [
            121.73887669654083,
            25.025422579002562
          ],
          [
            121.73886696632829,
            25.02542089401784
          ],
          [
            121.7388572260998,
            25.02541919102652
          ],
          [
            121.73884749572558,
            25.025417478957703
          ],
          [
            121.73883776524353,
            25.025415748833048
          ],
          [
            121.73882804461579,
            25.025414009630925
          ],
          [
            121.73881832388018,
            25.025412252372938
          ],
          [
            121.73880861289078,
            25.02541046798228
          ],
          [
            121.73879890184759,
            25.025408674563394
          ],
          [
            121.73878920060469,
            25.025406863039414
          ],
          [
            121.73877949919988,
            25.025405024432015
          ],
          [
            121.73877101778712,
            25.02540339642942
          ],
          [
            121.7387504437169,
            25.02539937294575
          ],
          [
            121.73874077144296,
            25.025397434884486
          ],
          [
            121.7387311089153,
            25.02539546969054
          ],
          [
            121.73872145613387,
            25.025393477363927
          ],
          [
            121.73871181304469,
            25.02539144887705
          ],
          [
            121.73870217970173,
            25.02538939325751
          ],
          [
            121.73869254614294,
            25.025387301526944
          ],
          [
            121.73868293213042,
            25.02538516455927
          ],
          [
            121.73868268410405,
            25.025385111624622
          ],
          [
            121.73867307978378,
            25.02538293849667
          ],
          [
            121.7386634851558,
            25.02538072920847
          ],
          [
            121.73865390022006,
            25.02537848376002
          ],
          [
            121.7386443249766,
            25.0253762021513
          ],
          [
            121.73863475947944,
            25.02537389340993
          ],
          [
            121.73862519376648,
            25.02537154855757
          ],
          [
            121.73861564770796,
            25.025369176523284
          ],
          [
            121.73860610148768,
            25.02536677740561
          ],
          [
            121.73859656495969,
            25.02536434212767
          ],
          [
            121.7385870382321,
            25.025361888744705
          ],
          [
            121.73857752125083,
            25.02535940822907
          ],
          [
            121.73856800410788,
            25.025356900630026
          ],
          [
            121.7385584967653,
            25.025354374925943
          ],
          [
            121.73854899916908,
            25.025351822089227
          ],
          [
            121.7385395014652,
            25.02534925119668
          ],
          [
            121.7385300135617,
            25.0253466621991
          ],
          [
            121.73852052549653,
            25.02534404611811
          ],
          [
            121.73851104728578,
            25.02534142095968
          ],
          [
            121.73850156891336,
            25.025338768717827
          ],
          [
            121.73849210039538,
            25.025336107398537
          ],
          [
            121.73848264167783,
            25.02533342797423
          ],
          [
            121.73847318285263,
            25.025330730494108
          ],
          [
            121.73846372391978,
            25.025328014958184
          ],
          [
            121.73845427484137,
            25.02532529034481
          ],
          [
            121.7384448257094,
            25.025322556703237
          ],
          [
            121.7384353764157,
            25.025319795978245
          ],
          [
            121.73842593703053,
            25.02531703520344
          ],
          [
            121.7384165074458,
            25.02531425632359
          ],
          [
            121.73840706789937,
            25.025311468464764
          ],
          [
            121.73839763820742,
            25.02530867152849
          ],
          [
            121.73838821831592,
            25.025305856487204
          ],
          [
            121.73837878846274,
            25.025303032466937
          ],
          [
            121.73836936846405,
            25.02530019936923
          ],
          [
            121.73835995837385,
            25.025297366221718
          ],
          [
            121.73835053826797,
            25.025294515067614
          ],
          [
            121.73834112801656,
            25.025291654836074
          ],
          [
            121.73833172761964,
            25.02528878552712
          ],
          [
            121.73832231726105,
            25.025285907239176
          ],
          [
            121.73831291675698,
            25.025283019873825
          ],
          [
            121.7383035162533,
            25.02528013250785
          ],
          [
            121.73829412555011,
            25.025277227036867
          ],
          [
            121.73828472493926,
            25.0252743216145
          ],
          [
            121.73827533418294,
            25.025271407114708
          ],
          [
            121.73826594337302,
            25.025268483586714
          ],
          [
            121.73825941149046,
            25.02526644864596
          ],
          [
            121.73825002062726,
            25.02526351608934
          ],
          [
            121.73824063961858,
            25.025260574455302
          ],
          [
            121.7382312586103,
            25.025257632820665
          ],
          [
            121.73822188745653,
            25.025254682108617
          ],
          [
            121.73821250639516,
            25.02525173144518
          ],
          [
            121.73820313524226,
            25.025248780731943
          ],
          [
            121.73819375418172,
            25.025245830067295
          ],
          [
            121.7381843830297,
            25.025242879352838
          ],
          [
            121.73817500191603,
            25.025239919659377
          ],
          [
            121.73816563076488,
            25.025236968943734
          ],
          [
            121.73815625961414,
            25.02523401822747
          ],
          [
            121.7381468786098,
            25.0252310765874
          ],
          [
            121.73813749760586,
            25.025228134946737
          ],
          [
            121.73812812651045,
            25.02522519325626
          ],
          [
            121.73811874556138,
            25.02522226064199
          ],
          [
            121.73810936466674,
            25.02521933705472
          ],
          [
            121.73809998382653,
            25.02521642249443
          ],
          [
            121.73809059313268,
            25.025213517010354
          ],
          [
            121.73808120243923,
            25.02521061152567
          ],
          [
            121.73807181185423,
            25.02520772409556
          ],
          [
            121.73806242132363,
            25.025204845692464
          ],
          [
            121.73805302099336,
            25.025201985393146
          ],
          [
            121.73804362071752,
            25.025199134120825
          ],
          [
            121.738034210642,
            25.0251963009523
          ],
          [
            121.7380248006749,
            25.025193485838358
          ],
          [
            121.73801538085412,
            25.025190679800605
          ],
          [
            121.73800596119573,
            25.025187900845058
          ],
          [
            121.73799653168363,
            25.02518513096567
          ],
          [
            121.73798710233393,
            25.02518238816848
          ],
          [
            121.73797766323852,
            25.02517967250267
          ],
          [
            121.73796821434343,
            25.02517697494065
          ],
          [
            121.73795875570262,
            25.025174304509992
          ],
          [
            121.73794929717016,
            25.025171652133942
          ],
          [
            121.73793981903789,
            25.025169035966044
          ],
          [
            121.73793034106797,
            25.025166446880313
          ],
          [
            121.73792085340628,
            25.025163893953582
          ],
          [
            121.73791135599888,
            25.025161368158212
          ],
          [
            121.73790184889967,
            25.025158878521808
          ],
          [
            121.73789232220064,
            25.02515642509355
          ],
          [
            121.7378858124131,
            25.02515476919689
          ],
          [
            121.73787626627637,
            25.02515237905916
          ],
          [
            121.73786672035594,
            25.02515002503122
          ],
          [
            121.73785715488961,
            25.025147716239008
          ],
          [
            121.73784757967748,
            25.025145434578135
          ],
          [
            121.7378380046816,
            25.02514318902707
          ],
          [
            121.73782841003187,
            25.02514097065652
          ],
          [
            121.73781880569025,
            25.025138788444917
          ],
          [
            121.73780919160285,
            25.025136633364685
          ],
          [
            121.73779957767769,
            25.025134505366605
          ],
          [
            121.73778995400669,
            25.025132404499885
          ],
          [
            121.73778032053588,
            25.025130321736906
          ],
          [
            121.7377706773732,
            25.02512827513287
          ],
          [
            121.73776102441072,
            25.025126246632574
          ],
          [
            121.73775137155644,
            25.025124236186866
          ],
          [
            121.73774170895634,
            25.02512225287246
          ],
          [
            121.73773204646444,
            25.02512028761265
          ],
          [
            121.73772237422669,
            25.02511834948416
          ],
          [
            121.73771269213513,
            25.02511642043183
          ],
          [
            121.73770301015178,
            25.025114509434044
          ],
          [
            121.73769331842256,
            25.0251126255676
          ],
          [
            121.73768362674757,
            25.0251107507281
          ],
          [
            121.73767392527274,
            25.02510889399235
          ],
          [
            121.73766422385214,
            25.02510704628355
          ],
          [
            121.73765451263168,
            25.025105216678494
          ],
          [
            121.73764480151941,
            25.025103405127982
          ],
          [
            121.73763509046135,
            25.025101602604433
          ],
          [
            121.73762536960346,
            25.025099818184614
          ],
          [
            121.73761564879976,
            25.025098042791736
          ],
          [
            121.73760592805031,
            25.02509627642584
          ],
          [
            121.73759619750093,
            25.025094528163663
          ],
          [
            121.73758646700581,
            25.025092788928433
          ],
          [
            121.73757672665684,
            25.025091058769316
          ],
          [
            121.7375669963241,
            25.02508934661562
          ],
          [
            121.73755725608352,
            25.025087634510427
          ],
          [
            121.73754751589718,
            25.025085931432187
          ],
          [
            121.73753776591091,
            25.02508424645767
          ],
          [
            121.73752802583299,
            25.02508256143335
          ],
          [
            121.73751827595514,
            25.025080894512723
          ],
          [
            121.73750852607753,
            25.02507922759148
          ],
          [
            121.73749876640004,
            25.025077578773935
          ],
          [
            121.73748901663082,
            25.02507592990658
          ],
          [
            121.73747925700773,
            25.02507429011536
          ],
          [
            121.73746949743885,
            25.025072659351068
          ],
          [
            121.73745973792417,
            25.02507103761374
          ],
          [
            121.73744997840971,
            25.025069415875755
          ],
          [
            121.73744021900339,
            25.025067812192358
          ],
          [
            121.73743044968924,
            25.02506620855744
          ],
          [
            121.73742069033734,
            25.02506461390033
          ],
          [
            121.73741092113156,
            25.025063028319323
          ],
          [
            121.73740115192601,
            25.025061442737677
          ],
          [
            121.73739138277465,
            25.025059866182954
          ],
          [
            121.73738161367746,
            25.025058298655214
          ],
          [
            121.73737184463444,
            25.025056740154426
          ],
          [
            121.73736207559165,
            25.02505518165297
          ],
          [
            121.73735229669497,
            25.025053632227632
          ],
          [
            121.73734252776052,
            25.025052091780104
          ],
          [
            121.73733275888021,
            25.025050560359514
          ],
          [
            121.7373229800921,
            25.025049028987425
          ],
          [
            121.73731320135813,
            25.025047506642306
          ],
          [
            121.73730619957848,
            25.025046421916088
          ],
          [
            121.73729642089883,
            25.025044908597437
          ],
          [
            121.73728665218142,
            25.025043404256596
          ],
          [
            121.73727687355617,
            25.02504189996425
          ],
          [
            121.73726709503902,
            25.02504041372647
          ],
          [
            121.73725731646812,
            25.02503891846042
          ],
          [
            121.73724753800535,
            25.025037441248944
          ],
          [
            121.73723775954277,
            25.02503596403681
          ],
          [
            121.7372279810804,
            25.02503448682403
          ],
          [
            121.7372182026722,
            25.025033018638187
          ],
          [
            121.73720842431811,
            25.025031559479306
          ],
          [
            121.73719864596427,
            25.025030100319793
          ],
          [
            121.7371888577565,
            25.025028650236344
          ],
          [
            121.737179079457,
            25.025027200103132
          ],
          [
            121.73716930115772,
            25.025025749969267
          ],
          [
            121.73715952291258,
            25.02502430886234
          ],
          [
            121.73714973475958,
            25.02502286780391
          ],
          [
            121.73713995656878,
            25.02502143572329
          ],
          [
            121.7371301684162,
            25.025019994663566
          ],
          [
            121.73712039027978,
            25.02501857160924
          ],
          [
            121.73711060218155,
            25.025017139575812
          ],
          [
            121.7371008240455,
            25.02501571652021
          ],
          [
            121.73709103605555,
            25.025014302540676
          ],
          [
            121.73708125791993,
            25.025012879483764
          ],
          [
            121.73707146993037,
            25.025011465502953
          ],
          [
            121.73706168199496,
            25.025010060549082
          ],
          [
            121.73705190391387,
            25.025008646517822
          ],
          [
            121.73704211597887,
            25.025007241562644
          ],
          [
            121.73703232804407,
            25.025005836606816
          ],
          [
            121.73702254010946,
            25.02500443165036
          ],
          [
            121.73701275222899,
            25.02500303572084
          ],
          [
            121.73700297425678,
            25.02500163974154
          ],
          [
            121.73699318637672,
            25.025000243810716
          ],
          [
            121.73698339849685,
            25.024998847879246
          ],
          [
            121.73697361061718,
            25.02499745194713
          ],
          [
            121.73696382279165,
            25.02499606504196
          ],
          [
            121.7369540349663,
            25.024994678136142
          ],
          [
            121.73694424719508,
            25.024993300257282
          ],
          [
            121.73693445937016,
            25.024991913350163
          ],
          [
            121.73692466169126,
            25.024990535519123
          ],
          [
            121.73691487392065,
            25.024989157638313
          ],
          [
            121.73690508615022,
            25.02498777975685
          ],
          [
            121.73689529837999,
            25.024986401874717
          ],
          [
            121.73688550075582,
            25.024985033068678
          ],
          [
            121.73687571303992,
            25.024983664212865
          ],
          [
            121.7368659253242,
            25.02498229535641
          ],
          [
            121.73685612770063,
            25.024980926548412
          ],
          [
            121.73684633998532,
            25.024979557690653
          ],
          [
            121.73683654241606,
            25.024978197908947
          ],
          [
            121.73682674484701,
            25.0249768381266
          ],
          [
            121.73681695718619,
            25.0249754782945
          ],
          [
            121.7368071596714,
            25.024974127538442
          ],
          [
            121.73679736210293,
            25.024972767754146
          ],
          [
            121.73678757449662,
            25.024971416947693
          ],
          [
            121.73677777703634,
            25.024970075217293
          ],
          [
            121.73676797952237,
            25.024968724458645
          ],
          [
            121.73675818206247,
            25.024967382726942
          ],
          [
            121.7367483846028,
            25.024966040994602
          ],
          [
            121.73673857723524,
            25.02496469931072
          ],
          [
            121.73672877982985,
            25.024963366604666
          ],
          [
            121.73671898242462,
            25.02496203389797
          ],
          [
            121.7367091850196,
            25.024960701190615
          ],
          [
            121.73669937770673,
            25.024959368531707
          ],
          [
            121.73668958035601,
            25.02495804485067
          ],
          [
            121.7366797730974,
            25.024956721218064
          ],
          [
            121.7366699658929,
            25.024955406612413
          ],
          [
            121.73666015868857,
            25.024954092006134
          ],
          [
            121.73665357424302,
            25.0249532037939
          ],
          [
            121.73664376709291,
            25.024951898214113
          ],
          [
            121.73663395003494,
            25.02495059268277
          ],
          [
            121.73662414288519,
            25.024949287101673
          ],
          [
            121.73661433584343,
            25.02494799957514
          ],
          [
            121.73660451883991,
            25.024946703069443
          ],
          [
            121.73659471185242,
            25.02494542456921
          ],
          [
            121.73658489495703,
            25.024944146117413
          ],
          [
            121.73657507806183,
            25.02494286766497
          ],
          [
            121.73656526132848,
            25.024941616294683
          ],
          [
            121.73655544454145,
            25.024940355896142
          ],
          [
            121.73654562786233,
            25.024939113552133
          ],
          [
            121.73653580132923,
            25.024937880284195
          ],
          [
            121.73652598475823,
            25.02493665599409
          ],
          [
            121.73651615838715,
            25.024935449807632
          ],
          [
            121.7365063320162,
            25.024934243620542
          ],
          [
            121.7364965058071,
            25.024933064515597
          ],
          [
            121.73648667959813,
            25.024931885409995
          ],
          [
            121.73647685344325,
            25.02493071533134
          ],
          [
            121.73646701759596,
            25.02492958141153
          ],
          [
            121.73645718180272,
            25.02492845651866
          ],
          [
            121.73644734611739,
            25.02492734968037
          ],
          [
            121.7364375104322,
            25.024926242841403
          ],
          [
            121.73642767501656,
            25.024925181139807
          ],
          [
            121.73641782974686,
            25.02492412851424
          ],
          [
            121.73640798458507,
            25.02492309394322
          ],
          [
            121.73639813953118,
            25.024922077426762
          ],
          [
            121.73638829463906,
            25.024921087992446
          ],
          [
            121.73637844000062,
            25.024920125689363
          ],
          [
            121.7363685855239,
            25.024919190468445
          ],
          [
            121.73635873120895,
            25.024918282329676
          ],
          [
            121.73634886709378,
            25.024917392294558
          ],
          [
            121.73633901315614,
            25.024916547347686
          ],
          [
            121.73632913951025,
            25.024915720553548
          ],
          [
            121.73631927598797,
            25.024914929820078
          ],
          [
            121.7363094027732,
            25.02491417524544
          ],
          [
            121.736299529774,
            25.024913456780553
          ],
          [
            121.73628964708229,
            25.0249127744745
          ],
          [
            121.73627976460614,
            25.024912128278217
          ],
          [
            121.73627682072946,
            25.024911944246508
          ],
          [
            121.73626692872237,
            25.024911361291657
          ],
          [
            121.7362570368231,
            25.024910796391364
          ],
          [
            121.73624714530092,
            25.024910294683632
          ],
          [
            121.73623724403232,
            25.024909820107123
          ],
          [
            121.73622734303308,
            25.024909390667958
          ],
          [
            121.7362174422493,
            25.02490899733857
          ],
          [
            121.73620753177296,
            25.024908640167997
          ],
          [
            121.73619762156594,
            25.02490832813477
          ],
          [
            121.73618771152051,
            25.0249080431837
          ],
          [
            121.73617780174439,
            25.02490780337
          ],
          [
            121.7361678921837,
            25.024907599666047
          ],
          [
            121.73615798278458,
            25.024907423044244
          ],
          [
            121.73614806374671,
            25.024907291608862
          ],
          [
            121.73613815483229,
            25.024907196234164
          ],
          [
            121.73612823622521,
            25.02490713701829
          ],
          [
            121.73611832774158,
            25.02490711386311
          ],
          [
            121.73610840956529,
            25.02490712686674
          ],
          [
            121.7360985015124,
            25.024907175931077
          ],
          [
            121.73608859372877,
            25.024907270132758
          ],
          [
            121.73607868616047,
            25.024907400444206
          ],
          [
            121.73606877880752,
            25.02490756686541
          ],
          [
            121.73605887166991,
            25.024907769396354
          ],
          [
            121.73604897470953,
            25.02490801701561
          ],
          [
            121.73604787507718,
            25.024908049544152
          ],
          [
            121.73603797838597,
            25.02490834230071
          ],
          [
            121.73602808191005,
            25.02490867116701
          ],
          [
            121.73601818570329,
            25.024909045170677
          ],
          [
            121.73600829961988,
            25.02490945523504
          ],
          [
            121.73599840378985,
            25.02490989243064
          ],
          [
            121.73598851808318,
            25.02491036568691
          ],
          [
            121.73597863253788,
            25.024910866025355
          ],
          [
            121.73596874715405,
            25.02491139344595
          ],
          [
            121.7359588718935,
            25.024911956927262
          ],
          [
            121.73594898683247,
            25.024912538512176
          ],
          [
            121.7359391118409,
            25.0249131471302
          ],
          [
            121.73592922710267,
            25.024913782879434
          ],
          [
            121.73591935238005,
            25.024914436634162
          ],
          [
            121.7359094778188,
            25.024915117471057
          ],
          [
            121.73589960331125,
            25.024915807334907
          ],
          [
            121.73588973887314,
            25.024916524231852
          ],
          [
            121.73587986458068,
            25.024917250204812
          ],
          [
            121.73586999039576,
            25.024917994232318
          ],
          [
            121.73586012622643,
            25.02491875626534
          ],
          [
            121.73585025220271,
            25.02491952737436
          ],
          [
            121.73584038819456,
            25.024920316488892
          ],
          [
            121.7358305242401,
            25.024921114630356
          ],
          [
            121.7358206504313,
            25.02492192184784
          ],
          [
            121.73581078658421,
            25.02492273804322
          ],
          [
            121.73580092279079,
            25.02492356326557
          ],
          [
            121.7357910591049,
            25.024924406542453
          ],
          [
            121.73578118545694,
            25.02492524084013
          ],
          [
            121.73577132182456,
            25.024926093143343
          ],
          [
            121.73576145819202,
            25.024926945445884
          ],
          [
            121.73575159455933,
            25.02492779774777
          ],
          [
            121.73574173098031,
            25.024928659076615
          ],
          [
            121.73573185754688,
            25.024929529481458
          ],
          [
            121.73572199396754,
            25.024930390808994
          ],
          [
            121.73571213038807,
            25.02493125213589
          ],
          [
            121.73570226686223,
            25.02493212248973
          ],
          [
            121.73569239337436,
            25.024932983864353
          ],
          [
            121.73568252984823,
            25.024933854216897
          ],
          [
            121.73567265630624,
            25.02493470656261
          ],
          [
            121.73566279272596,
            25.02493556788624
          ],
          [
            121.73565291918368,
            25.02493642023066
          ],
          [
            121.73564304564123,
            25.02493727257442
          ],
          [
            121.73563318189905,
            25.024938106813277
          ],
          [
            121.73562330824865,
            25.024938941100526
          ],
          [
            121.73561343459811,
            25.024939775387114
          ],
          [
            121.7356035608398,
            25.024940591617828
          ],
          [
            121.7355936870275,
            25.024941398820307
          ],
          [
            121.7355838032532,
            25.024942197043547
          ],
          [
            121.73557392933303,
            25.024942986189483
          ],
          [
            121.735564045397,
            25.024943757328604
          ],
          [
            121.73555416140705,
            25.024944519439458
          ],
          [
            121.7355442773093,
            25.024945263494462
          ],
          [
            121.73553439310385,
            25.024945989493588
          ],
          [
            121.73552450884442,
            25.024946706464466
          ],
          [
            121.73551461451538,
            25.024947396400872
          ],
          [
            121.73550472998669,
            25.024948068232412
          ],
          [
            121.73549483544218,
            25.024948722057093
          ],
          [
            121.73548493088188,
            25.024949357874952
          ],
          [
            121.73548251412288,
            25.02494950525066
          ],
          [
            121.73547260940104,
            25.02495011398488
          ],
          [
            121.73546270451764,
            25.02495069563562
          ],
          [
            121.73545279952656,
            25.02495125923049
          ],
          [
            121.73544289437396,
            25.024951795741877
          ],
          [
            121.73543298916745,
            25.02495232322501
          ],
          [
            121.73542307399899,
            25.02495284172891
          ],
          [
            121.73541316857707,
            25.024953333100292
          ],
          [
            121.73540325324701,
            25.024953824520047
          ],
          [
            121.73539333780924,
            25.02495429788393
          ],
          [
            121.73538342231761,
            25.024954762219554
          ],
          [
            121.73537350677206,
            25.02495521752691
          ],
          [
            121.73536359122643,
            25.0249556728336
          ],
          [
            121.73535367562691,
            25.024956119112023
          ],
          [
            121.7353437599735,
            25.024956556362188
          ],
          [
            121.73533384432002,
            25.0249569936117
          ],
          [
            121.73532392872025,
            25.02495743988815
          ],
          [
            121.73531401306658,
            25.024957877136327
          ],
          [
            121.73530409746661,
            25.024958323411457
          ],
          [
            121.73529418186656,
            25.024958769685917
          ],
          [
            121.73528427617447,
            25.024959215910716
          ],
          [
            121.73527436062803,
            25.024959671211473
          ],
          [
            121.73526445504335,
            25.024960135490165
          ],
          [
            121.7352545396043,
            25.024960608844818
          ],
          [
            121.73524463418077,
            25.024961100205015
          ],
          [
            121.73523472875718,
            25.024961591564537
          ],
          [
            121.73522482344103,
            25.024962100978627
          ],
          [
            121.73521492814042,
            25.02496262839826
          ],
          [
            121.7352050328935,
            25.02496316484486
          ],
          [
            121.73519513780784,
            25.024963728373606
          ],
          [
            121.7351852428296,
            25.02496430995689
          ],
          [
            121.73517535786686,
            25.024964909545748
          ],
          [
            121.7351654730654,
            25.02496553621675
          ],
          [
            121.73515558837136,
            25.024966180942336
          ],
          [
            121.73514571380038,
            25.02496686172866
          ],
          [
            121.73513583939061,
            25.024967569597173
          ],
          [
            121.7351259750501,
            25.024968304498834
          ],
          [
            121.73511611092455,
            25.024969075510274
          ],
          [
            121.7351062469602,
            25.02496987360388
          ],
          [
            121.73509639317264,
            25.024970716785866
          ],
          [
            121.73508654950811,
            25.024971596028628
          ],
          [
            121.73507670611228,
            25.024972520408785
          ],
          [
            121.7350668728932,
            25.024973489877315
          ],
          [
            121.73505704979713,
            25.02497449540661
          ],
          [
            121.73504722702351,
            25.024975555100916
          ],
          [
            121.73503741448037,
            25.024976668911226
          ],
          [
            121.73502761216774,
            25.02497783683752
          ],
          [
            121.73501781017752,
            25.024979058928825
          ],
          [
            121.73500802837962,
            25.024980344114745
          ],
          [
            121.73499824695786,
            25.024981692493256
          ],
          [
            121.73498942618771,
            25.024982963898236
          ],
          [
            121.73497966533436,
            25.024984438564044
          ],
          [
            121.73496991481899,
            25.02498598540107
          ],
          [
            121.73496017458775,
            25.024987595381727
          ],
          [
            121.7349504445869,
            25.0249892594784
          ],
          [
            121.73494072492399,
            25.024990995746307
          ],
          [
            121.73493101549141,
            25.024992786130237
          ],
          [
            121.7349213163429,
            25.02499463965779
          ],
          [
            121.73491162737102,
            25.02499653827376
          ],
          [
            121.73490194868317,
            25.024998500033384
          ],
          [
            121.73489228022567,
            25.025000515909028
          ],
          [
            121.73488262199844,
            25.025002585900697
          ],
          [
            121.7348729838558,
            25.025004700931824
          ],
          [
            121.73486334603534,
            25.025006870127953
          ],
          [
            121.73485371839142,
            25.025009084412535
          ],
          [
            121.73484411088579,
            25.025011352764157
          ],
          [
            121.73483451355665,
            25.025013666204234
          ],
          [
            121.73482491649591,
            25.02501602478174
          ],
          [
            121.73481534942776,
            25.025018428349718
          ],
          [
            121.734805782628,
            25.02502087705511
          ],
          [
            121.73479623596648,
            25.025023379827587
          ],
          [
            121.73478669948143,
            25.025025927688528
          ],
          [
            121.73477717311901,
            25.025028511610298
          ],
          [
            121.73476766689484,
            25.025031149599158
          ],
          [
            121.73475817084706,
            25.025033832676474
          ],
          [
            121.73474869488375,
            25.025036560793286
          ],
          [
            121.73473922909683,
            25.02503933399857
          ],
          [
            121.73472978339431,
            25.02504215224333
          ],
          [
            121.73472035777627,
            25.025045015527578
          ],
          [
            121.7347109423883,
            25.02504793292792
          ],
          [
            121.73470155699283,
            25.025050895318802
          ],
          [
            121.73469218177368,
            25.02505390279815
          ],
          [
            121.73468282669268,
            25.025056964344614
          ],
          [
            121.73467349169606,
            25.02506007093061
          ],
          [
            121.73466417683754,
            25.025063231583708
          ],
          [
            121.73465489202523,
            25.025066446254982
          ],
          [
            121.73464562735101,
            25.025069714993393
          ],
          [
            121.73463638281488,
            25.025073037798947
          ],
          [
            121.73463161733643,
            25.025074776646175
          ],
          [
            121.73462241296922,
            25.025078189531076
          ],
          [
            121.73461323864814,
            25.025081656434157
          ],
          [
            121.73460408446512,
            25.025085177404392
          ],
          [
            121.73459496032821,
            25.025088752392836
          ],
          [
            121.73458585632933,
            25.02509238144843
          ],
          [
            121.73457678232283,
            25.025096055494615
          ],
          [
            121.73456773841615,
            25.025099792586623
          ],
          [
            121.73455871459372,
            25.025103574718223
          ],
          [
            121.73454972081738,
            25.02510741086802
          ],
          [
            121.73454075703336,
            25.025111292008454
          ],
          [
            121.7345318133873,
            25.025115227216077
          ],
          [
            121.73452289978732,
            25.02511921644192
          ],
          [
            121.73451401617963,
            25.025123250658403
          ],
          [
            121.73450516261795,
            25.025127338893146
          ],
          [
            121.73449633904858,
            25.025131472118527
          ],
          [
            121.73448755543329,
            25.025135659313218
          ],
          [
            121.73447879195594,
            25.02513990057512
          ],
          [
            121.73447005852458,
            25.025144195855287
          ],
          [
            121.73446136499355,
            25.025148536077168
          ],
          [
            121.73445270150852,
            25.025152930317343
          ],
          [
            121.7344440779775,
            25.02515737852684
          ],
          [
            121.73443548449251,
            25.02516188075465
          ],
          [
            121.73442694086961,
            25.02516643690283
          ],
          [
            121.73441842734637,
            25.02517105609692
          ],
          [
            121.73440995377717,
            25.02517572926038
          ],
          [
            121.734401520162,
            25.025180456393194
          ],
          [
            121.73439313646261,
            25.025185246474045
          ],
          [
            121.73439078634483,
            25.0251866032378
          ],
          [
            121.73438246257662,
            25.025191474272823
          ],
          [
            121.73437416890805,
            25.025196408353786
          ],
          [
            121.73436592510154,
            25.025201396355214
          ],
          [
            121.73435771134096,
            25.025206438374976
          ],
          [
            121.73434953742688,
            25.025211516308943
          ],
          [
            121.73434139355874,
            25.02521664826127
          ],
          [
            121.7343332796827,
            25.025221825204365
          ],
          [
            121.73432519574517,
            25.025227038110614
          ],
          [
            121.73431713178422,
            25.02523227800136
          ],
          [
            121.73430909776175,
            25.025237553855284
          ],
          [
            121.7343010837696,
            25.025242865721317
          ],
          [
            121.7342930797923,
            25.025248195593196
          ],
          [
            121.73428509579159,
            25.0252535524496
          ],
          [
            121.73427713171382,
            25.025258927262914
          ],
          [
            121.73426917765084,
            25.02526432008208
          ],
          [
            121.7342612336027,
            25.025269730907116
          ],
          [
            121.73425329951564,
            25.025275150710385
          ],
          [
            121.73424537538968,
            25.02528057949193
          ],
          [
            121.73423745126303,
            25.02528600827305
          ],
          [
            121.7342295271894,
            25.025291446081376
          ],
          [
            121.73422160311503,
            25.02529688388928
          ],
          [
            121.73421367903998,
            25.025302321696785
          ],
          [
            121.73420575496424,
            25.025307759503878
          ],
          [
            121.73419783083408,
            25.025313188282947
          ],
          [
            121.73418988677959,
            25.025318599104274
          ],
          [
            121.73418194267072,
            25.025324000897587
          ],
          [
            121.73417398859934,
            25.025329393711793
          ],
          [
            121.73416601454994,
            25.025334759540637
          ],
          [
            121.73415803053804,
            25.025340116390424
          ],
          [
            121.73415002649443,
            25.025345437227195
          ],
          [
            121.73414484499357,
            25.02534886632596
          ],
          [
            121.73385344819619,
            25.025571939486426
          ],
          [
            121.73349177529651,
            25.025837591273124
          ],
          [
            121.73343265340226,
            25.025876215348795
          ],
          [
            121.73334019516953,
            25.0259291144362
          ],
          [
            121.7332382135194,
            25.02598178960872
          ],
          [
            121.733206858545,
            25.025996009700922
          ],
          [
            121.73314267453735,
            25.026021505021625
          ],
          [
            121.73307693484205,
            25.026043658646294
          ],
          [
            121.7330636614326,
            25.026047651231924
          ],
          [
            121.73305888421541,
            25.026049092167643
          ],
          [
            121.73305546205516,
            25.026050129194154
          ],
          [
            121.73301579124649,
            25.02606224162309
          ],
          [
            121.73291322107539,
            25.02609261160314
          ],
          [
            121.73282440694959,
            25.026111836494625
          ],
          [
            121.73276736305648,
            25.0261200171038
          ],
          [
            121.73271304566778,
            25.026128482171224
          ],
          [
            121.73260365257941,
            25.026141190939384
          ],
          [
            121.73249368343616,
            25.02614866629924
          ],
          [
            121.7322568823676,
            25.02615885187858
          ],
          [
            121.73206060611949,
            25.02616557844161
          ],
          [
            121.73183240552783,
            25.02617075565754
          ],
          [
            121.73169989782087,
            25.026168753793055
          ],
          [
            121.73162637695408,
            25.02616538717031
          ],
          [
            121.73156434887132,
            25.02616017642936
          ],
          [
            121.73150281509282,
            25.026151433330643
          ],
          [
            121.73148652587463,
            25.026148137066766
          ],
          [
            121.73137371656146,
            25.02612112103621
          ],
          [
            121.73113279226428,
            25.026040793574715
          ],
          [
            121.73077645055392,
            25.02592461473152
          ],
          [
            121.7305169869525,
            25.02585242123702
          ],
          [
            121.72983354379973,
            25.02565150466526
          ],
          [
            121.72974420641226,
            25.025625843679357
          ],
          [
            121.729572874037,
            25.025556113774474
          ],
          [
            121.72949089205758,
            25.025515917759474
          ],
          [
            121.729214344786,
            25.025354321459012
          ],
          [
            121.72915142171894,
            25.025308235854745
          ],
          [
            121.728667976381,
            25.024879462016912
          ],
          [
            121.72837094447974,
            25.0246328135278
          ],
          [
            121.72825252619955,
            25.024534791199184
          ],
          [
            121.72817260858763,
            25.024484915457283
          ],
          [
            121.72807563447876,
            25.024422547373497
          ],
          [
            121.7280095987768,
            25.024386145370862
          ],
          [
            121.72794891364755,
            25.024356469991947
          ],
          [
            121.72777376416484,
            25.024282504511906
          ],
          [
            121.72751740065874,
            25.02419579171537
          ],
          [
            121.72702179363898,
            25.024045473677976
          ],
          [
            121.72663922418567,
            25.02392423097835
          ],
          [
            121.7264892780952,
            25.023881458486798
          ],
          [
            121.72637657667363,
            25.0238520456822
          ],
          [
            121.72631389282894,
            25.023844615068406
          ],
          [
            121.72619492869396,
            25.023833595441506
          ],
          [
            121.7259925611978,
            25.02382670255506
          ],
          [
            121.72583019640341,
            25.023837164286228
          ],
          [
            121.72566685244576,
            25.023863095388222
          ],
          [
            121.72520575938601,
            25.023984242802946
          ],
          [
            121.72506474075875,
            25.024013937295383
          ],
          [
            121.72491125532426,
            25.02402809226306
          ],
          [
            121.72476158222199,
            25.024031729053792
          ],
          [
            121.7245343334002,
            25.024021236004526
          ],
          [
            121.72393737247846,
            25.02396613118899
          ],
          [
            121.72365289265234,
            25.02391324066461
          ],
          [
            121.723495482553,
            25.023864705564762
          ],
          [
            121.72300852027767,
            25.02368373643781
          ],
          [
            121.72285822021001,
            25.023624260380473
          ],
          [
            121.72269049025847,
            25.023556084768423
          ],
          [
            121.72249714509607,
            25.023470546438027
          ]
        ]
      }
    }
  ]
}