{
  "TMRT-G-0": {
    "G0": 0.0,
    "G3": 0.058481,
    "G4": 0.099581,
    "G5": 0.194918,
    "G6": 0.247584,
    "G7": 0.337253,
    "G8": 0.401871,
    "G8a": 0.450506,
    "G9": 0.495984,
    "G10": 0.555204,
    "G10a": 0.6031,
    "G11": 0.633563,
    "G12": 0.682643,
    "G13": 0.773508,
    "G14": 0.828129,
    "G15": 0.869163,
    "G16": 0.932225,
    "G17": 1.0
  },
  "TMRT-G-1": {
    "G17": 0.0,
    "G16": 0.067775,
    "G15": 0.130837,
    "G14": 0.171871,
    "G13": 0.226492,
    "G12": 0.317357,
    "G11": 0.366437,
    "G10a": 0.3969,
    "G10": 0.444796,
    "G9": 0.504016,
    "G8a": 0.549494,
    "G8": 0.598129,
    "G7": 0.662747,
    "G6": 0.752416,
    "G5": 0.805082,
    "G4": 0.900419,
    "G3": 0.941519,
    "G0": 1.0
  }
}