{
  "TMRT-G-0": {
    "G0": 0.0,
    "G3": 0.058476,
    "G4": 0.098641,
    "G5": 0.195511,
    "G6": 0.246308,
    "G7": 0.333727,
    "G8": 0.396338,
    "G8a": 0.444773,
    "G9": 0.492026,
    "G10": 0.552274,
    "G10a": 0.603071,
    "G11": 0.634968,
    "G12": 0.686356,
    "G13": 0.781453,
    "G14": 0.835794,
    "G15": 0.876551,
    "G16": 0.937389,
    "G17": 1.0
  },
  "TMRT-G-1": {
    "G17": 0.0,
    "G16": 0.062611,
    "G15": 0.123449,
    "G14": 0.164206,
    "G13": 0.218547,
    "G12": 0.313644,
    "G11": 0.365032,
    "G10a": 0.396929,
    "G10": 0.447726,
    "G9": 0.507974,
    "G8a": 0.555227,
    "G8": 0.603662,
    "G7": 0.666273,
    "G6": 0.753692,
    "G5": 0.804489,
    "G4": 0.901359,
    "G3": 0.941524,
    "G0": 1.0
  }
}