{
  "R-1-0": {
    "R02": 0.0,
    "R03": 0.027612,
    "R04": 0.065704,
    "R05": 0.104434,
    "R06": 0.127857,
    "R07": 0.155808,
    "R08": 0.207606,
    "R09": 0.243785,
    "R10": 0.26296,
    "R11": 0.28997,
    "R12": 0.308676,
    "R13": 0.32741,
    "R14": 0.362223,
    "R15": 0.414159,
    "R16": 0.4521,
    "R17": 0.489693,
    "R18": 0.52044,
    "R19": 0.54171,
    "R20": 0.587205,
    "R21": 0.616478,
    "R22": 0.6428,
    "R23": 0.701428,
    "R24": 0.754071,
    "R25": 0.785262,
    "R26": 0.85981,
    "R27": 0.924338,
    "R28": 1.0
  },
  "R-1-1": {
    "R28": 0.0,
    "R27": 0.075662,
    "R26": 0.14019,
    "R25": 0.214738,
    "R24": 0.245929,
    "R23": 0.298572,
    "R22": 0.3572,
    "R21": 0.383522,
    "R20": 0.412795,
    "R19": 0.45829,
    "R18": 0.47956,
    "R17": 0.510307,
    "R16": 0.5479,
    "R15": 0.585841,
    "R14": 0.637777,
    "R13": 0.67259,
    "R12": 0.691324,
    "R11": 0.71003,
    "R10": 0.73704,
    "R09": 0.756215,
    "R08": 0.792394,
    "R07": 0.844192,
    "R06": 0.872143,
    "R05": 0.895566,
    "R04": 0.934296,
    "R03": 0.972388,
    "R02": 1.0
  },
  "R-2-0": {
    "R05": 0.0,
    "R06": 0.043508,
    "R07": 0.095427,
    "R08": 0.191641,
    "R09": 0.258841,
    "R10": 0.294458,
    "R11": 0.344629,
    "R12": 0.379375,
    "R13": 0.414173,
    "R14": 0.478836,
    "R15": 0.575307,
    "R16": 0.64578,
    "R17": 0.715609,
    "R18": 0.77272,
    "R19": 0.812229,
    "R20": 0.896735,
    "R21": 0.951107,
    "R22": 1.0
  },
  "R-2-1": {
    "R22": 0.0,
    "R21": 0.048893,
    "R20": 0.103265,
    "R19": 0.187771,
    "R18": 0.22728,
    "R17": 0.284391,
    "R16": 0.35422,
    "R15": 0.424693,
    "R14": 0.521164,
    "R13": 0.585827,
    "R12": 0.620625,
    "R11": 0.655371,
    "R10": 0.705542,
    "R09": 0.741159,
    "R08": 0.808359,
    "R07": 0.904573,
    "R06": 0.956492,
    "R05": 1.0
  },
  "R-3-0": {
    "R22": 0.001735,
    "R22A": 0.922725
  },
  "R-3-1": {
    "R22A": 0.077275,
    "R22": 0.998265
  },
  "R-4-0": {
    "R22": 0.0,
    "R23": 0.164605,
    "R24": 0.303359,
    "R25": 0.406539,
    "R26": 0.609779,
    "R27": 0.783186,
    "R28": 1.0
  },
  "R-4-1": {
    "R28": 0.0,
    "R27": 0.216814,
    "R26": 0.390221,
    "R25": 0.593461,
    "R24": 0.696641,
    "R23": 0.835395,
    "R22": 1.0
  },
  "R-5-0": {
    "R05": 0.0,
    "R06": 0.02620745531097122,
    "R07": 0.057459329524569884,
    "R08": 0.1152375226294028,
    "R09": 0.1555873912348187,
    "R10": 0.17745124764903988,
    "R11": 0.20773010266480518,
    "R12": 0.22859614377356932,
    "R13": 0.24949134439929294,
    "R14": 0.2885949264723614,
    "R15": 0.3465322076877013,
    "R16": 0.38883914259355284,
    "R17": 0.4307596866933529,
    "R18": 0.4650447785971401,
    "R19": 0.48876333229308155,
    "R20": 0.5394941091628473,
    "R21": 0.5721361160325267,
    "R22": 0.6014878638337972,
    "R23": 0.6668643357817131,
    "R24": 0.7255966252361519,
    "R25": 0.7603996437206305,
    "R26": 0.8435368638281266,
    "R27": 0.9155285780380243,
    "R28": 1.0
  },
  "R-6-0": {
    "R10": 0.0,
    "R11": 0.03681101567441938,
    "R12": 0.062178558995257274,
    "R13": 0.08758155251509685,
    "R14": 0.13512108371164297,
    "R15": 0.2055573721987956,
    "R16": 0.25699132645978295,
    "R17": 0.3079555325083426,
    "R18": 0.34963706421791685,
    "R19": 0.37847250239486435,
    "R20": 0.4401476027761732,
    "R21": 0.4798315811134865,
    "R22": 0.5155154815721271,
    "R23": 0.5949958427799712,
    "R24": 0.6663986493450211,
    "R25": 0.708709841702929,
    "R26": 0.8097825378438911,
    "R27": 0.897305270088193,
    "R28": 1.0
  },
  "R-7-0": {
    "R15": 0.0,
    "R16": 0.06474218837342872,
    "R17": 0.12889308393855517,
    "R18": 0.18135946760295785,
    "R19": 0.2176559063486429,
    "R20": 0.2952890773581195,
    "R21": 0.3452410524266621,
    "R22": 0.39015795291751787,
    "R23": 0.4902033916017732,
    "R24": 0.5800812557373785,
    "R25": 0.6333402210512284,
    "R26": 0.760564884738653,
    "R27": 0.8707336108133606,
    "R28": 1.0
  },
  "R-8-0": {
    "R20": 0.0,
    "R21": 0.07088292646849828,
    "R22": 0.13462097738149492,
    "R23": 0.2765876134312897,
    "R24": 0.40412624182335477,
    "R25": 0.47970186270660714,
    "R26": 0.6602364054484602,
    "R27": 0.8165682047229724,
    "R28": 1.0
  },
  "R-9-1": {
    "R24": 0.0,
    "R23": 0.06971391507007531,
    "R22": 0.14735112936103736,
    "R21": 0.18220752136207702,
    "R20": 0.2209712295696312,
    "R19": 0.2812160864368355,
    "R18": 0.309382831767335,
    "R17": 0.3500977701512884,
    "R16": 0.39988011796691797,
    "R15": 0.45012132054964743,
    "R14": 0.5189241938636832,
    "R13": 0.5653612849225228,
    "R12": 0.5901751838726581,
    "R11": 0.6149544547127205,
    "R10": 0.6509118241653998,
    "R09": 0.6768760411854008,
    "R08": 0.7247931480924018,
    "R07": 0.7934070978172842,
    "R06": 0.8305199670655415,
    "R05": 0.8616423840968501,
    "R04": 0.9129547763755166,
    "R03": 0.963407106610284,
    "R02": 1.0
  },
  "R-10-1": {
    "R05": 0.0,
    "R04": 0.3708102297292532,
    "R03": 0.7354952606619363,
    "R02": 1.0
  },
  "R-11-1": {
    "R10": 0.0,
    "R09": 0.07382548052649164,
    "R08": 0.2111709241356925,
    "R07": 0.407840004784352,
    "R06": 0.5142171176681726,
    "R05": 0.6034237173414742,
    "R04": 0.7505011127660527,
    "R03": 0.8951133008654057,
    "R02": 1.0
  },
  "R-12-1": {
    "R13": 0.0,
    "R12": 0.057090862109952886,
    "R11": 0.11410205319918948,
    "R10": 0.19683138265220357,
    "R09": 0.25656885223167475,
    "R08": 0.36681468456269317,
    "R07": 0.5246790149701939,
    "R06": 0.6100668738074846,
    "R05": 0.681672131120471,
    "R04": 0.7997297051438057,
    "R03": 0.9158084815725781,
    "R02": 1.0
  },
  "R-13-1": {
    "R15": 0.0,
    "R14": 0.12512315145882508,
    "R13": 0.20957291044226734,
    "R12": 0.25469907442017925,
    "R11": 0.29976226426506425,
    "R10": 0.36515376736567295,
    "R09": 0.41237188158291793,
    "R08": 0.49951317396819467,
    "R07": 0.6242934171971759,
    "R06": 0.6917862939415022,
    "R05": 0.7483850290764383,
    "R04": 0.8417009337119493,
    "R03": 0.9334527431239668,
    "R02": 1.0
  },
  "R-14-1": {
    "R19": 0.0,
    "R18": 0.03918644987203453,
    "R17": 0.09583066071903253,
    "R16": 0.16508980534881973,
    "R15": 0.23498732663364807,
    "R14": 0.33070856845715313,
    "R13": 0.3953136613656281,
    "R12": 0.4298357257443754,
    "R11": 0.46430961414531036,
    "R10": 0.5143349094699303,
    "R09": 0.5504573412292229,
    "R08": 0.6171214899311656,
    "R07": 0.712579893886244,
    "R06": 0.764212765610394,
    "R05": 0.8075114864819557,
    "R04": 0.8788992886661823,
    "R03": 0.9490905389780545,
    "R02": 1.0
  },
  "R-15-1": {
    "R20": 0.0,
    "R19": 0.07733328877433172,
    "R18": 0.11348952125203468,
    "R17": 0.1657532372139764,
    "R16": 0.22965633002032762,
    "R15": 0.29414843158285925,
    "R14": 0.3824672150804519,
    "R13": 0.44207617025830215,
    "R12": 0.4739285226899422,
    "R11": 0.5057364247605849,
    "R10": 0.5518930890809732,
    "R09": 0.5852220468878299,
    "R08": 0.646730823875013,
    "R07": 0.7348070956755747,
    "R06": 0.7824470168915194,
    "R05": 0.8223972962812205,
    "R04": 0.8882644301103335,
    "R03": 0.9530275456072045,
    "R02": 1.0
  },
  "BL-1-0": {
    "BL01": 0.0,
    "BL02": 0.075081,
    "BL03": 0.11631,
    "BL04": 0.169665,
    "BL05": 0.225748,
    "BL06": 0.274555,
    "BL07": 0.300323,
    "BL08": 0.344685,
    "BL09": 0.375101,
    "BL10": 0.49323,
    "BL11": 0.543553,
    "BL12": 0.593371,
    "BL13": 0.619442,
    "BL14": 0.655416,
    "BL15": 0.698363,
    "BL16": 0.724434,
    "BL17": 0.753234,
    "BL18": 0.783953,
    "BL19": 0.825081,
    "BL20": 0.85479,
    "BL21": 0.905416,
    "BL22": 0.95958,
    "BL23": 1.0
  },
  "BL-1-1": {
    "BL23": -0.0,
    "BL22": 0.04042,
    "BL21": 0.094584,
    "BL20": 0.14521,
    "BL19": 0.174919,
    "BL18": 0.216047,