{
  "R-1-0": {
    "R02": 0.0,
    "R03": 0.027612,
    "R04": 0.065704,
    "R05": 0.104434,
    "R06": 0.127857,
    "R07": 0.155808,
    "R08": 0.207606,
    "R09": 0.243785,
    "R10": 0.26296,
    "R11": 0.28997,
    "R12": 0.308676,
    "R13": 0.32741,
    "R14": 0.362223,
    "R15": 0.414159,
    "R16": 0.4521,
    "R17": 0.489693,
    "R18": 0.52044,
    "R19": 0.54171,
    "R20": 0.587205,
    "R21": 0.616478,
    "R22": 0.6428,
    "R23": 0.701428,
    "R24": 0.754071,
    "R25": 0.785262,
    "R26": 0.85981,
    "R27": 0.924338,
    "R28": 1.0
  },
  "R-1-1": {
    "R28": 0.0,
    "R27": 0.075662,
    "R26": 0.14019,
    "R25": 0.214738,
    "R24": 0.245929,
    "R23": 0.298572,
    "R22": 0.3572,
    "R21": 0.383522,
    "R20": 0.412795,
    "R19": 0.45829,
    "R18": 0.47956,
    "R17": 0.510307,
    "R16": 0.5479,
    "R15": 0.585841,
    "R14": 0.637777,
    "R13": 0.67259,
    "R12": 0.691324,
    "R11": 0.71003,
    "R10": 0.73704,
    "R09": 0.756215,
    "R08": 0.792394,
    "R07": 0.844192,
    "R06": 0.872143,
    "R05": 0.895566,
    "R04": 0.934296,
    "R03": 0.972388,
    "R02": 1.0
  },
  "R-2-0": {
    "R05": 0.0,
    "R06": 0.043508,
    "R07": 0.095427,
    "R08": 0.191641,
    "R09": 0.258841,
    "R10": 0.294458,
    "R11": 0.344629,
    "R12": 0.379375,
    "R13": 0.414173,
    "R14": 0.478836,
    "R15": 0.575307,
    "R16": 0.64578,
    "R17": 0.715609,
    "R18": 0.77272,
    "R19": 0.812229,
    "R20": 0.896735,
    "R21": 0.951107,
    "R22": 1.0
  },
  "R-2-1": {
    "R22": 0.0,
    "R21": 0.048893,
    "R20": 0.103265,
    "R19": 0.187771,
    "R18": 0.22728,
    "R17": 0.284391,
    "R16": 0.35422,
    "R15": 0.424693,
    "R14": 0.521164,
    "R13": 0.585827,
    "R12": 0.620625,
    "R11": 0.655371,
    "R10": 0.705542,
    "R09": 0.741159,
    "R08": 0.808359,
    "R07": 0.904573,
    "R06": 0.956492,
    "R05": 1.0
  },
  "R-3-0": {
    "R22": 0.001735,
    "R22A": 0.922725
  },
  "R-3-1": {
    "R22A": 0.077275,
    "R22": 0.998265
  },
  "R-4-0": {
    "R22": 0.0,
    "R23": 0.164605,
    "R24": 0.303359,
    "R25": 0.406539,
    "R26": 0.609779,
    "R27": 0.783186,
    "R28": 1.0
  },
  "R-4-1": {
    "R28": 0.0,
    "R27": 0.216814,
    "R26": 0.390221,
    "R25": 0.593461,
    "R24": 0.696641,
    "R23": 0.835395,
    "R22": 1.0
  },
  "R-5-0": {
    "R05": 0.0,
    "R06": 0.020247987608557238,
    "R07": 0.06646382539465272,
    "R08": 0.12324565585270918,
    "R09": 0.16561961936147027,
    "R10": 0.18118335645380043,
    "R11": 0.21134827488890603,
    "R12": 0.2293234639893127,
    "R13": 0.25286279695302527,
    "R14": 0.2914334139774682,
    "R15": 0.3459267578826066,
    "R16": 0.38527014509265894,
    "R17": 0.429832981628517,
    "R18": 0.4703763601817157,
    "R19": 0.48626463207940834,
    "R20": 0.5446974983995247,
    "R21": 0.5712420694605362,
    "R22": 0.6031118167534246,
    "R23": 0.6684414962868542,
    "R24": 0.7235112310522378,
    "R25": 0.764462184507824,
    "R26": 0.8451257463317171,
    "R27": 0.9139490933974901,
    "R28": 1.0
  },
  "R-6-0": {
    "R10": 0.0,
    "R11": 0.03683964984451812,
    "R12": 0.05879229240752004,
    "R13": 0.08754028275340069,
    "R14": 0.1346455991004135,
    "R15": 0.20119693795587917,
    "R16": 0.24924601893164036,
    "R17": 0.3036694809937469,
    "R18": 0.35318408096280735,
    "R19": 0.3725880244743636,
    "R20": 0.4439506021413863,
    "R21": 0.47636881355688726,
    "R22": 0.515290527647681,
    "R23": 0.5950760083756913,
    "R24": 0.6623312787703954,
    "R25": 0.7123436396308591,
    "R26": 0.8108560019035025,
    "R27": 0.8949082101826442,
    "R28": 1.0
  },
  "R-7-0": {
    "R15": 0.0,
    "R16": 0.06015134800911318,
    "R17": 0.12828261170612262,
    "R18": 0.19026860340018745,
    "R19": 0.2145598767234294,
    "R20": 0.3038967621935569,
    "R21": 0.34448024635364927,
    "R22": 0.39320529003487154,
    "R23": 0.49308658057955324,
    "R24": 0.5772816388991836,
    "R25": 0.639890764022569,
    "R26": 0.7632157322826456,
    "R27": 0.8684384239233784,
    "R28": 1.0
  },
  "R-8-0": {
    "R20": 0.0,
    "R21": 0.05830095588691543,
    "R22": 0.1282978199077814,
    "R23": 0.2717841379134659,
    "R24": 0.39273610846447987,
    "R25": 0.482678406852114,
    "R26": 0.6598431743206546,
    "R27": 0.8110027810081769,
    "R28": 1.0
  },
  "R-9-1": {
    "R24": 0.0,
    "R23": 0.06599925937256651,
    "R22": 0.14429472388901748,
    "R21": 0.18248956406180278,
    "R20": 0.21430235629428807,
    "R19": 0.28433221782483703,
    "R18": 0.30337378725358294,
    "R17": 0.3519636881923235,
    "R16": 0.40537077684887063,
    "R15": 0.45252252777220686,
    "R14": 0.5178310017242992,
    "R13": 0.5640566130878081,
    "R12": 0.5922677266576856,
    "R11": 0.6138103974688477,
    "R10": 0.649962056528631,
    "R09": 0.668614681705406,
    "R08": 0.7193984782893754,
    "R07": 0.7874496278366954,
    "R06": 0.8428377839293285,
    "R05": 0.8671043287318959,
    "R04": 0.9368642506416955,
    "R03": 0.9755742101821845,
    "R02": 1.0
  }
}