{
  "R-1-0": {
    "R02": 0.0,
    "R03": 0.027612,
    "R04": 0.065704,
    "R05": 0.104434,
    "R06": 0.127857,
    "R07": 0.155808,
    "R08": 0.207606,
    "R09": 0.243785,
    "R10": 0.26296,
    "R11": 0.28997,
    "R12": 0.308676,
    "R13": 0.32741,
    "R14": 0.362223,
    "R15": 0.414159,
    "R16": 0.4521,
    "R17": 0.489693,
    "R18": 0.52044,
    "R19": 0.54171,
    "R20": 0.587205,
    "R21": 0.616478,
    "R22": 0.6428,
    "R23": 0.701428,
    "R24": 0.754071,
    "R25": 0.785262,
    "R26": 0.85981,
    "R27": 0.924338,
    "R28": 1.0
  },
  "R-1-1": {
    "R28": 0.0,
    "R27": 0.075662,
    "R26": 0.14019,
    "R25": 0.214738,
    "R24": 0.245929,
    "R23": 0.298572,
    "R22": 0.3572,
    "R21": 0.383522,
    "R20": 0.412795,
    "R19": 0.45829,
    "R18": 0.47956,
    "R17": 0.510307,
    "R16": 0.5479,
    "R15": 0.585841,
    "R14": 0.637777,
    "R13": 0.67259,
    "R12": 0.691324,
    "R11": 0.71003,
    "R10": 0.73704,
    "R09": 0.756215,
    "R08": 0.792394,
    "R07": 0.844192,
    "R06": 0.872143,
    "R05": 0.895566,
    "R04": 0.934296,
    "R03": 0.972388,
    "R02": 1.0
  },
  "R-2-0": {
    "R05": 0.0,
    "R06": 0.043508,
    "R07": 0.095427,
    "R08": 0.191641,
    "R09": 0.258841,
    "R10": 0.294458,
    "R11": 0.344629,
    "R12": 0.379375,
    "R13": 0.414173,
    "R14": 0.478836,
    "R15": 0.575307,
    "R16": 0.64578,
    "R17": 0.715609,
    "R18": 0.77272,
    "R19": 0.812229,
    "R20": 0.896735,
    "R21": 0.951107,
    "R22": 1.0
  },
  "R-2-1": {
    "R22": 0.0,
    "R21": 0.048893,
    "R20": 0.103265,
    "R19": 0.187771,
    "R18": 0.22728,
    "R17": 0.284391,
    "R16": 0.35422,
    "R15": 0.424693,
    "R14": 0.521164,
    "R13": 0.585827,
    "R12": 0.620625,
    "R11": 0.655371,
    "R10": 0.705542,
    "R09": 0.741159,
    "R08": 0.808359,
    "R07": 0.904573,
    "R06": 0.956492,
    "R05": 1.0
  },
  "R-3-0": {
    "R22": 0.001735,
    "R22A": 0.922725
  },
  "R-3-1": {
    "R22A": 0.077275,
    "R22": 0.998265
  }
}