{
  "KLRT-C-0": {
    "C1": 0.0,
    "C2": 0.034379,
    "C3": 0.063522,
    "C4": 0.088825,
    "C5": 0.12229,
    "C6": 0.153931,
    "C7": 0.178584,
    "C8": 0.207543,
    "C9": 0.231769,
    "C10": 0.263307,
    "C11": 0.292078,
    "C12": 0.321709,
    "C13": 0.344558,
    "C14": 0.37243,
    "C15": 0.400045,
    "C16": 0.418038,
    "C17": 0.452942,
    "C18": 0.483282,
    "C19": 0.507968,
    "C20": 0.532396,
    "C21A": 0.550307,
    "C21": 0.572533,
    "C22": 0.589541,
    "C23": 0.609656,
    "C24": 0.648393,
    "C25": 0.675552,
    "C26": 0.708059,
    "C27": 0.727833,
    "C28": 0.761008,
    "C29": 0.791332,
    "C30": 0.825919,
    "C31": 0.847827,
    "C32": 0.871861,
    "C33": 0.894432,
    "C34": 0.915166,
    "C35": 0.93759,
    "C36": 0.959533,
    "C37": 0.979861
  },
  "KLRT-C-1": {
    "C1": 0.0,
    "C37": 0.020139,
    "C36": 0.040467,
    "C35": 0.06241,
    "C34": 0.084834,
    "C33": 0.105568,
    "C32": 0.128139,
    "C31": 0.152173,
    "C30": 0.174081,
    "C29": 0.208668,
    "C28": 0.238992,
    "C27": 0.272167,
    "C26": 0.291941,
    "C25": 0.324448,
    "C24": 0.351607,
    "C23": 0.390344,
    "C22": 0.410459,
    "C21": 0.427467,
    "C21A": 0.449693,
    "C20": 0.467604,
    "C19": 0.492032,
    "C18": 0.516718,
    "C17": 0.547058,
    "C16": 0.581962,
    "C15": 0.599955,
    "C14": 0.62757,
    "C13": 0.655442,
    "C12": 0.678291,
    "C11": 0.707922,
    "C10": 0.736693,
    "C9": 0.768231,
    "C8": 0.792457,
    "C7": 0.821416,
    "C6": 0.846069,
    "C5": 0.87771,
    "C4": 0.911175,
    "C3": 0.936478,
    "C2": 0.965621
  }
}