{
  "R-1-0": {
    "R02": 0.0,
    "R03": 0.018346,
    "R04": 0.047422,
    "R05": 0.099819,
    "R06": 0.118046,
    "R07": 0.159649,
    "R08": 0.210763,
    "R09": 0.248907,
    "R10": 0.262917,
    "R11": 0.290071,
    "R12": 0.306252,
    "R13": 0.327441,
    "R14": 0.362162,
    "R15": 0.411216,
    "R16": 0.446632,
    "R17": 0.486747,
    "R18": 0.523243,
    "R19": 0.537545,
    "R20": 0.590145,
    "R21": 0.61404,
    "R22": 0.642729,
    "R23": 0.701537,
    "R24": 0.75111,
    "R25": 0.787973,
    "R26": 0.860585,
    "R27": 0.922539,
    "R28": 1.0
  },
  "R-1-1": {
    "R28": 0.0,
    "R27": 0.077461,
    "R26": 0.139415,
    "R25": 0.212027,
    "R24": 0.24889,
    "R23": 0.298463,
    "R22": 0.357271,
    "R21": 0.38596,
    "R20": 0.409855,
    "R19": 0.462455,
    "R18": 0.476757,
    "R17": 0.513253,
    "R16": 0.553368,
    "R15": 0.588784,
    "R14": 0.637838,
    "R13": 0.672559,
    "R12": 0.693748,
    "R11": 0.709929,
    "R10": 0.737083,
    "R09": 0.751093,
    "R08": 0.789237,
    "R07": 0.840351,
    "R06": 0.881954,
    "R05": 0.900181,
    "R04": 0.952578,
    "R03": 0.981654,
    "R02": 1.0
  },
  "R-2-0": {
    "R05": 0.0,
    "R06": 0.025285,
    "R07": 0.102561,
    "R08": 0.197503,
    "R09": 0.268355,
    "R10": 0.294379,
    "R11": 0.344816,
    "R12": 0.374872,
    "R13": 0.414231,
    "R14": 0.478723,
    "R15": 0.569839,
    "R16": 0.635624,
    "R17": 0.710136,
    "R18": 0.777927,
    "R19": 0.804493,
    "R20": 0.902196,
    "R21": 0.94658,
    "R22": 1.0
  },
  "R-2-1": {
    "R22": 0.0,
    "R21": 0.05342,
    "R20": 0.097804,
    "R19": 0.195507,
    "R18": 0.222073,
    "R17": 0.289864,
    "R16": 0.364376,
    "R15": 0.430161,
    "R14": 0.521277,
    "R13": 0.585769,
    "R12": 0.625128,
    "R11": 0.655184,
    "R10": 0.705621,
    "R09": 0.731645,
    "R08": 0.802497,
    "R07": 0.897439,
    "R06": 0.974715,
    "R05": 1.0
  },
  "R-3-0": {
    "R22": 0.0,
    "R22A": 1.0
  },
  "R-3-1": {
    "R22A": 0.0,
    "R22": 1.0
  }
}