{"type": "FeatureCollection", "features": [{"type": "Feature", "properties": {"track_id": "TD-1", "line_id": "TD", "direction": 1, "name": "臺東線 (臺東→花蓮)", "origin": "臺東", "destination": "花蓮"}, "geometry": {"type": "LineString", "coordinates": [[121.59816931689882, 23.98726671112938], [121.59859082715117, 23.988114746421356], [121.59905814246002, 23.989089535702302], [121.5998994677099, 23.99076013348621], [121.60023923108956, 23.99148700725522], [121.60188622324158, 23.99485278993831], [121.60232307077362, 23.995687220125827], [121.60263423114205, 23.99630082161154], [121.37678155556054, 23.495709426512498], [121.37674486409033, 23.495996332556818], [121.37664845658344, 23.496646741513157], [121.37660626897215, 23.49721724441277], [121.37652527841375, 23.498288595067024], [121.37646223150139, 23.499018918348053], [121.37644837803369, 23.499761014332762], [121.37634100335522, 23.500825478813425], [121.37633337191433, 23.500918522785494], [121.37632461523125, 23.501025282473787], [121.37615232734835, 23.503021186271095], [121.37596503021479, 23.505321801328332], [121.37577315129623, 23.50763995658354], [121.37569830250122, 23.508695910771777], [121.37562826380345, 23.50988631557492], [121.37556247425252, 23.5107733528497], [121.37556151411013, 23.510814952839585], [121.37554786855856, 23.51115498211589], [121.37554972646804, 23.511674835652155], [121.37556222850773, 23.511887032540287], [121.37559059928293, 23.512385326137807], [121.37570229110636, 23.513266138691133], [121.37589178622513, 23.51462758342794], [121.3760740745937, 23.515913613773726], [121.3763240542592, 23.51768989531807], [121.37656132605687, 23.519379019305834], [121.37672568790376, 23.520573874737618], [121.37691007057735, 23.521827607502285], [121.37701850904935, 23.522637517660428], [121.37712529591788, 23.52333367079096], [121.3771254808036, 23.52333497517824], [121.37712561469858, 23.52333591216799], [121.3771302529618, 23.523368679835755], [121.3773639699428, 23.525088739324396], [121.37743177924168, 23.525637902248857], [121.37747351439593, 23.526211279959572], [121.37749571225535, 23.526759501369835], [121.37746679196337, 23.528033017671742], [121.37743665112907, 23.529123552024434], [121.37738626154938, 23.530406237582426], [121.3773452408819, 23.5316337043877], [121.37730163275964, 23.532929730244337], [121.37725153807006, 23.534504130926607], [121.37719012396788, 23.535946732663263], [121.37713550737612, 23.53746855757143], [121.37701013409477, 23.540810727100236], [121.37699002045184, 23.541417461403128], [121.37691394006755, 23.543643864244828], [121.3768615763533, 23.545210108745188], [121.37681075052902, 23.54677776510178], [121.37678263414533, 23.547545001714862], [121.37676000583062, 23.548333655792305], [121.376759899568, 23.54833692489969], [121.37675719514276, 23.548465789155284], [121.37677952407601, 23.548927266873772], [121.37681205630419, 23.549693146352574], [121.37686096776021, 23.550256875467138], [121.37691521136139, 23.550782571816978], [121.37693600968795, 23.550984102840353], [121.37700568513297, 23.551523233515034], [121.37705118593772, 23.55185871928476], [121.37710288630052, 23.55221377870233], [121.37716557631218, 23.552651648741488], [121.37726459956866, 23.5533557161815], [121.37733479409043, 23.553818036371347], [121.37762943780724, 23.555873378186565], [121.37776635338285, 23.556790773392606], [121.37778466676393, 23.55690174867425], [121.3778587174351, 23.557518130916858], [121.37790542387214, 23.558050663197594], [121.37792825032467, 23.55851167568047], [121.37794090091323, 23.559072557122775], [121.37794564279748, 23.559472523113907], [121.37794517125907, 23.559774461692488], [121.37795090782402, 23.561018718119893], [121.37796316758879, 23.561799963764344], [121.37796769233346, 23.563289171161333], [121.37796525637077, 23.563458419193392], [121.37797204965472, 23.565203181047753], [121.37797964873818, 23.56624818169805], [121.37800340956285, 23.567610417407767], [121.37802985317306, 23.568568370161692], [121.37804741643002, 23.568893680989508], [121.37807548441911, 23.569192987996725], [121.37811325646088, 23.569481560962082], [121.37818738239606, 23.569956018116418], [121.37835126970997, 23.570833661436307], [121.37861132102161, 23.572158947344324], [121.37884232370712, 23.573333607157533], [121.37884250560874, 23.573334521447286], [121.3789245437383, 23.573670816829168], [121.37912478499278, 23.574641656689046], [121.37932036219334, 23.575627194718727], [121.37952353892861, 23.57660080330132], [121.37970252672066, 23.57747513945898], [121.37976554048659, 23.577806113255463], [121.37989662321844, 23.578376110977608], [121.38001537034711, 23.57891094453089], [121.38017473147883, 23.57970641070857], [121.38040518347239, 23.580815528878944], [121.3805803852213, 23.581598931361153], [121.3806537156634, 23.582212134173552], [121.38068633137654, 23.582448398248026], [121.38080082797855, 23.582959903411247], [121.3808944628168, 23.583427916369153], [121.38107632891797, 23.58413951279585], [121.38125594792464, 23.58474067843029], [121.38138874094533, 23.58514677869163], [121.3815850911443, 23.58562729998079], [121.38176820939286, 23.586031008828122], [121.38197911108833, 23.58641616576786], [121.38240683179798, 23.587179955358792], [121.38255723837644, 23.58741403077393], [121.38257072401055, 23.587435017421058], [121.38258458168498, 23.587456584677778], [121.38259907122502, 23.587479134638667], [121.38263171649315, 23.58753027376899], [121.38265626936256, 23.587568737655648], [121.38268142853788, 23.587608150895484], [121.38291273874651, 23.587970511594573], [121.38305192600966, 23.588186777336094], [121.38305504204004, 23.588191622332985], [121.38305551839169, 23.58819235980607], [121.38348042910624, 23.588849497064285], [121.38352661383652, 23.588920923501437], [121.38390463517868, 23.589517903238395], [121.38412704976483, 23.589869142839092], [121.38474357684204, 23.590828150279513], [121.38520662676339, 23.591548766685694], [121.38541934172595, 23.5918789868149], [121.38579708084103, 23.59246538279179], [121.38627641874953, 23.593212019222783], [121.38631737355291, 23.593275812136035], [121.38637391975342, 23.59336389103628], [121.38659479095166, 23.59370388748659], [121.386865492727, 23.594132029593194], [121.3873189537905, 23.594847914203736], [121.38739062855146, 23.594959579931256], [121.38742561459505, 23.595017777129723], [121.38758274658991, 23.59527637016322], [121.3877334813382, 23.595538770651924], [121.38785690452808, 23.59576405762839], [121.3880092027083, 23.59605093309784], [121.38818987501502, 23.596452806513433], [121.38834252865693, 23.596799324171855], [121.3885005971464, 23.597247114777424], [121.38863927695512, 23.597679069195234], [121.38875059918348, 23.598079713013764], [121.38880067327617, 23.598333655809498], [121.38880086173002, 23.59833443010365], [121.38880098705341, 23.598335061883326], [121.38886671216088, 23.598662997144768], [121.3889162123091, 23.598953752627978], [121.38895261180214, 23.5992115447188], [121.38898524648896, 23.599481845414825], [121.3889923275755, 23.599558803098397], [121.3889952622508, 23.599590695690644], [121.38899739416956, 23.599613864696952], [121.38899948965854, 23.59963664189657], [121.38900347411993, 23.59967994926963], [121.38901140556875, 23.59976614782994], [121.38905947278475, 23.60036674808315], [121.38913119649399, 23.601342605148677], [121.38919815523322, 23.6022231715115], [121.38926549123914, 23.6031787581032], [121.38927445691316, 23.6032961676695], [121.38927760863392, 23.603337464336047], [121.38928047082162, 23.60337495111043], [121.38933915507289, 23.604143494019123], [121.38939599143086, 23.60488364423395], [121.38945826263878, 23.60569398907072], [121.38950330391872, 23.60630298504908], [121.38954576239951, 23.60688604184392], [121.38959015592111, 23.607340526081018], [121.38963276152418, 23.607667061158356], [121.38966405808398, 23.607850373447622], [121.3897538568244, 23.60828685087258], [121.38986426034728, 23.60871843554829], [121.38997275433765, 23.60907535401958], [121.39008482489157, 23.609384981084425], [121.39018332167547, 23.609641547305287], [121.39029505026691, 23.609901535022807], [121.39044677776624, 23.610219211549154], [121.39081707349692, 23.61093903570566], [121.39122597002405, 23.6117290087088], [121.39165933191688, 23.612563750361822], [121.39172540563945, 23.612691112738055], [121.39176564977825, 23.612768688072116], [121.39177215673696, 23.612781232222915], [121.39177856512761, 23.612793583382594], [121.39187518303068, 23.612979825630664], [121.39205221323472, 23.613321066813974], [121.39222423448186, 23.61365265303158], [121.39229848305185, 23.613795772396934], [121.39235474855553, 23.613905352325833], [121.39266961379802, 23.61450087889235], [121.39306692482255, 23.61526320999901], [121.39340157127972, 23.615909838192255], [121.39368479602095, 23.61645170400638], [121.39404339198546, 23.617143004833014], [121.3942162994527, 23.617487361796375], [121.3943964503768, 23.617827263756187], [121.39451472192567, 23.618058359237832], [121.39464062249654, 23.61830133569659], [121.39487759829743, 23.618754808497677], [121.39516256336901, 23.61929185483607], [121.39532807581666, 23.619593808678914], [121.39550334162958, 23.619896590793296], [121.39583688588296, 23.62045443055956], [121.39610864403427, 23.620888130130304], [121.39620087843947, 23.62102961856104], [121.3962264799945, 23.621069234077112], [121.3963628427141, 23.62127514533693], [121.39667521924997, 23.62173548656779], [121.39702506685782, 23.622225265260152], [121.39740814728168, 23.622734642218173], [121.39778384340292, 23.62322072016237], [121.39787712542464, 23.62333379234481], [121.39787778741275, 23.623334595208906], [121.3978782497163, 23.62333515387553], [121.39815818624035, 23.62367447096636], [121.39848256577714, 23.624043822327202], [121.39879795900264, 23.62440373005679], [121.39912649266867, 23.62476177115086], [121.39940998852904, 23.62506242886636], [121.3997282595349, 23.625397231391], [121.40008084265068, 23.625730689612976], [121.40033877061738, 23.62598213910678], [121.4006120580034, 23.626237125227256], [121.40087319055932, 23.6264759336431], [121.40108387101567, 23.626668209300465], [121.40141325676302, 23.62694594234658], [121.40176752855757, 23.627239377274062], [121.40232828372378, 23.627707234174807], [121.40297785742999, 23.628227177330036], [121.4035109513515, 23.62865590934472], [121.40381458222707, 23.62889632498809], [121.40438664132495, 23.629357822965602], [121.40493172875672, 23.62979449384333], [121.40544875857742, 23.63020174636298], [121.40583614584398, 23.630507960805122], [121.4062824936065, 23.630866413782854], [121.4063109486002, 23.63088993427398], [121.40680545595902, 23.63128048079192], [121.4073334113794, 23.631708525530307], [121.40786306015454, 23.632138860249544], [121.40805039422432, 23.632285254419312], [121.40805412402725, 23.632288901698878], [121.40805694292864, 23.632291791060773], [121.4083370557674, 23.632518455480003], [121.4087189409655, 23.63283175636692], [121.40918841085701, 23.63319474951794], [121.40951215309664, 23.633457943398508], [121.40983896005407, 23.63372258228887], [121.4101325240221, 23.633959577695734], [121.41036377157894, 23.63415668730555], [121.41057573899232, 23.634350652828914], [121.41076445348509, 23.634527566259237], [121.41093401256336, 23.6346970986319], [121.41112943216758, 23.634911087544232], [121.41131224274531, 23.635117417105562], [121.411501646404, 23.635344821766733], [121.41174776971535, 23.63566191447071], [121.4117848260269, 23.635714791496724], [121.41179151879076, 23.635724341753576], [121.41179782562672, 23.635733342214113], [121.41191084862507, 23.63589461765786], [121.41205589123871, 23.636128084640518], [121.41219942742403, 23.636346682421404], [121.41232619115746, 23.636559667446818], [121.41245002106685, 23.63678682076018], [121.41257465776924, 23.63703389797229], [121.41268831148133, 23.637269078579834], [121.41278963171321, 23.637503377193045], [121.41288691810595, 23.637748630635585], [121.41296322267128, 23.637956610504066], [121.41303750767472, 23.63817061138521], [121.41311245932621, 23.638412691446813], [121.41323598081027, 23.638804744205043], [121.41337808092487, 23.63930482005876], [121.4136207376163, 23.64016277629796], [121.41399278117271, 23.641506225353204], [121.41432388729872, 23.642673362168775], [121.4145318743463, 23.64340573547381], [121.41470658566035, 23.644045491708123], [121.41506957710584, 23.64532829905995], [121.41516615187568, 23.645680601267163], [121.41518280151574, 23.645716010515713], [121.41518556893455, 23.645731644579566], [121.4153296020157, 23.646251098999297], [121.41565886551598, 23.647447786131032], [121.4159088196315, 23.64833376102429], [121.41590907832071, 23.64833466331316], [121.41590927457734, 23.64833535085958], [121.41593812123911, 23.648450327929346], [121.41604670811785, 23.648839714273937], [121.4161587226136, 23.6492340866158], [121.41624897101366, 23.649536180995167], [121.41633472723704, 23.64983511248154], [121.41641369302747, 23.650139687723236], [121.41650943988373, 23.650476790212092], [121.41659548546376, 23.65077198418585], [121.41666397822574, 23.651019491815084], [121.41668368947369, 23.651097056497036], [121.41668938310373, 23.651119465859004], [121.41669496356508, 23.65114142583965], [121.41671302710114, 23.65121250250156], [121.41680067251569, 23.651530003812855], [121.41686408508009, 23.651748926626396], [121.4169219784063, 23.65194567707087], [121.41698024386798, 23.652167309064165], [121.41709638519262, 23.652582417217648], [121.41717304805644, 23.65284467354367], [121.41728410001491, 23.65323996029744], [121.41741008267273, 23.653675002967507], [121.41756358920199, 23.65423394085634], [121.41764321957363, 23.654512025376114], [121.41765020471996, 23.65453788963066], [121.41765684863825, 23.654562487920508], [121.4176629688449, 23.654585154336722], [121.41766880035826, 23.654606737952143], [121.41767496817201, 23.65462957761197], [121.41767707650105, 23.654636607966374], [121.41779888127023, 23.65506740842457], [121.41789094032698, 23.65538553451282], [121.41798691440138, 23.655752503089797], [121.41799621661579, 23.655785632787204], [121.41813330409241, 23.656315716958282], [121.41830760178937, 23.657049080894502], [121.41848684573117, 23.657777099084214], [121.41873964996272, 23.658703046825117], [121.41892911370199, 23.65942376136603], [121.41902860406177, 23.659797433202144], [121.41932337236057, 23.66083030557824], [121.4194914614061, 23.66141751888512], [121.4195584874463, 23.661637156429236], [121.41981638596465, 23.66244851869108], [121.42014003148968, 23.663517555536934], [121.42021368893573, 23.663800439364806], [121.42030779478631, 23.664239796660905], [121.42044910809489, 23.664809893858855], [121.42047676333821, 23.664901182390913], [121.42061291015489, 23.665396329765514], [121.42075176679761, 23.66589823655445], [121.42088913052908, 23.666374744588268], [121.42089669169954, 23.66640343701825], [121.42094878830932, 23.66660111681208], [121.42119963612639, 23.66729341378945], [121.42129381177068, 23.66756240477917], [121.42141121161302, 23.667994387260702], [121.42153563431633, 23.668423520576354], [121.42163145051116, 23.668766429294557], [121.42177938339225, 23.66928853871726], [121.42187861073329, 23.66969715049451], [121.4219329712638, 23.67000915265616], [121.42197077284828, 23.6703270900171], [121.4219808082952, 23.670666750108445], [121.42198229375094, 23.670792923928715], [121.42197918545307, 23.670833086094188], [121.42197481012931, 23.670967191393125], [121.42196630359338, 23.671050039465563], [121.4219382115733, 23.67135178250116], [121.42189446921635, 23.67164063114958], [121.42180778133101, 23.67201619424557], [121.42169568458914, 23.67236169311064], [121.42161863992342, 23.67258720791583], [121.42152463744371, 23.672813167031393], [121.42127793139161, 23.673323692764743], [121.42126379246547, 23.673356262850287], [121.42111963187874, 23.673663201834614], [121.42077834432337, 23.6743482498053], [121.42038127081103, 23.67515448102808], [121.42008735052289, 23.67573550300223], [121.41983576237095, 23.676239450574084], [121.41954215133684, 23.676828239882983], [121.41926118947926, 23.677412184216735], [121.41895828149022, 23.678022742191313], [121.41865637736105, 23.678634442725144], [121.4184464764871, 23.67907148555969], [121.41822314115824, 23.67958247862004], [121.41786843414, 23.68042002512945], [121.41719643449821, 23.68202911543301], [121.4166027625645, 23.683332259694502], [121.41574881039631, 23.685092782819417], [121.4148948436637, 23.68685583850528], [121.41404081432502, 23.688606204471295], [121.4130855135404, 23.6905750278034], [121.41226425842464, 23.69224918242058], [121.41135551182582, 23.694144294348984], [121.41108999969715, 23.694698092413873], [121.41086285823272, 23.695188360322433], [121.41066067033879, 23.69572930452801], [121.41046714265383, 23.69639708120267], [121.41033148774761, 23.697069778951715], [121.41024563744314, 23.697810846240227], [121.4102259917784, 23.698333436891488], [121.41022274433261, 23.698419816187773], [121.41026383822603, 23.699226513024346], [121.41033416742944, 23.699768443460478], [121.41036476083008, 23.699960886132637], [121.41045226248019, 23.700384955890364], [121.41053525493867, 23.700699938932768], [121.41068419563418, 23.70115646920517], [121.41081584469973, 23.701491286870418], [121.41090956677256, 23.70171294198212], [121.4110684795386, 23.702032833047035], [121.41122941344685, 23.702365956197944], [121.41133350290075, 23.702578178965314], [121.4114088921518, 23.702712328007244], [121.41153383741386, 23.702906177401722], [121.41185193419952, 23.70338649510871], [121.41202596687137, 23.70363144112147], [121.41215901858547, 23.703800219817065], [121.41240878832967, 23.704116161569516], [121.41281691143944, 23.704611879502366], [121.41339230463753, 23.705316062218], [121.41403274708965, 23.706091876032282], [121.41419020744415, 23.706289243519635], [121.41449405462622, 23.70665311050722], [121.41460843959983, 23.7067941568952], [121.41465878158587, 23.706856231655173], [121.4147949892239, 23.707024186805434], [121.41507865502292, 23.70737228923214], [121.41523088337428, 23.7075568374345], [121.41546384118016, 23.707839841464498], [121.41582302539732, 23.708262412181092], [121.41614219938334, 23.70864625262307], [121.41636044957382, 23.708925704537346], [121.41650160743453, 23.70910148982572], [121.41666916801472, 23.709304340113277], [121.41685568305412, 23.709529545587277], [121.41704405339051, 23.70977455620317], [121.41741533594926, 23.710271419723234], [121.4177903366839, 23.710757664998454], [121.41819970339115, 23.71126755113536], [121.41877173256243, 23.711947522849115], [121.41917530844938, 23.712443746355763], [121.4201193008507, 23.713563439576912], [121.42037784237995, 23.713837951459503], [121.42041129391997, 23.713877911116743], [121.42109318459227, 23.7146530864513], [121.42136408607375, 23.71497726990609], [121.42208316603897, 23.715881265139767], [121.42234245113126, 23.716209163501766], [121.42258921475887, 23.71655171656236], [121.42287900463853, 23.716940599694194], [121.42330165300233, 23.71749864315949], [121.42378852667706, 23.718124961223925], [121.42425348655294, 23.718711315235172], [121.42473220578829, 23.719311654970596], [121.42478878854799, 23.719380219532106], [121.42522468472065, 23.719925978488288], [121.42557341299833, 23.72036539076074], [121.42593741665732, 23.72081738099779], [121.42664556258453, 23.721700377848357], [121.42674344335795, 23.721820718912724], [121.42724957554871, 23.72243101127321], [121.42747756944857, 23.722726078922634], [121.4278480080287, 23.723177344980357], [121.4279856081987, 23.723333618416028], [121.42801338580126, 23.723365166382976], [121.42821983876642, 23.72357240339214], [121.42865754611576, 23.724002586364257], [121.42889875966794, 23.724222579007133], [121.42909132710282, 23.72438146027438], [121.42934452976259, 23.72458363488448], [121.42952426254391, 23.72471163704124], [121.42977736185314, 23.724892358378668], [121.43001742196363, 23.725051464963965], [121.43069181693744, 23.72549072862854], [121.43091154969544, 23.725639504399066], [121.43296810660871, 23.726912744741238], [121.43305551589953, 23.72697153093099], [121.43379888532537, 23.727471473163735], [121.4343605835914, 23.727893869152926], [121.43510400799602, 23.72849240660443], [121.43581205675214, 23.729068428731438], [121.4363800352441, 23.72952895722156], [121.43694184952824, 23.729981020258016], [121.43739118197472, 23.73033663060901], [121.43766229835093, 23.730554685162776], [121.43828389291916, 23.73107403224322], [121.43845740802854, 23.73123279201385], [121.43871192209369, 23.731472717450032], [121.4390311092028, 23.731797393228764], [121.43934941180682, 23.73214418910775], [121.43967077811959, 23.732530400205768], [121.43998532689517, 23.73295354164149], [121.44017274583167, 23.73323134003243], [121.44034002536398, 23.733487141366986], [121.44044841476496, 23.733663484479838], [121.44065806857465, 23.734024644372923], [121.4408012099408, 23.734294374547936], [121.44103343181912, 23.734760850739082], [121.44130963127088, 23.735348704751246], [121.44168518498189, 23.73613917278933], [121.44222493490633, 23.737290420678647], [121.44281021833451, 23.738482237372022], [121.44327407978709, 23.739403441918032], [121.44342310466821, 23.73968923888394], [121.44584336852853, 23.744505648487202], [121.44632970331139, 23.745473724075495], [121.44662519234731, 23.74606740881079], [121.4470948516295, 23.747001505977078], [121.44752836847059, 23.74785785041452], [121.44776093704054, 23.748317084936367], [121.44776939412829, 23.74833378431665], [121.44782395291965, 23.748441517444114], [121.4478829699848, 23.748558053312273], [121.44810490936514, 23.749000954452203], [121.4482309203862, 23.74926769705238], [121.44836125176072, 23.749515708466173], [121.45188858318062, 23.756536738125632], [121.45236684216314, 23.7574589937759], [121.45314449183499, 23.758899380928753], [121.45352444780652, 23.759680920720843], [121.45388878633615, 23.76039774997533], [121.45389871069315, 23.760417275464995], [121.45421154255261, 23.761067293865153], [121.4544394443671, 23.76154083549626], [121.45464018461378, 23.762026945605015], [121.45477247329602, 23.762414252081008], [121.45490210519644, 23.762846191735246], [121.4549101489695, 23.76287299427475], [121.45500612862016, 23.76329834372365], [121.4550390665828, 23.76348550203524], [121.45515586553806, 23.764149166758653], [121.45533701950646, 23.76536075825478], [121.45553852928225, 23.76664261135229], [121.45580842777801, 23.76850719233578], [121.45597469842471, 23.769596973704488], [121.45603615859828, 23.770025839865585], [121.45620103835029, 23.771034377832258], [121.45630736582643, 23.771685002297943], [121.4564936778663, 23.772783690690126], [121.45658483213664, 23.77333346594385], [121.45682489595056, 23.774781328303543], [121.45697278778374, 23.775671940800585], [121.45713463258306, 23.776670769944065], [121.45732738579456, 23.777881860055764], [121.4575600395278, 23.779288529077892], [121.45780397303731, 23.780846100734983], [121.45799209828495, 23.78180876418167], [121.4580554866756, 23.782186322008585], [121.45815147189383, 23.782758026806757], [121.4583690647631, 23.78409703038775], [121.45843437737143, 23.784755151917583], [121.45846311153714, 23.785110399850726], [121.45850871029545, 23.785640452009154], [121.45862607544447, 23.786651722923743], [121.45874961406908, 23.78763570486026], [121.45875682866145, 23.78769452952326], [121.45882276943567, 23.78823216992916], [121.45885582339564, 23.788501673851087], [121.45900584326967, 23.789307353384125], [121.45938533604101, 23.79079104282719], [121.4597613233018, 23.792221060270883], [121.45996526966141, 23.79310279766545], [121.46042921113157, 23.795630570674334], [121.4604575033919, 23.795800966389997], [121.46054756656068, 23.796157811873513], [121.46065074940876, 23.796706670887808], [121.46088526829624, 23.797949583794644], [121.46095870692291, 23.798333544833948], [121.46108435996125, 23.79899049568189], [121.46124214001131, 23.79983070206992], [121.46139219246317, 23.800638237766485], [121.46154168580783, 23.801286981020198], [121.4617035156632, 23.8018352724411], [121.46182421931145, 23.802149722290693], [121.46198524305338, 23.802556010665207], [121.46219238800686, 23.802999080952258], [121.46240257019029, 23.80338183395767], [121.46276177297582, 23.803961818641408], [121.46306276218505, 23.804385924753078], [121.46345530464698, 23.804861129179688], [121.464140610926, 23.80558532109379], [121.46524355046424, 23.806698230435433], [121.46577338816861, 23.807236066422796], [121.46711582906856, 23.80859810644203], [121.46830798054424, 23.809801796944367], [121.46927855572254, 23.810788976740426], [121.47028987480019, 23.811808719342483], [121.47150756804, 23.813040327520593], [121.47259537066363, 23.814143887701267], [121.47316359521989, 23.81475163543953], [121.4737907547754, 23.81551098816521], [121.47431371876135, 23.816233295145377], [121.47476560925827, 23.81695348397636], [121.4751514172181, 23.817648187617365], [121.47573683069346, 23.81878596462719], [121.47624678145205, 23.819792268572954], [121.47645964425232, 23.820176357723252], [121.47690400535868, 23.821039824310215], [121.47754022513426, 23.822267082051624], [121.47801437992538, 23.823199897383436], [121.47809106167672, 23.82333366120256], [121.47844329637022, 23.823948094673696], [121.478825314887, 23.824530637123747], [121.47941923713138, 23.825357934432688], [121.47987219965002, 23.825987795029878], [121.48054593787391, 23.826930127814283], [121.4812143817424, 23.827872771012224], [121.48177540782939, 23.82865136451437], [121.48219579946077, 23.82924990295279], [121.48263443231271, 23.829855262662253], [121.48305552811019, 23.830449650885964], [121.48310707510653, 23.830518426426053], [121.48331177649115, 23.83080649499382], [121.48346472779633, 23.831015626646572], [121.48364737125978, 23.83127367471234], [121.48386615407466, 23.831576868862996], [121.48404104773715, 23.831817776464003], [121.48417766326968, 23.8320135271813], [121.48419733267689, 23.832041648450737], [121.4842463572733, 23.832104349193525], [121.48427654724561, 23.8321467104218], [121.48438930587582, 23.83229883644267], [121.48458682056747, 23.832577857378457], [121.48480632495429, 23.832880420264075], [121.48500101163575, 23.833154992531465], [121.48519644301327, 23.833424502026126], [121.48539186362095, 23.83369591020216], [121.48559932665015, 23.833983211915637], [121.48589459652298, 23.83439128492745], [121.48615021460141, 23.834744691980962], [121.48636405342118, 23.835040890960247], [121.48657717506526, 23.83533771943666], [121.4867690553601, 23.835605309274577], [121.48698996457287, 23.835913575552766], [121.48719037768107, 23.836186905938867], [121.4873850788993, 23.836460841930027], [121.48759962901123, 23.83675830997274], [121.48782337214934, 23.837071022978034], [121.48804220016024, 23.837369777069117], [121.48824751189467, 23.837660865121002], [121.48844720263251, 23.837936723399665], [121.48866247930609, 23.838232926112077], [121.48886641413921, 23.838515771856244], [121.48907600801753, 23.838807512413158], [121.48936350319313, 23.83920603881904], [121.4896382649205, 23.839584868327094], [121.48984218899393, 23.83987024639873], [121.49004258968758, 23.84014800722511], [121.49021962990089, 23.840392084238484], [121.49043065020128, 23.840685095945137], [121.49064095778553, 23.840978105093658], [121.4908328583495, 23.841245055519863], [121.49104460309793, 23.841536802582944], [121.49127263692125, 23.84185079765451], [121.49147656915203, 23.842136173359812], [121.49167695388932, 23.842417731567966], [121.49189720522551, 23.84272028747318], [121.49204308260344, 23.8429230414017], [121.49222509821519, 23.843172207142693], [121.49237947596339, 23.843386402890637], [121.49242203426479, 23.84344327396774], [121.49262197717137, 23.84372424985268], [121.49282875513802, 23.844012170784943], [121.49302348356507, 23.844285466007705], [121.49322108506263, 23.8445556067806], [121.49334076032798, 23.8447227639489], [121.49352204784809, 23.84497509160455], [121.49368846753292, 23.84520644591519], [121.49388252175498, 23.845473401585114], [121.49406169568616, 23.84572128467212], [121.4941778210674, 23.845885257871156], [121.49434494535174, 23.846118514385832], [121.49452197994583, 23.84636638660127], [121.49470824710397, 23.84662253702328], [121.49483950661681, 23.846803218090585], [121.4949580281664, 23.84696611566659], [121.49507726372299, 23.847129016267463], [121.49520321124164, 23.847302707153883], [121.49532915212896, 23.847477663890228], [121.49541695877252, 23.847602705107047], [121.49546732897595, 23.847671897133562], [121.49558089418593, 23.847826967081996], [121.49569703579293, 23.84799136247365], [121.49582951421594, 23.84817070053124], [121.49594683354023, 23.848333811541828], [121.49636681115773, 23.848917704185315], [121.4967692043567, 23.84948183248422], [121.4974538839408, 23.85042153618946], [121.49754146488638, 23.85054194016287], [121.49832932083523, 23.851643553385813], [121.49914881299799, 23.852776395779987], [121.50048204386636, 23.854651045564317], [121.50097139972522, 23.85531646596145], [121.50213016486177, 23.856921899139355], [121.50360851234855, 23.858966146194284], [121.50430044949852, 23.859916051670375], [121.50501551498161, 23.860921572827525], [121.50583262794682, 23.862053152005227], [121.50663214680117, 23.863156090428923], [121.50684646598614, 23.863456203861197], [121.50693520888132, 23.86358077888858], [121.50730942227433, 23.864077115247294], [121.5080555227495, 23.86511002271777], [121.50824818341415, 23.865383507080853], [121.50856260887029, 23.865831528315898], [121.50881528636256, 23.866191843558592], [121.5090428401825, 23.866516331114127], [121.50926935645337, 23.8668393381902], [121.50949521181079, 23.867150729745994], [121.50978794757242, 23.867558785068667], [121.50991651378378, 23.86773514234286], [121.50998028341054, 23.867828936271895], [121.51005548002352, 23.867939537737257], [121.51043477106208, 23.868441727264447], [121.51089626985585, 23.869084108461692], [121.51134596915149, 23.869704973961937], [121.51177549995377, 23.870315542844516], [121.5119700923152, 23.870584133489565], [121.51223591789699, 23.870953076253713], [121.51252693414715, 23.871358174497903], [121.51277105133066, 23.871693173556572], [121.51318369981571, 23.87226355631618], [121.51368668982984, 23.872965279979624], [121.51383944538028, 23.873177321476327], [121.51395207626561, 23.87333366568529], [121.51467109136482, 23.87432926665825], [121.51543291350907, 23.875385949550054], [121.51596149114708, 23.876117145598073], [121.5166805301079, 23.877116383326396], [121.5172187494502, 23.877863073929927], [121.51753868082169, 23.87831072267786], [121.51792899887279, 23.87884650710931], [121.5179624259694, 23.878892391651537], [121.51854506363114, 23.87970488080509], [121.51858191850458, 23.87975627427057], [121.51916409301397, 23.880561719458186], [121.5197793884825, 23.8814141571294], [121.52035402528507, 23.882211890963546], [121.52072106786856, 23.88272243953805], [121.52110309858277, 23.883251221075056], [121.52165634372263, 23.884022509760438], [121.52190566439666, 23.884379890221936], [121.52209075677894, 23.88466159916156], [121.5223399961287, 23.88507002808372], [121.52252072717114, 23.885396404640865], [121.52271210678265, 23.885770184659265], [121.52286173914716, 23.886092910139315], [121.52297288076551, 23.8863417915367], [121.5231056963886, 23.88668444411235], [121.52324754284435, 23.887053624179654], [121.52333966523064, 23.88733852432217], [121.52338074139055, 23.887484988662525], [121.52353543312061, 23.887996415376147], [121.5237455651637, 23.88871386965913], [121.52391197346928, 23.889277258415845], [121.52419250679885, 23.89023811748282], [121.52448373118175, 23.89122267874407], [121.52463361669362, 23.891731578577932], [121.52466033750252, 23.891822302951965], [121.52476001938257, 23.892160746112776], [121.52506298797925, 23.893185418000066], [121.52532434510144, 23.89407516692601], [121.52537052408601, 23.894227340499434], [121.52540144615547, 23.894329236031005], [121.52553486509774, 23.894768883608187], [121.52587162873628, 23.89592577164813], [121.52603699662765, 23.89648095311655], [121.5262717055963, 23.89727497959157], [121.52647548244835, 23.897961434479353], [121.52658867910986, 23.898333685682722], [121.52664288123941, 23.898514072660184], [121.52670878730245, 23.898740101275422], [121.52677525690233, 23.898963117507783], [121.52685184612959, 23.899220776599524], [121.52692113413738, 23.899459613505513], [121.5269842140224, 23.899672867764973], [121.52704900632068, 23.899891794735463], [121.52711432837152, 23.900112218740535], [121.52718475099157, 23.900354031312666], [121.52725684553936, 23.90059538934706], [121.52732611939022, 23.900830601640283], [121.52757848990493, 23.901690879779625], [121.52768243253311, 23.902040309055895], [121.527755181391, 23.90228705510524], [121.5278041794151, 23.902455513451645], [121.52789202580072, 23.902742879785052], [121.52797548615077, 23.903030174426355], [121.52824016461675, 23.9039479597503], [121.52854475664878, 23.904977998412214], [121.52860097948088, 23.90516555591957], [121.52865906235141, 23.90535931925309], [121.52871186149827, 23.905535456314738], [121.52880381611058, 23.90582901104901], [121.5288665623024, 23.906058857899357], [121.52887755280888, 23.906109630502904], [121.52887755280888, 23.906109630502904], [121.52887755280888, 23.906109630502904], [121.52887755280888, 23.906109630502904], [121.52892333398862, 23.90656207584872], [121.52895341046873, 23.906856084338067], [121.52897243647355, 23.907003736715634], [121.52899031005782, 23.907096992558543], [121.52901160287654, 23.907190573433148], [121.52903744824953, 23.907268290191148], [121.52908343924517, 23.907408180180862], [121.52921228368238, 23.907767299427295], [121.52934684471691, 23.908208337286702], [121.52948065403842, 23.90867171727896], [121.5296121787446, 23.909110488062794], [121.52972660068112, 23.909501979959547], [121.52980452902753, 23.9097694519447], [121.52985470669317, 23.909935569421464], [121.52991057949004, 23.91009262247698], [121.52995162566104, 23.910195274674535], [121.53004397121529, 23.910393135948038], [121.53018495054269, 23.910655768172084], [121.5303077041978, 23.91093814634541], [121.5303077041978, 23.91093814634541], [121.53031388224703, 23.91095575137145], [121.53037747029093, 23.9111590552022], [121.53041780260104, 23.91129454249415], [121.53046092383703, 23.911442163818283], [121.53053347467248, 23.91169740186084], [121.53060256659693, 23.911931004661657], [121.53066614292503, 23.91213793910437], [121.5307373137197, 23.912388872940735], [121.53082009530401, 23.91267323147985], [121.53089397263412, 23.912921035306717], [121.5309664521885, 23.913162010449557], [121.53105688125629, 23.913466807583706], [121.53111176253985, 23.91365615812856], [121.53114832214315, 23.913784029241206], [121.53119770249552, 23.91395082159331], [121.53126106527854, 23.91416437410599], [121.53136777269378, 23.914526763958925], [121.53146331399635, 23.91484833330307], [121.53154581559299, 23.91512467777516], [121.53162239944793, 23.91539015317698], [121.53168916235178, 23.915612878416763], [121.53175594531253, 23.915837566543207], [121.5318324814743, 23.916095735367044], [121.53190688038433, 23.91635432146992], [121.53199208922751, 23.91663408382019], [121.53206864996274, 23.916895617663705], [121.53213706966875, 23.917127734722076], [121.53220333040917, 23.91735786461664], [121.53228476405533, 23.917630707940177], [121.53236455988643, 23.917896168110616], [121.53242654717505, 23.918106984316765], [121.53245476428076, 23.91821950049563], [121.53260653005358, 23.91871370789205], [121.53271384057896, 23.91909217758621], [121.53277969479949, 23.919299795527795], [121.53283849606872, 23.919493363740578], [121.53289138859908, 23.919680292315373], [121.53296725108306, 23.91994118779279], [121.53305549974066, 23.920251557540755], [121.5332393273231, 23.920877170756683], [121.5333594365078, 23.921285070133862], [121.53349477318693, 23.921730925817705], [121.53363634532111, 23.92222341824328], [121.53374266727175, 23.922570184544824], [121.5338315037602, 23.92283792202607], [121.53392599809996, 23.92310747275651], [121.53401213112683, 23.923333395299025], [121.53403030873042, 23.923380377139825], [121.53406498045929, 23.92346791501929], [121.53412921194851, 23.92362594655495], [121.53422092746162, 23.923829299525135], [121.53430084985507, 23.92401207298211], [121.53439870720884, 23.924230962136754], [121.53448837150819, 23.924437633132953], [121.534582693606, 23.924653256770817], [121.53467460381378, 23.924844612283504], [121.53477204560892, 23.925058406410894], [121.53486030696168, 23.92526449151015], [121.53498032628646, 23.92552215480635], [121.53509431586166, 23.925772677770407], [121.53523170217397, 23.926076359201602], [121.53534522222171, 23.926317589622958], [121.5354416471694, 23.92653293985212], [121.53548526787903, 23.926629623651497], [121.53553839249328, 23.926747293854184], [121.5356431161881, 23.926983509945934], [121.53573913394303, 23.92719491823727], [121.53583939282103, 23.927410184379237], [121.53594576536943, 23.927638887439745], [121.53604648395013, 23.92786254645082], [121.53614249466743, 23.928073354920098], [121.53623241225078, 23.92827222514611], [121.53631740076939, 23.928455372471], [121.5363280118366, 23.92847823849959], [121.53641727469906, 23.928680414739482], [121.5365152370466, 23.928906798149875], [121.53661939494664, 23.929126225277216], [121.53670721881751, 23.92932511512978], [121.53680971390499, 23.9295508558485], [121.53690845449886, 23.929756539070265], [121.53702541771914, 23.930020227464272], [121.53712787820673, 23.93024326917029], [121.53725818768712, 23.93051252789119], [121.53737094611044, 23.930775056856767], [121.53746914268936, 23.930992440944024], [121.53757634155268, 23.9312304319425], [121.53767550807653, 23.931441808840315], [121.53777441247787, 23.931659785259257], [121.53787403560004, 23.931879255257677], [121.53796323181437, 23.9320760320041], [121.53797724132193, 23.932105045850967], [121.53806052466626, 23.932277529796828], [121.538161462517, 23.932490688848823], [121.53826167910991, 23.932702055308084], [121.53836110195388, 23.932906231662198], [121.53846566684567, 23.933102861218956], [121.53857726263598, 23.93330302272641], [121.53869011528693, 23.9335190660395], [121.53878639307588, 23.933696282326878], [121.53888006090123, 23.93386092705587], [121.53897206874858, 23.93403218615135], [121.53908737509582, 23.934248805630745], [121.53920414924184, 23.93447080859808], [121.53930275219486, 23.93466539612005], [121.5393957744322, 23.934860636121538], [121.53948737368492, 23.93505378984886], [121.53958514948651, 23.935265179235664], [121.53967362167388, 23.93545956278255], [121.53973876305021, 23.93560459055241], [121.5397495361755, 23.935628575380765], [121.53983411541024, 23.9358190979869], [121.53992402842587, 23.936016766609377], [121.54001896133867, 23.93622428302928], [121.54012122870964, 23.936458420205376], [121.54022578769933, 23.93668083994095], [121.5403151330972, 23.936888410104924], [121.54039274850034, 23.9370538082075], [121.54046684448714, 23.937217140082], [121.54065382461008, 23.93762500296279], [121.54073835170232, 23.937811326505948], [121.54082975504963, 23.938015877775747], [121.54091210829208, 23.938196224186783], [121.54100887330249, 23.938410021499543], [121.54104588390834, 23.938487837272543], [121.5410631127212, 23.938524060250412], [121.54111635891105, 23.938642308362024], [121.54117554670962, 23.938760798276622], [121.5412453968874, 23.938893282253833], [121.5413216565273, 23.939035000528477], [121.54139233803534, 23.939150982118893], [121.54146890957587, 23.939263307685756], [121.54155214027757, 23.939377369561804], [121.54161930112363, 23.939464594949975], [121.54170803744195, 23.939572305924827], [121.54181047655426, 23.9396861825338], [121.5419095677004, 23.93978449791506], [121.54200053234825, 23.939875693343755], [121.54208896231823, 23.93996001546958], [121.54214270092119, 23.940009282430353], [121.54230964969933, 23.940141434912753], [121.5424961175617, 23.940270400434056], [121.54279090633622, 23.940482297964707], [121.54304780248688, 23.940654671856606], [121.54327975037168, 23.940815589484906], [121.5436064804663, 23.941039173821856], [121.5438869561617, 23.94122481545804], [121.54406427535727, 23.94134846962722], [121.5443095863891, 23.941516154592517], [121.54454995804956, 23.941679987577505], [121.54478820323365, 23.94184144215584], [121.54504871635707, 23.942022774959828], [121.5452965300226, 23.942194632724355], [121.5455206925398, 23.942347523907134], [121.54579416901231, 23.94253173036777], [121.54603778215443, 23.942702726875826], [121.54627353510853, 23.942860304402576], [121.54630610992241, 23.942882651815125], [121.54644390912028, 23.94297718312377], [121.54649383453203, 23.94301143268306], [121.54672155565979, 23.94316908593056], [121.546952082886, 23.94332761190932], [121.54722419077095, 23.943513628293125], [121.5474430870177, 23.943664167839465], [121.54764820107118, 23.94380254488846], [121.5478713335365, 23.943956341845656], [121.54804758869174, 23.944078201826137], [121.54822800006528, 23.94419732260394], [121.54840918443026, 23.944322133417554], [121.54855687851446, 23.944423575534863], [121.54875704205756, 23.944557199424537], [121.54894138275132, 23.94468287957893], [121.5491394918437, 23.94481952249196], [121.54961171516625, 23.94513495913103], [121.54980526166781, 23.94526984592236], [121.55002385010806, 23.94542308435584], [121.55023567679179, 23.94556679091828], [121.5504316136456, 23.945697455230697], [121.5506899907115, 23.945874599790653], [121.55089406021942, 23.946012682654093], [121.55112705863938, 23.946172377947562], [121.55136494705414, 23.946332025524597], [121.55160328869086, 23.946499466138874], [121.55183730849745, 23.946657051004397], [121.55206925775629, 23.946816456039397], [121.55228887953801, 23.946968181329524], [121.55256603855322, 23.947165234347107], [121.55282887831497, 23.94733603497179], [121.55306026957028, 23.947505939803875], [121.55339119328264, 23.94772706315508], [121.55368510782071, 23.947923053257536], [121.55397737207689, 23.94812625596271], [121.55427717948294, 23.94833357353688], [121.55452766080447, 23.948507418021887], [121.5548701254798, 23.948739532085952], [121.55516509859912, 23.948939627405498], [121.55551153366046, 23.949176085010574], [121.55583681938403, 23.949400610222206], [121.5561278483169, 23.94959804612147], [121.55639717646318, 23.949781307246088], [121.55697346083933, 23.950175069454556], [121.55733254789642, 23.95042798799449], [121.55768482119899, 23.950680745308336], [121.55797628517551, 23.95089120716089], [121.55805549236693, 23.950948249378897], [121.55827617261662, 23.95110274571873], [121.55868407583685, 23.951396813540033], [121.5586912091996, 23.95140195779133], [121.55869708499952, 23.951406192847763], [121.55877595307071, 23.95146305081311], [121.5592896540162, 23.951813065149786], [121.55961074028885, 23.952036530120957], [121.55963379085489, 23.952052572526515], [121.55965865070657, 23.952069874248547], [121.5597599605537, 23.952140381725872], [121.56033045370643, 23.952524495135382], [121.56092740869224, 23.952935851445197], [121.56151471195142, 23.95333914765205], [121.56218439632978, 23.953791586415885], [121.56288755837446, 23.954269856984286], [121.56345157365408, 23.95465846793342], [121.56352813870153, 23.954711221669967], [121.56360506744498, 23.954764225950555], [121.56363722588584, 23.95478638147607], [121.56434490083498, 23.95527240283866], [121.56494037631789, 23.955680018438798], [121.56543737119075, 23.956015571873834], [121.56598791223492, 23.956393732530557], [121.56651463464233, 23.956750391706773], [121.56707523346074, 23.957136935587908], [121.56806278682029, 23.95780378667695], [121.56920750561781, 23.958599090313434], [121.5696808492981, 23.95892992898195], [121.56990949603042, 23.959088945500394], [121.5703246862374, 23.959354242820623], [121.57082649640539, 23.959698149481493], [121.57083619389236, 23.95970479512377], [121.57084436973847, 23.95971039721591], [121.57091516735626, 23.959758917582707], [121.57146873197128, 23.960135729296002], [121.57201473413687, 23.96050563170189], [121.5725144417541, 23.96085399826704], [121.57312065570953, 23.961267409171125], [121.57376329615762, 23.961704618181628], [121.57430371804244, 23.962071933485937], [121.57488438968755, 23.96246803324839], [121.57542296991059, 23.962835395618995], [121.57599766716471, 23.963230763084876], [121.57605112024538, 23.96326753754569], [121.57607228731247, 23.96328181110956], [121.5761192021829, 23.96331344892627], [121.57644302124613, 23.9635318189448], [121.57701463009263, 23.963924434712172], [121.57761970885946, 23.964341056780412], [121.57806794863423, 23.96465206345903], [121.57807784633091, 23.964658930898157], [121.57809211628813, 23.96466883287427], [121.57822699494992, 23.96476241657998], [121.57882840540701, 23.965171942373548], [121.57903255494426, 23.96529402336692], [121.57944675806209, 23.96552027336427], [121.57988044279153, 23.965775596122185], [121.58006995988566, 23.96589906460327], [121.58035642837739, 23.966085697400672], [121.58081513242551, 23.96637584638676], [121.58122086942267, 23.966655839731803], [121.58172003700237, 23.966993316001076], [121.58215335474178, 23.96728954439897], [121.58259734998613, 23.967597260517568], [121.58289567668766, 23.96782314524627], [121.58305551041515, 23.96795167882715], [121.58363795716068, 23.96844437007403], [121.58390527406661, 23.968629160050956], [121.5839994025677, 23.968694228217668], [121.58409769764127, 23.968762177067013], [121.58479163779124, 23.969239920300787], [121.58548500073518, 23.96971405167394], [121.58582648982484, 23.96994467144107], [121.58646044320295, 23.970376495228162], [121.58713882122036, 23.970840816142836], [121.58814716326621, 23.97152749370181], [121.58906348902252, 23.9721438977578], [121.5896857422337, 23.972577290358494], [121.59001086923736, 23.972801139932486], [121.59079098495421, 23.97333374958103], [121.59097057082998, 23.973473514054074], [121.5912424389975, 23.973718493189576], [121.59150529697581, 23.973994180834946], [121.59165993577368, 23.974184028543448], [121.59180979055368, 23.974390454240513], [121.59193077540826, 23.974591280122795], [121.59211054157034, 23.974918203274466], [121.59243480242384, 23.97555278653439], [121.59264796834127, 23.976001358832587], [121.5932932247915, 23.97731017581475], [121.37659945492372, 23.497666408451327], [121.37671709728056, 23.49663994273311], [121.37680277629786, 23.495693108521742], [121.37688381672294, 23.494567173009706], [121.37688598233277, 23.494337112991797], [121.37686569190598, 23.49416001004029], [121.37685795778546, 23.49391829265941], [121.37683496655562, 23.493615941835174], [121.3766548974416, 23.49298263790925], [121.37653870896476, 23.49267305421199], [121.37641867446493, 23.492391688342366], [121.37582873429992, 23.491415195945773], [121.37518834272414, 23.490415568549473], [121.3748709837788, 23.48997339984496], [121.37456391017898, 23.48949349915749], [121.37392919228816, 23.488514831581888], [121.37273175391326, 23.486680126303348], [121.37214480236678, 23.48578474909322], [121.37158690615203, 23.48515988817325], [121.37102138935711, 23.48459094178533], [121.36992914026885, 23.483786813508083], [121.36869325554842, 23.483055873385553], [121.36504428483659, 23.481578758375484], [121.3620374070106, 23.480337211308594], [121.36131596835472, 23.480001608594513], [121.3603332989792, 23.47946996896641], [121.3594650340425, 23.47888813181646], [121.35899475769094, 23.47853754067292], [121.35857508277547, 23.47818694952938], [121.35826704725594, 23.47788178923912], [121.35798822524964, 23.47760342398501], [121.35740136772381, 23.476984171636477], [121.35689728182098, 23.47640511226402], [121.35647109862121, 23.475727803284002], [121.35501640002954, 23.47353688749285], [121.35367414120714, 23.47134597170169], [121.35066750425878, 23.449622653346985], [121.35023700477515, 23.443195997858183], [121.35015217711506, 23.442125600365166], [121.35005682737582, 23.441209660633096], [121.34982685707557, 23.440213708799426], [121.34926219905637, 23.43760090059031], [121.34868572571236, 23.43503145432667], [121.3484391098205, 23.433954160456622], [121.3482006602468, 23.432981765111688], [121.34798850605509, 23.43182442051277], [121.3478292896927, 23.43107257417759], [121.34761596715934, 23.430254534601676], [121.34715325130912, 23.429147999003355], [121.34609579075956, 23.426610464199754], [121.34539, 23.42458], [121.17043888105403, 23.063886783584845], [121.17054424677409, 23.064213004601452], [121.17056351895681, 23.06427267359797], [121.17102329791275, 23.06570664341412], [121.17117666667471, 23.0661758039199], [121.17128422607712, 23.06647119408384], [121.17133120045152, 23.066603032850058], [121.17145072204657, 23.066938478828526], [121.17148700108062, 23.067040297774277], [121.17187208907272, 23.068063345300665], [121.17212240306453, 23.06872432723925], [121.17246342004775, 23.06960495746697], [121.1727454318703, 23.0703435210089], [121.17303838345889, 23.071115336298842], [121.17333024015458, 23.07188009652663], [121.17369876190328, 23.072837783413906], [121.17388790298993, 23.073333790134146], [121.1738989585267, 23.073362782525834], [121.17405050153864, 23.07381533800079], [121.1741451918607, 23.074072838520664], [121.17428077855584, 23.074426222563613], [121.17448806193319, 23.07495654466272], [121.17465166171884, 23.075362956817067], [121.1748108232601, 23.075777500342845], [121.17496299778931, 23.076176538619293], [121.17513180248184, 23.076612854751765], [121.17528758219149, 23.07701544402242], [121.17545024270085, 23.077452416779376], [121.17555000305322, 23.07771146304541], [121.17569242834928, 23.078078243128004], [121.17583005714657, 23.078449550933172], [121.17596075408896, 23.078809850771336], [121.176038909926, 23.079047543460238], [121.17607839726774, 23.07918914738807], [121.17613443863266, 23.079389910477495], [121.17619217378619, 23.079625998519806], [121.17625582891715, 23.079954897501345], [121.17629234530179, 23.080204074655914], [121.17632376777559, 23.0804323353499], [121.17634697247648, 23.080592973122254], [121.17637007149594, 23.08082969393591], [121.17640825713256, 23.081168426676953], [121.17642806558933, 23.081343481074352], [121.1764521403675, 23.081580491548117], [121.17650200297163, 23.08203414290252], [121.17655616910896, 23.082524888966994], [121.17660802860203, 23.083011473544182], [121.17666337021673, 23.08351898894193], [121.17670863936043, 23.08393943337167], [121.17674723430636, 23.084256892021113], [121.17679961403792, 23.084732687872847], [121.17685004215454, 23.085207898872348], [121.17686610524505, 23.08535811952487], [121.17689115440513, 23.08556280093788], [121.17691643742765, 23.085790236504714], [121.17694997784498, 23.086047060149955], [121.17697480102754, 23.086220592506017], [121.1770254884599, 23.0865358610623], [121.17708449283343, 23.086873634471452], [121.17715353901026, 23.087270385408655], [121.17722171866727, 23.087644695305237], [121.17728048562488, 23.088001639929473], [121.17735253872281, 23.08837552094468], [121.1774214178536, 23.08877617218757], [121.17748977018123, 23.089163360241233], [121.17755628068723, 23.08953623590405], [121.17763889732792, 23.089999338034517], [121.17771326500741, 23.090416284027437], [121.17775058055922, 23.09065945694599], [121.17778351748682, 23.09087682621729], [121.17781161715729, 23.091055186009484], [121.17784085463542, 23.0912814184435], [121.17786870606115, 23.09152840204083], [121.17789098344669, 23.091813702426435], [121.17790239073175, 23.092033930597115], [121.17791005064379, 23.092284593399764], [121.17791476764128, 23.092680710882394], [121.17790854654987, 23.092960224011154], [121.1778996367057, 23.093316564377236], [121.17787487697791, 23.093740496753547], [121.17786308152567, 23.093922601242372], [121.17783550187963, 23.09439879593021], [121.17780798052921, 23.09485340648687], [121.17777489739859, 23.095346349132875], [121.17774777759931, 23.095779982903096], [121.17773011698098, 23.0960801328732], [121.17770907470805, 23.096372057956994], [121.17769259228211, 23.096670049165652], [121.17767744084153, 23.096935022101952], [121.1776516161588, 23.097351812253592], [121.17761685750999, 23.09790027308754], [121.17759542430187, 23.09823753211613], [121.17758724124606, 23.098333646713645], [121.1775450731207, 23.098828914766457], [121.17750153632095, 23.099549509357292], [121.177436047977, 23.1006432084935], [121.17737663778297, 23.101481317750633], [121.17732402682314, 23.102429877825905], [121.1772775333312, 23.10330561726571], [121.17721694623202, 23.10440528313566], [121.1772098236939, 23.104601810262164], [121.1772009206949, 23.104835716079553], [121.1772034370988, 23.105088430618835], [121.17721901303321, 23.105405309962602], [121.17722098841583, 23.10551500408381], [121.17723577594161, 23.10568705265747], [121.17727986322771, 23.106026023080855], [121.17731886299818, 23.106268715993593], [121.17737906852183, 23.106554024771697], [121.17744315024481, 23.106826103866], [121.17753360800255, 23.107142086146798], [121.17765985785636, 23.107518081458334], [121.1777612658333, 23.10778542245996], [121.1779527988038, 23.108216773674954], [121.1781042497598, 23.10852715373903], [121.17817615168995, 23.108651087763327], [121.17824451499519, 23.10876632387981], [121.1784389690916, 23.109072879333386], [121.17849436170258, 23.10916202078034], [121.17859570280062, 23.109313117800326], [121.17880961402638, 23.10960879327989], [121.17905731927877, 23.109912620850885], [121.17920344023057, 23.110083195276072], [121.17935722940824, 23.110237690024917], [121.1795738546035, 23.1104626536993], [121.17980392646126, 23.110685801048486], [121.18007760941025, 23.11092980408362], [121.18033961370683, 23.111139977883955], [121.18086902884235, 23.111516829398056], [121.18201021186499, 23.112307415857533], [121.18305538156706, 23.11304595826723], [121.18305551544665, 23.113046051126847], [121.18310727407223, 23.113081935475265], [121.18373137980224, 23.113514616232465], [121.18529432700487, 23.114589956389448], [121.1862720360501, 23.115273108586962], [121.18677378932252, 23.115610992112693], [121.18726124339959, 23.115952039043396], [121.18745634955587, 23.116084407749728], [121.18836118584969, 23.11671182620539], [121.1895413232298, 23.11753348512496], [121.18987141911853, 23.117757279294967], [121.1901093590484, 23.117912201134118], [121.1902770102535, 23.118008536701108], [121.1905372367436, 23.11816324136317], [121.19105946080579, 23.118426553417567], [121.19137841210215, 23.11857569405977], [121.19198074431038, 23.118816794497327], [121.19254435190076, 23.119016189771827], [121.1932946637986, 23.11928472446827], [121.1937880893784, 23.119463752428626], [121.19462738687788, 23.119757901295415], [121.19536005138063, 23.120026975253026], [121.19600713516134, 23.120253596511148], [121.19662775588006, 23.12047614640042], [121.1970911008683, 23.12062650231741], [121.19768092143664, 23.120804089931294], [121.19851448068584, 23.121014414334304], [121.19898784463315, 23.121123386653693], [121.19935454431452, 23.12120174602587], [121.19973139070585, 23.121275435539225], [121.20003312555887, 23.121329828990937], [121.20050984010794, 23.12139763299181], [121.20080472859756, 23.12143713775721], [121.2010455946305, 23.12146524924139], [121.2013428101465, 23.1215015161899], [121.2017320877304, 23.121538743125093], [121.2022709427143, 23.121585084274184], [121.20262291433683, 23.121611578865586], [121.2036286657388, 23.12165447487093], [121.20484069849215, 23.12170895295764], [121.20597115324472, 23.121759217975875], [121.20699672864535, 23.12180961163944], [121.20764456767343, 23.121847177122657], [121.20805013966206, 23.121869276940714], [121.20805549641318, 23.12186953718032], [121.20925635655675, 23.121928040837563], [121.21009336596691, 23.121959307378336], [121.21072460402914, 23.121988553429837], [121.21119888528398, 23.12201090915257], [121.2119853023257, 23.1220547253406], [121.21215902312233, 23.12206931003439], [121.21230406946387, 23.122083575520172], [121.21248628094698, 23.122106915287855], [121.2127122052871, 23.122153659093037], [121.21287597394287, 23.122189154020134], [121.2130464066592, 23.12223408663895], [121.21334475545734, 23.1223258320969], [121.21358251217141, 23.122416413723954], [121.2140283124916, 23.122625199132134], [121.21419769808465, 23.12272216325589], [121.21442463179322, 23.12285748030274], [121.21479489103612, 23.123102028735563], [121.21496715400451, 23.12322707582777], [121.21511697122429, 23.12333367050899], [121.21511870722178, 23.12333489449048], [121.21512033667487, 23.123336043663702], [121.21526301304937, 23.12343660740543], [121.21552810348338, 23.123621137838708], [121.21582283456873, 23.12382272119549], [121.21618664431328, 23.12407653143811], [121.21651311385169, 23.12430372577193], [121.21699327998513, 23.124647883048436], [121.21767839122586, 23.12511097653636], [121.21799030046553, 23.12532820999231], [121.21829777899023, 23.125544317423667], [121.2184208411091, 23.125628430065166], [121.21847724829914, 23.125666985530273], [121.21872326791274, 23.125835350548485], [121.21911552637481, 23.126107972941732], [121.21967341742227, 23.126491842224883], [121.2203505434357, 23.126968573835786], [121.2209723603303, 23.127397340191937], [121.22146249716344, 23.127731805129798], [121.22195265981694, 23.128066839208913], [121.22230268104038, 23.12831525510605], [121.22271393000302, 23.128601739609405], [121.2228120133638, 23.128674170511864], [121.22290390897659, 23.12873282587776], [121.22306606435514, 23.12884325416869], [121.22310881413662, 23.128872363252775], [121.22336137092039, 23.129052028721375], [121.22337974549751, 23.129064614751833], [121.22366053569188, 23.1292569430032], [121.22372338990253, 23.129300578831405], [121.22400850129073, 23.129498515511628], [121.22443301156558, 23.129793287412703], [121.22480498574107, 23.130050330301504], [121.22525043951877, 23.130361798274883], [121.22556805744517, 23.130582889617774], [121.22588686377166, 23.13080224383939], [121.22627335928672, 23.131068686665273], [121.22665174352107, 23.131333037873823], [121.22704849399823, 23.13161069620546], [121.22746911008907, 23.131898669896945], [121.22792596475811, 23.132217898940084], [121.22828088684061, 23.132463907443732], [121.22867243985164, 23.132733112034032], [121.22885415063568, 23.132862753579452], [121.22904410988326, 23.132992436210753], [121.22936521722932, 23.13321748360284], [121.22974064251557, 23.13347915580551], [121.23005282089024, 23.133695228493004], [121.23043957627397, 23.133962952792487], [121.23083900621761, 23.13424071848648], [121.23129474649554, 23.134559646612686], [121.23169152007623, 23.13483058601439], [121.2320619130103, 23.135089495726287], [121.23231534693784, 23.135288538333423], [121.23265761402172, 23.135571640204393], [121.23293423636963, 23.135837645076766], [121.23305494072653, 23.135943500486153], [121.23305550125242, 23.135944084835984], [121.23326358877178, 23.13616102186964], [121.2332784378542, 23.136177905955183], [121.23339060104126, 23.136305442490094], [121.23339083392979, 23.13630572480094], [121.23347089427271, 23.136403030330612], [121.23348905579518, 23.136425103850843], [121.23359672679955, 23.136564570794636], [121.23374245016534, 23.136767668153205], [121.23384914367112, 23.136918059690974], [121.23397476835513, 23.137107846732984], [121.2340900981957, 23.1372941460113], [121.23418143349627, 23.13745466978572], [121.23424817596326, 23.137584604815288], [121.23436225494527, 23.137811471766447], [121.23455473448453, 23.138209174392312], [121.23468962690507, 23.138501996169833], [121.23478740405399, 23.138724421447325], [121.23485674758882, 23.138891046050897], [121.23496974686248, 23.13913085666769], [121.23508877388039, 23.13939611525484], [121.23525423006345, 23.139750520627963], [121.23544927821476, 23.140182253335777], [121.23573896824018, 23.14082288553427], [121.23579069124958, 23.140941587552042], [121.23584430326258, 23.1410683058285], [121.23589665481484, 23.141210711987405], [121.23595149566968, 23.1413643203748], [121.23599148543698, 23.141490876563594], [121.23604952086427, 23.141678613693866], [121.23610284860955, 23.141861281791748], [121.23617767079958, 23.142177900799094], [121.23628257316882, 23.14261722563663], [121.2363969162369, 23.143087174063375], [121.23641851976996, 23.14318573055987], [121.23644067263552, 23.143286796712477], [121.23649202775529, 23.143521085138495], [121.23658576894782, 23.143919436904536], [121.23671734804732, 23.144439461355297], [121.23684542785347, 23.145002590864337], [121.23693304483908, 23.14540287413411], [121.23698890929805, 23.145648794979078], [121.2370723473618, 23.146006216555126], [121.2371631094522, 23.14637834046752], [121.23722462381036, 23.14664908570643], [121.23729107388601, 23.146911508181507], [121.23735549239453, 23.147167484986763], [121.23745344139535, 23.147545621196734], [121.23756566768039, 23.14798940389568], [121.23763086052523, 23.14823587837603], [121.23765670355905, 23.14833358568801], [121.23765714104313, 23.148335239418394], [121.23765755788106, 23.148336814614463], [121.23766997654485, 23.148383763588186], [121.23776918432006, 23.148767516418598], [121.23788027947018, 23.149178420422075], [121.23798093397194, 23.149567265903713], [121.23813086959284, 23.150113579530863], [121.23828766898079, 23.150753864919235], [121.2384578476742, 23.151395041927344], [121.23859162169607, 23.15190591480206], [121.23863882446834, 23.152120217674913], [121.23869155433609, 23.152354616776062], [121.23873762396573, 23.15258345050568], [121.23878165544448, 23.15286840197433], [121.23884285686911, 23.153267011549723], [121.23887433604634, 23.153591296300746], [121.23889518280976, 23.15413185249108], [121.23890288225849, 23.15437637066731], [121.23889039277998, 23.154778619161604], [121.23886919825097, 23.15518940472483], [121.23882011986682, 23.155614206331002], [121.2387474060076, 23.156128746420368], [121.23865713192653, 23.15669615413223], [121.23851831968186, 23.157467495225816], [121.23843725594419, 23.15804020775077], [121.23840376657294, 23.15837693539931], [121.2383730563497, 23.158728458008227], [121.23835881216047, 23.159121993570736], [121.23835774983036, 23.159468200185945], [121.23836592036096, 23.159696679346936], [121.23839927313578, 23.16004739065509], [121.23845539811732, 23.16052090122704], [121.23848951902698, 23.160740901165916], [121.23856137315612, 23.1611044288833], [121.23866205252128, 23.161493264200455], [121.23876171799272, 23.161844781533183], [121.23888142752524, 23.162182298212624], [121.23903360014523, 23.162569483830772], [121.23919328011253, 23.162921377536634], [121.23940828452064, 23.16335370017903], [121.23974301131355, 23.16396208127689], [121.2400157517093, 23.164434072782516], [121.24034020409555, 23.16500231676722], [121.24067423618565, 23.16558946517194], [121.24104885626059, 23.16624362467312], [121.24148825696594, 23.16700879595711], [121.24186437208168, 23.167688818891264], [121.24190870578664, 23.167768974965874], [121.2419999215615, 23.16792602495834], [121.24225317398961, 23.168362054785128], [121.2426348381347, 23.169020660404676], [121.2430548091711, 23.16975685725455], [121.24332604277305, 23.170232212314325], [121.24385647331584, 23.171155722567516], [121.24425021547775, 23.17184962073954], [121.24440551142223, 23.17211549009267], [121.24455838186938, 23.17238785867219], [121.24479371876839, 23.17281988156762], [121.24508738469144, 23.17333379834217], [121.24508837239101, 23.17333552704524], [121.24508933656999, 23.173337212438593], [121.2451184580287, 23.17338817488439], [121.24516484300106, 23.173467894205167], [121.2460474196686, 23.174993504155466], [121.24646846626976, 23.17573595113757], [121.24677383440415, 23.17626718288098], [121.24720472163804, 23.177029031431694], [121.24737214465817, 23.177306248834515], [121.24781454569806, 23.178088617294115], [121.24810150809489, 23.178578878651418], [121.24833270217282, 23.179002329662488], [121.24896820873707, 23.180161950358936], [121.24945630378157, 23.180940820783324], [121.24962315094075, 23.18124576907416], [121.25017453809359, 23.182211324768456], [121.25050906376548, 23.182742368635893], [121.25070472779296, 23.18301024219433], [121.25101677718054, 23.18341246586243], [121.2511839709564, 23.183612789332482], [121.25146535407073, 23.18390837325457], [121.2517422148408, 23.184192501515493], [121.25192245547585, 23.184371635891264], [121.25232547522238, 23.184736891325407], [121.25255955044904, 23.18492978235103], [121.25500864207798, 23.187017237615336], [121.25579938327208, 23.187706337793607], [121.2567166741323, 23.188487480890956], [121.25722029942041, 23.18892413380454], [121.25791710733107, 23.189513948456682], [121.25805546442537, 23.18962965196867], [121.25879409209111, 23.19024733519187], [121.25928995689766, 23.190677939128015], [121.25937844958132, 23.19075321025527], [121.25944625946521, 23.190810887979996], [121.25978908373473, 23.19110248837556], [121.26029873676804, 23.1915180585695], [121.26055681174748, 23.191713069495385], [121.26134195154759, 23.19230245047972], [121.26214668238511, 23.192869618742215], [121.26326879607761, 23.19367551122487], [121.26334474824355, 23.193730059001837], [121.2655030490171, 23.195280079460495], [121.26563319024946, 23.195374563931022], [121.26568799080577, 23.195412904093274], [121.26577349280493, 23.195472723679597], [121.26598864602894, 23.195627433683075], [121.26633182835364, 23.195902976258637], [121.26659677419059, 23.19613088138454], [121.26681611576299, 23.196326121700864], [121.26708343478049, 23.196586285025916], [121.267297939256, 23.196815471071496], [121.26755132546629, 23.197095723785587], [121.26781742579254, 23.197439499853743], [121.26795613930295, 23.197630584461912], [121.26804278432289, 23.197754871869478], [121.26807495722701, 23.197801022221327], [121.26825390477374, 23.19805771098649], [121.26842425730445, 23.19832624497825], [121.26845327307892, 23.198376800264068], [121.2685815434138, 23.19859829314665], [121.26885718946119, 23.19914111807906], [121.26909389959084, 23.199717255534438], [121.26929197741107, 23.200189707088448], [121.26937710969902, 23.20040398731664], [121.26956501929403, 23.200858241486102], [121.26962312503409, 23.200985122519654], [121.2698498835542, 23.201511008682882], [121.27013821682263, 23.20223864609534], [121.27016561167306, 23.202302466813222], [121.27019074979417, 23.20236579833948], [121.27042943554956, 23.202936319460395], [121.27065509364994, 23.203472855766133], [121.27086674736857, 23.203992655325887], [121.27109762500349, 23.204547097386584], [121.27136204235023, 23.20518208593636], [121.27159395621631, 23.205755588606202], [121.27176231823609, 23.20617082228147], [121.27198534930925, 23.206713604553737], [121.2721216157929, 23.20704816032515], [121.27235481266894, 23.207614691589356], [121.27260190841704, 23.20821213570821], [121.27265050838956, 23.20833328948323], [121.27298614347919, 23.20914061360578], [121.27349259220415, 23.21037141254854], [121.27474220506826, 23.213394586120284], [121.2747992951562, 23.213536179998904], [121.27540934450342, 23.21502009310338], [121.27569758466026, 23.21579604416003], [121.27594316459015, 23.216643484692423], [121.27599263172205, 23.21685368286437], [121.27623883456276, 23.218393153980237], [121.27633732640089, 23.21896538273936], [121.27637201141707, 23.219174831886626], [121.27643935443898, 23.219561962001276], [121.27651582455961, 23.219978438400094], [121.27665400646819, 23.220633510648828], [121.27670106264235, 23.22083174741852], [121.27692979658522, 23.22166342210837], [121.27711625623178, 23.22235289948452], [121.27736848401298, 23.223333639312425], [121.2774507217539, 23.223653402723013], [121.27769227634424, 23.22449412525148], [121.27776739278431, 23.224727602842925], [121.27802261684225, 23.22536942485445], [121.27874999933822, 23.227101882249762], [121.27889145861145, 23.227361355663632], [121.27918119813762, 23.228091250977457], [121.2793547402197, 23.228602231341046], [121.27944328962398, 23.228920136401722], [121.27950495243209, 23.229197694421206], [121.27957701008904, 23.229522042090707], [121.27958922358688, 23.2295770173073], [121.27973612332121, 23.23034496839151], [121.27993274494924, 23.23133995333141], [121.28020250520422, 23.232685409919387], [121.28030871520289, 23.233209801622095], [121.28050352254668, 23.23417835217693], [121.28065110049414, 23.234904358102288], [121.28086178278909, 23.23594449694251], [121.28118072619822, 23.237573566248823], [121.28135114102459, 23.23835024765239], [121.28143798630514, 23.23870331036291], [121.28149354153884, 23.23888022813288], [121.2816905863305, 23.239381399277335], [121.28181601447722, 23.23968080803928], [121.28199653624829, 23.240077069856365], [121.28221228347175, 23.240488818499507], [121.28234661820075, 23.24073197315321], [121.28264509443405, 23.241184321178547], [121.2829075956583, 23.24154295012486], [121.28305430696467, 23.241719180238515], [121.2830546782663, 23.24171962115539], [121.28305553157463, 23.24172063463333], [121.28332247791054, 23.242037822534996], [121.28355987404423, 23.242297772737686], [121.28377569065015, 23.242503631623038], [121.28404093032574, 23.242753079917083], [121.28428360802555, 23.242961761179902], [121.28453661502287, 23.243169545597247], [121.28465138433279, 23.2432574444302], [121.284813776791, 23.24337843537764], [121.28502778252812, 23.243532417133785], [121.28515594825362, 23.243619246470324], [121.28534788009438, 23.243745842576395], [121.28557719189462, 23.243894853440647], [121.28573863937332, 23.243999042299272], [121.28598380270891, 23.24415431248448], [121.2862290246349, 23.24431662496546], [121.28625798133872, 23.2443348262169], [121.28688178193059, 23.244726921655122], [121.28732679918164, 23.245007413720778], [121.28776333924371, 23.24528592250882], [121.28881395731177, 23.245957316634403], [121.28948188763766, 23.24638698158946], [121.28954811124805, 23.24642958225153], [121.2895909838875, 23.246457160556783], [121.29021729218894, 23.24685920287983], [121.290253551985, 23.246884556393134], [121.29052860995522, 23.24707690513054], [121.29082294233905, 23.247303437390915], [121.29107407265747, 23.24750670020683], [121.29147260627823, 23.24785159516411], [121.29178884831173, 23.248169618566006], [121.29195029547614, 23.248333746315357], [121.29195254820796, 23.24833603674603], [121.29196752887317, 23.24835126661911], [121.29222644502501, 23.248653675567816], [121.29239975680557, 23.24886812056482], [121.29266995816076, 23.24922626846851], [121.2928579312435, 23.24948839034926], [121.29293850123166, 23.249610680189065], [121.29308655100067, 23.24985131531272], [121.29318845070816, 23.250027193867457], [121.2932836712421, 23.250204133246555], [121.29328747273213, 23.25021119873338], [121.29340869035953, 23.250466660012968], [121.29344022260776, 23.25053311157762], [121.29346496428056, 23.25058511368759], [121.29373340097428, 23.251114097612152], [121.29396350287232, 23.251578346348136], [121.29419144396064, 23.252051670659217], [121.29450158244939, 23.25269720578715], [121.29485231873338, 23.253448501688943], [121.29502565549022, 23.25381346704218], [121.29530491703947, 23.25438903242317], [121.29557559213141, 23.254937945843853], [121.29587368118408, 23.255555277101166], [121.2960208696878, 23.255867870132427], [121.29620544870018, 23.2562378824718], [121.29641015510376, 23.256665797173184], [121.29667806366645, 23.257205839546874], [121.29695209304616, 23.25779196619897], [121.29725094079969, 23.258433614537495], [121.29729981030945, 23.258533586506815], [121.29745343336495, 23.258847854516343], [121.29768557010877, 23.259328364164514], [121.29774467051698, 23.25945130786845], [121.29813562919436, 23.260244243972785], [121.29854729235656, 23.261088534972785], [121.30047592729422, 23.26510235947596], [121.30139116515431, 23.266996338465976], [121.30202591736311, 23.268322643219907], [121.30209077253897, 23.268460523740465], [121.30246317221447, 23.269226505288273], [121.30281612945822, 23.269955891772145], [121.30299873226443, 23.270377223792405], [121.3034618765937, 23.271306589514243], [121.303848211955, 23.27211172666831], [121.30430129973708, 23.273073481022625], [121.30442715712803, 23.273333525565754], [121.30458762442602, 23.273665080885603], [121.30477078449717, 23.274065408526923], [121.3049442183696, 23.274414420984623], [121.30552645878889, 23.275655305339335], [121.30564918186599, 23.27591685391247], [121.30624967962099, 23.277171099783263], [121.30649540553517, 23.2776843338743], [121.3066291751013, 23.277978725889817], [121.30673361250061, 23.278230867115777], [121.30693315135697, 23.278763709742407], [121.30698388460301, 23.278905685559767], [121.30705328260034, 23.279125764262798], [121.30717408401463, 23.27953082790163], [121.30729448969596, 23.279994425868008], [121.3073793658668, 23.28036063802988], [121.30748449635252, 23.28086636147393], [121.30758535004951, 23.28134485863534], [121.30773723361446, 23.282087684279663], [121.30785743030461, 23.282692338391417], [121.30793607571783, 23.28307539394118], [121.30805464908356, 23.283648815113473], [121.3080547934114, 23.283649513777], [121.30805551998408, 23.283653026951736], [121.30806177544244, 23.283683278890418], [121.30816295077372, 23.284181576529527], [121.3082249501891, 23.2844664426449], [121.30838119719579, 23.28528913913978], [121.30858606574908, 23.28631111383329], [121.30878832805554, 23.287300725863414], [121.30896610369831, 23.288184609102803], [121.30920849743451, 23.289393429811245], [121.30934001467635, 23.2900290554456], [121.30956309145783, 23.291126794461032], [121.30972172879322, 23.291869317479417], [121.3098300091657, 23.2924262331954], [121.30998763623003, 23.293230130484808], [121.3101463819309, 23.294023588977605], [121.31034863570035, 23.29501102243941], [121.31049872818356, 23.29575571576574], [121.31068498473927, 23.29666368913246], [121.31075241368677, 23.296997392378227], [121.31087996977084, 23.297628661286428], [121.31100505568595, 23.29819644918707], [121.31103155763287, 23.298333551584264], [121.31109135498974, 23.29863745167413], [121.3112489513526, 23.299424913648664], [121.31141759714775, 23.30025268997523], [121.31157131704835, 23.301011582745208], [121.31169732647096, 23.30163358045806], [121.31185604593382, 23.30242870324171], [121.31198047982024, 23.303040929331367], [121.31209401906831, 23.303629470615107], [121.31215492685, 23.304006157446636], [121.31218310137251, 23.3042053828265], [121.31220814313828, 23.304401116096834], [121.3122513030159, 23.304855461698583], [121.31227632712722, 23.305274284790105], [121.31229326297388, 23.30586147302319], [121.31228896884222, 23.306219895733047], [121.31227012070903, 23.306636999166592], [121.31224827110893, 23.30691933595425], [121.31217805855643, 23.307581814293464], [121.31211101758647, 23.30815108911762], [121.31203823047746, 23.308777553307724], [121.3119825817331, 23.309274709296567], [121.31191872656055, 23.30983266263819], [121.31186303570207, 23.310301216975468], [121.31180191186017, 23.310832535354503], [121.31173073509613, 23.31144885770688], [121.31165474035402, 23.31209202486697], [121.3115114404461, 23.31332648796366], [121.31138940882265, 23.31441423953317], [121.31132083519665, 23.314966322065708], [121.31117557836127, 23.316232104461932], [121.31112429320456, 23.31666323609333], [121.31106677569197, 23.317163848206444], [121.31102089555428, 23.31755484568681], [121.31096541460386, 23.31805233461233], [121.31090831107781, 23.31855359504503], [121.31085045399735, 23.319037930567507], [121.31081998498416, 23.31928985451915], [121.31078370235082, 23.31961642524161], [121.31073545026007, 23.320020805592282], [121.31070088010809, 23.320318663813197], [121.31066191100743, 23.32065327493697], [121.31062545634629, 23.32099743237897], [121.31057795847013, 23.32138130878296], [121.31054798746777, 23.321667878091233], [121.31051677710828, 23.322025007000985], [121.31050305339761, 23.32228131252669], [121.31048681630959, 23.32260902992774], [121.31047985457104, 23.322924023339734], [121.31047813900868, 23.32322561625316], [121.31048072669914, 23.323333522007186], [121.31048076459425, 23.323335102230192], [121.31048079060466, 23.323336196647954], [121.3104840115911, 23.323470471353527], [121.31049229158297, 23.32363408171542], [121.3104963394789, 23.32373453278773], [121.31050652356367, 23.323883507617015], [121.31051813200449, 23.32401170186273], [121.31055828599973, 23.324323621857413], [121.3106089238127, 23.32473366476404], [121.3106517095796, 23.325135581503808], [121.31074242129344, 23.325716463531165], [121.31086102335034, 23.326652648443538], [121.31098422610987, 23.327601476319174], [121.31108850578693, 23.328387646806874], [121.3111566385262, 23.32893814295259], [121.3111737985614, 23.329061335003217], [121.31124996751528, 23.329585515343517], [121.31129081574393, 23.329864411640983], [121.31131959859626, 23.33027821788432], [121.31141363177689, 23.330947098745266], [121.31147864030667, 23.33169819996151], [121.31158887364667, 23.332485919147597], [121.31167152066236, 23.332917321858176], [121.31176991297248, 23.333580237214896], [121.31183199810116, 23.333807725908006], [121.31193160313371, 23.334234286924517], [121.31197442794473, 23.334487308122885], [121.31199753901335, 23.334642693653556], [121.31202707213635, 23.334860895326287], [121.31207875315083, 23.335240658399492], [121.31210592709783, 23.335420887077714], [121.31219132808302, 23.336061674777266], [121.31226026838225, 23.33655475654736], [121.31231395840595, 23.336898113571042], [121.31236086855557, 23.337155259567087], [121.3124313210098, 23.337510395569655], [121.31247996664241, 23.337709101444972], [121.31256173677967, 23.337983759706784], [121.31261307626092, 23.338148309525813], [121.31269875696941, 23.338377955803107], [121.31286454058129, 23.338784844115985], [121.31301162984332, 23.339133307714686], [121.31332217592458, 23.33982616967896], [121.31368427052472, 23.340620732062405], [121.31422278141795, 23.341800431128693], [121.31441811804568, 23.342237497841726], [121.31472977120173, 23.34293035439023], [121.3150381286194, 23.343613136392435], [121.31525553632383, 23.344098058459714], [121.31554633365849, 23.344738237448883], [121.31600394400807, 23.3457513309412], [121.31612645488477, 23.346020554308325], [121.31637901441871, 23.346574199640003], [121.31665840122852, 23.347196098630082], [121.31697612177632, 23.347899177185894], [121.31712565257753, 23.348231555752214], [121.31717234103643, 23.348333737703832], [121.31751439496404, 23.34908235669941], [121.3176595818216, 23.3494035008419], [121.31767469941181, 23.349436940755428], [121.31786151013594, 23.34975952272644], [121.3180801569297, 23.350074113032967], [121.31850793724948, 23.350596254025263], [121.3185985126484, 23.350707437857977], [121.31870863073974, 23.350842611317525], [121.31901052624688, 23.351213193414445], [121.31945984570973, 23.351754290100338], [121.31986801032983, 23.352248997216797], [121.32037114611323, 23.352868061111], [121.3207802016908, 23.353376598213238], [121.32115223542357, 23.353894119368842], [121.32142620352275, 23.3543600697429], [121.32167485201423, 23.35485538556282], [121.3218412605752, 23.3552839722892], [121.32198686453685, 23.355716483697567], [121.3220992118534, 23.356141539386662], [121.32219388961248, 23.35659839697512], [121.32227734689924, 23.357060642435254], [121.32254659211453, 23.358497376853876], [121.32277067745993, 23.3596691529694], [121.32304406407349, 23.361148269803778], [121.3232591102485, 23.36227977687199], [121.32331389672984, 23.362572951767458], [121.32336342062213, 23.362834015200274], [121.32360811529989, 23.364178331413605], [121.32395219087968, 23.36595118336779], [121.32428505474941, 23.367762330983275], [121.3245894677411, 23.369364706413712], [121.32473644508171, 23.370163381119685], [121.32487252084614, 23.370893536213778], [121.32506056556888, 23.371890358129335], [121.32520844792329, 23.372684326367576], [121.32532627445032, 23.373333698356113], [121.32532660860136, 23.373335542532804], [121.32532683847379, 23.37333674397552], [121.32543339744788, 23.373894384213912], [121.32584382613807, 23.376110664919842], [121.32618589097788, 23.37787774170235], [121.32639223802747, 23.3790206811042], [121.32683148775529, 23.38132362426048], [121.32708864569234, 23.382680424654662], [121.32722195330095, 23.383360067181705], [121.3272872843671, 23.383634303030064], [121.32735522384709, 23.383916133191214], [121.32744015997187, 23.384198696193714], [121.32745070685871, 23.38423378260386], [121.32753846517421, 23.384514531783687], [121.32765583124896, 23.38484136315972], [121.32790865194156, 23.385394975568786], [121.3281105500086, 23.385785262333034], [121.32842028073522, 23.386316757752592], [121.32872752395734, 23.386765679344084], [121.32931548331062, 23.38748899760294], [121.32976130851742, 23.38799209703165], [121.33025354848985, 23.388557026130467], [121.33027820439686, 23.38858531981322], [121.33034609480401, 23.38866461857218], [121.33062928681242, 23.38899538907054], [121.33105140147103, 23.38955893316636], [121.33153232609658, 23.39027650204015], [121.33174706033991, 23.390626750055795], [121.33196636619779, 23.39101419511073], [121.33228627103513, 23.391666546817703], [121.33266426256758, 23.392583305251996], [121.33307171640601, 23.393669538776635], [121.33370810172039, 23.3953733783464], [121.33474626377149, 23.398120631434125], [121.3348278435506, 23.398333474899907], [121.33482862354013, 23.39833550953334], [121.33542535979583, 23.39989238913382], [121.33545562652726, 23.39997135353168], [121.33596750729862, 23.401340130957205], [121.33641567168048, 23.40251706396953], [121.33682888478485, 23.40360831218993], [121.33699637515095, 23.404048752358783], [121.33715685138465, 23.404474133390373], [121.33733640535381, 23.404953327140877], [121.33763103274883, 23.4057288668952], [121.3378472103963, 23.40631307385302], [121.33812976394205, 23.407051592341052], [121.33838987133652, 23.407730498362273], [121.33858627865882, 23.40821215434918], [121.33888902700224, 23.409017177010533], [121.33905228212416, 23.409446616868944], [121.33932653203017, 23.410174671291895], [121.33951917870797, 23.410685986381164], [121.33970667232478, 23.411183124208364], [121.33995949534294, 23.411844655380673], [121.34009957020763, 23.41222420489658], [121.3402630197187, 23.41263164897459], [121.34056050960137, 23.413351774097137], [121.34099259190472, 23.414388304007268], [121.34117354098713, 23.414819618806074], [121.34118636131264, 23.41485704064934], [121.3411985635024, 23.414892658714173], [121.34120165678581, 23.414900007919204], [121.34141412743783, 23.415404822182786], [121.3414180180814, 23.415414022627033], [121.34147635412847, 23.415551956184704], [121.34175905075857, 23.41622036279731], [121.34193377276384, 23.416653582908868], [121.34229929510832, 23.417506635236943], [121.34263773494746, 23.418315313145666], [121.34293727919079, 23.41903807069062], [121.34318265276373, 23.419632829615413], [121.34360654872557, 23.42062912352273], [121.34367573029274, 23.420796843473834], [121.34377274812398, 23.42105184075638], [121.3438932034822, 23.4213742261719], [121.34405467733595, 23.421772332773177], [121.34422061428646, 23.422179485669886], [121.34443316367013, 23.42268978799775], [121.34463897352023, 23.42320314891847], [121.34468897495496, 23.42333381936757], [121.3452410995098, 23.424512676341607], [121.34558296291412, 23.42532304863987], [121.34592028543533, 23.42612040415488], [121.34599818055862, 23.426302903090637], [121.1772977798027, 23.10231676609172], [121.17745081173905, 23.09999939510427], [121.17754846386359, 23.098507441780054], [121.17772870057246, 23.09693952451542], [121.17788360034041, 23.093869067398973], [121.17795131373873, 23.09251497481042], [121.17792706619937, 23.091686032744903], [121.1779311819447, 23.090998961565994], [121.17778676430581, 23.090264880236838], [121.17765780558601, 23.089590608070555], [121.17752982705576, 23.088814932598964], [121.17740184852553, 23.08806486731544], [121.17700316965659, 23.085871678022706], [121.17693866164572, 23.08540521736689], [121.17688099649394, 23.085001705632326], [121.17672460903191, 23.083388932545347], [121.17659855986393, 23.082722294829207], [121.17655813901033, 23.082514475114046], [121.1765397915699, 23.08238336781403], [121.1764163767411, 23.081238915999798], [121.17628236256294, 23.080162720256013], [121.17620487577227, 23.079657956615797], [121.17614355765721, 23.079351709105268], [121.17612221548673, 23.079293302329628], [121.17587306642011, 23.07860391555746], [121.17538554626515, 23.077251983905278], [121.17458611907563, 23.075163835947066], [121.17381397154526, 23.073168495961546], [121.17305356867217, 23.071162350830775], [121.17225397384979, 23.06908499179722], [121.1714986837112, 23.06708847831173], [121.17119388168966, 23.066257486697918], [121.1709404173719, 23.065482316344266], [121.17016279902481, 23.063081769103377], [121.16707694086853, 23.05354468833633], [121.1644355811226, 23.045348042686047], [121.12157070580673, 22.787915039521774], [121.12160722499915, 22.78813139989154], [121.12167668390802, 22.788626197638916], [121.12175848550831, 22.78930952890796], [121.12182339564039, 22.789840023054065], [121.1219011352421, 22.79049488894634], [121.12193572432396, 22.790580994392638], [121.12195540588597, 22.79067742639059], [121.12200308901488, 22.791066310930418], [121.12211095459126, 22.79189228662897], [121.1221884161555, 22.79252079556556], [121.1223327253286, 22.79373598088838], [121.12235307323961, 22.79389611936196], [121.12247402776875, 22.79484801481751], [121.12259017739903, 22.79574243805253], [121.12264190724639, 22.796154040911336], [121.122677828614, 22.796410880701664], [121.12273576606687, 22.796885061417107], [121.1227539524387, 22.797020039395633], [121.12278400168164, 22.797243089827667], [121.12285263389336, 22.797787896902502], [121.122896327009, 22.798128350891364], [121.12291061101797, 22.79823653068242], [121.12292376023176, 22.798333792022092], [121.12292384455793, 22.798334414189643], [121.12297391562937, 22.798704715927833], [121.12301339288189, 22.798973768980716], [121.12301392014669, 22.79897736108615], [121.12305956522613, 22.79937655709241], [121.12309499942839, 22.799646586757316], [121.12312528162917, 22.799894556869823], [121.12323858097284, 22.801001234712828], [121.12357356346891, 22.803571692254682], [121.12362627707019, 22.804164429972843], [121.1236266319188, 22.80456969422728], [121.12362046325035, 22.80497496442212], [121.1235881393948, 22.805313720300795], [121.12354682475734, 22.805697151975647], [121.12345883149575, 22.806224119641325], [121.1233135350343, 22.806974603109122], [121.1231153913376, 22.807985500952828], [121.12299201098642, 22.808512496447584], [121.1227731275574, 22.80932459447227], [121.12235708627583, 22.81060435535226], [121.12193150618995, 22.811784469496267], [121.1212986112645, 22.813576606852543], [121.12056747247802, 22.8156291124574], [121.12017468370927, 22.816812576746493], [121.11992750989577, 22.817718731433587], [121.11971689342694, 22.81873303336629], [121.11956827902166, 22.819760809501105], [121.11948521716756, 22.82069050371979], [121.11944589337747, 22.821596500374625], [121.11946137683589, 22.8226241538724], [121.11951288671139, 22.82333379417247], [121.11954627272009, 22.823793734836393], [121.11967101649392, 22.82465566264632], [121.11982860088963, 22.825537848111278], [121.12002991904161, 22.82638619583442], [121.12024940260966, 22.827153397522313], [121.12043284469942, 22.82771216447814], [121.12114456340622, 22.829739908420756], [121.12196841686784, 22.832074060241162], [121.12281668021147, 22.8344848109574], [121.12398736295806, 22.837815920818098], [121.1245833848003, 22.839505689871274], [121.12532203517404, 22.84160100048016], [121.12611922652304, 22.843872045318008], [121.12673359225313, 22.84561925842722], [121.12744305400669, 22.847633449732175], [121.12768650699002, 22.848333615851683], [121.12812696084617, 22.84960033146788], [121.12883132939196, 22.851598584520588], [121.12915995321973, 22.85251104399078], [121.12941136615017, 22.85313263360321], [121.1297212960138, 22.85379553293449], [121.12999723763923, 22.854314419432836], [121.13046140424088, 22.855098431702032], [121.13079271671995, 22.85559146647301], [121.13107502802117, 22.855978931911338], [121.1314346895533, 22.85643190982669], [121.13152738811063, 22.85654411512783], [121.13166711573898, 22.856713244673802], [121.13209552621854, 22.857184554640728], [121.13236520311399, 22.857459739088508], [121.13305549535866, 22.858127008939395], [121.13313464174377, 22.85820351469052], [121.13339379910785, 22.85842352385059], [121.13388464874981, 22.85880992145901], [121.1348330999976, 22.859525340853025], [121.13499084531567, 22.859640284912718], [121.13527703712681, 22.85984882317851], [121.13557360685176, 22.860064923568657], [121.13648646059467, 22.86075477245192], [121.13703673581884, 22.86116082448737], [121.13778595047596, 22.861724228935113], [121.1382666695213, 22.862074465530565], [121.13900246319456, 22.86260682314449], [121.13953143605002, 22.86300726509241], [121.14009179818363, 22.863406794398752], [121.1402871511874, 22.863548412422883], [121.14054039794141, 22.863735836950966], [121.14062496451984, 22.86379842294981], [121.14075410400338, 22.863890731626014], [121.14117155499679, 22.86418912475241], [121.14173463994084, 22.86461224794138], [121.1419639617995, 22.86478989297615], [121.14213160969213, 22.8649395681765], [121.1424447916918, 22.865224925533532], [121.14272676820038, 22.86551450147938], [121.14288533002464, 22.86568717841566], [121.14309844514128, 22.865934898719868], [121.14323977877721, 22.866113708293824], [121.14350410371176, 22.86644740998385], [121.14365666261135, 22.866664670613247], [121.14393130491906, 22.867087914140015], [121.1441540944412, 22.867454738652167], [121.14537200475414, 22.869621907142154], [121.14557348603438, 22.869997219032786], [121.14580552459402, 22.870457200404896], [121.1460219702416, 22.871004291167683], [121.14642684388788, 22.872131238854926], [121.14683109994148, 22.873333792255], [121.14685248638092, 22.87339741027497], [121.14703620484691, 22.873990056898897], [121.14708991938797, 22.8742164045573], [121.14714282634861, 22.87454785497418], [121.14717314332496, 22.874934368438936], [121.14717313247714, 22.87516307492983], [121.14716638932545, 22.875356709985507], [121.14713366393202, 22.8756395560142], [121.14711248113416, 22.87580887708932], [121.14706646551188, 22.87601901711397], [121.14701369802579, 22.87621950847205], [121.14694537841957, 22.876440661424134], [121.14680914871134, 22.876793980402542], [121.14661611479177, 22.877177007148127], [121.14644287131084, 22.87746281723084], [121.14626541942596, 22.877731997958563], [121.14578297800391, 22.878418389413575], [121.14495512744146, 22.879623349063433], [121.14452501610887, 22.880262453014865], [121.14427945710469, 22.880598946101287], [121.1440634799079, 22.880916802127754], [121.14390508238496, 22.881153198950855], [121.14368856275387, 22.881508323463223], [121.14352642038187, 22.88180599760803], [121.14337603245322, 22.88212310350163], [121.14323341050644, 22.8824557181535], [121.14314881208446, 22.88267893400519], [121.14308677728188, 22.88285724888907], [121.1429884207168, 22.88319638256726], [121.14281849043303, 22.883882743482225], [121.14258390694675, 22.884949741063576], [121.14246160789915, 22.885560719803703], [121.14180543911682, 22.888698310624992], [121.14178261210708, 22.888793377907117], [121.14176022401467, 22.88891504514425], [121.14172087734336, 22.889150480903872], [121.14157353519934, 22.889862574053065], [121.14136936243997, 22.89084116261041], [121.14128652660514, 22.89123639065556], [121.14118569074935, 22.891715014574324], [121.1410800140168, 22.892170331391174], [121.14102931462578, 22.89236612886925], [121.14097544299815, 22.892567248304804], [121.14091743503462, 22.89278305282046], [121.14083972750626, 22.893023211070183], [121.1407458206246, 22.89331618512959], [121.14060486424164, 22.893714230304678], [121.14040190383716, 22.894223579204915], [121.14031753897822, 22.894430437312476], [121.14025230632676, 22.894566508330985], [121.14014160297425, 22.89480498486324], [121.14004975845289, 22.894999747185494], [121.13993671955315, 22.895242641702048], [121.1397866581336, 22.895560265455817], [121.13962630516343, 22.895903142899016], [121.13945328602804, 22.896270355839054], [121.13928048736041, 22.896607137177085], [121.13910929923087, 22.896969849854028], [121.13886630118193, 22.897503249169134], [121.1387131176169, 22.897884231289936], [121.13859153815949, 22.89824051526099], [121.1385602415055, 22.898333629676163], [121.13855957386315, 22.89833561794477], [121.13852657064157, 22.898433813684175], [121.13844944571746, 22.89867805656955], [121.1383572721945, 22.899019492406644], [121.13829349018349, 22.899297319186985], [121.13823876497851, 22.89955828832815], [121.1381864170336, 22.899847158841883], [121.13816544283716, 22.90001173058201], [121.13812896650026, 22.90028773819526], [121.13808366916074, 22.900723508865447], [121.13803239467893, 22.901358217639796], [121.13798533762971, 22.901877278392202], [121.13794601632418, 22.902402266541706], [121.13790128117498, 22.90295181326701], [121.13785064706835, 22.90354755684429], [121.13781605804854, 22.903995942172184], [121.13777549295763, 22.90450676185552], [121.13775185963384, 22.904787497476484], [121.13774746913857, 22.904839657017025], [121.13773643784737, 22.904967680355167], [121.1377140543555, 22.90522745342033], [121.1376726424438, 22.905703551112776], [121.13764321759864, 22.906039608210612], [121.13760920459382, 22.906480452120416], [121.13760385405018, 22.906539627622607], [121.13757040005055, 22.906909633225712], [121.13752955819338, 22.90736135338732], [121.13750195161076, 22.907749533829048], [121.13746637003163, 22.90818051821869], [121.13743252207631, 22.908588868030552], [121.13740334432698, 22.90896717906763], [121.1373672779761, 22.909419780868948], [121.13733187794304, 22.909833424904466], [121.13729855623326, 22.910265617324484], [121.13725966331356, 22.910694200393916], [121.13725658953366, 22.910725112838243], [121.13722841589356, 22.911008453872213], [121.13720938136007, 22.911270439044127], [121.13718412170721, 22.91165875629428], [121.13713600371537, 22.912191801289037], [121.1370479279225, 22.913212965709324], [121.13704034962387, 22.91341403978472], [121.13704519958667, 22.9136506393987], [121.13706473629881, 22.9139088280478], [121.1371218538517, 22.914239987564596], [121.13718407169861, 22.914535724684253], [121.13724242289172, 22.914746672070272], [121.13735748795635, 22.91506981982189], [121.13749121860627, 22.91536387299885], [121.13767911718014, 22.91575804800172], [121.13788151102996, 22.916131512454168], [121.13791897370365, 22.916220736883904], [121.1379801625281, 22.91635058929139], [121.13815392429453, 22.916686356524092], [121.13817070911364, 22.916719130098265], [121.13823787387061, 22.91685027582901], [121.13833961762015, 22.91704894189673], [121.13852239573615, 22.917418925809486], [121.13861285163983, 22.917594271328298], [121.13881085673971, 22.91797809665997], [121.1389717670504, 22.918283738326366], [121.13917095052005, 22.91863856420318], [121.13933987522023, 22.918916565065324], [121.13946143707196, 22.91911225085674], [121.13962227955527, 22.91934418601102], [121.13985558919654, 22.919666627187144], [121.140072078538, 22.91994999749659], [121.1402796285288, 22.92019808479872], [121.14048861203344, 22.920427838912758], [121.14076063407634, 22.92071928955002], [121.14116137435458, 22.92112343729501], [121.14178551339143, 22.921734089041184], [121.1426938913432, 22.922628797266853], [121.14331375584085, 22.923239876541377], [121.14341131849456, 22.923333792818802], [121.14341308785446, 22.92333549533373], [121.14341440438217, 22.92333676116666], [121.14350000966743, 22.923407678599876], [121.1435864267033, 22.92349388259717], [121.14378217766928, 22.923700970562827], [121.14395939520527, 22.92388191826207], [121.14412403095369, 22.92404296335242], [121.14425939251512, 22.924200478533066], [121.14441037519791, 22.924371047863954], [121.14459121827205, 22.92458042140828], [121.14498914172728, 22.92506747175485], [121.14528965501913, 22.925446448310613], [121.14550264599788, 22.925707666990284], [121.14596393900888, 22.926291413615676], [121.14626168705749, 22.92666148010235], [121.14659073782393, 22.927074825211854], [121.14707395952871, 22.927685725510752], [121.14724412018852, 22.92790109954546], [121.14726812470892, 22.92793148307728], [121.14774593794627, 22.92853382867215], [121.14808815026184, 22.928962429371765], [121.14847439338229, 22.92944498597132], [121.14871572353124, 22.929746854677795], [121.1487309326466, 22.929765879154363], [121.14908670039796, 22.93020854391887], [121.14936183295968, 22.93056165851472], [121.14963663091292, 22.930897328142578], [121.14965058426661, 22.930914372354536], [121.14987855057834, 22.931204816117358], [121.15037317335847, 22.93181852270824], [121.15096526580783, 22.932568315762936], [121.15141317027691, 22.93312871127829], [121.1518513016399, 22.93368006958343], [121.15227582464361, 22.934207299476384], [121.15287491538368, 22.93496240473698], [121.15319865819612, 22.935366956408856], [121.15377349458495, 22.936094483444126], [121.15402429513034, 22.936404716926006], [121.15430639291473, 22.936757420258182], [121.15453759685488, 22.937050657941256], [121.15492898718966, 22.937540841304205], [121.15514259300305, 22.937798749653613], [121.15551669004653, 22.938266488844228], [121.15580423838206, 22.93863119319219], [121.15622871110723, 22.939164234242178], [121.15655931572496, 22.939598318914477], [121.15685424375008, 22.940005075762034], [121.15707145893656, 22.940350850946697], [121.15723438271063, 22.94062069823299], [121.1574002679833, 22.94091632166838], [121.15761807147405, 22.94134667143075], [121.15783250138487, 22.941812980266846], [121.15792947248443, 22.9420559815334], [121.15805553409484, 22.942415491443317], [121.15806507389217, 22.942439537226534], [121.15810978386114, 22.942577005253867], [121.15821953829361, 22.94292651882784], [121.15830316422701, 22.943240182707285], [121.15839587002444, 22.94361708631871], [121.15847222601893, 22.94400568117122], [121.15854932013306, 22.94447507719318], [121.15858391709838, 22.944818832514194], [121.1586147244196, 22.94527420114234], [121.15862769225735, 22.945631480849542], [121.15864309052247, 22.94624927968395], [121.15863375372514, 22.94702300414261], [121.15862499979261, 22.947988999400337], [121.15862620336088, 22.948225157393612], [121.15862475787104, 22.948275878361105], [121.15862355627013, 22.948333386612287], [121.15862352026254, 22.948335121459504], [121.15862352029306, 22.948335147648695], [121.1586239514668, 22.948383817657344], [121.15861622902314, 22.949854200093444], [121.15861879800397, 22.950610879365772], [121.15863713368685, 22.951105398566074], [121.15867178751473, 22.95148866131881], [121.15875364845382, 22.952231443132966], [121.15884555764849, 22.952956972328973], [121.15889015617303, 22.953732651478138], [121.15900810702675, 22.9544607497915], [121.15946826079139, 22.958290423746337], [121.15951823779692, 22.958802201727988], [121.1596626857115, 22.959992021390313], [121.15975874986582, 22.960775636366524], [121.1598099889156, 22.96121438018515], [121.15984599564844, 22.961518043719078], [121.15989442832218, 22.961953233080592], [121.1599480176063, 22.96253130180745], [121.15996069489155, 22.96283260196034], [121.15997091818853, 22.96344944725054], [121.15995867240268, 22.963772096824655], [121.15993910577622, 22.96410079082685], [121.15990970233514, 22.964378464657756], [121.15988488529861, 22.96463538840535], [121.1598317698343, 22.965023534014588], [121.15972146333488, 22.965597976585855], [121.15966971447642, 22.96585086174247], [121.1595327406949, 22.966457137281658], [121.15940888216747, 22.967034529073363], [121.15924249936563, 22.967785076583926], [121.15908359200714, 22.968521371255164], [121.15895498321656, 22.969114697564596], [121.15883111244351, 22.969660675292523], [121.15863535161927, 22.970551424811738], [121.15847325564282, 22.971306262858494], [121.15834718058156, 22.97187303285965], [121.1582640303406, 22.972247405931146], [121.15818861173803, 22.97257649017565], [121.15811455899937, 22.97289537097897], [121.1580555422016, 22.973113700189817], [121.1580552440668, 22.973114802237745], [121.15805421359471, 22.973119354759767], [121.15802724566267, 22.973238489923887], [121.15800578811236, 22.973333284446277], [121.15800545723545, 22.97333474685338], [121.15800519719726, 22.973335901241523], [121.15798937910951, 22.973405790575047], [121.15778374137534, 22.974346981598075], [121.1576218622782, 22.975094017485567], [121.15750327817551, 22.975628544802987], [121.15734464894614, 22.976309198423387], [121.15724273467328, 22.976763438295382], [121.15704808036512, 22.977554062060833], [121.15695533654356, 22.97788613470555], [121.15687955499989, 22.97812333884929], [121.15678052016368, 22.97838499771026], [121.15642922596844, 22.979265357635263], [121.15631571260677, 22.979535653011496], [121.15609480676842, 22.9800015063227], [121.15575244707958, 22.980682806658926], [121.15541778287734, 22.9813832275694], [121.15506492474253, 22.982116118374773], [121.1548412252602, 22.982540417637676], [121.15439470080871, 22.98350820734521], [121.15435820484164, 22.983593636600748], [121.15434379399755, 22.983627371391524], [121.1542811667628, 22.9837540495628], [121.15416254488562, 22.98400430905833], [121.15390658140086, 22.984541914390523], [121.15328617402731, 22.985822334652063], [121.1528932067208, 22.98670296120612], [121.15265372175486, 22.987328609824022], [121.15246780991727, 22.987837199870768], [121.15230349028539, 22.988325811915324], [121.15218412506259, 22.988717707561925], [121.15205822022608, 22.98915947253737], [121.15183505644767, 22.990106066941916], [121.15173076679089, 22.990599577703513], [121.15167865914941, 22.99087071010073], [121.15161870790486, 22.99126329697178], [121.15157838934368, 22.991546245573353], [121.15156848100295, 22.991643325405462], [121.15150772083786, 22.99218924111716], [121.15145799200013, 22.99285548693098], [121.15144817080639, 22.99331599454437], [121.15143204501933, 22.993846271386673], [121.15144084259646, 22.99432822175107], [121.15145548803973, 22.99471742821681], [121.15148384339079, 22.995174648163204], [121.15155661040419, 22.995974247905853], [121.15166340542783, 22.996874181457397], [121.15170811112327, 22.997246945658333], [121.15173630929361, 22.997561373659977], [121.15175404575038, 22.997889001931696], [121.15175707186066, 22.998265290043076], [121.15175538856548, 22.998333698431562], [121.15175457960395, 22.99836660081645], [121.15174185847464, 22.998641594706893], [121.15169296028553, 22.999184367705677], [121.15157271897294, 23.000241376299865], [121.15150819749499, 23.000864126543565], [121.15147904874932, 23.00110196381937], [121.15145009421613, 23.0013382205226], [121.15139303209982, 23.00184005219593], [121.15135491885752, 23.00245303739066], [121.151352532621, 23.002914823313365], [121.15140262556785, 23.003630577594468], [121.15151717503927, 23.00437371356382], [121.15170304636823, 23.005100072453647], [121.15236206922582, 23.007238182267038], [121.15257601791757, 23.007947516124467], [121.15263654481389, 23.00814354420844], [121.15320592979386, 23.00997699307036], [121.15421479179878, 23.01316643571013], [121.15521442161624, 23.01634301435027], [121.15601099155303, 23.01881533010103], [121.1565069791126, 23.02040051966202], [121.15743245841868, 23.02333332659294], [121.15748591144478, 23.0235027134735], [121.15796722024064, 23.025052415963238], [121.15805551391111, 23.02532977300438], [121.15815554440988, 23.02564399776212], [121.15871706751527, 23.02743161187859], [121.15947741874754, 23.02985581978266], [121.15984316125774, 23.03100966437114], [121.16004887981693, 23.031651855406725], [121.16028635564375, 23.032396703561226], [121.16062253501849, 23.033470149582794], [121.16088102890274, 23.034296499705302], [121.16115295691493, 23.03512354001353], [121.16146095624335, 23.03607047296034], [121.1617365141695, 23.036957815154516], [121.16191741229085, 23.037522723333836], [121.16215204513352, 23.03829214159166], [121.16242131321818, 23.039150687243257], [121.1626122097547, 23.039744577131923], [121.16272963210665, 23.040057688640687], [121.16296054506297, 23.040770708220283], [121.16330375242553, 23.041844903063645], [121.1634680710468, 23.042268881910637], [121.1636227509454, 23.04270994390124], [121.16374361874665, 23.04309960929311], [121.16396457435258, 23.043613402040794], [121.16416372657157, 23.044220861409432], [121.16430617714911, 23.044644941398797], [121.16475890963164, 23.046069697168583], [121.164978779566, 23.046842615082415], [121.16508053432175, 23.047140765315635], [121.16525478676988, 23.047853027169747], [121.16541186550383, 23.04833373362798], [121.16542190047457, 23.048364445421143], [121.16579369222951, 23.049520588535955], [121.16601598970512, 23.05020490323604], [121.16634008616703, 23.051199272761355]]}}]}