{"type": "FeatureCollection", "features": [{"type": "Feature", "properties": {"track_id": "BB-HL-ZY-0", "source_tracks": ["YL-HL-SL-1", "WL-SL-ZN-1", "WL-M-ZN-CH-0", "WL-CH-ZY-0"], "point_count": 11111, "generated_by": "merge_tracks.py"}, "geometry": {"type": "LineString", "coordinates": [[121.601044, 23.993131], [121.60115150272624, 23.99331479784791], [121.60142552372346, 23.993843478914606], [121.60166689512954, 23.99434675228662], [121.60231565146077, 23.995711145718474], [121.60348138771968, 23.998046755086953], [121.60511120539714, 24.001427488490734], [121.60549626112143, 24.002186418109616], [121.60585313923625, 24.002945069980665], [121.60597494971276, 24.00331806637592], [121.60608427443114, 24.00376518340571], [121.60614712613437, 24.004034341253252], [121.60619851336097, 24.004362410122106], [121.60622221387723, 24.004642262175928], [121.60622464744458, 24.00489728518668], [121.60605655228836, 24.006697486092566], [121.60577680291664, 24.008597505270842], [121.6050592999568, 24.012429075574083], [121.6048715906928, 24.013449798403183], [121.60465018153621, 24.01484463726061], [121.60440312314199, 24.016153532023925], [121.60419436339748, 24.017228738324896], [121.60377518099453, 24.0196164490538], [121.60337924398377, 24.021878503415728], [121.60325018288206, 24.0225519750079], [121.60310305105583, 24.02322856286583], [121.60290717497998, 24.023909611960747], [121.60268593762991, 24.024600294269142], [121.60223890098976, 24.02593989525412], [121.60183003204168, 24.02740705319277], [121.60174821703812, 24.027809400128795], [121.60161464193109, 24.028662762250732], [121.60150215288706, 24.02998420922635], [121.60136352547073, 24.032694924627478], [121.60111287451826, 24.036669922580366], [121.60100964601178, 24.03852204694438], [121.60098755015258, 24.038933234090475], [121.60098670783489, 24.03930291355571], [121.60102618622207, 24.040073018575544], [121.60106055267292, 24.04043319232955], [121.6011144044797, 24.04075684730323], [121.60120757187644, 24.04134033228499], [121.6014071789699, 24.042507432755023], [121.60181814751087, 24.044837868385102], [121.60240646277302, 24.048383878412743], [121.60280595642794, 24.05073074708794], [121.60306681373869, 24.052073355143474], [121.60424261260695, 24.05880422461508], [121.60472504133705, 24.06158120805443], [121.60520747006716, 24.06435819149378], [121.6055287583452, 24.06649992494006], [121.60610224819425, 24.069713057148522], [121.60674159000463, 24.073334932569423], [121.60707229237272, 24.075223842102446], [121.6073981358229, 24.077117092722773], [121.6080532609171, 24.080782759925768], [121.60825890268586, 24.081991988051165], [121.60848341877868, 24.08319112848538], [121.60855986933254, 24.083636077913706], [121.60867406982041, 24.084072805430317], [121.60897380682422, 24.085282119215208], [121.60910723768905, 24.085749515912354], [121.60940589944397, 24.086628659462946], [121.60984311739311, 24.0879727109442], [121.61069229284479, 24.09067056008115], [121.61196068866036, 24.094451691264076], [121.61322908447593, 24.098232822447002], [121.6136432191393, 24.0991903557687], [121.61420466390463, 24.100480685370464], [121.61518415951463, 24.102397242384654], [121.61623195570567, 24.104626809484582], [121.61708912822854, 24.10642673382896], [121.61753177755472, 24.107196774904494], [121.61794089994554, 24.107804726896937], [121.61855062843674, 24.108566827557375], [121.61938442074322, 24.109363486416207], [121.62081349426893, 24.11047059472238], [121.62222809333346, 24.111525469639336], [121.62372587679737, 24.112628661558304], [121.62494199067021, 24.11350294099541], [121.62637850346042, 24.11456401774549], [121.62876250769314, 24.116320727693427], [121.63000483786863, 24.11719890748795], [121.63115600966267, 24.118037150649855], [121.63307378984713, 24.119331090413656], [121.6349648550744, 24.12063949610191], [121.63579197474075, 24.121185624254046], [121.63669388153174, 24.12189101853584], [121.63725924626195, 24.122380266382557], [121.6375753205769, 24.122801257893027], [121.63808084257033, 24.123480746008106], [121.63860170192963, 24.124314211011395], [121.64083719607319, 24.128413278317804], [121.64384239949881, 24.133930756043604], [121.64549445963368, 24.137467751491805], [121.64777952014566, 24.141454033970653], [121.65460684745743, 24.1538797990264], [121.65501593907092, 24.15484428584719], [121.65525114313233, 24.15559228127959], [121.65526449639816, 24.15642180952808], [121.65517610475166, 24.157005295585876], [121.6550003635677, 24.157702638782965], [121.65462392419255, 24.15889238237829], [121.65424748481735, 24.160184595764832], [121.65412165765505, 24.160591608750156], [121.65404574451456, 24.16133259372871], [121.65397927652631, 24.16213634298703], [121.6539892596864, 24.162529455338614], [121.65403765809245, 24.163023335306264], [121.65443843226828, 24.165298624256035], [121.65472263798011, 24.166589215161622], [121.65496959096893, 24.167803333292134], [121.65538917481615, 24.169958263122915], [121.65569209854446, 24.17149454750283], [121.65583669820703, 24.172270380620297], [121.65648417472417, 24.175454790914667], [121.65689393538833, 24.177004754529968], [121.65737388374554, 24.178576061861477], [121.65791648971413, 24.180376861543735], [121.65804088343442, 24.181050439866016], [121.65809773050879, 24.182422374757145], [121.65814387801487, 24.184632210321983], [121.65989467519134, 24.18881372351853], [121.65987128499683, 24.189194787795195], [121.65944668082004, 24.18950265481043], [121.65925041419436, 24.189703065058502], [121.65914880391134, 24.189989820240328], [121.65914184997106, 24.190352126924132], [121.65932420871641, 24.190757605837334], [121.65992068896173, 24.191314197368612], [121.66063548963639, 24.191806031007175], [121.6627909546936, 24.19641906710804], [121.66950566048851, 24.20577287934202], [121.67163442633802, 24.20873833984681], [121.67299087954308, 24.20985044582603], [121.67424574308522, 24.210360295749737], [121.67791105258411, 24.211773786292333], [121.68020086081644, 24.212329972177553], [121.6822874897232, 24.213071464120176], [121.68802622602587, 24.217112529351656], [121.69206387529822, 24.220036437632416], [121.69504780173352, 24.22305024312045], [121.70003812400756, 24.227639055567046], [121.70262802918661, 24.230446459062954], [121.70562460862817, 24.232776553615636], [121.70821482941821, 24.23473609530701], [121.71245493539386, 24.24141631661125], [121.71324507446766, 24.24251912422592], [121.71426679431283, 24.243357982956], [121.71630463994903, 24.244694620561113], [121.71886354231899, 24.246163230219253], [121.72108658741655, 24.24759598465718], [121.72442580453799, 24.24847148742289], [121.72767102706581, 24.24917558642844], [121.73039335535913, 24.250871557446317], [121.73311568365244, 24.25309643731731], [121.73503277718888, 24.255024270249855], [121.73656313723677, 24.256863954410516], [121.73852990944047, 24.25970758394341], [121.74039732430941, 24.263275879203], [121.74215806984782, 24.26779202466114], [121.74391881526924, 24.273661639095273], [121.74531599804067, 24.277964717528032], [121.74586736476513, 24.27921037574469], [121.74656595615077, 24.280590236945642], [121.74936032169362, 24.28564000591954], [121.75243326511102, 24.291155593584868], [121.75458691280305, 24.29732711391964], [121.75497263275449, 24.298397397216235], [121.75545473193645, 24.299643363365874], [121.75677553343738, 24.303672474502306], [121.75774936972051, 24.306348851724422], [121.75881958523087, 24.309481975281116], [121.76010224112983, 24.313253723362873], [121.76171258640119, 24.317728119621087], [121.76296656483142, 24.32150777992942], [121.76356464027853, 24.32323074154284], [121.76390222969289, 24.324065875191934], [121.76433619833435, 24.32493613830868], [121.76501828216055, 24.32612824284185], [121.76576371242041, 24.32758971775054], [121.76625575694524, 24.32879625471143], [121.76674780147006, 24.330137474053608], [121.76790081434314, 24.33324319025168], [121.76890601887067, 24.33594487310176], [121.77012540623281, 24.339403651246883], [121.77143100783881, 24.343078445947906], [121.77202775478557, 24.344975634065058], [121.77252823582054, 24.346539539456728], [121.77433313591735, 24.35051953526311], [121.77600274837577, 24.354920126094914], [121.77714409850316, 24.357292748126724], [121.77846995939981, 24.35995569825613], [121.78020408345809, 24.36332556508442], [121.7813457865559, 24.36572838190464], [121.78220702260056, 24.367834614531752], [121.78254876861834, 24.36996957449262], [121.78292283172865, 24.372516657176114], [121.78396664487451, 24.37958455356128], [121.784994064785, 24.395054300634083], [121.78836444998751, 24.408850115062698], [121.78941860574764, 24.41662494262275], [121.78974570739248, 24.41851076979757], [121.78984398330005, 24.420882763400876], [121.78980877752863, 24.423075319866154], [121.78921421995506, 24.42566142558566], [121.78852458335359, 24.428885485325356], [121.78599320800788, 24.43311331111179], [121.78535579442989, 24.433583919917012], [121.78451498019658, 24.433869344214454], [121.7827570764843, 24.43448648935494], [121.78167293744278, 24.435566592199937], [121.78104644987582, 24.43678558113134], [121.78031336318918, 24.44022398149477], [121.77844211058938, 24.443479526833286], [121.77674219435241, 24.446001679856174], [121.77607835144539, 24.44741335995066], [121.77582809789695, 24.448636786336156], [121.77560276614841, 24.450311022060518], [121.77557407549584, 24.451901974335733], [121.77561701437315, 24.452623387590233], [121.77570381075344, 24.453384724492807], [121.77595812950567, 24.454076194549458], [121.77637790401118, 24.45470311608712], [121.77686290497955, 24.45569876721276], [121.77748972516503, 24.45684502956891], [121.77786254781509, 24.457468471266026], [121.77847173582676, 24.45826403766651], [121.7789745594257, 24.4588874797586], [121.77959556570548, 24.45948940648793], [121.78022916106084, 24.46010980844764], [121.78093366602253, 24.4607086951333], [121.78172089886485, 24.461286066628503], [121.782484495169, 24.46177737839721], [121.7862324546387, 24.462968972633046], [121.78812009125863, 24.463555253888174], [121.78915703728565, 24.46386682217492], [121.789695755455, 24.464037348386796], [121.7903478464971, 24.464193132541013], [121.79097458156451, 24.46430958573117], [121.79180490460337, 24.464383923073946], [121.7926537356395, 24.46436981714181], [121.79313240672784, 24.46431359538066], [121.79426557487974, 24.464163247533016], [121.79596323695192, 24.463903398349284], [121.80137860521768, 24.46301524742136], [121.80454970493763, 24.462448225440497], [121.80617468329729, 24.46220060349469], [121.80790480432253, 24.46200083378634], [121.8089973627903, 24.462021087286956], [121.81008992125805, 24.462137045400414], [121.81103790856059, 24.462324781942748], [121.81203846719588, 24.462680001135794], [121.81403958446433, 24.463653623531044], [121.81617213006922, 24.464866504324046], [121.81950454779522, 24.46672688989949], [121.82333856094215, 24.46938624231089], [121.82380538956343, 24.470842761015444], [121.8236718296876, 24.47240857127155], [121.8232680949879, 24.474274926637754], [121.82298443798763, 24.47592270511574], [121.82310757075905, 24.478644513989266], [121.82370948679215, 24.480606480421255], [121.82467163592612, 24.482349880874132], [121.83321906737413, 24.491349459551955], [121.83398051038581, 24.493308621279983], [121.83438172029923, 24.4956502342824], [121.83443365450458, 24.49765636347756], [121.83436551101039, 24.49999029645654], [121.83409293703383, 24.506212147863195], [121.83397099886085, 24.508632110714984], [121.83360966392097, 24.511226334982393], [121.83328535839095, 24.51258341629945], [121.83248225932724, 24.514332573339992], [121.8307324231397, 24.51756950179294], [121.83010551196874, 24.519142539122846], [121.83000527368486, 24.52093338481902], [121.8300653265515, 24.522809462695704], [121.83016301210594, 24.524729560261306], [121.83028272409638, 24.526228839479945], [121.83044006877455, 24.527693881153134], [121.83072816203594, 24.52892787549002], [121.83101625529733, 24.53016186982691], [121.83187868855234, 24.53280801977077], [121.8334105657508, 24.534425809553827], [121.83470395518815, 24.536689375215055], [121.83626332605337, 24.54067917856506], [121.8381759924923, 24.549464071992524], [121.83981333301588, 24.555573711322953], [121.84099220139971, 24.559770851769315], [121.84201936370107, 24.562919642409273], [121.84253294485174, 24.56433866776475], [121.84295794909673, 24.565458469128153], [121.84317350360206, 24.565967374946126], [121.84353982435177, 24.566735283866894], [121.84384960775986, 24.56734702909216], [121.84420127068026, 24.567996862607473], [121.84447126855159, 24.56858180704309], [121.84481664954521, 24.56929625037391], [121.84503762865731, 24.56995807660371], [121.84516105190686, 24.570659223215753], [121.84528896347996, 24.572038921317827], [121.8453057158642, 24.572265912482738], [121.84532912528536, 24.57251510222971], [121.84535390015019, 24.572819994307654], [121.84538311303959, 24.573143048781404], [121.84544389165835, 24.573810904904686], [121.84547163245426, 24.57429419689523], [121.8455088126282, 24.574820410805096], [121.84559922043871, 24.57572480489082], [121.84566131011546, 24.576646367550254], [121.84565647908173, 24.576989241891884], [121.84564692835897, 24.577336408274583], [121.84562040972685, 24.57776355213643], [121.84558546281245, 24.578114049387306], [121.8453289840979, 24.57927061734211], [121.84500232949068, 24.580516529108394], [121.84480900907933, 24.58116894655961], [121.84457358313236, 24.581744784761746], [121.84435207406372, 24.58220344657341], [121.84413056499507, 24.582662108385072], [121.84390905592642, 24.583125158766485], [121.84372615664205, 24.583474101177092], [121.84355823321943, 24.583790163812807], [121.84334204756651, 24.584106226448526], [121.84290878635093, 24.584662841665214], [121.84256272724849, 24.58514015985571], [121.84202321274523, 24.585837081981747], [121.8416363019378, 24.586266379681554], [121.84116218901744, 24.586755149395493], [121.84037201700748, 24.587489846288687], [121.83971264816708, 24.58808577649218], [121.83912958117548, 24.588622235757043], [121.83845931207098, 24.58915869502191], [121.83623643530808, 24.591249978808023], [121.83485766276046, 24.592555922440177], [121.83344974059665, 24.593883072977423], [121.83310431979396, 24.59421003227812], [121.83281719822354, 24.59449458340535], [121.83250675696021, 24.594890455737943], [121.83227793462225, 24.595286328070536], [121.83211865165788, 24.595589439205533], [121.83204910707641, 24.595747115322503], [121.83199302502912, 24.595941514549516], [121.83194798882522, 24.596116119935065], [121.83192987768979, 24.596284604819232], [121.83191439470932, 24.596390967471038], [121.83190397265214, 24.596518037803005], [121.83189071992282, 24.596772178445967], [121.83189211462812, 24.59716911030062], [121.83192479527098, 24.597445674842398], [121.83201132605092, 24.597820166346132], [121.83214204020447, 24.598199573929385], [121.83227275435804, 24.598578981512635], [121.83241958820199, 24.598975575024113], [121.83257315331309, 24.599415011061282], [121.8326695026537, 24.59986362776435], [121.83272104295753, 24.60012771822403], [121.83275238946001, 24.600446891419253], [121.83277591883282, 24.600742386164416], [121.83276389398456, 24.601199515818585], [121.8327222406187, 24.60147884746671], [121.83268058725281, 24.601812057106518], [121.83264053323359, 24.60200703062634], [121.83257812973585, 24.602238581268317], [121.83251349129026, 24.60244676317161], [121.83243544315769, 24.602679329740084], [121.83226644140237, 24.603069730632672], [121.83214694266502, 24.60329821586714], [121.83207027738266, 24.60342612972156], [121.83199737119217, 24.603530118913547], [121.8316189554223, 24.604074713606966], [121.83126748115941, 24.604531824700956], [121.83088772289943, 24.604962728941757], [121.83050026706584, 24.605495112313477], [121.82985240386678, 24.60629497398001], [121.82855667746867, 24.607847723120763], [121.82782497039304, 24.608742460136504], [121.82712167901376, 24.609684168914864], [121.82689765621424, 24.61010272041659], [121.82666071718921, 24.610601123903514], [121.82623333755126, 24.611579141839385], [121.82609053106066, 24.611920869666815], [121.82593222509936, 24.612304871494423], [121.82580233483438, 24.61259493140422], [121.8256156131768, 24.61296014468354], [121.82535139549498, 24.61341387544048], [121.82508717781315, 24.61378305918537], [121.82477786565254, 24.614246156584684], [121.82448615377561, 24.614639916313372], [121.82426691112502, 24.614886737572395], [121.82405844027535, 24.615065008215907], [121.82381533498815, 24.61526806392125], [121.82357222970094, 24.615412362129828], [121.8231721935343, 24.61560302952062], [121.82290786638092, 24.615685484503338], [121.82265037088959, 24.61574930704051], [121.82239970706036, 24.615783628203964], [121.82213537990688, 24.615805527746907], [121.82173046650641, 24.61580633139159], [121.82135629558526, 24.615776080989033], [121.82022688655539, 24.615634208330633], [121.81909175234938, 24.615466311185642], [121.8165052644217, 24.61517113582531], [121.81550229535634, 24.615168946048144], [121.81462744419869, 24.615218005408643], [121.8137255921796, 24.615375038374026], [121.81289036147243, 24.615592638328486], [121.8123873782737, 24.61575040479701], [121.81190699585198, 24.615949264966545], [121.81143791381872, 24.616173808609886], [121.81102533372805, 24.616388078861167], [121.81084863792631, 24.616493848506956], [121.81076029002546, 24.616546733329848], [121.81067194212459, 24.61659961815274], [121.81050154630708, 24.616714933483138], [121.81033115048956, 24.616830248813535], [121.81008905860733, 24.61701124196109], [121.80984696672512, 24.617192235108647], [121.80969004093691, 24.617320021885323], [121.80953311514872, 24.617447808662], [121.80939329029951, 24.617571708782858], [121.8092534654503, 24.617695608903716], [121.80896385674134, 24.61801222358057], [121.80867424803239, 24.618328838257423], [121.80833785618228, 24.618767284797947], [121.80800146433216, 24.619205731338475], [121.80725853496924, 24.620261475484654], [121.80651560560632, 24.621317219630832], [121.80561144027988, 24.62251116781828], [121.80470727495342, 24.62370511600573], [121.80194909193283, 24.626647935297736], [121.79972074085202, 24.62893494233414], [121.79749238977124, 24.63122194937054], [121.79303568760966, 24.63579596344335], [121.79246332625489, 24.6363647875774], [121.79189096490012, 24.63693361171145], [121.7911917321241, 24.63779813225443], [121.7908421157361, 24.638230392525923], [121.79049249934808, 24.638662652797414], [121.78952995099084, 24.64003094360684], [121.78856740263359, 24.641399234416262], [121.78805078642083, 24.642249061335875], [121.78749836031234, 24.64317212270553], [121.78633979325107, 24.64536813993933], [121.78587555025382, 24.64628418109237], [121.78535654558773, 24.64726105567669], [121.78425768995703, 24.649159501604643], [121.78321067938849, 24.65108627744579], [121.78217038170666, 24.653067963224338], [121.78155639684317, 24.654198201965798], [121.78095269451458, 24.655347129290025], [121.78040040486073, 24.656402605012936], [121.77977613746229, 24.657579566146538], [121.7787966634489, 24.65940690004375], [121.7778678756159, 24.661168977479928], [121.77779230515081, 24.661341866851906], [121.77769139159551, 24.661599205204347], [121.77745341354768, 24.662250642958664], [121.77734306386759, 24.662619678584335], [121.77709739373985, 24.663425829618337], [121.7768890555175, 24.66438256184975], [121.77661135405177, 24.665629260903998], [121.77626706387223, 24.66712809760997], [121.77602400009363, 24.668128152121447], [121.77588952530937, 24.66870767314785], [121.77576378992205, 24.669241131400035], [121.77529375245729, 24.67126231753197], [121.77507814118667, 24.672178356539323], [121.77486252991605, 24.673094395546677], [121.77462468187792, 24.674117040825404], [121.77451922110188, 24.674581874234896], [121.77446222800074, 24.675046707644384], [121.77445002621005, 24.675471307671557], [121.77446207934844, 24.6759598242283], [121.77446806875452, 24.676470380730024], [121.774488611118, 24.676954489276365], [121.77454390226237, 24.678798941463093], [121.77458070537861, 24.67965222801746], [121.77461750849487, 24.680729504673973], [121.77464487993632, 24.681940120892477], [121.77468534659786, 24.68292465711209], [121.77478374021433, 24.684893729489495], [121.77485802875916, 24.6861639935744], [121.77490612686381, 24.689290406438346], [121.77520354970358, 24.69327643659158], [121.77534475698326, 24.69757471411181], [121.775395459229, 24.699448916570617], [121.77535243213892, 24.701493427451894], [121.7748602175026, 24.703567155898195], [121.77469594035256, 24.704144475234088], [121.77456194371572, 24.704756181037958], [121.77441280682228, 24.7053678867578], [121.77426366992886, 24.70597959247764], [121.77408476184914, 24.706721903196584], [121.77385339981409, 24.707748297141322], [121.77364489359633, 24.708857744699735], [121.7731378563283, 24.71144106033806], [121.77250741119943, 24.7141244984272], [121.77189444950777, 24.716823818560833], [121.77151133248478, 24.718409033826255], [121.77131977397333, 24.719271178496825], [121.77105862362271, 24.7201712521433], [121.77084406474437, 24.720751805870563], [121.77051920065045, 24.72147708783948], [121.7698204479223, 24.722816322166395], [121.76844745473622, 24.725550454270717], [121.7660449276702, 24.730178858869188], [121.76319373138762, 24.735793937389605], [121.76226229040876, 24.737561696946365], [121.76133084942991, 24.739382251844518], [121.76088676019475, 24.74024879876385], [121.76044894711703, 24.74109845317327], [121.75955260465506, 24.742837929497874], [121.7585779951153, 24.74477640915433], [121.75803933397154, 24.745807837073322], [121.75746643524501, 24.746901452336388], [121.75708134588243, 24.747686457927188], [121.7569423207496, 24.74811401032997], [121.75683063343658, 24.7485713551697], [121.7567397017057, 24.749189938231886], [121.75673553392267, 24.749546963126424], [121.75675389236628, 24.74987671186865], [121.75675723332537, 24.75017407029554], [121.75682815296486, 24.750532799744867], [121.75689156386201, 24.75078924453354], [121.75702255343944, 24.751195706604875], [121.75766897315458, 24.752951308088925], [121.75839285296688, 24.754788975422173], [121.75975001612517, 24.758409117561314], [121.76042283318284, 24.76016620762669], [121.76114169508112, 24.762036855905023], [121.76186650513301, 24.764005654649466], [121.76214529150825, 24.764759738644273], [121.7623906304232, 24.765766918135924], [121.76243428498738, 24.76646642725931], [121.76241334293923, 24.76705984712676], [121.76212347406894, 24.768497277660973], [121.76164740885727, 24.770995592132046], [121.76115259006971, 24.773589473862483], [121.76079716318355, 24.775346143910852], [121.76072528221474, 24.776220134359406], [121.76072006445386, 24.776601244506107], [121.76074860215934, 24.777215281085184], [121.76095090126753, 24.778474495133], [121.76155685104439, 24.781033545903533], [121.76303721934678, 24.787045377693428], [121.76292396668376, 24.78659955715383], [121.76309433302659, 24.78738525502908], [121.76333602159843, 24.788235704191244], [121.76354799257345, 24.789132017218204], [121.7638193987387, 24.790157830958734], [121.76466728264211, 24.793656744831374], [121.76531743265922, 24.79640236583411], [121.7660870340587, 24.799545593947627], [121.7669898281905, 24.80318079633238], [121.76856609909204, 24.80955780118851], [121.76893236692194, 24.811045641046043], [121.76932836395184, 24.81274936028844], [121.76961139002917, 24.81392957576496], [121.76990036194658, 24.81516376343923], [121.77010906502771, 24.816039065417947], [121.77028803891272, 24.816795635802148], [121.77041022797235, 24.817227889011242], [121.77055620039188, 24.817800457644736], [121.77071406448789, 24.818578101056627], [121.77090760362361, 24.819312570948604], [121.77110144486258, 24.820173581012263], [121.77133120432941, 24.821051104827255], [121.77149551707222, 24.821592171256135], [121.7716118849043, 24.821959907784915], [121.77174146664677, 24.82230443049834], [121.77187699820679, 24.822532850294373], [121.77227203692769, 24.82319365121628], [121.77303218976465, 24.824072896850197], [121.77378241515498, 24.8249567487998], [121.77533629568131, 24.826735639363044], [121.7758799821541, 24.827391972325394], [121.77640996430817, 24.82801099081634], [121.77733288542638, 24.829083191136917], [121.7776618708987, 24.8294451661932], [121.7781187633504, 24.829972974751705], [121.77861676876103, 24.830562970214615], [121.77911477417166, 24.83115296567752], [121.77949293676393, 24.831602312958438], [121.77990585527462, 24.832158647539043], [121.78042840833777, 24.832781314072427], [121.78102127193118, 24.83345843267114], [121.78130856751449, 24.83380113775892], [121.78170549765309, 24.834210173928213], [121.78185772936243, 24.834355248584124], [121.78205797726963, 24.834508493684254], [121.78245847308052, 24.834804089868413], [121.78286497091622, 24.83505066324318], [121.78329247583846, 24.835253660973166], [121.78431317302868, 24.835610895137464], [121.7847989328269, 24.835716416991907], [121.78533871084795, 24.83580015111775], [121.78721364139639, 24.835984863970246], [121.78945690186657, 24.83624581243444], [121.79341573743, 24.83664366574415], [121.79859450972577, 24.83720098086971], [121.79933534131075, 24.837337906336963], [121.80008493498485, 24.837586154589516], [121.8006619624357, 24.837815152072487], [121.80124210491442, 24.838131782696404], [121.80273312028235, 24.839230670190368], [121.80374246070349, 24.840017330298465], [121.80511879156015, 24.841026015664436], [121.80716251820272, 24.842594512667773], [121.8089082655974, 24.843902260993154], [121.81107172387419, 24.845526174937945], [121.81314989968689, 24.84711139425263], [121.81723802534293, 24.850158012366773], [121.8180974863059, 24.850867228593607], [121.81880494622386, 24.85159368476444], [121.81920840404592, 24.852308646903246], [121.8196245286226, 24.853127052643202], [121.8208722970623, 24.85575918990719], [121.82233540031682, 24.858943010636917], [121.82291586043817, 24.860085155300865], [121.82353432081968, 24.86145716015094], [121.82402611366365, 24.86250161629377], [121.82431634372524, 24.86301235162342], [121.82465724080183, 24.8635460724366], [121.82511853176902, 24.86407494661527], [121.82570649027579, 24.86462680608241], [121.82828208359373, 24.866603956461105], [121.8294900405371, 24.867556749289893], [121.83129333491365, 24.8689462500111], [121.83429825285421, 24.871231080702156], [121.83506178040307, 24.871885483268194], [121.83586330821228, 24.872723756453233], [121.8373016960326, 24.874371571921067], [121.83829077658825, 24.875591802938864], [121.83934319091364, 24.87681203395666], [121.84135894685537, 24.879217165478515], [121.84319225015818, 24.88141134719374], [121.84547540031528, 24.883689961789322], [121.84648130569394, 24.884702647400164], [121.84693820540384, 24.885268871016983], [121.84732142034804, 24.885871301328407], [121.8475992655719, 24.88639951542153], [121.8478218472211, 24.88699178717273], [121.8482594270465, 24.888374880507207], [121.84860023067057, 24.88953511983861], [121.8490750334033, 24.890533286775096], [121.84976678708101, 24.891380959454054], [121.85012542573881, 24.89171797318346], [121.8505478734977, 24.892043410603055], [121.85138457376003, 24.892582769721685], [121.85244234473694, 24.893058728113004], [121.85536893706585, 24.894421771388174], [121.85645873884374, 24.89515731259654], [121.85706327578988, 24.895719823884406], [121.85750083177683, 24.896347248420696], [121.85822421332911, 24.897782462227575], [121.85873290507726, 24.899369137771515], [121.85940261417939, 24.90102612990883], [121.85980903199791, 24.901724804782937], [121.86033472193068, 24.90238020623394], [121.8611383023981, 24.9030639381251], [121.86213271824548, 24.903661124115736], [121.86327026063304, 24.904052764021284], [121.86447936628632, 24.90420640454532], [121.86872581797547, 24.905064823949253], [121.86941515837198, 24.905438040286832], [121.8700509042956, 24.905835561828034], [121.8708474336295, 24.90635157168183], [121.87167076019581, 24.906916191574247], [121.87286048354517, 24.90780143985793], [121.8740742505373, 24.908940017294555], [121.8751805697978, 24.910031761658495], [121.87619113834066, 24.911074418774877], [121.8766396918083, 24.911682863177234], [121.8770799191274, 24.912325289248052], [121.87827883142201, 24.914112840427023], [121.87904886043555, 24.9148115311064], [121.88090157842106, 24.9161603235478], [121.88165454189641, 24.916838076908647], [121.88219168860991, 24.9177115587717], [121.88258046130159, 24.918450477689618], [121.88275341723539, 24.91923832810171], [121.88285349290919, 24.92089104550098], [121.88298366148769, 24.925098809152676], [121.88296043091071, 24.927121841213967], [121.88293720033374, 24.929144873275256], [121.88309210860814, 24.9311804370624], [121.88364924818171, 24.93335278171856], [121.88983, 24.93836], [121.88983, 24.93836], [121.89197946872437, 24.940131213414055], [121.89441216923629, 24.94184800833696], [121.89521366064596, 24.942292749997833], [121.89620832506674, 24.942799053816312], [121.89829686806647, 24.943695684748498], [121.90072642076034, 24.945118437419822], [121.90288342911447, 24.946572408512758], [121.90608837690372, 24.948680676382534], [121.90751887421851, 24.949853977554667], [121.90900113602348, 24.95114805429322], [121.91113344932876, 24.952025996659955], [121.9132004863695, 24.952738206348293], [121.91379353998026, 24.95299210226024], [121.91453069790344, 24.953367810111143], [121.91544032761712, 24.954172376462836], [121.91612787683935, 24.955025431668524], [121.91749665026921, 24.95801678390082], [121.9183033211425, 24.95958787436998], [121.9193653181463, 24.960915125846384], [121.9201456100707, 24.962145642616058], [121.92086302494918, 24.96395707996784], [121.92160204211729, 24.96540746962222], [121.92220342296699, 24.966145225069646], [121.92281880994847, 24.966777067127243], [121.92281880994847, 24.966777067127243], [121.92359273059105, 24.967531933003773], [121.92378655167892, 24.96777212123212], [121.92381632961782, 24.967809022106902], [121.92385527887902, 24.967855299974307], [121.92416144859929, 24.968219119460336], [121.92416144859929, 24.968219119460336], [121.92419958219845, 24.968260906517493], [121.92443379507996, 24.968508110363867], [121.92455919483076, 24.968639496646766], [121.92473766923192, 24.96882273304597], [121.92488072337035, 24.968966792549338], [121.9249994485897, 24.969080895819136], [121.92512951213828, 24.969198774317324], [121.9252963554165, 24.969338839791636], [121.92545949566599, 24.9694617665108], [121.92570063340779, 24.969626565867735], [121.92592877522581, 24.969764498089056], [121.92612704581248, 24.969887557635595], [121.92630197461403, 24.96999483735214], [121.92654297105565, 24.970139161444155], [121.92679503346329, 24.97029182098976], [121.92711647032176, 24.97048658639405], [121.92739335939967, 24.970654662981882], [121.92756750943765, 24.97075685440644], [121.9276862845765, 24.97082819111688], [121.92768841361703, 24.97082947783225], [121.92774318290539, 24.970862737462934], [121.92792228100882, 24.970969628111057], [121.92820364131241, 24.971138036369197], [121.92857021934545, 24.97135859794097], [121.92890210890205, 24.971557148944974], [121.9292494224982, 24.971746846088198], [121.92962170876201, 24.971934463567194], [121.92983983236566, 24.97204549556184], [121.93012625913448, 24.972174471757196], [121.93052518711119, 24.972340741596778], [121.93080008959527, 24.97244108058273], [121.93108035092614, 24.972542793846227], [121.93158061570807, 24.972725931566487], [121.93175785233731, 24.972790020006023], [121.93292714576339, 24.97320704118189], [121.93305545981683, 24.973254227939975], [121.9332706044681, 24.973333333648593], [121.93361322971461, 24.97345933261948], [121.93385101864696, 24.97354018223235], [121.93403439281292, 24.973604897444208], [121.93423978650902, 24.97367786994123], [121.93426116699065, 24.973685463419383], [121.93430524655173, 24.973700831670953], [121.93431565325228, 24.973704458660077], [121.93439237295104, 24.973731204483077], [121.93445995709233, 24.97375477571777], [121.93447324350879, 24.973759404741998], [121.93449556053481, 24.97376773257298], [121.93471723096422, 24.973842552189225], [121.93513359124836, 24.973968210974775], [121.93555486265973, 24.974075267865924], [121.9358587624599, 24.97414036076202], [121.93629096274361, 24.974216499411057], [121.93687782128832, 24.974301467532992], [121.93698251112346, 24.974316507678054], [121.93702510485609, 24.974322622112087], [121.93705536470141, 24.97432697253608], [121.93707396477821, 24.974329644990444], [121.93710292576498, 24.974333804972932], [121.93776517224207, 24.97442894758073], [121.93819080100066, 24.974509356014735], [121.93857829449895, 24.974603400666986], [121.93885800679917, 24.974682226448603], [121.93911126026336, 24.974769442785433], [121.9394173520299, 24.974884058114334], [121.93981163856634, 24.97505589282456], [121.94029495290806, 24.97530451281893], [121.9406025267455, 24.97549388306807], [121.94120912359419, 24.975880890783323], [121.94208461287721, 24.97645539524569], [121.94268461565211, 24.976847954291326], [121.9427072406548, 24.976862760741973], [121.94273015424574, 24.976877745913697], [121.94316303918826, 24.977173077570797], [121.94406710054328, 24.977704778459437], [121.94437580533186, 24.977856551445253], [121.94466915996702, 24.9779915576082], [121.9451835997913, 24.97820844819733], [121.94595273967812, 24.978521153500893], [121.9465142876624, 24.978750848066106], [121.94658669691111, 24.97878046758729], [121.94681665216096, 24.978874535151963], [121.94815195960385, 24.979445354653908], [121.9499586992402, 24.98018386565027], [121.94997204278728, 24.980189323432292], [121.94998559494204, 24.980194861130038], [121.95061492748876, 24.980452092716412], [121.9513218515495, 24.98075277199981], [121.9513856824318, 24.98078323838361], [121.95159531760719, 24.980883305223756], [121.9523326647359, 24.981274214500576], [121.95295834662514, 24.981639889713644], [121.95334630569346, 24.981890268066586], [121.95361187486012, 24.982085314092746], [121.95387063773755, 24.982300552832655], [121.95423485938991, 24.982649743454093], [121.9544168105561, 24.982861934837928], [121.95447490698685, 24.982931977472568], [121.95457818107964, 24.983058802749838], [121.95466504070883, 24.98317501749246], [121.9547548873448, 24.98329836286828], [121.95484847885147, 24.98344103931119], [121.9549457258987, 24.983591474014048], [121.95508486438209, 24.983836059369395], [121.9552532254312, 24.984186161044068], [121.95537904948449, 24.984502032130194], [121.95549670213704, 24.984876770282973], [121.95554693834711, 24.98507913512616], [121.9555742180241, 24.985201112247065], [121.95560463251833, 24.985355749095422], [121.95562025103058, 24.98544141990628], [121.955642318514, 24.985592553470955], [121.95569035591198, 24.985943472261592], [121.95597120269028, 24.988034271506507], [121.95597137051803, 24.988035480124488], [121.95597220944744, 24.988041496132976], [121.95651816427137, 24.99210896588898], [121.95693824822311, 24.995238815142294], [121.95697285425906, 24.99549664571846], [121.95698929544328, 24.995619152452484], [121.95701943382586, 24.99584367291436], [121.95735361530022, 24.998333375939673], [121.95735401499667, 24.99833637954779], [121.95735406732139, 24.998336740313817], [121.9573543305539, 24.998338751767605], [121.9573550347831, 24.998343983225382], [121.95766379920461, 25.000644106637495], [121.9578775986573, 25.002236871484964], [121.95794234294824, 25.002760296921224], [121.95795899024785, 25.002909099348813], [121.9579714250242, 25.00311379145729], [121.95797556586625, 25.003247914360262], [121.9579767432318, 25.00339972328621], [121.95797309949366, 25.003528958246353], [121.95795923968481, 25.0037408702189], [121.95794114830545, 25.00393470015157], [121.95791943700756, 25.00408585302864], [121.95789057373352, 25.004277937785886], [121.95784789736395, 25.004469560812034], [121.95783793088601, 25.00451290312335], [121.9578374063656, 25.004515524493897], [121.95782175125824, 25.00457133439013], [121.95781478155465, 25.00459616895625], [121.95778764764935, 25.004694482306004], [121.9577510675363, 25.004826592473677], [121.95770055946811, 25.00498814994419], [121.95762360520257, 25.005200052859834], [121.95754141309634, 25.00538933028225], [121.95741564998164, 25.0056601000826], [121.95727874320797, 25.005899128385366], [121.9571525304945, 25.00611713477624], [121.95701825791669, 25.00630886856355], [121.95698952991796, 25.006349885076023], [121.95684919263292, 25.006538877252712], [121.95671304230153, 25.00671596209899], [121.95667727367314, 25.006762494546464], [121.95664023965601, 25.006810651058434], [121.95662570470157, 25.006829567015586], [121.95660531112311, 25.006854379541803], [121.95639474173208, 25.00711072628554], [121.9563460444732, 25.007170007464694], [121.95634129495562, 25.007175851755207], [121.95592577603179, 25.007688020626386], [121.95490070524411, 25.008953174455566], [121.95468666827556, 25.00921809024092], [121.95441250667417, 25.009559954361155], [121.95423929528465, 25.009775109390556], [121.95408131257695, 25.009977771681694], [121.95397787587514, 25.01010216702437], [121.95393041738492, 25.01015923677171], [121.95390849917173, 25.010185602435733], [121.95374291054182, 25.0103912922659], [121.95362127359749, 25.010543816619542], [121.95341329529055, 25.01079604417781], [121.95333060057852, 25.01089969617825], [121.95307133219663, 25.01121854146524], [121.95301848105856, 25.011282993930216], [121.95281718164715, 25.01153318279167], [121.95261157135839, 25.01178329970475], [121.95239323603124, 25.012056057722198], [121.95221129687351, 25.012282424446855], [121.95206268562623, 25.01244730751479], [121.95193001004658, 25.01258721749189], [121.95178002217102, 25.012734261612035], [121.95167355092856, 25.012835726776267], [121.95151632076198, 25.012969961743757], [121.95139241337064, 25.01307408406086], [121.95127498854912, 25.013167097015142], [121.95115483976183, 25.013258908583293], [121.95106779705542, 25.013322017323723], [121.95094435882763, 25.013403540290984], [121.95086946443706, 25.013451531307165], [121.95076911658334, 25.01351597076525], [121.95067665702949, 25.01357171131854], [121.95058453307101, 25.01362601428798], [121.95048298840614, 25.01368044964258], [121.95037564060122, 25.01373521090288], [121.95022675101733, 25.013809123231166], [121.95014169816999, 25.013848981781575], [121.94998887670064, 25.013916653873064], [121.94973012828844, 25.014021690451962], [121.9495819429631, 25.01407777723986], [121.94944346303939, 25.01412568613053], [121.94931855505232, 25.014169635419297], [121.94916745977756, 25.014220973826248], [121.94885922898031, 25.01432539494262], [121.94862294636056, 25.014404413262525], [121.94849324967679, 25.01444926809464], [121.94834420878303, 25.014497297512367], [121.9482315054825, 25.014536067485974], [121.94809324262397, 25.01458141895445], [121.9478616911919, 25.014658699706196], [121.94772126417429, 25.014708677716598], [121.94738727507433, 25.014819931381112], [121.94731761456879, 25.014844063553966], [121.94729560968652, 25.01485167857534], [121.94723675889382, 25.01487206762152], [121.94717676181135, 25.01489284310477], [121.94712672484218, 25.014910187836765], [121.94701806401427, 25.01494781173696], [121.94701767827561, 25.01494789544193], [121.94459000227597, 25.01571274906378], [121.94334319998381, 25.016122465313376], [121.94274825869434, 25.016338760760362], [121.94219177664026, 25.01654871961506], [121.94191807876075, 25.016653916091894], [121.94114939716688, 25.01700799827752], [121.94081101853021, 25.017163297624855], [121.9405100756766, 25.017304719134504], [121.94010354147838, 25.017492492727143], [121.93995950383298, 25.017563911977856], [121.93950141233708, 25.017741427805213], [121.9393693511457, 25.01779257597769], [121.93894369649902, 25.017909948009375], [121.93848450884563, 25.01800152765676], [121.93804201183451, 25.018074201499793], [121.93760912022726, 25.018098663147228], [121.93639770518882, 25.018062991457118], [121.93508364988503, 25.01799941676628], [121.93418376270319, 25.017967214080013], [121.93354957511804, 25.017947839062103], [121.9326299899734, 25.01790227468568], [121.93140111337681, 25.01780596175636], [121.93031342089634, 25.01763340548162], [121.92965715868445, 25.017531500346138], [121.92925617431422, 25.017508090720202], [121.92892198837751, 25.017505597483307], [121.92846538841945, 25.01753899678808], [121.9280461670536, 25.017598065969082], [121.92773597042003, 25.017636271696933], [121.92732134858045, 25.017710189642983], [121.92705354721653, 25.01778251316423], [121.92685135087166, 25.01783989361016], [121.92643702952317, 25.01798223592423], [121.92579845619693, 25.018216334124315], [121.92431561600498, 25.018840717919375], [121.92368582120093, 25.019091441179935], [121.92317391374192, 25.019270924876132], [121.92269086024302, 25.01942246832727], [121.92199395492904, 25.01961237665661], [121.92161643555787, 25.01970733087664], [121.92132417855466, 25.019777701875917], [121.91996230672979, 25.020098043599965], [121.91947271820776, 25.020218582136593], [121.91919585098424, 25.020293560005914], [121.91808517574191, 25.020594176695695], [121.91711072476318, 25.020852227704594], [121.91622139611506, 25.021087133991074], [121.91546048516531, 25.021237305635594], [121.9148240807614, 25.02134686144899], [121.91453270267377, 25.02137604661183], [121.9113673631657, 25.021452660982114], [121.91007467386888, 25.021498858101403], [121.908749, 25.021829], [121.908749, 25.021829], [121.90765490245369, 25.022222249316634], [121.90628742706926, 25.022846905615506], [121.90469192533894, 25.023481999412652], [121.90417695769372, 25.023638449618794], [121.90384981131365, 25.02373725849802], [121.90313800645167, 25.0238827237971], [121.90172149593946, 25.02398324121701], [121.90046375648572, 25.023949818472026], [121.89988017411349, 25.02387455498408], [121.8980724147608, 25.023379062785615], [121.8972747379132, 25.023231735019163], [121.8962969780083, 25.02319319427751], [121.89573641316798, 25.02323816632206], [121.89342673323017, 25.023651864541897], [121.89281629854139, 25.023747572220234], [121.89173895912583, 25.023874265472266], [121.88726670206592, 25.024169737840722], [121.8839632408166, 25.024347697091056], [121.88256930451128, 25.024472765695243], [121.88173049017072, 25.02461746443174], [121.88101923421007, 25.024810706579594], [121.88027169499804, 25.025065998761246], [121.87823855655485, 25.02594166048504], [121.87768916938347, 25.026165715675322], [121.87658389870099, 25.02654098342814], [121.87398347178615, 25.02723403951343], [121.87344472357239, 25.027387563961188], [121.87272210796544, 25.027496569089365], [121.8719333249731, 25.027619931747488], [121.87019951121891, 25.02807755687365], [121.86959027717934, 25.028253193986046], [121.86911998788545, 25.028428831098438], [121.86865838263824, 25.028651679826496], [121.86826624976537, 25.028937477200117], [121.86785886091096, 25.02933804597019], [121.86686095688432, 25.03073004888875], [121.86648038150722, 25.031578403076775], [121.866321398055, 25.032122552356853], [121.8662245382366, 25.03267788902305], [121.86621283482809, 25.033217530871838], [121.8662329189865, 25.033670128129508], [121.86631063839917, 25.034122725387178], [121.86641346754031, 25.03531112569934], [121.86673576780134, 25.03756852420191], [121.86695432460837, 25.038812866245458], [121.86694856108292, 25.0388755287916], [121.86721610366023, 25.040261141651968], [121.86731113012414, 25.04083824113839], [121.86756657597884, 25.042071380867306], [121.86768144766728, 25.042444840056238], [121.86784988714832, 25.04271532784555], [121.86844075961156, 25.043474099622287], [121.86873326721556, 25.04386409998212], [121.86894221965406, 25.044253759900265], [121.86903629758118, 25.044492039199383], [121.86915135146837, 25.044769911283147], [121.86921436904294, 25.044966128139713], [121.8692673022314, 25.045178799109486], [121.86927324130033, 25.04538674015874], [121.8692374078216, 25.045594681207994], [121.8691699795285, 25.04594844676737], [121.86905794185083, 25.046357127813778], [121.86890276620586, 25.046648730329743], [121.86880592285925, 25.04679747926125], [121.86871225691073, 25.046934713778263], [121.86859113198344, 25.047091913600074], [121.86818166048896, 25.047464268196066], [121.86795785089973, 25.047602607848365], [121.86756589042422, 25.04782018859553], [121.86718005116799, 25.04794931430429], [121.86675895827615, 25.04803482788667], [121.86644511717574, 25.048063617484225], [121.86616519372427, 25.048081233338188], [121.86577055729539, 25.048051088339086], [121.86521299230253, 25.047976423677362], [121.8645105984767, 25.047876364105296], [121.86399129689896, 25.04781097012087], [121.86383630351858, 25.04778849398149], [121.86339018719302, 25.04774015003801], [121.8630526979104, 25.047735365229343], [121.86279672725816, 25.047755302251613], [121.86241610262496, 25.047807505249843], [121.86206218955807, 25.047919400245366], [121.86166085585626, 25.048052785916006], [121.86135746456904, 25.048195851230673], [121.86115012132535, 25.048307107978996], [121.86071408669466, 25.048618462097153], [121.86043616447444, 25.0488986085596], [121.86030235253293, 25.049031466544967], [121.85996691035218, 25.049504387886067], [121.85968551792428, 25.05009760612831], [121.85944216506701, 25.050621901450217], [121.85909070153039, 25.05130675810377], [121.85892828361236, 25.051628509841457], [121.8587525518441, 25.052024352833932], [121.85845535641502, 25.0526860023001], [121.85829724880855, 25.053035780436765], [121.85811631745955, 25.0534148500188], [121.85806382009662, 25.05352626641926], [121.85785688345455, 25.053897287987272], [121.85782188636279, 25.053969079404737], [121.85770890814959, 25.05414769802185], [121.85758950681392, 25.054335154757577], [121.85733200038163, 25.054611522550914], [121.85690902182174, 25.054934411431297], [121.85591643818654, 25.055463129784012], [121.85520906418151, 25.055842027174393], [121.85459842097023, 25.056162505899785], [121.85438354303618, 25.05629532731554], [121.85378335410502, 25.05669979479242], [121.85360830000886, 25.056865710242057], [121.85309450264958, 25.057519544273983], [121.85261515159624, 25.058047121012912], [121.85242036334753, 25.058254336843614], [121.85219436642288, 25.05844489638971], [121.85204595559398, 25.058551994812607], [121.85191245523494, 25.058632079176604], [121.83030252790842, 25.05917470326382], [121.83011556110209, 25.059226691843868], [121.8299155089905, 25.05928269842673], [121.82971349116771, 25.059339708773376], [121.829529516965, 25.059391697958784], [121.82932554619819, 25.059448691610264], [121.82912852933414, 25.059503705202555], [121.8289295367228, 25.059559704557074], [121.8287245643436, 25.059616693956176], [121.82855254493704, 25.059664706233693], [121.8283454977591, 25.059722717794735], [121.8281374758996, 25.059781727553258], [121.82793949317634, 25.059837710937014], [121.82781454228005, 25.059872703788834], [121.827685544465, 25.059908703113077], [121.82748853592201, 25.059963705480982], [121.82728153713107, 25.060021697250935], [121.82708753450873, 25.06007570735484], [121.82690249762686, 25.06012770827059], [121.82671049667401, 25.0601817157689], [121.82651551891189, 25.060236705555024], [121.82633239784177, 25.060287747196497], [121.82631542398727, 25.06029274369396], [121.82628673501421, 25.060300658132522], [121.82626766015146, 25.060305675343262], [121.8262004621269, 25.060324727558683], [121.82602350830528, 25.060374714379233], [121.82583354143684, 25.060427707366838], [121.82564752229406, 25.060479712199903], [121.82545848687619, 25.060532726617378], [121.8253384438124, 25.060566733191095], [121.82526444965252, 25.06058773663483], [121.8250914923807, 25.060636716126623], [121.82504846951937, 25.06064872730241], [121.82499239086083, 25.060664747081134], [121.8248983767546, 25.06069175666137], [121.82479722042136, 25.06072080097726], [121.82470795406694, 25.060747874343985], [121.8246187537827, 25.060775940338374], [121.82453240816902, 25.060804053622622], [121.82444103474306, 25.060836185018196], [121.82436946365667, 25.060862392581907], [121.8243572574854, 25.06086747974989], [121.82431625328144, 25.060883478782944], [121.82429213746599, 25.060893534103094], [121.82423983909287, 25.060914651325376], [121.82414407064165, 25.060958001291613], [121.8240715655788, 25.060994252706372], [121.82399412163329, 25.061034485628163], [121.8239116040169, 25.061080777169668], [121.82383520563118, 25.061126204167408], [121.82383404382847, 25.06112735713183], [121.82381191560722, 25.061141192984522], [121.82378967062492, 25.06115535447917], [121.82375932910413, 25.061175573339142], [121.82368700642385, 25.061225798446944], [121.82361056504936, 25.06128112896366], [121.8235380161118, 25.06133755728966], [121.82347048226312, 25.061394002907694], [121.8234010553901, 25.061456390196], [121.82333362733263, 25.06151978650053], [121.82326305255378, 25.061591361268114], [121.82320071897341, 25.061660732693184], [121.8231459068141, 25.061722524263082], [121.82314435254807, 25.061724275226496], [121.82313204567154, 25.061739528051312], [121.82310296640004, 25.061776630621655], [121.82308779203393, 25.06179586250113], [121.8230626085097, 25.06183009974155], [121.8230328272975, 25.061870438108222], [121.82301444970358, 25.061895321023883], [121.82298515817077, 25.06193775109495], [121.82293384672478, 25.062016206387142], [121.82288453788345, 25.06209771998407], [121.82283524925322, 25.0621852368776], [121.82279291854509, 25.0622668652462], [121.82274964678813, 25.062360451500066], [121.82271343056031, 25.06244495288742], [121.82267617865878, 25.062540600193206], [121.82264492349604, 25.062633352483182], [121.82262181222106, 25.062713763912832], [121.82261436628839, 25.06274009384354], [121.8226026330992, 25.0627848821006], [121.82258655752905, 25.06285174909821], [121.82257242328394, 25.0629213949002], [121.82256837986952, 25.06294668584807], [121.82256637850855, 25.062958667672856], [121.82255432708453, 25.063032987313242], [121.82254325939735, 25.06311956112655], [121.82253522341524, 25.06320596467277], [121.82252719774188, 25.063307272901984], [121.82252217801641, 25.063395645831953], [121.82251917222311, 25.06348282497513], [121.82251616820105, 25.06356878536735], [121.82251416064956, 25.06361992038108], [121.8225131574543, 25.063673035925795], [121.82250633432557, 25.063985621884253], [121.8224541815652, 25.065618607073844], [121.82245333131098, 25.0656263485249], [121.82245232040368, 25.06563526446723], [121.82245126979147, 25.065644171601793], [121.82245018938549, 25.065653069873676], [121.82244906921431, 25.065661950310407], [121.82244789948736, 25.06567083102165], [121.8224466800841, 25.065679693952653], [121.8224454209156, 25.065688539048487], [121.82244410234046, 25.065697393501107], [121.82244361778908, 25.065700528798025], [121.82244221980413, 25.0657093656351], [121.82244077226335, 25.06571820274665], [121.82243927510646, 25.065727031105336], [121.82243772839371, 25.065735859738524], [121.82243614209652, 25.06574469761864], [121.82243451609432, 25.06575352669099], [121.8224328604188, 25.065762364955386], [121.8224311650985, 25.06577120343937], [121.8224294499557, 25.065780042033133], [121.82242769516817, 25.06578888084648], [121.82242593046927, 25.06579771971469], [121.82242412612555, 25.065806558802493], [121.82242231187047, 25.065815397945173], [121.8224204777929, 25.065824237197617], [121.8224186238928, 25.065833076559844], [121.82241675010987, 25.065841907004472], [121.82241486647585, 25.065850746531343], [121.82241296301929, 25.065859586167996], [121.82241104959108, 25.06586841683214], [121.82241081877586, 25.065869474351864], [121.82240888564561, 25.0658783231805], [121.82240694248341, 25.065887154009285], [121.82240498940982, 25.06589598489295], [121.82240302636453, 25.06590480680413], [121.82240105346811, 25.06591363779753], [121.82239907060001, 25.065922459818438], [121.82239707782051, 25.065931281894215], [121.82239506521843, 25.06594010407975], [121.82239305261609, 25.065948926265264], [121.82239103004207, 25.065957739478275], [121.82238898764547, 25.065966552801047], [121.82238694524858, 25.065975366123816], [121.82238488296886, 25.06598417052896], [121.82238282068886, 25.06599297493407], [121.822380738526, 25.066001770421593], [121.82237863654056, 25.066010566018868], [121.82237653455485, 25.06601936161611], [121.82237441268626, 25.06602814829576], [121.8223722709348, 25.06603692605779], [121.82237011939246, 25.06604572192944], [121.82236848864714, 25.066052357295526], [121.82236709899037, 25.06605798925127], [121.82236631716142, 25.06606113522217], [121.82236548716295, 25.066064489097013], [121.82230805588348, 25.06628511021111], [121.82230695361257, 25.066289251003667], [121.82230462347968, 25.066298020780287], [121.82230229340678, 25.066306799584233], [121.82230031139706, 25.06631426744359], [121.82229994399334, 25.06631565071687], [121.82227414381103, 25.06641654276449], [121.8222728769048, 25.066421262241516], [121.82227052700519, 25.06643004115473], [121.82226817704496, 25.066438811040523], [121.82226582708445, 25.066447580926287], [121.8222634870348, 25.066456350757118], [121.82226113707362, 25.066465120642796], [121.82225878705187, 25.06647388150107], [121.82225643709009, 25.066482651386675], [121.82225408706772, 25.066491412244872], [121.82225173704502, 25.066500173103027], [121.82224937711084, 25.06650893401604], [121.82224783919798, 25.066514629985527], [121.82224547920298, 25.06652338187111], [121.82224310935675, 25.06653214283891], [121.82224073951022, 25.06654090380667], [121.82223835975213, 25.066549664829267], [121.82223598984466, 25.066558416769585], [121.82223361008596, 25.066567177792116], [121.82223122041572, 25.066575938869498], [121.82222884059611, 25.066584690864584], [121.82222645092523, 25.066593451941866], [121.82222406125405, 25.066602213019127], [121.82222167152224, 25.066610965068982], [121.8222192719392, 25.066619726201054], [121.82221688220677, 25.066628478250816], [121.8222144826231, 25.06663723938281], [121.82221208297881, 25.066645991487384], [121.82220968333422, 25.066654743591922], [121.82220916084454, 25.066656651330533], [121.82220727383836, 25.06666350477867], [121.82220701256335, 25.066664454134298], [121.82216009846732, 25.066833333348782], [121.82215867514272, 25.066838378688193], [121.8221586267918, 25.066838559509986], [121.82202447444959, 25.067241161450376], [121.82195960975848, 25.0674709054437], [121.8219348118508, 25.067598784704145], [121.82191348463843, 25.067784837304245], [121.82191186504872, 25.067799091982415], [121.82190928404559, 25.06783414277789], [121.82189664776514, 25.068006596677705], [121.82189559549812, 25.068301916637054], [121.82190140030343, 25.06848408154308], [121.82194032377339, 25.06866380616031], [121.82200832432997, 25.068903801182515], [121.82208913826825, 25.069086950007158], [121.82209568989997, 25.069101791374518], [121.82211540158981, 25.06914442837091], [121.82217990754599, 25.06928400949353], [121.82228984958722, 25.06947707177845], [121.82238908604859, 25.069626914492964], [121.82261586228574, 25.069916855451048], [121.82294018655452, 25.070314244606312], [121.82308796413339, 25.07052358105559], [121.82321315020964, 25.070739912699665], [121.82333295233578, 25.071012245792502], [121.82340981349019, 25.0712233564181], [121.82343321380115, 25.071337228342987], [121.82354524692987, 25.07204097459848], [121.82363225048559, 25.0727694600211], [121.82368217605557, 25.073286370439376], [121.8236807886995, 25.073333836712578], [121.82367877981041, 25.073402485398677], [121.82362774648061, 25.07408621896158], [121.82362690574736, 25.074093897163753], [121.82362592509307, 25.074102885157462], [121.82362494443865, 25.074111873151175], [121.82362396378413, 25.07412086114485], [121.82362298318986, 25.07412985816589], [121.82362267506174, 25.074132694570494], [121.82362201244689, 25.074138846104546], [121.82362169513155, 25.074141790892412], [121.82362103185237, 25.074147843125544], [121.82362007108135, 25.074156840036547], [121.82361910033802, 25.07416582797516], [121.82361813956675, 25.074174824886136], [121.82361734682145, 25.074182268101957], [121.82361717885573, 25.07418383082444], [121.82361704824258, 25.074185050287415], [121.82361621808423, 25.074192827735367], [121.82361526728478, 25.074201833618652], [121.82361432633667, 25.074210830419577], [121.82361338550918, 25.074219845275195], [121.823612454533, 25.07422885104843], [121.82361178430017, 25.0742353456769], [121.82361152361712, 25.074237865849025], [121.8236106026129, 25.074246880594615], [121.82361024921262, 25.074250358216393], [121.8236096915204, 25.074255895285184], [121.8236087904, 25.074264918948092], [121.82360789913089, 25.07427393352864], [121.82360701783387, 25.074282957081525], [121.82360614650896, 25.074291989606767], [121.82360533127323, 25.074300516270107], [121.82360447977175, 25.074309548685328], [121.82360364809377, 25.07431858099054], [121.82360281641571, 25.074327613295736], [121.8236019945286, 25.074336627491217], [121.8236011826136, 25.074345650659037], [121.8236003806103, 25.074354673771854], [121.82359958845835, 25.07436368780232], [121.82359885161065, 25.074372078615248], [121.82359879642708, 25.074372719887464], [121.82359874082081, 25.074373297968194], [121.82359801412638, 25.07438172483554], [121.82359723188597, 25.074390738810955], [121.82359645955728, 25.074399752731367], [121.82359568716812, 25.0744087576244], [121.82359503451444, 25.07441639867182], [121.82359491477887, 25.074417762517445], [121.82359473073289, 25.07441988504588], [121.8235941424499, 25.074426776437818], [121.82359338003269, 25.074435790303177], [121.8235926174946, 25.074444786113812], [121.82359185501679, 25.07445379095181], [121.82359109253893, 25.07446279578978], [121.82359033997277, 25.074471800572738], [121.82358969650575, 25.074479333236827], [121.82358957749472, 25.074480805410683], [121.82358881495617, 25.07448980122128], [121.82358862190392, 25.074492059215025], [121.82358805241752, 25.074498797031843], [121.82358729979063, 25.074507792787415], [121.8235865372518, 25.074516788597954], [121.8235857647407, 25.07452577543613], [121.8235850022017, 25.074534771246665], [121.82358422969038, 25.074543758084808], [121.82358354880962, 25.074551624980934], [121.82358345711857, 25.074552735895605], [121.82358330051315, 25.074554515219514], [121.82358267475564, 25.074561731816082], [121.8235818922718, 25.074570709681844], [121.82358110984829, 25.074579696574936], [121.82358045598542, 25.074587157075047], [121.82358031739207, 25.07458866546832], [121.82358015165973, 25.074590562202832], [121.8235795150843, 25.074597643444026], [121.82357871277641, 25.074606621419736], [121.8235779004962, 25.074615590423058], [121.82357707824369, 25.074624550454022], [121.82357643085035, 25.074631496339844], [121.8235763481049, 25.074632462761816], [121.82357623695236, 25.07463362795057], [121.82357550602848, 25.07464142290275], [121.82357466407277, 25.074650401098367], [121.82357381214467, 25.07465937032163], [121.82357295036506, 25.074668348627217], [121.82357207867346, 25.074677326987803], [121.8235712168936, 25.07468630529336], [121.8235705117194, 25.07469350427504], [121.8235703452018, 25.074695283653924], [121.8235701690139, 25.0746970991972], [121.82356946365843, 25.074704271096802], [121.82356859202679, 25.074713258484696], [121.82356807234827, 25.074718551594504], [121.82356771054359, 25.07472225495491], [121.8235675991494, 25.07472338403424], [121.8235668289395, 25.074731233370414], [121.8235659474561, 25.074740229840604], [121.82356521417614, 25.07474767272578], [121.82356506597255, 25.074749226310775], [121.82356491776895, 25.074750779895776], [121.82356418448892, 25.074758222780957], [121.82356331297738, 25.074767228223475], [121.82356243149353, 25.074776224693608], [121.82356156004218, 25.07478523916345], [121.8235608466459, 25.074792690965957], [121.82356069844221, 25.074794244550947], [121.8235601792462, 25.074799609879527], [121.82355983690252, 25.07480325896577], [121.82355897536269, 25.07481227338058], [121.82355812379502, 25.074821296767738], [121.82355728213912, 25.074830320099878], [121.82355663528737, 25.074837347231693], [121.82355645045534, 25.074839352404382], [121.8235556186507, 25.07484836665416], [121.82355482558764, 25.074857245273627], [121.8235548064885, 25.074857353711874], [121.82355401414996, 25.07486634065957], [121.82355341552882, 25.074873168914568], [121.82355322217363, 25.074875381771395], [121.82355277103164, 25.074880548113157], [121.82355244016944, 25.074884431855573], [121.82355211867561, 25.074888234296804], [121.82355167792849, 25.074893472802394], [121.8235515677417, 25.074894782428782], [121.82355092578048, 25.074902540776275], [121.82355019339573, 25.074911599612776], [121.82354992811229, 25.074914914246865], [121.82354947092274, 25.074920658394287], [121.82354889629134, 25.074928109426704], [121.82354877830605, 25.07492973506552], [121.82354809560113, 25.07493881168173], [121.82354744269213, 25.074947897160314], [121.82354680966719, 25.074956991556235], [121.82354620643815, 25.07496609481452], [121.82354563300504, 25.074975206935182], [121.82354507945601, 25.074984327973183], [121.82354456561478, 25.07499345781855], [121.823544091421, 25.075002587443926], [121.82354373412565, 25.075009928938115], [121.8235433293149, 25.07501905817852], [121.82354295417935, 25.07502817822656], [121.82354272816266, 25.07503439955883], [121.82354261875166, 25.07503730708197], [121.82354230302691, 25.07504641777269], [121.82354222220422, 25.075049153611108], [121.8235420170378, 25.075055528298396], [121.82354180823928, 25.07506284188555], [121.8235417606635, 25.075064620604397], [121.8235417281412, 25.07506568605223], [121.82354152417334, 25.07507372182775], [121.82354130744652, 25.07508281391376], [121.82354111060386, 25.075091914917124], [121.82354097239616, 25.075099408666386], [121.82354094337606, 25.07510099770079], [121.82354092783952, 25.07510163875294], [121.8235407760879, 25.075110071457072], [121.82354063859572, 25.075119154075736], [121.82354051095507, 25.075128227612016], [121.82354041221373, 25.075135694059195], [121.82354039322631, 25.075137301093314], [121.82354028540942, 25.07514637451958], [121.82354026787118, 25.07514819821021], [121.82354019735592, 25.075155438808512], [121.82354016148544, 25.075160449375264], [121.82354011921434, 25.07516450304244], [121.82354009507625, 25.07516830383369], [121.82354005098463, 25.07517356722135], [121.82353999266684, 25.075182631345264], [121.82353995938382, 25.07518951062939], [121.82353994432133, 25.07519170444151], [121.82353993699688, 25.075193573213895], [121.82353990576694, 25.07520075942806], [121.82353987718484, 25.075209823386967], [121.82353985845428, 25.075218878263506], [121.82353984372705, 25.075225567863143], [121.82353983972372, 25.075227933140017], [121.82353984344947, 25.075231453918263], [121.82353984087734, 25.0752369969339], [121.82353984197061, 25.075246051700415], [121.82353984810274, 25.07525141411394], [121.8235398530362, 25.075255115439262], [121.82353986455145, 25.075259800746228], [121.82353987673993, 25.07526310481294], [121.82353989771744, 25.075272168496788], [121.82353992970275, 25.075279914076898], [121.82353993845838, 25.075281223043284], [121.82353994914627, 25.075282820885015], [121.82353998929237, 25.075290304616825], [121.82354004991757, 25.075299368080664], [121.82354013054771, 25.075308458516545], [121.8235402210294, 25.075317539870092], [121.82354033139531, 25.075326630140967], [121.82354045167315, 25.075335720356858], [121.82354060180752, 25.075344828462445], [121.82354077176572, 25.075353936458033], [121.82354097145968, 25.07536304428862], [121.82354120094978, 25.075372160981566], [121.82354145038452, 25.07538129561922], [121.82354173940654, 25.075390421009523], [121.8235420682574, 25.0753995732619], [121.82354242684404, 25.07540872534928], [121.82354283505067, 25.075417886189026], [121.82354328296542, 25.075427055836112], [121.82354375657022, 25.075435620485486], [121.82354379041206, 25.075436234180593], [121.82354383573582, 25.075437082531888], [121.82354405849001, 25.075440746537808], [121.82354463513903, 25.075449897415208], [121.82354526140809, 25.07545905704498], [121.82354593711604, 25.075468198345053], [121.82354665241138, 25.075477330397767], [121.8235473973822, 25.075486453258122], [121.82354805345666, 25.075494141209113], [121.82354818188003, 25.075495557843762], [121.82354898614145, 25.07550465329204], [121.82354982001797, 25.075513730520615], [121.82355068363037, 25.075522807584164], [121.82355156700639, 25.075531875510368], [121.82355247014601, 25.075540934299198], [121.82355287360988, 25.075544940354533], [121.82355339304921, 25.075549983950648], [121.82355401837093, 25.07555603806044], [121.8235543258041, 25.075559024519734], [121.82355455841919, 25.075561198902143], [121.823555278383, 25.075568064978818], [121.82355545817772, 25.075569752159073], [121.82355557445509, 25.075570834836604], [121.823560103417, 25.075612183606435], [121.82356048283057, 25.075615557856924], [121.82356061971691, 25.075616757780043], [121.82356165147145, 25.075625779744307], [121.82356241912379, 25.075632365697903], [121.82356270311041, 25.0756348106259], [121.82356286066606, 25.075636136821977], [121.82356290291035, 25.0756365247782], [121.82356376460109, 25.075643832425122], [121.82356483606424, 25.075652863196684], [121.82356503526037, 25.075654487075433], [121.8235652554881, 25.07565629139127], [121.8235654444704, 25.07565787018826], [121.8235687238365, 25.07568430312093], [121.8235688182975, 25.07568508800573], [121.82356931024525, 25.07568898523772], [121.82357047091666, 25.075698015514178], [121.82357102408734, 25.07570217420942], [121.82357166138446, 25.075707054652977], [121.82357287161591, 25.0757160846544], [121.82357410179219, 25.075725132600517], [121.8235753616441, 25.075734171354252], [121.82357665129238, 25.075743218970302], [121.8235779706767, 25.075752266421357], [121.8235792573664, 25.075760871697035], [121.8235793198574, 25.07576132273474], [121.8235793716514, 25.07576165647184], [121.82358070868607, 25.075770378828075], [121.8235819822033, 25.075778496681604], [121.82358213722307, 25.075779443728766], [121.82358244744381, 25.07578136490514], [121.82358360540807, 25.075788508409428], [121.823585123153, 25.075797572815045], [121.82358637129124, 25.075804860261954], [121.82358789623106, 25.075813518381615], [121.82358795811822, 25.075813879145755], [121.8235879992153, 25.075814095582253], [121.82358959486751, 25.07582295191865], [121.82359127090245, 25.075831970307394], [121.82359297661311, 25.07584097950377], [121.82359471199948, 25.075849979507733], [121.82359647700115, 25.075858961291946], [121.82359827167856, 25.07586793388379], [121.82360008618012, 25.075876906365572], [121.82360053691994, 25.07587908856513], [121.82360193029702, 25.07588586062762], [121.82360305678444, 25.075891261962358], [121.82360379417771, 25.075894805752256], [121.82360568773414, 25.075903741684513], [121.82360606643338, 25.075905527065494], [121.82360759108204, 25.07591265950702], [121.82360791859105, 25.075914201424442], [121.82360985155435, 25.075923101027186], [121.8236107921994, 25.075927392987357], [121.82361179455069, 25.075932018629594], [121.82361220328791, 25.07593384898231], [121.82361375725041, 25.075940918067246], [121.82361549458027, 25.07594872640512], [121.82361573977435, 25.075949817394847], [121.82361622000904, 25.075951963319902], [121.82361773215015, 25.075958707640066], [121.8236190805066, 25.075964676487818], [121.82361973437783, 25.075967588802868], [121.82362174651776, 25.075976469910632], [121.82362377842152, 25.075985341880994], [121.82362581038598, 25.07599422287866], [121.82362785214191, 25.076003085766583], [121.82362990381012, 25.076011948599437], [121.8236319653302, 25.076020802349902], [121.82363333278728, 25.076026662759194], [121.82363540428025, 25.076035525481934], [121.8236373017745, 25.076043567650526], [121.82363750550938, 25.076044388039605], [121.82363759755548, 25.076044811830187], [121.82363962686472, 25.076053295623996], [121.82364176804431, 25.076062203098346], [121.82364393902051, 25.076071119434953], [121.82364405089054, 25.076071543115525], [121.82364615961723, 25.076080044523874], [121.82364841001055, 25.07608897847508], [121.82365005832587, 25.076095333848453], [121.823650719876, 25.076097912096206], [121.82365307942239, 25.07610686349697], [121.82365549832012, 25.07611579651292], [121.82365664633454, 25.076119969961944], [121.82365822031464, 25.076125585477254], [121.82365914434736, 25.076128875455726], [121.82366001700849, 25.076131894888615], [121.8236617117443, 25.076137780564416], [121.82366431860831, 25.076146658370952], [121.82366616407751, 25.076152850151608], [121.8236669649998, 25.076155517902713], [121.82366819134441, 25.07615954647389], [121.82366965085833, 25.076164350132302], [121.82367236633242, 25.076173164142112], [121.8236751212736, 25.07618195084977], [121.82367665023226, 25.076186763150396], [121.8236778959787, 25.076190728420006], [121.8236804066314, 25.076198559548242], [121.82368071015092, 25.076199478688064], [121.82368353417512, 25.076208219873696], [121.82368584151581, 25.076215293804303], [121.82368871491944, 25.07622400763271], [121.82368968615818, 25.076226945269106], [121.8236915882631, 25.076232712433686], [121.82369449128271, 25.076241408042204], [121.8236956139192, 25.076244751084324], [121.82369740409392, 25.076250085540938], [121.82370032675712, 25.07625875395723], [121.82370324936036, 25.076267413346105], [121.82370552437034, 25.07627409926514], [121.82370619178798, 25.07627607262487], [121.8237074354828, 25.07627973096414], [121.82370913415564, 25.07628472287622], [121.82371208631488, 25.076293355017754], [121.82371397687923, 25.076298878498434], [121.82371503847457, 25.076301987159226], [121.82371652458737, 25.076306321229634], [121.82371799057428, 25.076310610273264], [121.82371851638588, 25.076312160117485], [121.82372094273487, 25.076319242414584], [121.82372114471922, 25.076319801010257], [121.82372408684743, 25.076328415151792], [121.82372703894849, 25.07633703826559], [121.82372999098956, 25.076345652351954], [121.82373294303106, 25.076354266438244], [121.82373314507595, 25.076354834061245], [121.82373590504537, 25.07636288949677], [121.82373752261272, 25.076367611027923], [121.82373885714814, 25.07637151261025], [121.82374181910292, 25.076380126641286], [121.823743184039, 25.076384127359407], [121.82374477120655, 25.076388749754607], [121.82374772325018, 25.076397363840492], [121.82375068526666, 25.07640598689863], [121.82375364722317, 25.076414600929354], [121.8237565993285, 25.07642322404235], [121.82375856036816, 25.07642890962953], [121.82375956134628, 25.076431847100267], [121.82376029923688, 25.076433982566943], [121.82376252330405, 25.076440461130748], [121.8237644642183, 25.076446101691065], [121.82376548532271, 25.076449084188503], [121.82376642537953, 25.07645180533279], [121.82376844728135, 25.076457698218807], [121.82377007476326, 25.076462419694465], [121.82377141921283, 25.076466321221393], [121.82377383535413, 25.07647335843558], [121.82377438123275, 25.076474944278903], [121.8237773531047, 25.076483558253972], [121.82378015327176, 25.076491694714502], [121.82378032503749, 25.076492181256313], [121.82378057773006, 25.076492911096523], [121.82378329691028, 25.076500795231222], [121.82378626884393, 25.076509418233393], [121.82378685509575, 25.076511112184836], [121.82378924077801, 25.07651804123549], [121.82379017050111, 25.076520699243133], [121.82379222256411, 25.076526655155142], [121.82379521456467, 25.07653531415646], [121.82379818619803, 25.076543892021572], [121.8238006927586, 25.076551109287067], [121.82380117795783, 25.0765525149133], [121.82380416971807, 25.076561137804973], [121.82380679751881, 25.07656869744954], [121.82380716135796, 25.07656974264186], [121.82380749491743, 25.076570706753042], [121.82381016309147, 25.076578374505697], [121.82381317461662, 25.07658698825975], [121.82381617629059, 25.076595611096074], [121.82381919778905, 25.07660423382227], [121.82382166361681, 25.07661128881503], [121.8238222192275, 25.076612847521055], [121.82382271452046, 25.076614280174237], [121.8238252407268, 25.076621470247108], [121.8238266451957, 25.07662545268942], [121.82382827207816, 25.076630083890706], [121.82383131340235, 25.07663870650656], [121.82383436457859, 25.07664732003994], [121.82383742572769, 25.07665594254559], [121.82384048675641, 25.07666454699645], [121.82384260808769, 25.076670484467694], [121.82384356773042, 25.0766731693919], [121.82384665855646, 25.076681782704892], [121.82384738581327, 25.076683809897773], [121.82384750693213, 25.07668413422223], [121.82385059763791, 25.076692729480403], [121.82385158731908, 25.076695459376236], [121.823853718201, 25.07670134262814], [121.82385683864374, 25.076709937721095], [121.82385996899893, 25.07671853275894], [121.82386309935457, 25.07672712779669], [121.82386623956228, 25.076735713751983], [121.82386938968243, 25.076744299652173], [121.82387254965465, 25.076752876469897], [121.82387569965492, 25.07676144431522], [121.82387885962805, 25.076770021132763], [121.82388202945324, 25.076778588867846], [121.82388309951942, 25.07678148081558], [121.8238851992789, 25.076787156602865], [121.82388674378866, 25.076791327848515], [121.82388836904458, 25.076795715310418], [121.82389154878315, 25.076804282990217], [121.82389471854978, 25.076812841697613], [121.82389738347256, 25.076820021971194], [121.82389789822886, 25.07682140034988], [121.82389891782951, 25.07682415716229], [121.8239010779084, 25.076829959002072], [121.82390236984605, 25.076833418462282], [121.82390425758841, 25.07683851765416], [121.82390744712048, 25.076847067223785], [121.82390967797392, 25.076853076307344], [121.823910626741, 25.076855616848363], [121.82391190858593, 25.076859049281424], [121.82391381633438, 25.07686417544516], [121.82391464416365, 25.07686641874382], [121.82391699595581, 25.076872725069563], [121.8239201755777, 25.076881274693843], [121.8239219822733, 25.076886112532428], [121.82392336511205, 25.076889824263038], [121.82392522245556, 25.076894824318774], [121.82392654467442, 25.076898364859797], [121.82392972429768, 25.07690691448384], [121.82393291383342, 25.07691546405275], [121.82393608348515, 25.076924004704278], [121.82393722402566, 25.07692705875864], [121.82393926310976, 25.076932554328035], [121.82394244267442, 25.076941094924358], [121.82394380550913, 25.076944779682716], [121.82394561232755, 25.076949635575627], [121.82394878204153, 25.076958185254142], [121.8239519516955, 25.076966725905233], [121.82395511143795, 25.076975266611235], [121.82395827118084, 25.07698380731718], [121.82396142107255, 25.076992357105386], [121.82396258198222, 25.07699549229562], [121.82396457090432, 25.077000897866178], [121.8239677108245, 25.077009438681884], [121.82396868008276, 25.077012078413247], [121.82397085074516, 25.07701797949753], [121.82397370805393, 25.077025763556335], [121.82397398075418, 25.07702652036811], [121.82397463718094, 25.07702833128893], [121.82397710085165, 25.07703506129361], [121.82397840331, 25.077038610971442], [121.82398022094957, 25.07704360221905], [121.82398161448947, 25.077047431249472], [121.82398332122384, 25.077052143254434], [121.82398576507147, 25.077058873369005], [121.82398582569171, 25.0770590445585], [121.82398595702546, 25.077059413964527], [121.82398890596146, 25.077067558621756], [121.82399199644578, 25.077076117766637], [121.8239950670461, 25.077084667994157], [121.82399814761928, 25.077093227193895], [121.82400120842925, 25.07710179553097], [121.82400427915172, 25.077110363812942], [121.82400733996259, 25.077118932149844], [121.82400827948649, 25.077121572045936], [121.82401040083433, 25.07712750951401], [121.82401301747981, 25.077134879634393], [121.82401345179443, 25.077136086933127], [121.82401650275501, 25.077144664352183], [121.82401874546517, 25.077150962253768], [121.82401955371604, 25.077153241771132], [121.8240203013466, 25.07715535009899], [121.8240226047379, 25.07716182821735], [121.82402383733125, 25.077165306061058], [121.82402564584818, 25.07717041471852], [121.82402858584442, 25.07717870386734], [121.82402868683803, 25.07717898316489], [121.82402884845202, 25.07717943365195], [121.82403173798211, 25.077187587665573], [121.82403337479234, 25.077192218808843], [121.82403477915412, 25.07719618319384], [121.82403782026616, 25.077204769694696], [121.82403937602813, 25.07720913948495], [121.82404087129069, 25.077213356140415], [121.82404165935573, 25.077215581603575], [121.82404391246402, 25.077221951668445], [121.82404695363782, 25.077230547196372], [121.8240500047241, 25.077239142669196], [121.82405305581082, 25.077247738141942], [121.82405609698594, 25.077256333669627], [121.8240591579856, 25.077264929087164], [121.82406079473755, 25.077269551202683], [121.82406220907365, 25.07727352455966], [121.82406400725881, 25.077278570080075], [121.82406527013464, 25.077282129004377], [121.82406666434477, 25.07728605733462], [121.82406833113562, 25.07729072442167], [121.82407139219748, 25.077299328866225], [121.82407314976835, 25.077304230169013], [121.82407446311142, 25.077307924228307], [121.82407503885497, 25.07730952795975], [121.82407753402582, 25.07731651959031], [121.82407909964235, 25.07732088029764], [121.82408061491313, 25.077325123924545], [121.82408370571294, 25.07733372820365], [121.82408618027512, 25.077340602588528], [121.8240867964528, 25.077342323455333], [121.82408756409114, 25.077344458754723], [121.82408989716559, 25.077350927679237], [121.82409300773044, 25.077359522820675], [121.8240961183562, 25.077368126989366], [121.82409910749955, 25.0773763526697], [121.8240992488065, 25.077376731047906], [121.82409949122831, 25.077377406778318], [121.8241023791364, 25.077385317051654], [121.82410297476527, 25.077386929700232], [121.82410552935134, 25.0773939119726], [121.82410597370078, 25.077395137270646], [121.82410772021426, 25.077399867108273], [121.82410913376786, 25.07740372310909], [121.82411230374748, 25.077412308892416], [121.82411433269425, 25.077417768404285], [121.82411548370004, 25.07742090364798], [121.8241186735047, 25.077429489321045], [121.82411882490516, 25.077429894726254], [121.82412186318895, 25.077438056939325], [121.82412451768354, 25.077445156016434], [121.82412507269781, 25.077446624447436], [121.82412827223463, 25.07745518298316], [121.82412873652954, 25.077456426225748], [121.8241314817444, 25.07746375049109], [121.82413339912196, 25.077468831459317], [121.82413470104586, 25.077472299889198], [121.82413766813434, 25.077480191666602], [121.8241379204082, 25.077480858314562], [121.8241409883704, 25.077489011334652], [121.82414113965014, 25.077489398685117], [121.82414436892547, 25.077497957055268], [121.82414583216267, 25.077501830835136], [121.82414760805291, 25.077506506342917], [121.82415065558797, 25.077514569199348], [121.82415082717539, 25.077515028658517], [121.82415090792242, 25.077515244874608], [121.82415407633671, 25.07752359594565], [121.8241573154051, 25.07753213620569], [121.824160554474, 25.07754067646564], [121.82416379354333, 25.077549216725476], [121.82416645741108, 25.077556234500424], [121.82416703255272, 25.07755774795789], [121.82417028147462, 25.077566279135155], [121.82417214820724, 25.077571197885646], [121.82417352054534, 25.07757481939474], [121.82417462024117, 25.07757769311987], [121.82417676946818, 25.077583350571828], [121.82417864623432, 25.077588287321873], [121.82418000847943, 25.077591881803865], [121.8241832574032, 25.07760041298077], [121.82418650626703, 25.077608935130236], [121.82418974527964, 25.077617466361986], [121.82419197513441, 25.07762332197502], [121.82419298429274, 25.07762599759367], [121.82419391258307, 25.077628438941552], [121.82419623315792, 25.07763451974286], [121.82419947217195, 25.077643050974352], [121.82420271118643, 25.077651582205732], [121.82420481000958, 25.077657113549478], [121.82420594022888, 25.077660104464737], [121.82420917918385, 25.077668626668604], [121.8242108845461, 25.077673131041074], [121.82421240822721, 25.077677148927407], [121.82421441639191, 25.077682464109994], [121.82421563733146, 25.077685680213488], [121.82421885646365, 25.077694202527173], [121.8242212683653, 25.077700598789797], [121.82422207559632, 25.077702724840762], [121.82422529478985, 25.0777112561816], [121.82422677821918, 25.077715184014444], [121.8242285039509, 25.0777197695227], [121.82422919024255, 25.077721598331607], [121.82423171317286, 25.077728291891066], [121.82423491254363, 25.07773682334174], [121.82423769814518, 25.077744255712535], [121.82423810200275, 25.07774535484735], [121.82423877814081, 25.077747147601855], [121.82424053445595, 25.07775185932769], [121.82424196754006, 25.077755670080002], [121.82424442030141, 25.077762246668964], [121.8242451470881, 25.07776420164049], [121.82424574272079, 25.077765814288313], [121.8242483266366, 25.077772733200874], [121.82424958861657, 25.077776156712858], [121.82425149633393, 25.077781273843552], [121.82425464602616, 25.07778978751421], [121.82425782575736, 25.07779834615639], [121.82426098554393, 25.077806886853853], [121.82426413547928, 25.07781543663364], [121.82426729526678, 25.077823977330926], [121.82426941561259, 25.077829761329188], [121.82427044526351, 25.0778325361379], [121.82427358522769, 25.077841076945106], [121.8242765031368, 25.07784902315826], [121.82427672519233, 25.07784961775225], [121.82427704830316, 25.07785050067093], [121.82427987519044, 25.077858176558937], [121.82428120818895, 25.07786184342367], [121.82428300536478, 25.077866735475652], [121.82428430784138, 25.077870285149956], [121.8242861453912, 25.07787528530987], [121.82428861931149, 25.077882060389456], [121.82428927556646, 25.077883844226392], [121.82429240568172, 25.0778923941155], [121.82429415251214, 25.077897169086995], [121.82429552594574, 25.0779009530869], [121.82429865612232, 25.07790951200319], [121.82430022127124, 25.077913800488634], [121.82430177638727, 25.077918070974413], [121.82430254379143, 25.07792017016296], [121.82430489665266, 25.077926629945576], [121.8243080070064, 25.077935188971683], [121.82431050135789, 25.077942054214187], [121.8243111173606, 25.077943747997704], [121.82431335931567, 25.077949928537887], [121.82431422777567, 25.077952316051018], [121.82431484377848, 25.077954009834517], [121.82431733813075, 25.077960875076865], [121.82431819655788, 25.077963244590308], [121.82432043857415, 25.077969434157676], [121.82432176160262, 25.077973092049657], [121.82432352916636, 25.077978002320837], [121.82432621541624, 25.077985399130597], [121.8243286596652, 25.077992183401804], [121.82432930606971, 25.07799397632093], [121.82433238663019, 25.07800252648417], [121.82433250781216, 25.07800285983546], [121.82433547728456, 25.07801110367433], [121.82433856793939, 25.07801968086442], [121.82434039612576, 25.078024762324645], [121.82434164862208, 25.078028249082106], [121.82434472936569, 25.078036826327068], [121.82434554748052, 25.078039096759674], [121.8243478100493, 25.078045394544603], [121.82434893127053, 25.078048520923716], [121.82435088088167, 25.078053971844447], [121.8243539009449, 25.078062368872498], [121.82435397172009, 25.078062576116146], [121.82435704237199, 25.078071126333768], [121.8243601132057, 25.078079703633357], [121.82436319401243, 25.07808828990517], [121.82436535570879, 25.078094326447168], [121.82436626478659, 25.078096858177247], [121.82436933568208, 25.078105444503926], [121.82437100237546, 25.07811009353181], [121.82437240651757, 25.078114021803177], [121.8243754873261, 25.078122608074644], [121.82437855822293, 25.078131194401095], [121.82438162912021, 25.07813978072744], [121.82438470986959, 25.078148357971298], [121.82438650796084, 25.07815338543185], [121.82438778076775, 25.078156944297476], [121.82439085166638, 25.078165530623572], [121.8243922656615, 25.078169449812304], [121.82439393241711, 25.07817410786718], [121.82439559917285, 25.07817876592204], [121.82439701328921, 25.07818270316539], [121.82440009410126, 25.078191289436198], [121.82440317485334, 25.078199866679547], [121.82440364973118, 25.07820120916678], [121.82440469014695, 25.078204110302078], [121.82440777089968, 25.078212687545328], [121.82441055857872, 25.078220426841725], [121.82441086162542, 25.07822127376075], [121.82441106367676, 25.07822184138254], [121.82441394237907, 25.078229851003798], [121.82441636657201, 25.07823659927383], [121.82441702313315, 25.078238428246774], [121.82442010394811, 25.078247014517007], [121.82442264938473, 25.07825410516544], [121.8244231847031, 25.078255591759824], [121.82442570989258, 25.078262619326857], [121.82442625548589, 25.078264160030248], [121.82442639697632, 25.0782645654901], [121.82442933624176, 25.078272737272876], [121.8244318212998, 25.078279692841225], [121.82443240708594, 25.078281314570482], [121.82443303336703, 25.07828306246238], [121.82443547787008, 25.07828988284067], [121.82443853880298, 25.078298460193167], [121.82444159967591, 25.07830702851823], [121.82444323615485, 25.07831160549141], [121.82444466054925, 25.07831559684321], [121.82444770159874, 25.078324165278246], [121.82444847946438, 25.078326345656855], [121.82445075262129, 25.078332742685475], [121.82445371304449, 25.07834111295916], [121.82445378375954, 25.07834131117539], [121.82445387472214, 25.07834157247295], [121.82445681489826, 25.07834987966524], [121.82445983606478, 25.078358439182704], [121.82446050314397, 25.078360358373814], [121.8244628374679, 25.078367007837567], [121.82446444427255, 25.07837159400299], [121.82446584890455, 25.078375594491977], [121.82446883042381, 25.078384154229465], [121.82447086188247, 25.078389983856226], [121.82447181200395, 25.078392722994206], [121.82447477376027, 25.078401291869], [121.82447612834855, 25.0784052204144], [121.82447772560485, 25.078409860798786], [121.82447932316357, 25.07841454631988], [121.8244806477134, 25.078418429893667], [121.82448238676315, 25.078423520874498], [121.82448356976194, 25.07842698996113], [121.8244846823479, 25.078430305968283], [121.82448646213491, 25.078435559221077], [121.82448814116812, 25.07844056928607], [121.82448933462355, 25.0784441195637], [121.82449218740923, 25.078452698071086], [121.82449287546257, 25.078454788671497], [121.82449375559543, 25.07845743792126], [121.8244965687936, 25.078466025676143], [121.8244972164125, 25.078467999141257], [121.82449937208004, 25.078474613486016], [121.82450063727926, 25.07847851544465], [121.82450216563613, 25.078483228432926], [121.8245033703952, 25.078486986284364], [121.82450493936832, 25.078491843489903], [121.82450748046575, 25.0784997647075], [121.82450770318877, 25.078500458601866], [121.82451046725147, 25.07850910982316], [121.82451249230908, 25.078515463090415], [121.82451322140244, 25.078517761099434], [121.82451597561425, 25.078526421403], [121.8245187298265, 25.07853508170648], [121.82452148416006, 25.07854376006459], [121.82452424840619, 25.078552438367563], [121.82452700268009, 25.078561107698206], [121.82452716478159, 25.078561630403307], [121.82452731666858, 25.07856210802674], [121.82453008091555, 25.078570786329568], [121.82453284522342, 25.078579473659666], [121.82453561938338, 25.07858815190729], [121.82453839354376, 25.078596830154833], [121.82453921372199, 25.078599407515853], [121.82454116770451, 25.078605508402294], [121.82454259518954, 25.07860996014758], [121.8245439418657, 25.078614186649684], [121.82454654359022, 25.07862227905556], [121.82454672599994, 25.078622873869303], [121.82454694866297, 25.078623558736233], [121.82454949998052, 25.07863152503451], [121.82455102858323, 25.07863627413148], [121.8245522939068, 25.07864019414421], [121.8245550779213, 25.078648863308896], [121.82455571569048, 25.078650845856064], [121.82455786193623, 25.078657532473507], [121.82456003846295, 25.07866430017183], [121.82456064595156, 25.078666201638068], [121.82456104068919, 25.078667418182313], [121.82456342990686, 25.078674861775188], [121.82456601132594, 25.078682882071952], [121.82459154634682, 25.0787761586734], [121.82459431006431, 25.078786236268524], [121.82459688333948, 25.078797479492877], [121.82462348562552, 25.078913933248046], [121.82462766552665, 25.07894157084569], [121.82463436578746, 25.078985868570435], [121.82463596320108, 25.07899644916732], [121.82463757082957, 25.07900707484583], [121.82463984216889, 25.079022075262888], [121.82465245312908, 25.079127457559736], [121.82465361827414, 25.07913713778974], [121.82465450016755, 25.07915484520398], [121.82466068648777, 25.079279266469186], [121.82466050799874, 25.07933696338321], [121.8246604562719, 25.079354396126465], [121.82465510604159, 25.07947759053326], [121.82465041915492, 25.07952964311222], [121.82464129455698, 25.07963099344111], [121.82462443557894, 25.07975564205417], [121.82459600987622, 25.079899728338344], [121.82456961667025, 25.080008369669915], [121.82452066104021, 25.080165669169126], [121.82446607915584, 25.0803236047625], [121.82437125242484, 25.08057342194885], [121.8243228116205, 25.080708492368114], [121.82429079660851, 25.08079775535738], [121.82424851497716, 25.080957039894596], [121.82422786557872, 25.081045680027486], [121.82420502595693, 25.081152161992126], [121.82418481472568, 25.081282561738654], [121.82415871342295, 25.081495588447222], [121.82414782581951, 25.081663852665358], [121.82415427076407, 25.08178845303552], [121.8241558467216, 25.081900938213092], [121.8241657143792, 25.08201558912141], [121.82417291014714, 25.082099831583054], [121.82418180939939, 25.082163120364083], [121.82418733653184, 25.082202459381083], [121.82418924759212, 25.082215466682253], [121.82420064106972, 25.082292987287474], [121.82422547530476, 25.08245176360832], [121.82425103086135, 25.082608703294962], [121.82428771684225, 25.08283494080867], [121.82431185377632, 25.082945811079174], [121.8243384223753, 25.083068963534185], [121.82436105438008, 25.08315049316734], [121.82437879740863, 25.08320509330661], [121.82440513373362, 25.083286150967886], [121.82444179965576, 25.083374653235378], [121.82445970439949, 25.083417868561053], [121.82451785615395, 25.08354846485523], [121.82453332578741, 25.08357739385805], [121.82456184584704, 25.08363074243401], [121.82459511674821, 25.08369186451774], [121.82460326640185, 25.083706841287142], [121.82465576032611, 25.083794858317958], [121.82472677946095, 25.083897343041563], [121.82477520101521, 25.083969340475257], [121.82478831773342, 25.08398884860262], [121.82491221953579, 25.08413817278924], [121.82505908518137, 25.08432226115433], [121.82508935948206, 25.084357752145728], [121.82541516391858, 25.08473967963345], [121.8255985549877, 25.084955440961043], [121.82564738254797, 25.085012458910107], [121.82579822165961, 25.085188589044563], [121.82591043468503, 25.08531963314176], [121.82600047481996, 25.085430361922935], [121.82601625786518, 25.085449773839528], [121.82612163606487, 25.085574139221492], [121.82617916145739, 25.085642023013133], [121.82634841251935, 25.085847940651092], [121.82650840416068, 25.086081732941373], [121.82670185636871, 25.086360251285555], [121.82677294720365, 25.08646259911677], [121.82724, 25.08707765906019], [121.82760230727882, 25.08763591547595], [121.82804104998952, 25.08827469652106], [121.82825240667475, 25.088536378640995], [121.82856678464017, 25.089031598406336], [121.82882737404285, 25.0893865234794], [121.82941359963684, 25.089832258788974], [121.83006813483995, 25.090414095293752], [121.83038795294377, 25.090773227442728], [121.83077328371773, 25.09133634913158], [121.83102742775475, 25.091933415103508], [121.8311954855412, 25.092467028824608], [121.83134099308656, 25.093018404923335], [121.83146156358859, 25.093504425527783], [121.83159979809511, 25.093936023622483], [121.83212648865091, 25.095605582980365], [121.83247088421001, 25.09671727559838], [121.83270844076331, 25.097542044088456], [121.83274697737667, 25.097785315434542], [121.83276340937013, 25.098048604398883], [121.83275589468795, 25.098348592102376], [121.83274101180061, 25.098528474604407], [121.8326860670194, 25.09881788775171], [121.83261806948943, 25.09902931943457], [121.83253583616076, 25.09924760860232], [121.83244039068158, 25.099441968599557], [121.83236219155711, 25.099597893422533], [121.83226949619359, 25.099741700657013], [121.83208419238053, 25.099980837253188], [121.83139372978482, 25.100844638936593], [121.830731039947, 25.10164305069253], [121.83020725117086, 25.10220511728076], [121.82996588462663, 25.102490587392168], [121.82978392302489, 25.102761232215386], [121.82956448871008, 25.103031877038603], [121.8293938379983, 25.103279759892494], [121.82918568495029, 25.10351914489128], [121.82897282724153, 25.103758547042368], [121.82857738024548, 25.104125196852735], [121.82827287594341, 25.10441272837067], [121.82804086022098, 25.10460253621092], [121.82784638356688, 25.10476257841753], [121.827623777267, 25.10489710033722], [121.82741997275019, 25.104997569480005], [121.8266180641105, 25.105377754475814], [121.82560277095837, 25.105709367602564], [121.82521094703559, 25.105799344317553], [121.82439256197685, 25.106020395773108], [121.8239704431704, 25.106128941988278], [121.8224032646433, 25.10656223141421], [121.82158093065932, 25.10681079222385], [121.82134603581943, 25.106877550261487], [121.82057630518146, 25.10710901117683], [121.82003223883865, 25.10733407428907], [121.81892741924958, 25.107820236166297], [121.81780841909713, 25.108357549483856], [121.8171690991869, 25.10866598058124], [121.81681903407645, 25.108792620442934], [121.816497163175, 25.108893702904204], [121.81637284379558, 25.10892767610978], [121.8159933493447, 25.10896384403268], [121.81568022024643, 25.108969141374978], [121.8155116844149, 25.108961649863836], [121.81526765434816, 25.108917340931512], [121.81502951757983, 25.10886007603938], [121.81458281796483, 25.10871322217264], [121.81395268479172, 25.108492805975906], [121.81377068926156, 25.108424486806673], [121.8136168896159, 25.10835616763744], [121.81337978161642, 25.10825146793312], [121.81304646352515, 25.108137833094858], [121.81284692810662, 25.10808482697899], [121.8126192005358, 25.10804458109533], [121.81220225555256, 25.107994379255253], [121.81182820265504, 25.108004379665925], [121.81147742184575, 25.10803966126207], [121.81098233299988, 25.108136067633446], [121.81049592267969, 25.108235595658616], [121.81008079964266, 25.10831607719055], [121.8097388592395, 25.108371832129986], [121.80915402352343, 25.108489688927527], [121.80821399799522, 25.1086669591281], [121.80728366679102, 25.10883857663441], [121.80656082884255, 25.10897650418453], [121.80505815207228, 25.1092796337512], [121.80455463589544, 25.109411788764348], [121.80313818844817, 25.109797229132738], [121.80276219521761, 25.109915244341984], [121.80243381964458, 25.11003325955123], [121.80211487446871, 25.11019467127244], [121.80186471035447, 25.110346501332643], [121.8011739114927, 25.110784304512283], [121.79921948483336, 25.11196852155924], [121.79888220669181, 25.11214371769346], [121.79855821854844, 25.112287188314284], [121.79827351978386, 25.11237735072232], [121.79790247929766, 25.11249932837545], [121.79746120185007, 25.112614726935835], [121.79651875780658, 25.11286547346795], [121.79558549928032, 25.11309958551449], [121.79519256416933, 25.113190964535434], [121.79499294002659, 25.113213389382466], [121.79435351751107, 25.113258239091447], [121.79399436404918, 25.113257767704717], [121.79327686396634, 25.11319237987697], [121.79220592721472, 25.113059160239295], [121.79203348842792, 25.113048961158874], [121.79188281741511, 25.11302749915695], [121.79177723678899, 25.113013076482254], [121.79167165616285, 25.112987390882843], [121.79106875886521, 25.1128542113618], [121.79074792569793, 25.112769858618755], [121.7905279600476, 25.112696093185242], [121.79030799439728, 25.11260730410755], [121.7900837591981, 25.112508600120503], [121.78968759360316, 25.112307222657925], [121.78937334662358, 25.11212232863366], [121.78872320719023, 25.111646750192428], [121.78806406588468, 25.111156320442205], [121.78756900972158, 25.11078216766416], [121.78715438440956, 25.110468827062007], [121.78701798678813, 25.110345219393114], [121.78690032355598, 25.110228881943378], [121.7867728175964, 25.11009811379122], [121.7866417459243, 25.10995281634439], [121.78651747033376, 25.109802320015245], [121.78640952367083, 25.10966332373703], [121.78626983200883, 25.109465831644155], [121.78606383925747, 25.10914335276626], [121.78595689891009, 25.108935263731105], [121.78563745024206, 25.108304205232315], [121.78524449354587, 25.1074990053105], [121.78487570808736, 25.10670952449827], [121.78436351551488, 25.10595804183269], [121.78406529471738, 25.10561330620365], [121.78364768468623, 25.1052127135888], [121.78274963975628, 25.104529515276347], [121.78238032128468, 25.10431109850755], [121.78193649567959, 25.104148905857095], [121.78146783436347, 25.104009202908216], [121.78093708377342, 25.10388074481504], [121.78050889321534, 25.103781256654074], [121.78005586694619, 25.103726747987494], [121.77640153114973, 25.10343375680057], [121.77346702821664, 25.103184456983747], [121.76975138447852, 25.102908713499243], [121.76863370079826, 25.102792041934812], [121.76724821670332, 25.102675370370378], [121.76445493180958, 25.102462236105502], [121.76421200833472, 25.102448865465973], [121.76385153064933, 25.10244690032164], [121.76292707533483, 25.102508820595524], [121.76206189432436, 25.102578998693005], [121.76094613334857, 25.10268574306903], [121.75981712033843, 25.102798487591738], [121.75901934273291, 25.10289459560733], [121.75827391247137, 25.10298438322237], [121.7577959816463, 25.103033924865223], [121.75717730669086, 25.103070281986284], [121.75668250339604, 25.103037520101317], [121.75618792788484, 25.102932442721976], [121.75588335476081, 25.102802496888756], [121.75559704874829, 25.102665934355727], [121.7548747381254, 25.102178472801135], [121.7543847936162, 25.101849625620325], [121.75397431753987, 25.101565326988005], [121.75373715019909, 25.10141686576111], [121.75345111156386, 25.10126208227576], [121.7530330447909, 25.10108550736646], [121.7523156655413, 25.10085803584395], [121.75173093694036, 25.1007064317512], [121.75100481217088, 25.10055811977363], [121.75046017233404, 25.10048909863834], [121.75004810912931, 25.10047750248136], [121.74969873241298, 25.100511210843244], [121.74936205769914, 25.100571194709637], [121.74893303697544, 25.100672991211177], [121.74848698849223, 25.100816895699246], [121.74815515634843, 25.100902455015007], [121.74702142879352, 25.101207740326387], [121.7463378413779, 25.101420248525645], [121.74485902829764, 25.101838947033414], [121.74461514657256, 25.101910323470157], [121.74405944308965, 25.102012453250556], [121.74372734623128, 25.102054926890723], [121.74341933411313, 25.102086117277], [121.74242486692579, 25.102135058815485], [121.74076985280166, 25.102199343913785], [121.73918245282924, 25.102266165944542], [121.73890105205021, 25.102292670346998], [121.73850892084114, 25.10234567917115], [121.73825151037084, 25.102424818431977], [121.73801738142032, 25.10250278748621], [121.73776841156969, 25.102607634898497], [121.73754502851406, 25.102723255505108], [121.73730766900653, 25.10286310240418], [121.7371053119317, 25.103018797488872], [121.7368756099429, 25.103211326369546], [121.7366984116052, 25.103398572536822], [121.73659732522037, 25.103508202180343], [121.73650786901509, 25.103621342364164], [121.73641572253752, 25.10372416771032], [121.73635385178696, 25.10384070101485], [121.73625017848518, 25.104053237809495], [121.73567913045682, 25.10514379189444], [121.73511701172538, 25.10622431149936], [121.73435566011655, 25.10777329266984], [121.7341911973015, 25.108002558210842], [121.73402673448643, 25.108231823751844], [121.73385560486392, 25.108427886605767], [121.73367114162662, 25.108599802110753], [121.73347555214274, 25.108750454509824], [121.73327996265886, 25.108876959624443], [121.73305091876315, 25.10900385256714], [121.732844535097, 25.109099967175013], [121.73241358954431, 25.10923221901325], [121.73207990017856, 25.109294752280164], [121.73173670873874, 25.109339092119995], [121.73125294291277, 25.109317689957237], [121.73089326242993, 25.109267546779165], [121.73042793235747, 25.109113343806335], [121.72993018355555, 25.108929785626017], [121.72873141287782, 25.10856604879511], [121.72786136061029, 25.10801096328258], [121.72710778569984, 25.107413689236367], [121.72675429371483, 25.107067589992397], [121.72649398361774, 25.106742585174473], [121.72608984077735, 25.105902725110965], [121.72515958641195, 25.102822513387338], [121.7246426476016, 25.10115894854944], [121.72418599769371, 25.100596361466337], [121.72379540795123, 25.100253120581126], [121.72122086499674, 25.098410703115483], [121.72008279235934, 25.097686965400076], [121.71912834906541, 25.09685929505268], [121.71471745731566, 25.093439693644804], [121.71130204619557, 25.09133391884873], [121.7074877756074, 25.089320385892066], [121.7066449838805, 25.088564741757246], [121.70606187852995, 25.087825996938363], [121.7057122762582, 25.08649289909142], [121.70552353708311, 25.085194391107727], [121.70511945457964, 25.084033859430058], [121.70439890487967, 25.083121518872264], [121.70315304674358, 25.08161678094301], [121.70181826719384, 25.080234177077763], [121.70002138737783, 25.079471436016927], [121.69845778607649, 25.07919254790731], [121.69596955352876, 25.078637468455316], [121.69445477230485, 25.078102870816586], [121.6931392308338, 25.077720998965894], [121.69193872350397, 25.077687242735998], [121.69105144959221, 25.077873550993267], [121.69004983744796, 25.07819336777839], [121.68807567613473, 25.079029350987604], [121.6817682205851, 25.08118281166204], [121.6809501103739, 25.081358115773998], [121.68012754179037, 25.081703322202543], [121.67885990696902, 25.08220001560727], [121.67734751499691, 25.082378574536826], [121.6762413450271, 25.082386244047427], [121.6751149704896, 25.08230511849854], [121.67419876739078, 25.082003567156104], [121.66758, 25.07799], [121.66756531974526, 25.07803139630805], [121.66686421607582, 25.077286688352014], [121.66629293709028, 25.076633190175478], [121.66583196190626, 25.075825651000162], [121.66562364260042, 25.075000754062387], [121.665476859538, 25.07295123327551], [121.66542110959583, 25.07237393998045], [121.66528381009496, 25.071917374000726], [121.66473677845028, 25.070990857392918], [121.66279767762771, 25.06931287524445], [121.66142388402669, 25.068092574631386], [121.66062510167527, 25.067453552652363], [121.66015932254123, 25.067102843424735], [121.65935600424893, 25.066573585145207], [121.65841846283452, 25.06613576180477], [121.65606743697825, 25.065257956527866], [121.65172795920276, 25.063627044134353], [121.64987514886562, 25.06297980681928], [121.64877314533626, 25.06286011839194], [121.64763760748471, 25.062633240518117], [121.64662405227367, 25.06249207315618], [121.64289374543117, 25.06104248902193], [121.64136034869172, 25.0603637538885], [121.64011005431234, 25.05967835077474], [121.63843728453205, 25.057929785488692], [121.63732531503743, 25.056580465861686], [121.63600720896133, 25.055497105581075], [121.63404914052828, 25.05479545528868], [121.63213618328423, 25.054242879491], [121.62947126060735, 25.053425365838283], [121.6263692339686, 25.053454109890374], [121.62312100319849, 25.05447244005732], [121.61717953512488, 25.05451786459121], [121.60805548003184, 25.053289272716604], [121.60805548003184, 25.053289272716604], [121.6042552476512, 25.05270469637659], [121.60282214310845, 25.05250474360782], [121.60172136930323, 25.05237989453265], [121.60096511937367, 25.052311834587087], [121.60054608025722, 25.052256954572663], [121.59970675007864, 25.052124321790487], [121.59849170920299, 25.05190663447853], [121.59704225814744, 25.051674624941366], [121.59633037738116, 25.051564881065556], [121.59586565002508, 25.051500879568035], [121.59235785781463, 25.050963703039077], [121.58837509625539, 25.050340991006138], [121.58772570771505, 25.050247929865602], [121.58596995299314, 25.05003396613131], [121.58305549131482, 25.04958833766432], [121.5823600866245, 25.049481999856003], [121.58152332036686, 25.04938549665669], [121.580804476621, 25.049342241732163], [121.57906, 25.04927], [121.57906, 25.04927], [121.57449054034302, 25.049224307777298], [121.57011256830351, 25.04900513833691], [121.56772606746853, 25.048560447622418], [121.5653012691119, 25.047907583259907], [121.56273037502638, 25.04696615689626], [121.56000629084808, 25.04578185806164], [121.5567793788367, 25.04459292450565], [121.55343757425737, 25.04395913740518], [121.54879498692463, 25.044630895572958], [121.54739481763065, 25.04476446683333], [121.54610629977573, 25.04479688441678], [121.54154112843167, 25.04429786105115], [121.53630234317556, 25.04452715190262], [121.53163036130755, 25.045379991522548], [121.5272162178154, 25.0454691065286], [121.51366724413718, 25.048333712034182], [121.51366724413718, 25.048333712034182], [121.51267511858644, 25.048504028094406], [121.5123849099292, 25.04853286297485], [121.51209382313567, 25.048538814106855], [121.51178631917318, 25.048516987625145], [121.51145247476045, 25.048462342900205], [121.51112511132506, 25.04837404638232], [121.51101133743238, 25.048333568533867], [121.510963331525, 25.048316489105634], [121.5107677929946, 25.04823411213613], [121.51062165368161, 25.048162534245122], [121.5104342389979, 25.048055445195818], [121.51029619265611, 25.047966071882623], [121.51013130205436, 25.04784389225048], [121.50988520851712, 25.047626591297654], [121.50971928587707, 25.047448746602257], [121.50961808904232, 25.047323738699973], [121.50943936732567, 25.047060613958507], [121.50936096273944, 25.046920667460636], [121.50929148107062, 25.04677674504939], [121.50920514789, 25.046557458747614], [121.50912761222828, 25.046292045679657], [121.50895863980479, 25.04553316220074], [121.50881942476927, 25.04499635891467], [121.50805547617676, 25.042334548940197], [121.50647242820071, 25.036818372648792], [121.50613623088418, 25.035602717432283], [121.50606172032144, 25.035392300194022], [121.5060043370201, 25.03526244563645], [121.5058945072744, 25.03505386389615], [121.50581186610982, 25.03492182014999], [121.50571506766626, 25.034785698683027], [121.50561231196043, 25.034658778104642], [121.50550247602334, 25.034537859048108], [121.50532219646291, 25.034366631040285], [121.50514277150519, 25.03422248424195], [121.50494216398482, 25.034086390045697], [121.50472456266488, 25.033962478044742], [121.50456842328813, 25.03388793856436], [121.50441312764973, 25.033823400107888], [121.50416833646575, 25.033740792907032], [121.50393348010277, 25.033681326784762], [121.50374430010143, 25.033647119618717], [121.50331965650223, 25.033593902159108], [121.50298597855698, 25.033556413185536], [121.5007776374432, 25.033362625045434], [121.49995903683089, 25.033301128012347], [121.49909796026473, 25.0332652275098], [121.4980546116304, 25.03322789621967], [121.49727670030772, 25.03317590810766], [121.49702145842467, 25.03314413429636], [121.49681012257345, 25.033102471934317], [121.49652301976816, 25.033021004637824], [121.49632276114124, 25.032946648942506], [121.49612020483197, 25.032855301589105], [121.49592868963039, 25.032752099297415], [121.49568342714723, 25.032592225922535], [121.49552369722673, 25.032468206562573], [121.49147507737189, 25.02887152545668], [121.4910290958713, 25.028505716926162], [121.4906359234436, 25.028222871890172], [121.49040493286363, 25.028077242972863], [121.4900878562377, 25.027899630994472], [121.48966060321334, 25.027689401533046], [121.48926402109747, 25.027537048560855], [121.48889662137987, 25.027409678699982], [121.4885668116858, 25.027323632550416], [121.48798309931179, 25.027207696666434], [121.48751917274487, 25.02713389901863], [121.48751917275199, 25.027133900824232], [121.48748813935501, 25.02712914546526], [121.48743737568032, 25.027121421346678], [121.48738661211866, 25.027113724294725], [121.48409970911527, 25.026616569172127], [121.48404571374445, 25.026608375922798], [121.48399172814747, 25.026600146509384], [121.48393776212683, 25.026591853815543], [121.48388382552046, 25.02658347975297], [121.48382991825764, 25.02657500626565], [121.4837760402677, 25.026566415297573], [121.48372219144467, 25.026557679764675], [121.4836683915706, 25.026548790574463], [121.48361464053956, 25.02653972064292], [121.48356093824565, 25.026530442886006], [121.48350728465374, 25.026520948275763], [121.48345369947529, 25.026511209663663], [121.48340018267527, 25.02650121802177], [121.48334673414787, 25.026490946266076], [121.48329337360467, 25.02648036724812], [121.4832400911374, 25.026469481000206], [121.48318690642236, 25.026458251345876], [121.48313426570239, 25.02644676711627], [121.4830554886944, 25.026425933395313], [121.48254633502492, 25.026291253114277], [121.48197594317156, 25.026089789841045], [121.4814269903805, 25.02584380033193], [121.48090327861988, 25.025554942721897], [121.48085026913603, 25.025522414259406], [121.48080525338526, 25.02549430177029], [121.48076045441236, 25.02546587258098], [121.48071587232307, 25.025437153775787], [121.48067147742704, 25.025408154479024], [121.48062728968219, 25.025378910738905], [121.48058326948959, 25.025349431711806], [121.48053941688448, 25.025319726425888], [121.48049572206395, 25.025289821997426], [121.48045216528128, 25.025259736546655], [121.48040874657167, 25.025229479101768], [121.48036543627985, 25.025199067814967], [121.4803222245677, 25.02516852077444], [121.4802791115055, 25.02513785603633], [121.48023606740284, 25.025107082724794], [121.48019309236517, 25.025076227923993], [121.48015016661057, 25.025045300726035], [121.4801072704274, 25.02501432827905], [121.48006440381566, 25.024983310583075], [121.47778646772883, 25.023333695057392], [121.47555240063775, 25.021715763592407], [121.47547962876295, 25.021663127477265], [121.47543105149651, 25.02162804594206], [121.47504667569949, 25.02135268807168], [121.47502222430695, 25.021335305746007], [121.47497337136164, 25.021300613148266], [121.47492448882316, 25.021265947712983], [121.47338502416115, 25.020175082911585], [121.47328722153227, 25.02010582329373], [121.47323827082192, 25.020071220701674], [121.47321378071862, 25.02005394653084], [121.47318923106945, 25.020036645460902], [121.4728840540703, 25.019823928928524], [121.47285931719207, 25.019806872158323], [121.47283460027526, 25.019789851433057], [121.4727851468532, 25.019755864201088], [121.47273566383761, 25.019721904130762], [121.47237516780032, 25.019474748442104], [121.47230096854948, 25.019423848666218], [121.47225155512106, 25.019389879180984], [121.47222685825604, 25.01937287634442], [121.4722022308235, 25.019355891339462], [121.47186322864466, 25.019119328365633], [121.47183880838104, 25.019102080824553], [121.47181435826195, 25.019084797261428], [121.47178991795427, 25.01906748657856], [121.47176548756143, 25.01905017586008], [121.47171663653185, 25.01901550923897], [121.46933768784645, 25.01732591449904], [121.46927903255548, 25.017284308256695], [121.4692203081886, 25.01724276540568], [121.46916150490648, 25.0172013040333], [121.46910257330676, 25.01715996040797], [121.46904350361861, 25.017118770673026], [121.46898426622116, 25.01707776200624], [121.468924781851, 25.017036934657423], [121.46872447534517, 25.016902315274816], [121.46866410361535, 25.016862592052448], [121.46860361402331, 25.016823130993206], [121.46854297660515, 25.016783868994207], [121.46848223088955, 25.016744778846224], [121.4684213866472, 25.016705824405673], [121.46836048340674, 25.016666978463448], [121.46829954081261, 25.016628195816747], [121.46572593267913, 25.01499293543121], [121.46568024687234, 25.014963872379326], [121.46563461048947, 25.014934773045617], [121.46558903337016, 25.014905619342958], [121.46554352532007, 25.01487638415616], [121.46549809621294, 25.01484705842623], [121.4654527855436, 25.014817605916935], [121.46540772238494, 25.014788098449742], [121.46507637961297, 25.014563349582573], [121.4650324310392, 25.014532466230293], [121.46498847176362, 25.01450136622197], [121.46494460116949, 25.014470130500374], [121.4649008094852, 25.014438795208864], [121.46485708683707, 25.014407369406527], [121.46481340360401, 25.01437588027052], [121.46476974003865, 25.01434434591897], [121.46429763662066, 25.01400289460721], [121.46426114597115, 25.013976474736207], [121.46422470477373, 25.013950027617074], [121.4641883030528, 25.013923535224624], [121.46415197046352, 25.013896979410006], [121.46411572675332, 25.013870342055263], [121.46407958182994, 25.013843623129528], [121.46404354546526, 25.013816786489716], [121.46400764734841, 25.013789823015067], [121.4639718775039, 25.01376271468045], [121.46393628543608, 25.01373545230334], [121.46390085126183, 25.01370801788955], [121.46386562445163, 25.0136803932285], [121.46383060497156, 25.013652569292283], [121.46379580262757, 25.01362451896594], [121.46376124714264, 25.013596242156897], [121.46372728623354, 25.013567990569907], [121.46339267139166, 25.013261687508535], [121.46336026940195, 25.013229016198647], [121.46332942685378, 25.013197387290894], [121.46329886081979, 25.013165513754196], [121.46326856152784, 25.013133431731866], [121.46323849925511, 25.013101141316632], [121.46320866419553, 25.013068669623745], [121.46317903653392, 25.01303601671503], [121.4631495965566, 25.01300320973655], [121.4631203443313, 25.01297026674455], [121.46309124019372, 25.012937178834505], [121.46306228431317, 25.012903991146818], [121.46303344693295, 25.01287069474609], [121.46300471821321, 25.01283730771936], [121.46297606849888, 25.012803848215356], [121.46294748791625, 25.012770325293065], [121.46291895671781, 25.01273675707034], [121.46289046502984, 25.012703152606115], [121.46055894670205, 25.00995060351579], [121.46051348956756, 25.009897017571713], [121.46048308890514, 25.00986125176626], [121.4600943076651, 25.0094111362013], [121.46007878613781, 25.00939343481134], [121.46004782292682, 25.0093581852584], [121.46001683007891, 25.00932295384669], [121.45805546119317, 25.00709584075181], [121.45661874498902, 25.00546438671528], [121.45659260944149, 25.005434746144445], [121.45656642440494, 25.005405114748847], [121.45654018994614, 25.00537551058467], [121.45651386653726, 25.005345960857756], [121.45648746405196, 25.00531645650956], [121.45646094292907, 25.005287015717858], [121.4564342933617, 25.005257665597227], [121.45640750544288, 25.005228406178006], [121.45638054951849, 25.005199255607497], [121.45635342565525, 25.005170231941765], [121.45632610413227, 25.005141335271944], [121.45629857514272, 25.00511259271255], [121.45627082884633, 25.005084022350044], [121.4562428354889, 25.00505561524739], [121.45621459523721, 25.00502741654488], [121.45618607833704, 25.004999417305466], [121.45615729482878, 25.004971653610944], [121.45612798633144, 25.004943909576923], [121.4559261598236, 25.004766844518475], [121.45564133496747, 25.00455279215385], [121.45533703084365, 25.00436210062442], [121.45501565052204, 25.004196306283273], [121.45467963565335, 25.004056674534535], [121.4543315459304, 25.00394425376262], [121.45397401959997, 25.00385991156908], [121.45360980299195, 25.003804280516036], [121.45324208762692, 25.003777829327216], [121.453199730999, 25.003776658325798], [121.45315782153861, 25.00377585610599], [121.45311590346326, 25.003775406000223], [121.45307400632757, 25.003775262777527], [121.45303212025749, 25.003775435496156], [121.45299025499406, 25.003775878985497], [121.45294839069015, 25.00377658427779], [121.45290655699988, 25.003777533226376], [121.45286473404309, 25.003778707835423], [121.45282293159406, 25.00378007196239], [121.45278115955941, 25.003781625577144], [121.45273938811911, 25.003783341685885], [121.45269764689435, 25.003785193113888], [121.45267742034369, 25.00378614846213], [121.45179998035411, 25.00382986739702], [121.45083303789689, 25.00388388278979], [121.44978400846041, 25.003941525721665], [121.44825122564481, 25.00402826421748], [121.44734709549095, 25.00407826680546], [121.44734709549095, 25.00407826680546], [121.44675741477622, 25.0041314727512], [121.44621572000798, 25.004159136091378], [121.44498007651929, 25.004227642183558], [121.44434825339863, 25.004262664497325], [121.44411914957581, 25.004275365269642], [121.44383802044142, 25.00429261767224], [121.44352810776255, 25.004311643648652], [121.44298015438324, 25.004351556125354], [121.44252139995316, 25.00439598618794], [121.44215753934364, 25.004438913977378], [121.44189052366715, 25.00448014480019], [121.44140997810939, 25.004553779221546], [121.44071227290777, 25.004653424936873], [121.44032241879377, 25.004705832654086], [121.44012219088184, 25.00472635050466], [121.43983888176513, 25.0047578663782], [121.43945724440486, 25.004794836390627], [121.43891981896627, 25.004829276886106], [121.43825376083575, 25.00486683005073], [121.43751911036475, 25.00490851831381], [121.43686183159723, 25.0049412093383], [121.43616363188507, 25.0049811046057], [121.43593268049054, 25.004984670689648], [121.43570701568927, 25.004950654556758], [121.43570701568927, 25.004950654556758], [121.43554993440334, 25.004943783708093], [121.43520691224624, 25.004907465154222], [121.4346735713423, 25.004833440558418], [121.43421942154407, 25.004737795054545], [121.43384814969902, 25.004615273223227], [121.43383642597348, 25.004611407231735], [121.43370684995276, 25.004568639295353], [121.43357951181922, 25.004525530677746], [121.43347231494249, 25.004479636735415], [121.4332289407993, 25.00436453190533], [121.43306350136517, 25.00427643789755], [121.43305894544145, 25.004273986460436], [121.4330555011835, 25.004272127648562], [121.4327730041089, 25.004120011954964], [121.43262058093146, 25.00401997136272], [121.43243056389787, 25.003886825117274], [121.43220400582112, 25.00371559546595], [121.43195422979599, 25.003494335334203], [121.43173098601666, 25.00328456290204], [121.43148204042427, 25.003022600350594], [121.43124987953739, 25.00276385691516], [121.43080388856943, 25.002246415123107], [121.42998971860754, 25.00132330645838], [121.42942580294138, 25.00067897549795], [121.4292240685246, 25.000412846092924], [121.42905840555025, 25.000181018904133], [121.42891549312199, 24.99995609570909], [121.42873936067244, 24.99963881914167], [121.4285077831862, 24.99918201743616], [121.42806108633059, 24.998333639494238], [121.42806087685607, 24.998333224798767], [121.4280598597346, 24.99833130471417], [121.42780016192192, 24.997794177334434], [121.42763183464643, 24.99745479382438], [121.42735833942848, 24.99692296868413], [121.4271965973303, 24.996610785797667], [121.42703308879206, 24.99628886632936], [121.42685836323672, 24.995945753483422], [121.42667003375087, 24.995593019218116], [121.42655847777456, 24.995366116695273], [121.42640322021683, 24.99506304178528], [121.42621753354693, 24.994697416023502], [121.42604162881754, 24.994361500973998], [121.42587648070187, 24.994033481687854], [121.42576770956525, 24.99382908692663], [121.42568179380106, 24.993659620106065], [121.4252548505956, 24.99287475298636], [121.42461965633458, 24.99164545931918], [121.42461965633458, 24.99164545931918], [121.42353391903676, 24.989507137727017], [121.42305286235802, 24.988630609424206], [121.42292762926293, 24.988420950536096], [121.42290684010479, 24.98838709955762], [121.42282970020624, 24.98826150123921], [121.42277433577401, 24.988180070352936], [121.42271489147787, 24.988090308941647], [121.42266084949601, 24.9880102916866], [121.42260252217808, 24.987931378996723], [121.42255479955038, 24.98787435673404], [121.4223962952176, 24.987682216329905], [121.4223503501348, 24.987632230978747], [121.42225748802323, 24.987537679932977], [121.42216449688911, 24.987440113760695], [121.42200130717059, 24.987285354087593], [121.42194378646708, 24.987236484818265], [121.42184806476145, 24.98715138515236], [121.42175180630925, 24.98707151429463], [121.42160829855648, 24.986968574661308], [121.42152607345741, 24.986910990733534], [121.42143258125209, 24.986843381206207], [121.42129087970483, 24.986755811237252], [121.42115636309428, 24.986680797136916], [121.42107547574638, 24.98663778074902], [121.42096789178426, 24.986579925180866], [121.42075129261782, 24.986474347540124], [121.420249231614, 24.98622238852237], [121.41888878892576, 24.985553574680324], [121.41754144076069, 24.984883203737628], [121.41719918486679, 24.984712572706357], [121.41643973407803, 24.984333924324815], [121.41503431515076, 24.983630495904123], [121.41445455659267, 24.983339216999006], [121.41380687226558, 24.98301314019311], [121.41270640342262, 24.9824746360456], [121.41203028038541, 24.982139692260287], [121.4109940666849, 24.98161737459941], [121.41093220386526, 24.98158618124992], [121.41073929339548, 24.98148894675043], [121.41058526120977, 24.98140066009565], [121.41032465441158, 24.981251274978607], [121.40998482452152, 24.98105648785561], [121.4092173329208, 24.980650152524568], [121.40901198262861, 24.980543407077647], [121.40855556499288, 24.98031913467349], [121.40805888569339, 24.980068148270206], [121.40805548260914, 24.980066442230335], [121.4073460528402, 24.979709927364485], [121.40700180097323, 24.979526177936183], [121.40665132788541, 24.979320776867816], [121.40606833924446, 24.978950720028305], [121.40590057895123, 24.97883036138147], [121.4056424014534, 24.97863914237065], [121.40542281318574, 24.97847771037998], [121.4051819480558, 24.97830371446109], [121.40498042196954, 24.978158700185286], [121.40477555902373, 24.978004801863317], [121.40456795889675, 24.97785575886795], [121.40438164823628, 24.97772286347714], [121.40407572902055, 24.97749080109368], [121.40375909940377, 24.9772574038453], [121.40356816151174, 24.977114354131757], [121.40328406774223, 24.97689809356521], [121.40311113612191, 24.97677270792424], [121.40281992132365, 24.976553089157584], [121.40263366657267, 24.976420976825846], [121.4024036443496, 24.976249754749396], [121.40218276115074, 24.976098703851967], [121.40193195659701, 24.975935608443276], [121.40158633110737, 24.975731879393383], [121.40129502398908, 24.975573803520344], [121.40106378561636, 24.97545716751425], [121.40089802423459, 24.975376061637004], [121.40069382714444, 24.975277959486725], [121.40045544808352, 24.975164230785833], [121.40020993382828, 24.975046133139557], [121.39988020412501, 24.97488939460929], [121.39969112191781, 24.974800089138427], [121.39947225901822, 24.974693140841225], [121.39927492622374, 24.974600588737914], [121.39897502809002, 24.97445806894253], [121.39867840657135, 24.974317841968375], [121.39839533953092, 24.974188159257785], [121.39823655241584, 24.974112575065476], [121.39797256955353, 24.973997357950978], [121.39777525682868, 24.973907277522652], [121.39770334120752, 24.973877062428294], [121.3971878709733, 24.973656911788158], [121.39669479619218, 24.97349523899952], [121.39632186288597, 24.973400821426946], [121.39620434706185, 24.973373661172467], [121.396115942639, 24.973353239719632], [121.39599521295767, 24.973333843138462], [121.39545172674306, 24.973246539788164], [121.39469207751316, 24.97313551257665], [121.39465467168469, 24.973130474648546], [121.3941520841615, 24.9730745577709], [121.39396250632507, 24.973051396433906], [121.39346558168943, 24.97296024293622], [121.39298553877055, 24.972848413596388], [121.3926894618972, 24.97275163525053], [121.39250031356258, 24.972679429301298], [121.39242863676324, 24.972652063940988], [121.39231156648687, 24.972602509290052], [121.39205416885564, 24.972493538874616], [121.39178470734227, 24.972349967274802], [121.39145005579229, 24.97215029332403], [121.39119228246044, 24.971975226343368], [121.39118489446035, 24.971969196807212], [121.39117750646095, 24.971963167270683], [121.39117010852931, 24.97195712873159], [121.39116272053136, 24.971951099194296], [121.39115533253411, 24.971945069656623], [121.39114794453761, 24.971939040118574], [121.39114055651326, 24.971933001551935], [121.39113316851817, 24.97192697201312], [121.39112579042819, 24.971920942447905], [121.39111840240602, 24.971914903880123], [121.39111101438455, 24.97190886531197], [121.39110363629675, 24.97190283574562], [121.39109625818111, 24.971896797150677], [121.39108887016181, 24.971890758581377], [121.39108149204759, 24.97188471998568], [121.39107411393411, 24.9718786813896], [121.39106674572575, 24.971872642767135], [121.39105936758517, 24.971866595142096], [121.39105198947385, 24.971860556544897], [121.3910446212391, 24.971854508893085], [121.39103725300507, 24.971848461240892], [121.39102988477177, 24.97184241358832], [121.39102251653918, 24.97183636593537], [121.3910151582117, 24.971830318256032], [121.39100778995201, 24.97182426157412], [121.39100044153034, 24.971818213868033], [121.39099308317648, 24.97181215715936], [121.3909857247948, 24.97180609142209], [121.39097837634677, 24.97180003468665], [121.39097102787092, 24.971793968922647], [121.39096367939577, 24.971787903158237], [121.39095634082577, 24.971781837367455], [121.39094900222791, 24.971775762548102], [121.39094166363078, 24.971769687728354], [121.39093433493878, 24.971763612882235], [121.39092700621893, 24.971757529007537], [121.3909196874042, 24.971751445106452], [121.39091236856166, 24.971745352176807], [121.39090504971985, 24.971739259246778], [121.3908977407831, 24.971733166290356], [121.3908904318186, 24.971727064305377], [121.39088313275916, 24.971720962294004], [121.39087584357631, 24.971714851228064], [121.39086855439417, 24.97170874016175], [121.3908612750886, 24.971702620040862], [121.39085399575521, 24.971696490891393], [121.39084672632696, 24.971690361715556], [121.39083945687086, 24.971684223511147], [121.39083220719574, 24.971678076226162], [121.39082495752132, 24.9716719289408], [121.3908177177235, 24.971665772600875], [121.39081048780221, 24.971659607206373], [121.39080326775752, 24.97165343275732], [121.39079604771356, 24.97164725830789], [121.390788847422, 24.9716410657497], [121.39078165703555, 24.971634873165137], [121.39077446659277, 24.971628662523813], [121.39076729595945, 24.971622451830136], [121.39076013517422, 24.97161622305369], [121.39075298426552, 24.971609985222692], [121.39074585313779, 24.971603738311135], [121.39073873188663, 24.97159748234502], [121.39073162048352, 24.971591208296143], [121.39072452886136, 24.971584925166738], [121.39071744711575, 24.97157863298277], [121.39071038509407, 24.971572313661856], [121.39070334288185, 24.971565994288607], [121.39069632039354, 24.971559647778413], [121.3906893077818, 24.97155329221368], [121.3906823149225, 24.971546918540206], [121.39067535171996, 24.971540526732014], [121.39066840824137, 24.971534107786876], [121.39066148454371, 24.971527679761223], [121.39065458056994, 24.97152122459865], [121.390647706253, 24.971514751301353], [121.39064085168847, 24.971508259895355], [121.39063403665658, 24.971501741300465], [121.3906272413486, 24.971495195568647], [121.39062047566888, 24.971488622673924], [121.39061373961749, 24.9714820226163], [121.39060906004048, 24.97147740338506], [121.39060238330241, 24.97147076705817], [121.39059573613561, 24.971464085512004], [121.39058912852995, 24.97145738580516], [121.39058254064821, 24.971450658961437], [121.39057598242326, 24.971443913983038], [121.39056944392222, 24.971437141867753], [121.39056293507795, 24.9714303516178], [121.3905564459576, 24.971423534230986], [121.39054998652256, 24.971416707737717], [121.39054353693555, 24.97140986316175], [121.39053710707248, 24.971402991448933], [121.39053069699033, 24.97139611065564], [121.3905243066891, 24.971389220781887], [121.39051792623593, 24.971382312825472], [121.39051156556366, 24.971375395788584], [121.390505214768, 24.971368469697243], [121.39049887382036, 24.971361525523225], [121.3904925427778, 24.97135458132294], [121.39048622158333, 24.97134761903998], [121.3904799102939, 24.971340656730764], [121.39047360888102, 24.971333685367075], [121.3904673074404, 24.971326704974903], [121.3904610159048, 24.971319724556462], [121.39045472436995, 24.97131274413776], [121.39044844271163, 24.9713057546646], [121.39044216102553, 24.971298756162934], [121.39043587936867, 24.97129176668919], [121.39042960761682, 24.971284777189222], [121.39042332593286, 24.97127777868672], [121.39041705418245, 24.971270789186175], [121.39041077249993, 24.97126379068312], [121.39040448097076, 24.971256810262172], [121.39039819931814, 24.97124982078675], [121.39039190779037, 24.97124284036523], [121.39038560635902, 24.97123585996942], [121.39037930495682, 24.971228888601512], [121.3903729936795, 24.971221926287505], [121.39036667249854, 24.971214963999184], [121.39036034147097, 24.971208019792957], [121.39035400053973, 24.971201075612402], [121.39034764976188, 24.971194149513963], [121.39034128910886, 24.971187232469415], [121.39024369200791, 24.97106196810368], [121.38988389424644, 24.97070359409693], [121.38984263792555, 24.97063299261373], [121.3897559452072, 24.970541907523188], [121.38963435832726, 24.970425273374108], [121.38946035564744, 24.970263887610304], [121.38937452583075, 24.970182460294545], [121.38929729435446, 24.970110878360575], [121.3891165874212, 24.969968414935774], [121.38878155454596, 24.96972592369122], [121.38865162992006, 24.96964080113891], [121.3884139525566, 24.96949441377718], [121.38814525262471, 24.969337616033357], [121.38765259353276, 24.969065513958185], [121.38736325910955, 24.96889735674171], [121.38718549108845, 24.968797081479693], [121.3867872859999, 24.96856719990619], [121.38659266162242, 24.968460476369767], [121.38622811999821, 24.96823596797977], [121.38606940399421, 24.968133935592824], [121.38590862406095, 24.968030581223502], [121.38575147657866, 24.967929555593116], [121.38549323710866, 24.967758416028342], [121.3852825776055, 24.96762537868], [121.38459837852083, 24.96718518554651], [121.38413397115636, 24.966880821794188], [121.38364354659628, 24.96656318880451], [121.38306354108148, 24.966184274872816], [121.38305888671296, 24.966181244311166], [121.38305550262072, 24.96617904108466], [121.38286538838848, 24.9660553006986], [121.38270584713547, 24.965950431881883], [121.38253822089435, 24.965841195909213], [121.38238148185475, 24.965739154422472], [121.38220831896388, 24.96562321523617], [121.38206179260973, 24.965521544436978], [121.38192400275274, 24.9654201851303], [121.3817587385834, 24.965299250559273], [121.38131436519026, 24.964957647923], [121.38069274446141, 24.96448092824416], [121.3802322792912, 24.96414450955182], [121.37977553328653, 24.963818661077948], [121.37936651686326, 24.963525353971548], [121.37883748212796, 24.963149164318253], [121.37824210627701, 24.962724668301327], [121.37776732951453, 24.96240316580187], [121.3773475488429, 24.962126609754314], [121.37682151369009, 24.96178182364938], [121.37635256003401, 24.961480642564922], [121.37607749604551, 24.9613013942908], [121.37574801543104, 24.96109377141318], [121.3753146392778, 24.96080845023546], [121.37483435318084, 24.96049739779803], [121.37444287155974, 24.960240985553778], [121.37402935684995, 24.95996840372383], [121.37368395632895, 24.959750271095075], [121.37340114649514, 24.959568039801514], [121.37322172549447, 24.959453324423293], [121.37299933266048, 24.959321860596262], [121.37282725885936, 24.95922295295661], [121.37272357043814, 24.959164068025075], [121.37258192376832, 24.95908598448355], [121.37243383926257, 24.959007646053802], [121.37218732985335, 24.958881667307494], [121.37197406123407, 24.958780207276497], [121.37176662713759, 24.958685693199186], [121.37083029666937, 24.958298717595877], [121.37049889524054, 24.958161752242102], [121.37004458822054, 24.957973296118894], [121.36956832465728, 24.957777480828792], [121.36910057873109, 24.957588062020367], [121.36873271705124, 24.9574378121032], [121.36839265626581, 24.95729801049479], [121.36800420511914, 24.95713702987202], [121.3676867808196, 24.957009187389232], [121.36739195310096, 24.95689021749155], [121.36720142227983, 24.956816294006366], [121.3670144133983, 24.956747751500775], [121.36685938268083, 24.956692672473807], [121.3666412741541, 24.95661952039277], [121.36645135234909, 24.956563696211454], [121.36632750566937, 24.956528086206905], [121.3661926383335, 24.95649301780674], [121.36595346512817, 24.95643621260539], [121.3657399739934, 24.956390385590776], [121.36560322415646, 24.956364972545995], [121.36536375004502, 24.9563268376895], [121.36512744315243, 24.956294752683323], [121.3649584785978, 24.956276162160947], [121.36478327056427, 24.95625941045671], [121.3646348666317, 24.95624801895114], [121.36449861456337, 24.95624018180357], [121.36431441944144, 24.956235206407698], [121.36418722222348, 24.956231842930233], [121.36404117588094, 24.956230737350147], [121.3639015275131, 24.95623316412525], [121.36375266209845, 24.95623657027995], [121.36362891875197, 24.95624251511504], [121.36349268538328, 24.956251144652935], [121.36336000178159, 24.956261282164483], [121.3632300370565, 24.956273263733156], [121.36309177063748, 24.95628768501448], [121.36296628007624, 24.95630234588587], [121.36285695430146, 24.956317933304565], [121.36274257707375, 24.956336638686516], [121.36263457682422, 24.956355111776258], [121.36250648664283, 24.956378265209448], [121.36239603735983, 24.95639914561967], [121.36228672318428, 24.956422135813973], [121.36214167401218, 24.956453916112533], [121.36197247295573, 24.9564932394404], [121.36175065139868, 24.956544634847702], [121.36145935742718, 24.956616115000923], [121.3612272578736, 24.956668211696762], [121.36103861199861, 24.956712925887615], [121.3608876245378, 24.95674620000734], [121.36076198597243, 24.95676810009759], [121.3605938499287, 24.95679256770087], [121.36045314047169, 24.956811759406456], [121.36034709092228, 24.956823608364424], [121.360192430243, 24.95683348023599], [121.36009989700239, 24.956837956308952], [121.35996919471772, 24.956838425715247], [121.35987360002005, 24.956835632220727], [121.35975464064516, 24.956828462193297], [121.35963017893617, 24.956819219813916], [121.35951204919662, 24.956807858448983], [121.35938476525509, 24.95679185143598], [121.35924196381345, 24.956765923502903], [121.35913649566169, 24.956746080793767], [121.35896047793214, 24.95670280801548], [121.35884323805288, 24.956673811664135], [121.3587340905353, 24.95664527423157], [121.35865598936746, 24.956619993416666], [121.35856297359756, 24.956587769572252], [121.3584215413587, 24.95653180032883], [121.35827578290947, 24.956469467360808], [121.35818222211093, 24.956423359029156], [121.35805880689325, 24.95635460714956], [121.35805547404358, 24.956352755326943], [121.35805170472274, 24.956350651760456], [121.35786452749144, 24.956235620316498], [121.35784697776857, 24.956224936833006], [121.35774402073906, 24.95616224771109], [121.35760635132273, 24.956078416272543], [121.35670422001584, 24.95550228819325], [121.35592327336269, 24.95497832861635], [121.35431321970225, 24.953867511791234], [121.35382832387882, 24.9535374511221], [121.35344670405914, 24.953275009776974], [121.35314160281463, 24.95307038403833], [121.35282600098141, 24.952857250760303], [121.35280920306582, 24.952845959991812], [121.35240996314668, 24.952577571876045], [121.3523719323485, 24.952552003326257], [121.35199344284624, 24.952301693870126], [121.35178542139232, 24.952162128757482], [121.3515703360696, 24.952017822088173], [121.35150808666499, 24.95197606849921], [121.35137883161005, 24.951888022181215], [121.35113096114719, 24.951720110876767], [121.35089727654795, 24.95156419147506], [121.35072179817092, 24.95144553002943], [121.3505605352651, 24.95133546600743], [121.35039921665171, 24.951226611734317], [121.35025192099145, 24.95113885061253], [121.35014347417331, 24.951072034055034], [121.35004269328441, 24.951012584581193], [121.34994295210006, 24.95095657239048], [121.34985098670002, 24.95090827012482], [121.34976468816173, 24.95086431518199], [121.34965451766358, 24.950814647113535], [121.3495499551106, 24.950773010049648], [121.34943427573413, 24.950729268300247], [121.34934358899342, 24.95069881173322], [121.34925934908557, 24.950671888132028], [121.34915345385876, 24.950642189368466], [121.34905726855231, 24.950617821581012], [121.34894188351427, 24.95059056449393], [121.3488373418056, 24.95056672172269], [121.34872625971947, 24.950544772080924], [121.34860525945734, 24.950524380381275], [121.34847650516288, 24.950500404415198], [121.3482848729974, 24.950474616198704], [121.34811947118644, 24.95045508627904], [121.34793973661695, 24.950430795604195], [121.3477566539052, 24.950406124308877], [121.34759184307953, 24.950385400681988], [121.3474503601492, 24.950367096232497], [121.3472803106853, 24.95034278217161], [121.34711833507858, 24.950323080640448], [121.34697690987853, 24.95030412556529], [121.34685587305009, 24.950288174465946], [121.34673652183602, 24.95027297772507], [121.34662179536753, 24.950257824298287], [121.34653213627128, 24.950243894501202], [121.34643534875984, 24.95023052292657], [121.34635015112318, 24.950218442482125], [121.3462579070231, 24.950204356018986], [121.34615867022929, 24.950186241051725], [121.34605949897282, 24.950166762587045], [121.34597059604201, 24.950146971303948], [121.34587947508525, 24.950127239286992], [121.34578772874391, 24.950103409800736], [121.34570134342584, 24.950080867898237], [121.34564983064685, 24.950063625930394], [121.34558797233822, 24.95004385292396], [121.34553429775458, 24.95002552350175], [121.3454740086923, 24.9500073899653], [121.34541821847127, 24.949986772209293], [121.34536217931648, 24.94996565845069], [121.34521470295857, 24.94990363249859], [121.34492913450781, 24.949771044702306], [121.3446552394633, 24.94964111076274], [121.34432461728981, 24.94948090901431], [121.34398766990614, 24.949317777887444], [121.34371569594097, 24.94918711549319], [121.34346533509171, 24.949065358883296], [121.3432836266705, 24.948978139586295], [121.34311298176713, 24.948895210132104], [121.34292000678786, 24.94880162426707], [121.34275146693919, 24.948720576470645], [121.34258118943683, 24.948637753893358], [121.34242843525561, 24.9485640184968], [121.3422678699706, 24.948490968983133], [121.34216029678498, 24.948444070075613], [121.34207013138752, 24.948407522743317], [121.34197816439925, 24.948371205199614], [121.34187223171195, 24.948333782074215], [121.34187139907431, 24.94833348604955], [121.34186869303313, 24.948332535254693], [121.34177897264715, 24.948302884375792], [121.34170537761419, 24.948278216217517], [121.34162253773258, 24.948255058897065], [121.34155750962802, 24.948237972884847], [121.34145193567542, 24.948212050742608], [121.34136038726342, 24.948190953638527], [121.34125225109202, 24.94816952431023], [121.3411403531285, 24.948152112100228], [121.34103829812786, 24.948134605048807], [121.34091354949258, 24.948121826537065], [121.34079500576289, 24.948111173444833], [121.34068307815116, 24.948104540798575], [121.34058673519759, 24.948100761512226], [121.34046341920862, 24.948101187812544], [121.34036083966713, 24.948101756235754], [121.34023785345336, 24.948106876334045], [121.34011716448535, 24.948115548253625], [121.34001245910216, 24.948124508620158], [121.3398821183531, 24.948141598734438], [121.33976542444451, 24.948159081946436], [121.33965469347396, 24.94818075868117], [121.33954913773547, 24.948204662568475], [121.33949968221836, 24.948218435152985], [121.33940398703206, 24.94824507914122], [121.3392383836057, 24.948294985790707], [121.33913456874231, 24.948329078420507], [121.33912187547101, 24.948333386747468], [121.33912097517818, 24.948333695760333], [121.33903165717898, 24.948363981473612], [121.3389854478584, 24.94838073488267], [121.33887548845598, 24.948427562247993], [121.33877191948804, 24.94846836212565], [121.33868001820758, 24.948510056299998], [121.33859321578139, 24.948551404781522], [121.33850695070161, 24.94859372705287], [121.33842757746861, 24.948635925279582], [121.33834862258135, 24.948679034376767], [121.3382703378452, 24.94872460664836], [121.33815646651252, 24.948796893265904], [121.33805173919097, 24.9488670103036], [121.33800037308819, 24.948902942281087], [121.3378140369475, 24.949041787452114], [121.3375917178064, 24.94921472369775], [121.33740645829789, 24.94936743345545], [121.33729333915859, 24.949465421403776], [121.33719478256587, 24.949550962336666], [121.3370856359575, 24.949656913162833], [121.33699649224057, 24.949744500157422], [121.3369435352935, 24.94980380072025], [121.33689031407583, 24.949856980645727], [121.33682285838105, 24.949930470391376], [121.3367513649555, 24.950015868588206], [121.33669049363155, 24.950089063511893], [121.33663727768308, 24.950158837427683], [121.3365868161276, 24.950229155830275], [121.3365447447319, 24.95028584052281], [121.3364929304554, 24.950361299075585], [121.33645063526428, 24.950423121373266], [121.3364156261534, 24.950476792669956], [121.33637385552508, 24.95054947485613], [121.33633358521085, 24.950620366031522], [121.33628402247221, 24.950704540805386], [121.33623992829399, 24.95078225698418], [121.33620165274674, 24.95085843422888], [121.33615850194525, 24.95094444529965], [121.33611903161345, 24.951025581777657], [121.3360901598791, 24.95108578469635], [121.33605431926365, 24.95117619410248], [121.33600073744552, 24.95132310675914], [121.33597749834422, 24.951386231161425], [121.3359536699496, 24.95145116255687], [121.3359338456581, 24.951513683380377], [121.33591379783562, 24.951581423085877], [121.33588900379613, 24.951677368997558], [121.33585874732404, 24.95180034904261], [121.33583310808662, 24.95190965879223], [121.33581036520478, 24.95202436998318], [121.33579253136072, 24.9521234510755], [121.33578147068847, 24.95220777361865], [121.33576716198182, 24.95234327611199], [121.33576428136935, 24.952380217543272], [121.33576322084275, 24.952398141188272], [121.33576006855374, 24.952451758575226], [121.33575133134026, 24.952629672673442], [121.33574853780914, 24.95273159989481], [121.33574984358488, 24.95282237690489], [121.33575281473306, 24.952895508785396], [121.33576006366398, 24.953005042315382], [121.33577023893397, 24.953098137670352], [121.33577973242481, 24.953202745692227], [121.33578927149784, 24.953283988268378], [121.3358014428537, 24.953368168147644], [121.33581157343217, 24.953433808417863], [121.33582527309134, 24.95350821618575], [121.33584370839127, 24.953597952421994], [121.33586212742357, 24.953685332295024], [121.33587819542161, 24.953752972490005], [121.33589874939601, 24.953835165276473], [121.33593321359014, 24.953952519151564], [121.3359620872557, 24.95404968923331], [121.33598593154468, 24.954114513089475], [121.3360303358584, 24.954230851398947], [121.3360746558145, 24.954341619398836], [121.33613166271783, 24.95447827911176], [121.33618094588499, 24.954585975269058], [121.3362401946305, 24.954702045266647], [121.3363125907944, 24.954838489595915], [121.33648315073069, 24.9551183259221], [121.33666342678433, 24.955398275501853], [121.3367065595982, 24.955465439110515], [121.33675587836836, 24.955542203898197], [121.336811922584, 24.955626654631267], [121.33686059834746, 24.955699990068084], [121.33696318228752, 24.955858801192793], [121.33705591241724, 24.95599565957209], [121.3371540646649, 24.95614883787392], [121.33723908469688, 24.956279935447846], [121.33734958552222, 24.95645445571952], [121.33744507736944, 24.956597780898964], [121.33750553544247, 24.956691674017165], [121.33755269896206, 24.956765789073753], [121.33762075825044, 24.956868855759073], [121.33768799289665, 24.956974533468784], [121.33777121241312, 24.957102276257235], [121.33785702683929, 24.957237298974245], [121.33796247601501, 24.95739632856613], [121.33806295185181, 24.95755095451115], [121.3381827911876, 24.957735366028835], [121.33827897440342, 24.95788815978321], [121.33840927555151, 24.958106331360412], [121.33849962973841, 24.958264031559178], [121.33852325971233, 24.958311259224757], [121.33855788033343, 24.95837941666055], [121.33860594821759, 24.958483178339193], [121.33864761308624, 24.958577700519694], [121.33869400674723, 24.958699305953626], [121.33873656730762, 24.958813471715434], [121.33877478493086, 24.95893655830281], [121.33879764474402, 24.959027963289543], [121.33881878959991, 24.959122369578164], [121.33884343940845, 24.959238146973476], [121.33885907524625, 24.959327934253086], [121.33886936966319, 24.959405608636153], [121.33887934657336, 24.95949753044388], [121.33888702442152, 24.95960338819297], [121.33889396144421, 24.959717183527065], [121.33889671259472, 24.95983218915143], [121.3388959972651, 24.959900083813086], [121.33889369487225, 24.959974301915526], [121.33889098046923, 24.960053576818826], [121.3388821092051, 24.960148475710596], [121.33886819358557, 24.96025659452266], [121.3388602970083, 24.960316840468593], [121.33884648449639, 24.96039390159239], [121.33883446154198, 24.960469875243525], [121.33880988369187, 24.960583083194972], [121.33878716618418, 24.9606812727997], [121.33876655031355, 24.960758520926987], [121.33873958679487, 24.960850463549445], [121.33871536595935, 24.9609204791487], [121.33869159891725, 24.961000713778613], [121.33861111220475, 24.961228834981377], [121.33846618014695, 24.96161201064944], [121.33836417468052, 24.961884627063384], [121.33826974884033, 24.962144108026777], [121.33817349416593, 24.962408585741848], [121.33809349254037, 24.9626191815548], [121.33800682990487, 24.962853184831836], [121.33793624342763, 24.963055498265035], [121.33790171281984, 24.963151258812804], [121.33786846569862, 24.963260080426906], [121.33785273893706, 24.963314683305256], [121.33783484354744, 24.96338391698838], [121.3378063799802, 24.96349278190447], [121.33779559509857, 24.963543726122207], [121.33777866972821, 24.963620035803626], [121.3377685522741, 24.96367603436691], [121.33776070521674, 24.963725662810692], [121.33775128284181, 24.963796845438207], [121.33773611222176, 24.963917371867886], [121.33772628720091, 24.964047880526856], [121.33772113396095, 24.964173719972955], [121.33772207232984, 24.96425627284358], [121.33772476913025, 24.964355334530552], [121.33772924754477, 24.964450365543048], [121.33773621213102, 24.96454186986931], [121.33774587505744, 24.964616864298065], [121.33775701907788, 24.964708350113735], [121.33777137436405, 24.964800704390996], [121.33778778918301, 24.964885614655266], [121.33780556144701, 24.964967109131027], [121.33782115177569, 24.965029333083], [121.3378460314509, 24.96511673400843], [121.33786371423747, 24.965183566680302], [121.33788544200867, 24.965251915957957], [121.33790572270222, 24.965308974083168], [121.3379469254117, 24.965422177007483], [121.33797282948792, 24.965492954438798], [121.33800799048169, 24.965573380186854], [121.33802239987506, 24.96560566887415], [121.33804734244396, 24.96566161493879], [121.33808103173179, 24.965732591354396], [121.33808200796821, 24.965734656623834], [121.33812403347628, 24.965819030189227], [121.33813583152255, 24.965841637403646], [121.33815862113832, 24.965885291761023], [121.33820469910572, 24.965970251967672], [121.33826140724024, 24.96607082506535], [121.3383714681465, 24.96626177681068], [121.33846852207493, 24.966422567325754], [121.33854513589712, 24.966555010174275], [121.33862140475057, 24.966688004491722], [121.3387362613318, 24.966886546882833], [121.33881187126926, 24.967017475106985], [121.33887432267538, 24.96712812854313], [121.33892858629129, 24.967225348390294], [121.3389747894014, 24.967315842410205], [121.33902675960846, 24.9674254362367], [121.33907646774087, 24.967533563577682], [121.33911563538075, 24.96761908090826], [121.33914351955971, 24.967692787800036], [121.33917412163953, 24.967782450563202], [121.33920868762802, 24.967887362148037], [121.33923702643888, 24.96797512507569], [121.33926045735953, 24.968075385343827], [121.33928124005162, 24.968167020568075], [121.33930506176182, 24.968283350342656], [121.33931747850079, 24.968350817757084], [121.33933332160262, 24.96845421006848], [121.33934185524663, 24.968550324153778], [121.3393482182507, 24.968631402006253], [121.33935279455285, 24.968739930016273], [121.33935513498656, 24.968834920643484], [121.33935457688408, 24.96893476608215], [121.33935346163364, 24.96899036500443], [121.33935049280574, 24.969038203797588], [121.33934352965831, 24.96912471094942], [121.3393296452027, 24.969247988153683], [121.33931536296679, 24.969356243141398], [121.3392939549165, 24.969470048722762], [121.33926471724834, 24.969610866807802], [121.3392352396977, 24.96972924103582], [121.33921468866016, 24.969805270171342], [121.339178054533, 24.969914397636977], [121.339146359048, 24.970004157132777], [121.3391118758051, 24.97009224370353], [121.33907724460595, 24.9701733426857], [121.33903829249032, 24.970260735206562], [121.33899986461536, 24.97034428046035], [121.33894646504967, 24.970454520404544], [121.33891327445458, 24.97051924772982], [121.33887876988578, 24.970577965179565], [121.33882502607744, 24.970671079146612], [121.33876829708606, 24.970759162085677], [121.33871077783279, 24.970844420937667], [121.33864182953273, 24.97093719023609], [121.33854619791236, 24.971062296406032], [121.33840579229998, 24.97122154103636], [121.33809770478496, 24.9715261701786], [121.33761436302761, 24.97194969283123], [121.33702729274765, 24.972480533607506], [121.33647706573535, 24.972979770963498], [121.33623213725103, 24.97320292643556], [121.33608633823192, 24.973333046687305], [121.3360858046853, 24.973333526392434], [121.33578030354231, 24.97360616661553], [121.33534722712378, 24.973998727822604], [121.33503653250278, 24.974278627956398], [121.33467300680765, 24.974606911583095], [121.33439635207472, 24.974864939506837], [121.33410388991999, 24.975127281814014], [121.33383559006646, 24.975369734162303], [121.33350515759099, 24.975667777132834], [121.33319383372012, 24.975948830460208], [121.3330589499165, 24.976070328367072], [121.33305554100535, 24.976073396591808], [121.33291232735297, 24.976202406501542], [121.33259964125524, 24.97648618818483], [121.3322724351304, 24.976781774541774], [121.33195989721088, 24.97706280994532], [121.33167382734388, 24.97732296643557], [121.33139912433865, 24.977570972048753], [121.33114146955063, 24.97780893586298], [121.33100243899983, 24.977936932489634], [121.33089371502734, 24.978041794285467], [121.33073171656396, 24.978207706451848], [121.33056941009458, 24.978377131138934], [121.33044133341296, 24.978519999629814], [121.33031173175254, 24.97867054545874], [121.33018482216127, 24.97882783837977], [121.33007980583751, 24.97895298699985], [121.32994811614027, 24.979123155660737], [121.32994800754616, 24.97912329132612], [121.32994589514249, 24.97912602255835], [121.32958983312695, 24.97958555790652], [121.32910969977378, 24.980217599846945], [121.32866241631287, 24.980797131270595], [121.32806349532294, 24.981550871844924], [121.32762025539563, 24.98213113152002], [121.3272525674029, 24.982605764096036], [121.32682285670646, 24.983150808310988], [121.32636883102596, 24.9837359180556], [121.32580625807194, 24.984472009706643], [121.32457168957524, 24.986063165529643], [121.32437311977046, 24.98631949675798], [121.32414823973917, 24.986609876597406], [121.32389189208973, 24.986935778737642], [121.3236515541139, 24.98724024853317], [121.32346055961735, 24.987489456782537], [121.323224277128, 24.987800065342764], [121.32305945703087, 24.988009473624196], [121.32285962314121, 24.98826966967394], [121.32273788369612, 24.9884264755078], [121.32259069434781, 24.988620686505666], [121.32241974417097, 24.988839153721376], [121.32227587937432, 24.989009477338918], [121.32219356586883, 24.989098602426424], [121.32206091187385, 24.98923010694211], [121.32195503294841, 24.989327245860387], [121.32184403969548, 24.98943476025689], [121.32153645675017, 24.989680796404695], [121.32129150092976, 24.98982121001939], [121.32101135187142, 24.989974311696084], [121.32090251661995, 24.990013106321822], [121.32082816926233, 24.990046292166408], [121.32070429232436, 24.9900987066732], [121.32056765196963, 24.990149424167694], [121.32045451315018, 24.990186647785038], [121.32034642173507, 24.990218280959482], [121.3202294994879, 24.990248163512433], [121.32008327002222, 24.99028367948005], [121.31992789849502, 24.990312028430477], [121.3197759359443, 24.990337083590994], [121.31960240098384, 24.990359440326973], [121.31945467262942, 24.99037088944089], [121.31926772278236, 24.99037711392225], [121.319075361702, 24.99037851962947], [121.3190538631799, 24.990377554556023], [121.31867689168303, 24.990343567260197], [121.31858219349981, 24.99033327914316], [121.318469937432, 24.990317412938516], [121.31838371577216, 24.99029824978696], [121.31827996304203, 24.990272370911693], [121.31706020701077, 24.98993219717802], [121.31655735177313, 24.98976647882871], [121.3165209166447, 24.98975447645888], [121.31641980580595, 24.989715490586708], [121.31615877417858, 24.989614856148307], [121.31606466407194, 24.989578572678663], [121.31597759419205, 24.989545009776876], [121.31513505817307, 24.98914241853321], [121.31432941640367, 24.98885252615737], [121.3136383008149, 24.9886332061041], [121.3131852817712, 24.988530027678912], [121.31184610835278, 24.988325811829668], [121.31128885341322, 24.988211091139444], [121.31043235416689, 24.98800162683105], [121.30929281388718, 24.987813773031174], [121.30820017734764, 24.98770792585172], [121.3079432564933, 24.987710263375597], [121.30624228577125, 24.98749973918279], [121.30461471207674, 24.987289045281265], [121.30367923949277, 24.987155279608178], [121.30286317862006, 24.98697539219321], [121.30198300638591, 24.986729055574145], [121.30178040445682, 24.986672172844347], [121.30130088698793, 24.986537457843916], [121.30084965208258, 24.986411197821386], [121.30034179009758, 24.98626979285299], [121.29989738282009, 24.986143814079732], [121.29934986486282, 24.985987760421168], [121.298768963063, 24.985822201737527], [121.29827026634962, 24.985683994364532], [121.29822130965135, 24.985670423595447], [121.29819301013094, 24.98566258051924], [121.29772802545281, 24.98552927837179], [121.29732722097786, 24.98541686448931], [121.29685608270157, 24.98528600051178], [121.29647008302237, 24.985179495411188], [121.29532146728008, 24.984863611916552], [121.29444027394213, 24.98461692546167], [121.29374792445336, 24.98442910502341], [121.2934353480014, 24.98435519280313], [121.29309972016799, 24.984288972312036], [121.29265087301197, 24.98422296470008], [121.29114918504719, 24.984025255354865], [121.28933214585028, 24.983783300487822], [121.2891011996998, 24.9837538384146], [121.28860776204424, 24.98369208529877], [121.28825603049287, 24.983646379379348], [121.2879121358641, 24.98360128944976], [121.28733316051952, 24.98352882743237], [121.28667963955813, 24.98344453519669], [121.28614015994398, 24.983376885801807], [121.28555619439166, 24.98330447159027], [121.28503752252303, 24.98323903534853], [121.2843334342122, 24.983149105656587], [121.28373774505174, 24.983073402319558], [121.28364862906719, 24.983061871462247], [121.28337788260463, 24.983026824595015], [121.28332790475828, 24.983020356144173], [121.28305875036648, 24.98298405072613], [121.28305549048024, 24.982983614537453], [121.28280651981662, 24.982950023917134], [121.28266457677455, 24.98293347377188], [121.28262493397145, 24.982928583471146], [121.28261348006355, 24.98292716971541], [121.28231546056644, 24.982890385084392], [121.28222203583118, 24.982878789316842], [121.28210358988878, 24.982862798977386], [121.28183054785474, 24.982837161162088], [121.28137121871747, 24.982765415325083], [121.28110064384391, 24.98271814864565], [121.28030977313404, 24.982524718473115], [121.2801377333051, 24.982475359453606], [121.27946840737226, 24.982256849993632], [121.27803100116041, 24.981720640611282], [121.2768370034638, 24.981269959621628], [121.27633753783961, 24.981056852939922], [121.27579811439375, 24.98079413566217], [121.27567219027712, 24.980737038984035], [121.27512608459637, 24.98040799138113], [121.27510891513064, 24.980397423845346], [121.27497617003792, 24.98031495148721], [121.27495353290556, 24.98029992500582], [121.27433300190482, 24.979889829072437], [121.2743060028975, 24.979873113201577], [121.27415483490734, 24.979777077366148], [121.2739297350753, 24.979618502707815], [121.27303094518689, 24.978965824970473], [121.27251523805438, 24.978607496135293], [121.27130920598783, 24.977736847922543], [121.27127659619966, 24.977708630578643], [121.27122367755422, 24.977669742615063], [121.2707314315115, 24.977300286940462], [121.2701791746595, 24.976903799321132], [121.26980960583192, 24.97664265659903], [121.26955558591857, 24.976484506787944], [121.26924272993783, 24.976271037937607], [121.26900127660211, 24.97611095042492], [121.26851429152994, 24.975836645565117], [121.26801475686354, 24.975579560685443], [121.26792240160225, 24.975528129915098], [121.26779228680456, 24.97547103401285], [121.26745860599097, 24.975316842831578], [121.26698441108198, 24.97514188495819], [121.26635708435802, 24.974923240581546], [121.26560816342217, 24.97470672453834], [121.26486763674826, 24.974495922772984], [121.26472092197659, 24.97445636869611], [121.26454669644542, 24.974414317367017], [121.26410622764386, 24.974319552368794], [121.26312869549908, 24.97405756513424], [121.26243433713222, 24.973858135597123], [121.26175039357811, 24.97363192445123], [121.26131014482976, 24.97347491830767], [121.26101814233516, 24.973384542096003], [121.26086524519576, 24.973333519997517], [121.2608641152676, 24.973333142786455], [121.26035509340525, 24.97316328956703], [121.25958415542996, 24.97292781295801], [121.25854956866114, 24.972649418192297], [121.25805879547899, 24.972497816827396], [121.25805552484226, 24.972496802292014], [121.25766665746727, 24.97237667637937], [121.25714431609155, 24.972213416831043], [121.25668924612305, 24.97205405709178], [121.25633887076218, 24.97191490176697], [121.25589998642582, 24.971721772751582], [121.25539673012818, 24.971464443861706], [121.25487805459461, 24.971168651747504], [121.2545614745616, 24.97098937550461], [121.25421469811779, 24.970796327718606], [121.25384014420455, 24.970595309287962], [121.25343759934995, 24.970369040080804], [121.25322702611734, 24.97025053094959], [121.2528828684139, 24.97003801944277], [121.25254129944965, 24.969817034132358], [121.25220474037944, 24.969584889510273], [121.25187266518229, 24.96934588399986], [121.25162190036433, 24.969157732548357], [121.25142140490645, 24.968995985011983], [121.25124851907829, 24.968856589985574], [121.25092858526683, 24.968600425999433], [121.25061334938047, 24.968330566400486], [121.25031392033478, 24.968089227236696], [121.24988114283128, 24.96773560882195], [121.24943519883237, 24.96736904643876], [121.24909449485212, 24.96708887969123], [121.24872231619881, 24.966783674885527], [121.24829038550126, 24.96642798281917], [121.2478727963827, 24.966086106085957], [121.24748293037757, 24.96576369238767], [121.2471110604763, 24.96546032472672], [121.24675936260702, 24.965174672466052], [121.24634369044136, 24.964826323845934], [121.24595596356113, 24.964509807064044], [121.24556695199216, 24.9641887230093], [121.24518748673738, 24.9638710800623], [121.24493610415374, 24.963665303745316], [121.24439023974145, 24.963213581076847], [121.24412602154429, 24.963001323991783], [121.24391228478615, 24.96282961144272], [121.24380426102229, 24.962742836047557], [121.24325448541369, 24.962292388515056], [121.24295839938159, 24.962039066132228], [121.24275698223948, 24.96187543926721], [121.24273724231081, 24.961859409960418], [121.24271023132093, 24.96183746085737], [121.24268629541773, 24.961818016627046], [121.24266869811112, 24.961803717267763], [121.24263709460548, 24.961778146226766], [121.24236815881444, 24.961561045393317], [121.24214381873814, 24.961383578365844], [121.2418277257818, 24.96115258629776], [121.2415950578521, 24.96098000727098], [121.24141177001803, 24.960858051212057], [121.24111400173675, 24.960667827135975], [121.24073323323344, 24.960442670410877], [121.24039324988925, 24.960233129168476], [121.24004378385148, 24.960035772676854], [121.23968672791726, 24.95982056943199], [121.2392550373361, 24.959563096980943], [121.23882147448595, 24.95930957166397], [121.23848276442772, 24.959109946141115], [121.23810471430261, 24.958882322520324], [121.23809290551921, 24.958875208975883], [121.23808586587538, 24.958870976889376], [121.2380572122516, 24.958854112529814], [121.23802173728963, 24.958833232407354], [121.23801243727601, 24.958827767041146], [121.23751985420368, 24.958537875573303], [121.2372025809738, 24.958349362960767], [121.23678510321622, 24.95810275786389], [121.23641342166881, 24.957882613317757], [121.23603361367833, 24.957658824212217], [121.23560830001088, 24.95742417273729], [121.23538033905264, 24.957307362770454], [121.23499753080682, 24.95713929892108], [121.23418927566249, 24.956809528071116], [121.23345071384071, 24.956510872774274], [121.23305873880824, 24.956352605033263], [121.23305549794838, 24.956351291959447], [121.23283433724431, 24.956261985939165], [121.23225273057918, 24.95602732523131], [121.23157813476386, 24.95575586266291], [121.23110500952343, 24.955567001296863], [121.23067738064309, 24.955393759307054], [121.23024376361872, 24.955211009411904], [121.22958771693368, 24.954940357746185], [121.2295813541988, 24.954937731262728], [121.22946442665595, 24.954889492170345], [121.22940589355437, 24.954865350125218], [121.22940116610673, 24.954863398244882], [121.22902018121863, 24.954703595116094], [121.22863880088107, 24.954543629099877], [121.22755851705219, 24.954115333206307], [121.2266923428459, 24.9537664244501], [121.22597392434591, 24.9534808013002], [121.22523063676186, 24.953175683842105], [121.22432355747267, 24.95278920171314], [121.2233920666187, 24.952355333482867], [121.22294373105889, 24.952153769037203], [121.22267524491701, 24.952023764435378], [121.22248212755837, 24.951930491693002], [121.22217581162971, 24.95175554514164], [121.22185910604662, 24.951557193761396], [121.22148782245581, 24.951306801908498], [121.22114822086897, 24.951040390850164], [121.22094572162169, 24.95086021362139], [121.22058481621882, 24.950518653362472], [121.22028157134793, 24.950190594699777], [121.21999000895312, 24.949843305710743], [121.21980467307029, 24.949628622075725], [121.21949812257046, 24.94920984022887], [121.21912400165327, 24.948737194352663], [121.21881718587346, 24.94833384998918], [121.21881689802615, 24.948333471219026], [121.21857386673534, 24.948013978723587], [121.21809442893509, 24.947429044868652], [121.2176881360306, 24.94690605477826], [121.21728687376948, 24.946369901801805], [121.21687093047407, 24.94584556015556], [121.21660032815424, 24.945496274552063], [121.21632129839328, 24.945128835511895], [121.2160493169141, 24.944787550029375], [121.21570351944857, 24.944340964231326], [121.21535237015256, 24.943884616586693], [121.21514628613673, 24.943618639398526], [121.21497935784394, 24.943410387250957], [121.21480789200668, 24.943206195205068], [121.21469154901706, 24.94306846293127], [121.21456762070393, 24.942930470632895], [121.21435645992753, 24.942727328324676], [121.21414305170856, 24.942529723354046], [121.21345414752352, 24.94191131754429], [121.2127870554522, 24.941322165491744], [121.21208696330345, 24.940696690888757], [121.21172683160933, 24.94038218353802], [121.21167086086967, 24.940333301953395], [121.21164448204355, 24.940310262789946], [121.21149871443392, 24.94018296142916], [121.21140348319047, 24.94009979136342], [121.21137442502113, 24.94007329806861], [121.21115319646077, 24.939871537689527], [121.21110371839713, 24.939826411536128], [121.21084895008902, 24.939594055756043], [121.21046568121298, 24.93920805489311], [121.21028221060077, 24.939011413137223], [121.2100957122076, 24.938786534525697], [121.20973604704167, 24.938331891493117], [121.20917597768893, 24.937617347977344], [121.20844623852182, 24.93668540957399], [121.2080587479915, 24.936193125613904], [121.2080555528064, 24.936189058256183], [121.20800524378276, 24.936125153081683], [121.20765092366398, 24.935689727855934], [121.20740405066594, 24.935415110992015], [121.20721782907772, 24.93521319653923], [121.20674788562424, 24.934791030031555], [121.20652175360313, 24.934607479680523], [121.20619917972468, 24.934369720343472], [121.20587860204023, 24.93415269582883], [121.20554113285243, 24.93395322710831], [121.20526767470051, 24.93381145139672], [121.20509706366511, 24.933723126429975], [121.20442437943211, 24.933378559747325], [121.20256945914083, 24.93245630132623], [121.20185373870665, 24.93210033334582], [121.20102735534188, 24.93168980792043], [121.20026247508379, 24.931310198878744], [121.19973623177479, 24.931047843559927], [121.19923841043122, 24.930799686213717], [121.19883975607343, 24.930609375529396], [121.19829872871803, 24.930342376130383], [121.1977730279876, 24.930079814459226], [121.19700375102532, 24.929699824184656], [121.19648044704509, 24.92944048691792], [121.19578862547682, 24.929092222454855], [121.1952419117602, 24.92881489981042], [121.19473339119922, 24.92857042487217], [121.1943354362903, 24.92836890584311], [121.19369300967232, 24.928050017908532], [121.19317554412187, 24.92779244896129], [121.19285935830158, 24.927636278151176], [121.1921784340216, 24.927298130619896], [121.19177383646576, 24.92709830156002], [121.1912346115734, 24.926831129478085], [121.19071115617346, 24.926567104235797], [121.19039580177333, 24.92640671982937], [121.19007660616506, 24.926233122010025], [121.18986812111581, 24.926109634843694], [121.18970344665836, 24.926004654115484], [121.18953690122822, 24.925893211217833], [121.18940812632027, 24.925806566419173], [121.18922373201471, 24.925670425970136], [121.18907301386474, 24.925555630961647], [121.18896040790246, 24.925462582155234], [121.18884152381429, 24.925362282347162], [121.18874255549505, 24.925271735032958], [121.18865079269634, 24.925179580499837], [121.18856098306482, 24.92509562126337], [121.18850720740893, 24.925040796339424], [121.18841012929626, 24.92494284308596], [121.18824539129156, 24.92477461656048], [121.18801017945032, 24.924514767813022], [121.18749701735116, 24.92391009303534], [121.1871938108663, 24.923552126060244], [121.18701083263286, 24.923333560359954], [121.18701053509474, 24.923333217652267], [121.18659286551691, 24.92283432348253], [121.1860045074036, 24.922167043921846], [121.1850497211917, 24.921178127294226], [121.18439305098764, 24.920494132999465], [121.18352841584947, 24.91958011217849], [121.18305549337369, 24.919083966199576], [121.18304967284534, 24.919077861083455], [121.18286500605237, 24.91891325522682], [121.18236519884813, 24.91838972054858], [121.18186605588437, 24.917884186064143], [121.18148366313586, 24.917481901666495], [121.18105208305012, 24.917021541766132], [121.18080234548529, 24.916766917325138], [121.18064005730841, 24.91659400240727], [121.18045406388043, 24.91639742532747], [121.18034390685479, 24.916283059715276], [121.18019061520752, 24.91613467275338], [121.17992190922324, 24.915884556852152], [121.17959238170357, 24.915602715487424], [121.17924348901506, 24.915326250528263], [121.17906014637714, 24.915193716345712], [121.17885815845646, 24.9150516251032], [121.17873443477453, 24.914967258046175], [121.17855754461245, 24.914852980070858], [121.17840690066693, 24.91475999570429], [121.17826669423457, 24.914675756311592], [121.17809787057209, 24.914580175105435], [121.17784919222535, 24.91444211074666], [121.17758958734461, 24.914312708242782], [121.17736910419094, 24.914201604588488], [121.17725364417758, 24.914148609379676], [121.17699836157874, 24.914043288627457], [121.17665116200497, 24.91390582667947], [121.17643129024205, 24.913826735818635], [121.17618611895104, 24.91374381034038], [121.17592144912159, 24.91366371530872], [121.17572824367092, 24.9136090500458], [121.17572482689461, 24.913608133168726], [121.17554386678901, 24.913559728017017], [121.17529630421774, 24.91350021467984], [121.17501411733897, 24.913444515461247], [121.17476326550856, 24.91339694974919], [121.17456080414463, 24.91336309538663], [121.17441546504168, 24.913343077787037], [121.17425246981563, 24.91331976723025], [121.1740054300938, 24.913293448783076], [121.1737368595628, 24.91326812105429], [121.17353069756903, 24.913256533786203], [121.17345222489743, 24.913252237237888], [121.17329636921355, 24.91324411223116], [121.1731151333319, 24.91323823752463], [121.17294215897104, 24.91323593731728], [121.17256022896163, 24.913241941235384], [121.1712420192295, 24.913286715951962], [121.16959712961946, 24.91334487893224], [121.16873647798684, 24.91337217310334], [121.16744573671289, 24.913416287318295], [121.16651126863748, 24.913449781835574], [121.16573161240927, 24.91347385340194], [121.1647859887805, 24.91350931771354], [121.16443120058958, 24.913520940702913], [121.1643930974015, 24.913522183492983], [121.16424846567708, 24.913526920275395], [121.16410326965736, 24.913531666566982], [121.16408241140252, 24.91353234859401], [121.16360497808232, 24.913547977710117], [121.16132507443194, 24.91362536142084], [121.16081730646967, 24.913640626201232], [121.16018158277214, 24.913664459321584], [121.16015970483551, 24.913665187037648], [121.1600716882248, 24.913668125497097], [121.15944729584041, 24.91368898198994], [121.15888973503998, 24.913707697165975], [121.15809403265555, 24.913735655236547], [121.15805854280812, 24.913736812382272], [121.15805550364247, 24.91373690588777], [121.15755169624391, 24.913753347113083], [121.1568928740113, 24.913776648910797], [121.15634496504651, 24.913795524991446], [121.15586601720216, 24.913812963706643], [121.1553527945501, 24.913829596943287], [121.15487667727119, 24.91384660519587], [121.15476027821845, 24.913850355469517], [121.15473317322032, 24.91385123226916], [121.15469820796723, 24.913852360985814], [121.15457524549596, 24.913856325577655], [121.1544525503036, 24.91386028076285], [121.1544168722712, 24.913861428208666], [121.15429902869445, 24.913865901895306], [121.15425952970506, 24.913867396338258], [121.15406892480527, 24.913874617509993], [121.15363572714512, 24.91389456588028], [121.15310104774075, 24.913924927712362], [121.15253039392884, 24.91395720234588], [121.15172544300079, 24.914002344164167], [121.15090371787855, 24.914044997728073], [121.14998936618177, 24.914094375872438], [121.1491471714096, 24.914140994815433], [121.14849184259182, 24.91417467487125], [121.14804063525533, 24.914194977036697], [121.14801783680126, 24.91419600182535], [121.14790822008952, 24.914200931779092], [121.14779842517977, 24.914205870857366], [121.14778549648454, 24.9142064524627], [121.14767961302395, 24.914212200139577], [121.14695081266531, 24.914251805636283], [121.1459651433567, 24.914305590122552], [121.14540637118905, 24.914350890072058], [121.14498665176691, 24.91440266165047], [121.14436566905475, 24.914526177614125], [121.14407180408912, 24.914591999433867], [121.14385511333133, 24.9146525639137], [121.14377987769565, 24.9146735915392], [121.14367356684086, 24.914712579603606], [121.14358607779118, 24.91474466075135], [121.14352177464885, 24.914768241805536], [121.14349741244165, 24.9147783410184], [121.14346761772605, 24.91479070257028], [121.14320363085845, 24.91490015560461], [121.14269872545451, 24.915112700216408], [121.14241938270723, 24.91522259089295], [121.14202808728592, 24.91538256930151], [121.14192935653745, 24.915419634868716], [121.14170101072634, 24.91550607387079], [121.14145875597572, 24.915610772249266], [121.14112708726732, 24.915771432057735], [121.14087571304017, 24.91590187827778], [121.14051887633862, 24.916088490261938], [121.14017792005853, 24.91628531571771], [121.13989518419176, 24.916445764267735], [121.13969019239862, 24.9165610693732], [121.1394804924087, 24.916671728939914], [121.13930422162903, 24.916761744999572], [121.13911410537578, 24.916856369256415], [121.13883244166865, 24.916986461085223], [121.13858096240988, 24.917089303509776], [121.13830477512148, 24.917195165878113], [121.13801752128637, 24.91729428468513], [121.13724673347804, 24.91755850990283], [121.13676271533132, 24.917725222810343], [121.1362083313229, 24.917916059296946], [121.13573086330723, 24.918081796827813], [121.1352149657043, 24.918260947867015], [121.1347647874797, 24.918415037923356], [121.134392933665, 24.918545338274324], [121.1340361051351, 24.918664013587264], [121.1336319072721, 24.91880531069533], [121.13322737154117, 24.918946300042197], [121.1330586521165, 24.919004214806133], [121.13305548516101, 24.919005301047786], [121.13282920610484, 24.91908296701133], [121.13242260776187, 24.919222547572417], [121.13207723013547, 24.919341208030282], [121.1316740422799, 24.91947753328273], [121.13131160222481, 24.91960312283756], [121.13099440051, 24.91971373869701], [121.13065214245344, 24.919835887130407], [121.13029485410266, 24.91995734369229], [121.12993142983098, 24.920081729967563], [121.12951758139732, 24.920224775857324], [121.12897922611482, 24.920408439066417], [121.12880735594536, 24.920467895614223], [121.12878170307178, 24.920476765666766], [121.12875230915976, 24.920486939044064], [121.1287185605833, 24.920498614899817], [121.12868901820033, 24.920508833535127], [121.12867345030328, 24.92051421890624], [121.12861998698388, 24.920532710184496], [121.12818669798337, 24.920682594668094], [121.12751522602771, 24.920914299086668], [121.12704299895933, 24.92107721452966], [121.12659815593344, 24.921230769798285], [121.12616346678847, 24.921371648214244], [121.12584625938442, 24.921466164407008], [121.12557724783736, 24.921531648945663], [121.12519069126405, 24.921611821734306], [121.12453270271537, 24.92173464521797], [121.12378637112683, 24.921868788633663], [121.12322716760526, 24.921971110960175], [121.12269160137734, 24.922068915567692], [121.12218405641806, 24.922160050343983], [121.12163240321262, 24.92226113263498], [121.12105660221042, 24.92236302699854], [121.12054125731417, 24.92245848715303], [121.1200306409842, 24.922550691473973], [121.11964338625825, 24.92262237272502], [121.11872419945112, 24.922789195090253], [121.11778002817218, 24.92296378698081], [121.11723621461356, 24.92306022425026], [121.11681840609619, 24.923135127294167], [121.11625948521981, 24.923234434861975], [121.11579271539524, 24.92331883503254], [121.11571370134185, 24.923333350945466], [121.11571161264366, 24.923333731761925], [121.11530293086179, 24.923408758905307], [121.11483167401596, 24.923492437261757], [121.11431747332519, 24.923582882295808], [121.1137848231539, 24.92368017418548], [121.11336189268928, 24.923756118759545], [121.11299929383193, 24.923828603662766], [121.11272828432807, 24.923887692452055], [121.11245046880316, 24.92395336763231], [121.11240174010726, 24.923967524893207], [121.11223300618796, 24.92401686615895], [121.11211351594376, 24.924052266379032], [121.11188967174118, 24.924121050854726], [121.11165252481626, 24.924205491284123], [121.11140491276846, 24.924301342105522], [121.111146464592, 24.92441453524354], [121.1109376400166, 24.92451794027725], [121.11065182927928, 24.92465804870604], [121.1102589156444, 24.924848425056286], [121.1080588108637, 24.925930724805188], [121.1080555449573, 24.925932334238542], [121.10787107044759, 24.926023077472557], [121.10633611540096, 24.92678290502252], [121.10624648002737, 24.92682728061748], [121.10592923736809, 24.92698431268263], [121.10513958316983, 24.927371650944547], [121.10512687550117, 24.927377880515618], [121.1051180573276, 24.92738220233791], [121.1047743758324, 24.92755078895393], [121.10368718673257, 24.928080562690564], [121.10297877424094, 24.928428604299146], [121.10226720656362, 24.928773457653364], [121.10146984687893, 24.92916167554548], [121.10122172360632, 24.929283791629427], [121.10111589229093, 24.929335623609077], [121.10085695010484, 24.929462432193127], [121.10032066249241, 24.92972192889357], [121.09989172243554, 24.92993267934546], [121.09936215649537, 24.930195625986464], [121.0993478349601, 24.930202632587164], [121.09932624872327, 24.930213183182932], [121.09930386079768, 24.930224131561786], [121.09929720973653, 24.930227377208897], [121.09926356845655, 24.930243831408536], [121.09851106628153, 24.930611725650152], [121.09793271695777, 24.930895212090412], [121.09721295180782, 24.93123929729731], [121.09609050699434, 24.931792882671527], [121.09509642170308, 24.93227834832006], [121.09390876604708, 24.932857364897657], [121.09323773227676, 24.933186819205627], [121.09267736373708, 24.933462274753538], [121.09218502096631, 24.933703874568224], [121.0918197131705, 24.93386477947349], [121.09166284651918, 24.933923714467447], [121.09142435636856, 24.934016682489506], [121.09126721322838, 24.93407716110217], [121.09089368698365, 24.93420053747923], [121.09058459818691, 24.934294784090376], [121.09036441044711, 24.93435490280015], [121.0900726674794, 24.934420499573132], [121.08973631137967, 24.934491476515106], [121.08939745660984, 24.934544469514687], [121.08916578224985, 24.93457748089289], [121.08872902108666, 24.934632517171515], [121.08862930962535, 24.934643582182712], [121.08844783128141, 24.9346558513133], [121.08840794897624, 24.93465794249075], [121.0880988016368, 24.93467412396121], [121.08804834371229, 24.934675291362165], [121.08769609867744, 24.934683471153942], [121.08739822506637, 24.93467982707916], [121.08716432062297, 24.934668588196644], [121.08660254961, 24.93462390881236], [121.08610701435043, 24.93456978140905], [121.08599812776039, 24.93455789059858], [121.08591047189094, 24.934548316814432], [121.08523498085262, 24.934473633018737], [121.08412654553703, 24.934316093239378], [121.08307308370595, 24.93410977897121], [121.08305877400028, 24.934106942982147], [121.0830555258427, 24.934106294743284], [121.08188496452595, 24.933874450622213], [121.08042705111407, 24.933591696692734], [121.07939004340383, 24.933409128427957], [121.07901488678907, 24.933351437300235], [121.07734036961851, 24.933035344445706], [121.07699220026588, 24.932967486227486], [121.07680234568676, 24.93293048623481], [121.07639380841735, 24.932848058691235], [121.07561037742886, 24.932694008299766], [121.07471083858927, 24.93251500319134], [121.07355190245092, 24.932283295348444], [121.07332335063955, 24.93223878929977], [121.07275365526016, 24.932127846845038], [121.07261044432389, 24.932099964561534], [121.0717689422742, 24.93193106137743], [121.07075940853647, 24.931732457429252], [121.06953450628376, 24.9314868367411], [121.06870468961574, 24.931323959847997], [121.06869689638518, 24.93132242860125], [121.06847350705249, 24.931278580831545], [121.06834963739024, 24.93125426083313], [121.06789605430787, 24.931161402735153], [121.06748922404547, 24.931082958605813], [121.06711595173964, 24.931007784619297], [121.0667521780471, 24.93093776069543], [121.06623075643522, 24.930832143582023], [121.06581066694888, 24.93074716414805], [121.06537506563994, 24.93064905391838], [121.06486241602538, 24.930518888800485], [121.06439308988921, 24.930377778766726], [121.06390471193716, 24.930212027713775], [121.06337677722433, 24.930002702453788], [121.06291520430372, 24.92979694967961], [121.06271949084436, 24.929708237204643], [121.06228738549652, 24.929481442779824], [121.0620145511761, 24.929330970763885], [121.06174795237378, 24.929174672301855], [121.0614805265065, 24.929006401954712], [121.0612410353539, 24.92884373535542], [121.06113180836293, 24.928769105746856], [121.06112307258861, 24.92876314151305], [121.06111440614116, 24.928757213364168], [121.06098257724517, 24.928667136175655], [121.06079168426466, 24.928528771644835], [121.06065307360355, 24.928418545390276], [121.0603351035367, 24.928164703659842], [121.06003630176878, 24.92790768453068], [121.05982621488626, 24.927712104049988], [121.05969445118505, 24.927588674522386], [121.05952328731235, 24.92741549569937], [121.0593716869845, 24.92726004982441], [121.05924029307809, 24.927121181059157], [121.05924024355133, 24.92712113593649], [121.05924003552165, 24.927120910307462], [121.0592370637088, 24.92711776958147], [121.0591979942901, 24.9270764798594], [121.05901511380709, 24.926871786708368], [121.05877954360075, 24.926589505393885], [121.0584996506932, 24.926229424718564], [121.05811981893967, 24.92567845744293], [121.05805861954282, 24.92559009256805], [121.05805546891635, 24.925585534417625], [121.05781968809558, 24.925245081178968], [121.05705587133563, 24.92414209627401], [121.05650002820485, 24.923333447113396], [121.05649974089424, 24.92333303191251], [121.05624821495132, 24.922967103687917], [121.0557392033638, 24.922226418286005], [121.05548099479948, 24.921851110619457], [121.05532313594475, 24.92162164738618], [121.05512663005446, 24.921334948709124], [121.05498342453976, 24.921126001405508], [121.05494497584574, 24.921070454339166], [121.05491744457132, 24.92103065793213], [121.05488618833421, 24.92098549997631], [121.05485628935735, 24.92094229166513], [121.05478167080713, 24.92083448298151], [121.05473358292276, 24.920764999432205], [121.05456513706564, 24.92052162636293], [121.05430588513224, 24.92014396954389], [121.05407970315088, 24.919813681712036], [121.05383678925799, 24.919457388518317], [121.05345570043842, 24.918902653410605], [121.05292206449619, 24.91812484166129], [121.05200378571281, 24.916745739320078], [121.05096967254023, 24.91502003109379], [121.04979795107808, 24.913027361862554], [121.0491804962326, 24.911985950248337], [121.04883238129747, 24.91138945313948], [121.04853952802671, 24.910888991283713], [121.04837455764478, 24.910607094202664], [121.0479380611956, 24.909869643656194], [121.04766946734688, 24.909415867535895], [121.04718574562528, 24.908592911873953], [121.04689277695641, 24.908092545931744], [121.04688704142833, 24.908082742792214], [121.04678090960464, 24.907901465932948], [121.04672042430803, 24.907798144765266], [121.04668057328175, 24.90773078663019], [121.04667596709005, 24.90772300551096], [121.04605848481364, 24.906679160542684], [121.04564929301374, 24.905980363488965], [121.04497167620711, 24.904816525376543], [121.04430888795152, 24.903671368577484], [121.0433115348438, 24.902020972003953], [121.04286424650327, 24.901274922723257], [121.04229480758832, 24.900373968579917], [121.04200919043758, 24.89989424758264], [121.0418848000397, 24.89968531786185], [121.04188155137643, 24.89967986555816], [121.04169289997917, 24.899358440490186], [121.0415754922874, 24.899158392591378], [121.04155605974242, 24.89912529951151], [121.04152931772184, 24.89907974912884], [121.0414770519914, 24.898990742622406], [121.04143215522686, 24.898914292699075], [121.0413254946839, 24.898732677811093], [121.04109158650873, 24.898373579489704], [121.04106337180174, 24.898333753495955], [121.04106309450849, 24.898333365346577], [121.04089269747648, 24.898092847639468], [121.04072538576672, 24.897871117206194], [121.04051443944871, 24.897613600408775], [121.04049982316437, 24.89759575502168], [121.04046582871827, 24.89755815149141], [121.04045342119478, 24.89754442249907], [121.04041618874518, 24.897503244546854], [121.04037095530813, 24.897453202757646], [121.0403329901447, 24.897411203388355], [121.04032275124219, 24.897399884409637], [121.04029120275017, 24.897364979700654], [121.04024004900997, 24.89731184269179], [121.04008371647598, 24.897149434864854], [121.03987604663617, 24.896945681011715], [121.03966476711403, 24.89675016182075], [121.03943485960795, 24.896556281408724], [121.03922175804671, 24.896385581425957], [121.038989936252, 24.896206561743494], [121.03882604876446, 24.896090254104067], [121.03862999711703, 24.895960908419436], [121.03844814448138, 24.89584476752335], [121.03826059308327, 24.89573659100865], [121.03793174932417, 24.895560068320442], [121.03777085360186, 24.895478166394156], [121.03756526056968, 24.895377270542333], [121.03729045068353, 24.895253504450086], [121.0370861708882, 24.895172271697806], [121.03666388240168, 24.89500809330808], [121.03641085856428, 24.894910584166265], [121.03609711158644, 24.894791204189097], [121.03567136170574, 24.89462863089181], [121.0352610763161, 24.894473167187446], [121.03517486127215, 24.89443943896609], [121.03514972636287, 24.894429603813276], [121.0351210969228, 24.894418397145248], [121.03480742077844, 24.894295673881196], [121.03430875507652, 24.894105892714947], [121.03374282378266, 24.89388838048915], [121.03305864550175, 24.893622418277715], [121.0330554875952, 24.8936211910998], [121.03300860407256, 24.893602963885964], [121.03256941913587, 24.893435807222147], [121.03252264474744, 24.893418004171266], [121.0325033113387, 24.893410650147064], [121.03248373044745, 24.89340319686059], [121.03247998849747, 24.893401771170343], [121.0319528991284, 24.893201163101864], [121.03102227783208, 24.89284639450429], [121.02998271945526, 24.89244263524447], [121.02889457489829, 24.89202830574285], [121.02819977644154, 24.891761429406323], [121.02742148299143, 24.891464391896154], [121.0267824221324, 24.891218598321775], [121.02629388751929, 24.891030982387534], [121.02568581523201, 24.89079931729095], [121.02512263598013, 24.890581320357775], [121.02464827138094, 24.890397750434808], [121.02381596716675, 24.890079720697226], [121.02351906234406, 24.88996573763045], [121.02266842100997, 24.88963778202101], [121.02212587169558, 24.889429729057962], [121.02200159279407, 24.889378573800172], [121.02197963735931, 24.889369530461792], [121.02195126753834, 24.88935785173696], [121.02192037354367, 24.889345144126604], [121.02188534187742, 24.889330721698514], [121.02172073572216, 24.889262968672305], [121.02139948038769, 24.88911838727328], [121.02098439065084, 24.888902709803112], [121.02068366039596, 24.88872736381033], [121.02034764783728, 24.888510499869785], [121.0201306500816, 24.888359238427405], [121.01985438428224, 24.888147836576216], [121.01935283286403, 24.887745402084935], [121.01904875120903, 24.88749821327992], [121.01899597904078, 24.887455325513155], [121.01898442678151, 24.88744593732346], [121.01897288442186, 24.88743654913162], [121.01893603005904, 24.887406597186494], [121.01858391982903, 24.887120365162737], [121.01800762908421, 24.88665478088339], [121.01793197126136, 24.88659365788455], [121.01780535371036, 24.886491361855136], [121.01773993158957, 24.886438507660497], [121.0176183925035, 24.88634031884321], [121.01720716233302, 24.88600616710767], [121.0168930914384, 24.885751273672515], [121.01668184044475, 24.88557804914233], [121.01639819085186, 24.885349532586897], [121.01621852771177, 24.885198739793704], [121.0158784076984, 24.884924291243966], [121.0154472612196, 24.88457640432743], [121.01507372666421, 24.884272614675393], [121.0145326515087, 24.88383517319517], [121.01407356885063, 24.883461598824567], [121.01369444851308, 24.883154303132454], [121.01363887881442, 24.883109382283966], [121.01353408440903, 24.883024659122196], [121.01349664867757, 24.88299438084116], [121.01346308323548, 24.882967244128057], [121.01340707817444, 24.882921962090396], [121.01327563768463, 24.882815699076282], [121.01284571354185, 24.88247007962185], [121.01245502794312, 24.8821508369949], [121.01204823024199, 24.881820318003804], [121.01174589002363, 24.881574630766334], [121.0112099162979, 24.88114389389908], [121.01098522970219, 24.88096107390765], [121.01068932735086, 24.880720051775576], [121.01019136889636, 24.880316854511154], [121.01015128213797, 24.88028438162846], [121.01008799459424, 24.880233139995358], [121.01003143770572, 24.880187342085176], [121.0099656361849, 24.880134069149655], [121.00968482229364, 24.879906686096863], [121.00881613764815, 24.87920051939125], [121.00851652217888, 24.878956992210263], [121.00841576311797, 24.878875073048942], [121.00832219983843, 24.87879901293336], [121.00822703324312, 24.878721643709923], [121.00814119040369, 24.878651857881785], [121.00805862379492, 24.878584699128947], [121.00805546643086, 24.878582135196886], [121.00759627421151, 24.878208648982103], [121.0068565385413, 24.87760745687949], [121.00618762642283, 24.877067056275717], [121.00556797902858, 24.876560056375272], [121.00504833922577, 24.876140356432074], [121.00428870513937, 24.875523532745344], [121.00425273870705, 24.875494443839155], [121.00415117371084, 24.875412314127612], [121.0040134148937, 24.875300914816954], [121.00361135335686, 24.874975771461187], [121.00310723535102, 24.874563955234976], [121.00235760657836, 24.87395596031923], [121.0015912297531, 24.873333750853654], [121.00159075470398, 24.873333362631655], [121.00154918791777, 24.873299614400516], [121.00112852339525, 24.872955901791897], [121.0005093822824, 24.872447788158883], [120.99992464693402, 24.87198661131345], [120.99951116634485, 24.871656364670347], [120.99896251121666, 24.871225646411872], [120.99841196987255, 24.8707775100406], [120.9983984018446, 24.870766467992212], [120.99837789641236, 24.87074977400178], [120.99825392377414, 24.870648851591074], [120.99599230745461, 24.86879624179609], [120.99573023841603, 24.86858593271041], [120.9956581255478, 24.8685280757347], [120.9949680047415, 24.86797427037869], [120.99423798077056, 24.86736880796288], [120.99393431545562, 24.86712507040719], [120.99387168464918, 24.867071952928004], [120.99384457004902, 24.867048956112132], [120.99381856379239, 24.867026898305696], [120.99364503065026, 24.866879725758043], [120.99352441113562, 24.86676931051249], [120.99339042332662, 24.866634680021367], [120.9932898938113, 24.86652007622603], [120.99320973961703, 24.866426419512226], [120.99313116011731, 24.86631324311331], [120.99305735022193, 24.866209023209517], [120.99300228300952, 24.866119051190907], [120.99293926065808, 24.8660061282138], [120.99289035874571, 24.86591938866197], [120.9928557659861, 24.865845831454248], [120.99281223850636, 24.86574695776717], [120.9927710765378, 24.865643542822287], [120.99272594747065, 24.865519921786564], [120.99267313176729, 24.865352854996317], [120.99264146063769, 24.86524566654342], [120.99262318700202, 24.86517018699808], [120.99260245082579, 24.865068398144548], [120.99258954101671, 24.864991302749132], [120.99256557256204, 24.86482793001305], [120.99255408072587, 24.864704301554006], [120.99254616323978, 24.86454980466931], [120.9925425223192, 24.86437103926047], [120.99254709388723, 24.864212678773832], [120.99255280741642, 24.864153894188284], [120.99255975871134, 24.86408226204094], [120.99256356112625, 24.864043069306465], [120.99256966982674, 24.86399521830949], [120.99257890712427, 24.863922845932564], [120.99260768442856, 24.863761064815694], [120.99263388614595, 24.863642449049976], [120.99267179601068, 24.86350242716544], [120.99271212012152, 24.863367226631166], [120.99277067377905, 24.86320974450972], [120.99282526706504, 24.863084304490457], [120.99289016274568, 24.862944103262823], [120.99295156385685, 24.862824450816575], [120.99301365699513, 24.862714910350338], [120.99310016504535, 24.862572263296958], [120.99316501805359, 24.862477746397442], [120.99326690358104, 24.86234208804303], [120.99337499349178, 24.862208371030068], [120.9934761055598, 24.862094299756027], [120.99355647416533, 24.862010635674128], [120.99363318078188, 24.861935133201104], [120.99374245577617, 24.8618345778296], [120.99388063713296, 24.86171737491735], [120.99396603150682, 24.8616500615211], [120.99405428554837, 24.861585492868564], [120.99418498376133, 24.861496973077465], [120.99434852665479, 24.86139322325245], [120.99454596292652, 24.8612768435459], [120.99486749434284, 24.861102901851662], [120.9956577367885, 24.860675181245494], [120.99609031687318, 24.860441642621932], [120.99666507897872, 24.86012972009127], [120.9972146830172, 24.85983435323406], [120.99769363872511, 24.85957321954099], [120.99851184676298, 24.859128041010834], [120.99898504762693, 24.858873620338652], [120.99943966260898, 24.858628515557875], [120.99988229226442, 24.858390848905206], [121.00019706988923, 24.858219920231374], [121.00037721809028, 24.85812210452595], [121.00081760776324, 24.857884480234258], [121.00122479650105, 24.857663810539155], [121.0015881272547, 24.857464050334553], [121.00183551258698, 24.857333440417328], [121.00205932666366, 24.857219298500436], [121.00221886990407, 24.857138743442277], [121.00248989425717, 24.85701265538932], [121.00286057423266, 24.856849656230498], [121.00399600212405, 24.85639376030799], [121.00662847947653, 24.855330499915937], [121.00747218357259, 24.8549907064318], [121.00805550575835, 24.854755030744055], [121.00805865237322, 24.854753757547602], [121.0082352387215, 24.85468241327683], [121.00826910931778, 24.854668733139647], [121.00833936381653, 24.854640343446228], [121.00885973044011, 24.854422716198187], [121.0092086646978, 24.854263611888502], [121.00923424292, 24.854250654327405], [121.00953770808074, 24.85409689695631], [121.00988185820214, 24.85390043119384], [121.01016842884422, 24.853725068307853], [121.01046246726892, 24.853522727008293], [121.01047325238657, 24.853515304776334], [121.01049879022648, 24.853496234665222], [121.01053427207738, 24.85346972431541], [121.0107278685487, 24.85332510009224], [121.0110412853697, 24.853073902709685], [121.01123991390635, 24.852892206173426], [121.01136550225056, 24.852777326293573], [121.01154503285457, 24.852601697989325], [121.01185958551447, 24.852261161163696], [121.01217692198352, 24.85187084897209], [121.0124133513187, 24.85154455533764], [121.01250234323187, 24.851407395025934], [121.01261547496736, 24.851233007858546], [121.01286492291813, 24.85080329019164], [121.01288962525375, 24.850751364795418], [121.0129766916699, 24.85056833022201], [121.01301049525284, 24.850497263458692], [121.0130297861299, 24.85045670546996], [121.0130470885236, 24.85042005702022], [121.01312180823255, 24.850261770725496], [121.0131256663891, 24.850253608564874], [121.01313423302945, 24.85023128017358], [121.01317464261106, 24.850126039674354], [121.01320685151978, 24.850042143413475], [121.01323608284747, 24.849966002945177], [121.01334733694682, 24.84965124826445], [121.01341290873496, 24.84945372448228], [121.01341382858537, 24.84945028451652], [121.01350033385151, 24.849126692954716], [121.0135621469667, 24.84885559565248], [121.01362132060397, 24.848518770595575], [121.01364173302392, 24.848333656043085], [121.01364177256238, 24.848333285868268], [121.01365303149436, 24.84823118981276], [121.01367870099888, 24.847894015648485], [121.01369019033285, 24.84754844619698], [121.01368079617696, 24.847151361635337], [121.01365851832003, 24.84683582425675], [121.01361435044755, 24.84649076543868], [121.01356422121363, 24.8461900193485], [121.01350783245424, 24.845921460644185], [121.01350111056797, 24.845889464002628], [121.01350015037741, 24.84588561791892], [121.01349314197948, 24.84585755775889], [121.01348544066676, 24.84582674394736], [121.0134679691917, 24.845756819253968], [121.01345163610087, 24.845691435825824], [121.01343880721372, 24.845640091505736], [121.01343615454532, 24.84563148751757], [121.0134047283625, 24.845529476532697], [121.0133977997594, 24.845506959901453], [121.01339087116173, 24.845484470355508], [121.0133487255443, 24.845347655180436], [121.01326245506323, 24.845068174449274], [121.01314968493226, 24.844763948680022], [121.0130340396554, 24.84449398649034], [121.01287958595312, 24.844195569494474], [121.01273828597014, 24.8439294464067], [121.0125446797446, 24.843612848829906], [121.01232585414364, 24.843299999928156], [121.01211953851417, 24.843012068539224], [121.01176627549864, 24.842536715317177], [121.01175654816214, 24.84252362465147], [121.01174666249757, 24.84251030828322], [121.01152243959753, 24.842208581784664], [121.01089981955569, 24.841384915555114], [121.01021020680412, 24.840467507528686], [121.00923197364605, 24.83913787850696], [121.00912970862066, 24.838998871780934], [121.00909957832981, 24.838957910961753], [121.0085698253905, 24.838275625546054], [121.00805863975319, 24.837601345539287], [121.00805551301039, 24.837597219647094], [121.00791356306812, 24.83740997449311], [121.00735282051885, 24.83663803245447], [121.0070684206934, 24.836262023845535], [121.00694568889217, 24.836099767940958], [121.00690648681467, 24.83604792764451], [121.00644219792048, 24.83541369954966], [121.00643699345123, 24.835406666508536], [121.0058609731734, 24.834628570855838], [121.00580608950305, 24.83455442124596], [121.00552891111793, 24.83416816187893], [121.0050618168787, 24.833541242592226], [121.00442592572496, 24.832690309631978], [121.00378133654023, 24.831823393491664], [121.00339363731486, 24.831293849104444], [121.00323892857425, 24.831082538456034], [121.00315077520727, 24.830954569143916], [121.00276886841968, 24.830400122106663], [121.00228353712525, 24.829659813138935], [121.00192975419584, 24.82906984495807], [121.00163028915021, 24.82855173386113], [121.00138855399926, 24.828111628628182], [121.00128504985005, 24.827923193832962], [121.00119953193503, 24.827757249038882], [121.00110712852126, 24.827577978042395], [121.00071629642224, 24.82677458020268], [121.00040651305292, 24.82607557868101], [121.00013306995596, 24.82540335523426], [120.99988755739523, 24.824774026104727], [120.99987888135148, 24.82475131015336], [120.99977561985591, 24.824480939728037], [120.99957944601366, 24.823967248336672], [120.99934076511929, 24.823333801167596], [120.99934064640767, 24.823333476137616], [120.99932550078371, 24.823293271729487], [120.99921998621105, 24.823013249287513], [120.99921782962673, 24.823007588345963], [120.9990051597122, 24.822450351086687], [120.9990049123997, 24.822449701026002], [120.99900470465742, 24.82244913222298], [120.99888769645874, 24.822142538274168], [120.99880862623417, 24.821934834765514], [120.9986118075129, 24.821417864543506], [120.9984587537475, 24.821019602509338], [120.99837553018378, 24.82080306872728], [120.99830108131694, 24.820607959860034], [120.99809960758937, 24.820079982955434], [120.99791253829457, 24.81959503625676], [120.99782635860834, 24.819388650234536], [120.99774325562517, 24.81918964057089], [120.9976128388847, 24.818913372362136], [120.99743915440939, 24.81858542357565], [120.99738079140704, 24.818482794442122], [120.99732344045314, 24.81838195928586], [120.99730534500351, 24.818350144874156], [120.99711681320579, 24.818043439723223], [120.9969625178628, 24.81781206968691], [120.99674360843657, 24.817504966165032], [120.99650193799684, 24.817195505313983], [120.99618277459757, 24.81682583936819], [120.99590934201554, 24.816543290988555], [120.9954959102102, 24.816148395014377], [120.995150040474, 24.81585902642535], [120.99463737578324, 24.815452324403896], [120.994258294484, 24.815156464575434], [120.99423445333896, 24.8151378520891], [120.99422770715272, 24.81513258815136], [120.9942198530892, 24.8151264574243], [120.99417097887161, 24.815088311471097], [120.99389988473648, 24.814876731516602], [120.9930543142515, 24.81422425137772], [120.99294441442214, 24.81413870017759], [120.99293054044979, 24.814127901307806], [120.9929186210623, 24.81411861030674], [120.992907740294, 24.814110149985886], [120.99281136346366, 24.814035123975344], [120.9918151802599, 24.813259644448877], [120.99145916312864, 24.81298438921096], [120.99136613822982, 24.812912460165414], [120.99132581092178, 24.81288128204518], [120.99128566167944, 24.81285023935345], [120.99108493456148, 24.812695040178227], [120.99098905841183, 24.8126209041334], [120.9903242624727, 24.81210014657289], [120.98984125093057, 24.81174454079401], [120.98983164651447, 24.811737470739477], [120.98982187394824, 24.811730274272332], [120.98981880765741, 24.811728016911058], [120.9895088746747, 24.811509241289727], [120.98858897533808, 24.81094679079359], [120.98598322082354, 24.809530115510018], [120.98554006198484, 24.809288476672073], [120.98554006198484, 24.809288476672073], [120.98554006198484, 24.809288476672073], [120.98305861592358, 24.80793533259871], [120.9830555121833, 24.80793364479908], [120.97881242681967, 24.8056197098726], [120.97450476647768, 24.803096188933676], [120.97418854560782, 24.8029058926563], [120.96859531246558, 24.799539756407064], [120.96706857266365, 24.798574340444276], [120.96664772366344, 24.79833376979909], [120.9666471599753, 24.79833344464294], [120.96615929387166, 24.79801576222895], [120.96569132366092, 24.79772266772539], [120.96481813654954, 24.79717107773518], [120.9643585738519, 24.796898575311644], [120.9642354741369, 24.79683078609595], [120.9641417636372, 24.79678379675216], [120.96401348925534, 24.79672321998648], [120.96387663875656, 24.796666234434436], [120.96348189474011, 24.79652400997699], [120.96298138064208, 24.79638351893368], [120.96260627434712, 24.79629755440001], [120.96224729053752, 24.796276102540382], [120.961842108298, 24.796252814265006], [120.96102290187868, 24.79627010966333], [120.96079693858907, 24.796276506111994], [120.96065560025164, 24.796280504818466], [120.95923597534886, 24.796320645356527], [120.95915649547536, 24.79632289528946], [120.95907991951553, 24.796325062910824], [120.95893238947883, 24.79632922984061], [120.95878494844818, 24.796333396649455], [120.95856741480249, 24.796339543765548], [120.95805866251276, 24.7963539246018], [120.95805552715476, 24.796354004980742], [120.95798891309892, 24.796355891336592], [120.95637832933004, 24.79639216443287], [120.95636827047306, 24.796392390827783], [120.95634362281233, 24.79639294341482], [120.95631961804904, 24.796393478128202], [120.9562650499844, 24.796394707239365], [120.95514850769248, 24.79641984744602], [120.95362687617852, 24.79643642070885], [120.95262807314016, 24.79632369245155], [120.95215119999757, 24.79623687495399], [120.9516094861791, 24.796095095788314], [120.95125566234151, 24.795986330464338], [120.95093742567276, 24.795877088427734], [120.95051505211907, 24.795691690957433], [120.94920554121025, 24.795103994168617], [120.94728798785512, 24.794229630692957], [120.94726296980517, 24.79421821872104], [120.94723778365251, 24.79420673445663], [120.94652606663082, 24.793882200584903], [120.94455034955773, 24.792977742896646], [120.94283417668507, 24.792193782294262], [120.94243671033475, 24.792054074410242], [120.94208630516225, 24.79193064605673], [120.94200743318983, 24.791902868728585], [120.94194472342453, 24.791884706800968], [120.93947953623292, 24.791170873823283], [120.93925711954937, 24.7911047645653], [120.93911468253216, 24.79106243012479], [120.9390987289666, 24.79105768992276], [120.93707355111552, 24.79044732927059], [120.93533248210781, 24.78992209587612], [120.93416165959226, 24.789502816706477], [120.9340265588813, 24.78945443507434], [120.93305549174057, 24.789106685045535], [120.93271403425831, 24.788984401619857], [120.93071130819112, 24.78823916740358], [120.92940373100339, 24.787753610431285], [120.92935653916807, 24.787736084353718], [120.92917198912957, 24.787667548358183], [120.92908186133133, 24.787634081680743], [120.92898878700302, 24.78759952108643], [120.92889653342087, 24.787565258768957], [120.92878732454494, 24.78752414733287], [120.92768426239076, 24.787108885460377], [120.92686217796034, 24.786799390736054], [120.92489173259989, 24.78605511457214], [120.92378639806763, 24.785633370037836], [120.92318702279414, 24.785384712988613], [120.92268861139404, 24.78507685979103], [120.92207412497622, 24.784661259991005], [120.92206023581359, 24.784651862977633], [120.9220254783135, 24.784628352363256], [120.9220134970626, 24.784620247434432], [120.9219924924253, 24.784602693848083], [120.92198309223681, 24.78459483403487], [120.92145435061705, 24.784153084251695], [120.92102808615734, 24.783715919049005], [120.92070476065926, 24.78334855340621], [120.92050570257773, 24.7830850282659], [120.92045007120687, 24.78301137919116], [120.9204339647966, 24.782990063043155], [120.92025779580901, 24.782721006140328], [120.9199710246454, 24.782249079597644], [120.91977388893275, 24.781846314782168], [120.91959226514582, 24.781375942524388], [120.91943523107629, 24.78093110722329], [120.91929141272458, 24.780360220951337], [120.91905970007973, 24.779025906162964], [120.91849178592139, 24.77555482942511], [120.91848417015957, 24.775508279889383], [120.91843670277171, 24.7752181518315], [120.91812373693283, 24.77333381922381], [120.91812368769607, 24.773333503194117], [120.91800864135705, 24.772640861443865], [120.9178286881341, 24.77160076139074], [120.91771609707973, 24.77110362707414], [120.91761545886645, 24.770746452382323], [120.91751299424072, 24.77044551608861], [120.91738489476886, 24.770121054959326], [120.91702549992037, 24.7693152032155], [120.91701187114894, 24.76928465082024], [120.9170024416997, 24.769263509512665], [120.91699622090101, 24.76925005336854], [120.91698064918124, 24.769216340766853], [120.91697031084338, 24.769193934941505], [120.91410548528846, 24.762991156568283], [120.91346366196731, 24.761625556675174], [120.91345256534184, 24.76160194662805], [120.91342758586113, 24.761548789477153], [120.91340125375498, 24.761492760424606], [120.91339406105566, 24.76147745629202], [120.91286241337285, 24.76034624993099], [120.91246604392063, 24.759482941586235], [120.91243554735438, 24.759416517921814], [120.91156669014075, 24.75752409541132], [120.91032193705612, 24.755057409048888], [120.90958066424895, 24.753546138030327], [120.90955077376981, 24.753485189086035], [120.90954095046918, 24.753465166587315], [120.90953168497362, 24.753446285649023], [120.90923014099337, 24.752831499800624], [120.90885323970699, 24.752075137589017], [120.90805868021808, 24.750517440372313], [120.90805555055185, 24.750511307980695], [120.90782164606394, 24.750052751274005], [120.90695861791109, 24.748333401408892], [120.9069584500771, 24.748333076272246], [120.90667166448462, 24.747761725636575], [120.90576837979692, 24.746199767487084], [120.90542687897614, 24.74569791883198], [120.90522977855498, 24.74543825583682], [120.90499165982966, 24.74513921055289], [120.9049749872159, 24.74511827149713], [120.90495499588738, 24.7450931681123], [120.90494287664426, 24.74507794709635], [120.90491104264912, 24.74503797498264], [120.90478631445785, 24.744881320383598], [120.90387350190757, 24.74387492436069], [120.9035085339734, 24.743553404133877], [120.9031431828807, 24.743205672489815], [120.90272994745501, 24.74286639584281], [120.90251767189076, 24.74270782257713], [120.90248965045394, 24.74268688488771], [120.9024547224767, 24.74266078731947], [120.90235725026777, 24.74258797071193], [120.90204310695333, 24.74235329079064], [120.90189414767308, 24.742242005110416], [120.90185248005207, 24.74221260751954], [120.90182125651711, 24.74219058416542], [120.90179352093857, 24.74217101889245], [120.90147851968297, 24.741948805833267], [120.90087855301581, 24.741569304807594], [120.90077644347522, 24.74151201343997], [120.9007194843217, 24.741480050291734], [120.90063497453941, 24.74143262980827], [120.90056485281478, 24.74139328143874], [120.90044540091216, 24.741326254444928], [120.8993915890832, 24.740779423679207], [120.89937579748786, 24.74077123308951], [120.8993577132513, 24.740761849172305], [120.89873119989838, 24.74043674662464], [120.89789127848078, 24.7400009038498], [120.89684365265069, 24.73947249592688], [120.89642583836373, 24.739301980954814], [120.89454901482091, 24.738605048194927], [120.893520373821, 24.738230388944164], [120.89292558383131, 24.738008085279084], [120.89240810864955, 24.737815286343828], [120.89190190306773, 24.73759050510139], [120.89155217817446, 24.73741811153519], [120.89097644751209, 24.73712577837193], [120.88984697821498, 24.73653247207479], [120.88983101989119, 24.736524090753115], [120.88981809513442, 24.73651730070866], [120.88980517037906, 24.73651051066309], [120.88979279897967, 24.73650400994126], [120.88956231764043, 24.736382937148814], [120.88848479591317, 24.735829628838076], [120.88698574714647, 24.73504298315656], [120.88650771061184, 24.734792771081686], [120.88583885319264, 24.734443530073868], [120.88490213153439, 24.733938850383215], [120.88445592630555, 24.733698298828966], [120.88427886374019, 24.733588767025765], [120.88427868886953, 24.733588653129285], [120.88427646586898, 24.733587279052266], [120.88397006784109, 24.733397737657146], [120.88305864407062, 24.732760813697258], [120.88305551239304, 24.73275861728228], [120.88268768341842, 24.732501571962416], [120.88224361417592, 24.732196749233566], [120.8815750547502, 24.731727100783324], [120.8811710538239, 24.73144625060045], [120.8811602956351, 24.731438775344056], [120.88115303459783, 24.73143373157759], [120.88115134529693, 24.731432556508363], [120.88114072542129, 24.731425171647118], [120.88113039203688, 24.731417985643528], [120.88110953755921, 24.731403496112353], [120.88110113057517, 24.73139764788092], [120.88104959210442, 24.731361817259643], [120.88049868185372, 24.73099197920283], [120.88000427644491, 24.730646363187255], [120.87957244605845, 24.730354417224518], [120.87912410320544, 24.730058357675354], [120.87865181779523, 24.729744355445447], [120.8783083935177, 24.72951813402055], [120.87802654714038, 24.729331390223226], [120.87785815301326, 24.729217753414527], [120.87760045041941, 24.729048607348854], [120.8770576660649, 24.72868925457585], [120.8765546945035, 24.7283581021447], [120.87619368635436, 24.72811763215528], [120.87588605684168, 24.727909907423793], [120.87569179956249, 24.727773819480074], [120.87532088735018, 24.72749614996383], [120.87481463501308, 24.727074512358335], [120.87460022883323, 24.726864993823778], [120.8741801193692, 24.72643427096063], [120.8739391239572, 24.726166439877044], [120.87376032221033, 24.725981002505065], [120.87331727711974, 24.725353405136467], [120.87272068099243, 24.72447577077233], [120.8720897290585, 24.723602420382605], [120.87188341046065, 24.723333839027067], [120.87188312417034, 24.72333347763442], [120.87157663901523, 24.72293451704645], [120.87157646132052, 24.722934291176745], [120.87156283848893, 24.72291655616822], [120.87156267067904, 24.722916330306965], [120.87113282292185, 24.72235676887906], [120.87044080653172, 24.72143449555181], [120.87044062885049, 24.721434260652035], [120.87043427188473, 24.721425786236296], [120.87042740162698, 24.721416625195342], [120.87042721407049, 24.721416381258308], [120.87041979102908, 24.721406488414424], [120.8703280269427, 24.72127731669524], [120.87032785912788, 24.721277099861254], [120.87032226269828, 24.72126920393523], [120.8703096682117, 24.7212514877566], [120.8702923458713, 24.72122711333327], [120.87029220769188, 24.721226914582285], [120.86999968335475, 24.72081518714747], [120.86966731252114, 24.720245530507793], [120.86935176792011, 24.719609869855123], [120.86916697593641, 24.719222603002887], [120.86899741328322, 24.718876736800798], [120.86887411757917, 24.718599908226857], [120.86879217353625, 24.718403651790094], [120.86871771353724, 24.71820618297879], [120.86862677562831, 24.71792474174014], [120.86857008264474, 24.71774208645642], [120.8685334455763, 24.717615571177234], [120.86849460124765, 24.717454392739988], [120.86843717367415, 24.717199886286895], [120.8683930550228, 24.71696001798945], [120.86835432842382, 24.716715459474955], [120.86832682090962, 24.716489446731927], [120.86830116177163, 24.716216540480254], [120.86828246463625, 24.715865280149846], [120.86828146767208, 24.715685535704424], [120.86828486595644, 24.715443108773734], [120.86829813567391, 24.71519400925517], [120.86831467238719, 24.7150056667947], [120.86831511156494, 24.71500160426003], [120.86831518142853, 24.715000963282833], [120.8683175373251, 24.71497888112237], [120.8683200429745, 24.71495538158554], [120.868320112838, 24.714954740608338], [120.86833933933092, 24.714774508283018], [120.8683666582907, 24.714530946636422], [120.86843918214029, 24.714160462870197], [120.86856426542592, 24.713642875138607], [120.86883343618264, 24.71264504959554], [120.8690757198302, 24.711740331165153], [120.86908902614124, 24.711690630667597], [120.86908922461248, 24.711689872428664], [120.86909651775883, 24.711662648185442], [120.86910381089254, 24.711635432970457], [120.8691040192664, 24.71163465668271], [120.86911451744227, 24.711595445099952], [120.86923878823993, 24.711131387162464], [120.86945707558955, 24.710342720191658], [120.8695754894661, 24.709957630989493], [120.8697072003021, 24.709597147447656], [120.8698304432574, 24.709300101231282], [120.8699475102329, 24.709048780009343], [120.87006304148424, 24.708819668005887], [120.8701868179369, 24.708597542238852], [120.87030411701387, 24.708397531126987], [120.87057356599661, 24.70798573813528], [120.87097320698793, 24.707451979297403], [120.87154204143184, 24.70678286122075], [120.87214486820814, 24.706085437741606], [120.87214542234614, 24.706084788145677], [120.87214953873635, 24.706080024487058], [120.87220436781087, 24.70601659926693], [120.87226610365282, 24.705945171427768], [120.872266667673, 24.705944521839783], [120.87227975894909, 24.70592937375613], [120.87228768495329, 24.70592020731896], [120.87364657731892, 24.704348057266536], [120.87364714132475, 24.704347407673165], [120.8737035223932, 24.70428216841872], [120.87370702517921, 24.70427811746876], [120.8737954952296, 24.704175761002638], [120.87379865169315, 24.70417210702317], [120.87384878893882, 24.7041141034994], [120.87384935294253, 24.704113453905236], [120.87636042060915, 24.701208121710714], [120.87636664418186, 24.70120092191112], [120.87640304565005, 24.701158796752775], [120.87645239881827, 24.701101703584413], [120.87645295290291, 24.70110106300069], [120.87647857932247, 24.7010714247155], [120.87741000656291, 24.699994952456244], [120.877432792887, 24.69996860716965], [120.87743336672759, 24.699967966598315], [120.87744840589198, 24.699950580513033], [120.87746383091259, 24.699932761362113], [120.87746438499569, 24.699932111745802], [120.8775021510602, 24.699888470598616], [120.8775594184952, 24.699822291579675], [120.87755997257732, 24.699821641962988], [120.87756935223783, 24.69981080610748], [120.87814935472397, 24.699140461345387], [120.8788527224947, 24.698333618172004], [120.8788530786793, 24.698333203137746], [120.87949804463561, 24.697593339006666], [120.87957168359519, 24.697508862061], [120.87964366030796, 24.697426297836948], [120.87991876382526, 24.69711072912322], [120.88026200605199, 24.69667258596335], [120.88047020307744, 24.696354200018078], [120.88068192110302, 24.695969536606782], [120.88083624197552, 24.695602929938282], [120.88096114895616, 24.695207534208045], [120.88107573493093, 24.694638074148244], [120.88109260664369, 24.694094304608626], [120.88107646916112, 24.693635433210545], [120.88107645010739, 24.693634683810036], [120.8810748333645, 24.69358883458695], [120.88107319738047, 24.693542434595155], [120.88107157126294, 24.69349605266837], [120.88106971395732, 24.693443359468635], [120.88106969490366, 24.693442610068107], [120.88106716484312, 24.69336988156007], [120.88100461455369, 24.6924584347657], [120.88100011123858, 24.6923927741877], [120.88099818122573, 24.69236465715651], [120.88099664120159, 24.692342129225406], [120.88099509129562, 24.6923196012864], [120.8809932879981, 24.692293335247385], [120.88099324905166, 24.692292721262078], [120.88098875552754, 24.692227169034982], [120.88095809988766, 24.691780357430446], [120.88067588188119, 24.686528834575967], [120.8802725156107, 24.680613696690326], [120.88019741886362, 24.67934951160143], [120.88019541545593, 24.679315859825607], [120.88019537658617, 24.67931517360906], [120.88019454023024, 24.679301106138283], [120.88019366493573, 24.679286424680924], [120.8801936260832, 24.679285720406877], [120.88019138931236, 24.679248104820154], [120.8799977317065, 24.675988161873008], [120.8799963099838, 24.67596630210653], [120.87999468364444, 24.67594142657026], [120.8799907395972, 24.675881030035622], [120.87998847048324, 24.675846357779506], [120.87998714607969, 24.675826060065994], [120.87998485754245, 24.67579103567236], [120.87998482833987, 24.675790575182194], [120.87998162441058, 24.675741519361775], [120.87997845936853, 24.675693131700406], [120.87997843015738, 24.675692680238985], [120.87988885691759, 24.6743218348691], [120.87978208190495, 24.673333515155615], [120.87978204271026, 24.673333172031207], [120.87977961377383, 24.6733107155506], [120.87971305887613, 24.67295750214732], [120.87970311015036, 24.67290463076295], [120.87953914299499, 24.67203445143003], [120.87953905452747, 24.672033972834512], [120.87953900537501, 24.672033710960896], [120.87953027572398, 24.671987386391812], [120.87952016979509, 24.671933747417803], [120.87951006387473, 24.671880108442775], [120.87950702619787, 24.671863989659027], [120.87950545314125, 24.671855799306506], [120.87950464694252, 24.671851609312423], [120.87950456830401, 24.671851184897342], [120.87891667938811, 24.66879304777882], [120.87889852121847, 24.6686985922131], [120.87878930731266, 24.668130495191452], [120.87878604336869, 24.668113545556217], [120.8787840673295, 24.668103260192503], [120.87865457320001, 24.66742960936255], [120.87861688139074, 24.66723348303301], [120.87852895382514, 24.666776086630126], [120.87850677541351, 24.666660717107163], [120.87839678838995, 24.666088574141643], [120.87838335960005, 24.666018698629177], [120.87827507441703, 24.66545537801822], [120.87827287233577, 24.66544393677829], [120.87826907774618, 24.665424151661426], [120.87826302203322, 24.665392681479524], [120.8782614884654, 24.665384689772456], [120.87818777852891, 24.665001196070328], [120.87754984902585, 24.661682430887698], [120.8775496720498, 24.661681545923262], [120.87753718787562, 24.661616582721997], [120.87752550979975, 24.661555791471564], [120.87751382184632, 24.661495009240504], [120.87750111159811, 24.66142889016688], [120.87750094450271, 24.661428005210404], [120.87717964457127, 24.65975603742346], [120.87716498807414, 24.659680102432556], [120.87714888624527, 24.65959703352159], [120.87669573405121, 24.657238597462225], [120.87641438487275, 24.655720564610423], [120.87633752326339, 24.655178070044336], [120.87630805452743, 24.6547853297405], [120.87628967703179, 24.654235759494515], [120.8762881510566, 24.654190253154987], [120.87628691310825, 24.65415322508277], [120.87627945663985, 24.653930198887043], [120.87626960909579, 24.65357717423964], [120.87625031383494, 24.652826468837308], [120.8762430853844, 24.652542642927816], [120.87624221035198, 24.6525082966962], [120.87624219122544, 24.65250765563647], [120.87624158245175, 24.652483819133707], [120.87624096443102, 24.65245934157926], [120.8762409453134, 24.652458691490757], [120.87622312219347, 24.651758259485636], [120.8761978513237, 24.651317344819596], [120.87610781863265, 24.650700595236195], [120.87602717977012, 24.650366039136937], [120.87596997099577, 24.650134999350524], [120.87590498756045, 24.64990401631901], [120.87579419516746, 24.64959326214742], [120.87568546740698, 24.64932304886733], [120.87538781234424, 24.648686624659938], [120.87538754618613, 24.648686046596545], [120.87536644996015, 24.64864097543015], [120.87536040696624, 24.64862807730337], [120.87533919376362, 24.64859139378451], [120.87533781309654, 24.64858899098059], [120.87519020860717, 24.648333741891513], [120.87519003109175, 24.648333434765156], [120.87515038598407, 24.648264864273266], [120.87510974484707, 24.64819458650096], [120.87510299651983, 24.64818568753267], [120.87510296691902, 24.64818565139289], [120.87500214658454, 24.648052745010297], [120.8749381066897, 24.647968326698155], [120.8748850673882, 24.647898417757037], [120.87486650919334, 24.647874331545726], [120.87448556884738, 24.64738059939662], [120.87448548004609, 24.647380490976946], [120.87447892897741, 24.647371998440367], [120.87447183528634, 24.647362792175663], [120.87447172675444, 24.647362656653115], [120.87444395377919, 24.64732666274253], [120.87442096330618, 24.647299421723645], [120.87441917734043, 24.6472973165226], [120.87418926324203, 24.647024951270105], [120.8737867899067, 24.64665161632697], [120.8734667020803, 24.64638206343324], [120.8712711766616, 24.64478968676746], [120.87126307231492, 24.644783811109914], [120.8712513155942, 24.644775277857875], [120.87123266869645, 24.6447617548077], [120.87121991496905, 24.644752507424286], [120.8712189080981, 24.644751775229256], [120.87121848363152, 24.644751467886564], [120.87119735973148, 24.644735477848617], [120.87118027305837, 24.644722552029226], [120.87117079691473, 24.644715384073304], [120.87019013093494, 24.643973140848672], [120.86925954350805, 24.643285342285456], [120.86884455969798, 24.642979464369514], [120.86882837233625, 24.64296664741148], [120.86878213965167, 24.642930058492354], [120.86849727234443, 24.642704559135552], [120.86838152428226, 24.642602658146874], [120.86805289706177, 24.64232996221209], [120.86780183664969, 24.642104256445236], [120.86728009048825, 24.641615131082165], [120.865160356266, 24.639193318804104], [120.86516019840869, 24.639193138086508], [120.86512913005562, 24.639157636059583], [120.86510033090185, 24.639124745385747], [120.86509742041339, 24.639121411146604], [120.86507864523833, 24.639099959924817], [120.8646533332771, 24.638628897202864], [120.8641193000523, 24.638062752044327], [120.8635035577549, 24.637480694292858], [120.863052986271, 24.637093833762176], [120.8630528579747, 24.637093725299685], [120.86302967616707, 24.63707381373064], [120.86300537917366, 24.637052962146406], [120.86300521140471, 24.637052817532712], [120.8629435314555, 24.636999852535926], [120.86279793006452, 24.63688152368362], [120.86277176565018, 24.636861175970502], [120.86277142023535, 24.636860886733555], [120.86275709985502, 24.636849325823775], [120.86275009264185, 24.63684366739685], [120.8627400649974, 24.636835956674027], [120.86273825884072, 24.636834564589524], [120.86272193431583, 24.636822008678497], [120.86272156913533, 24.636821728452176], [120.86269497978425, 24.636801569942588], [120.86245082694977, 24.636610170908508], [120.86119865972779, 24.635628528252305], [120.86119429755992, 24.635625021049492], [120.8600536692216, 24.634706935187985], [120.85871786947426, 24.63364231849046], [120.85805548971085, 24.633104896959605], [120.85733267246455, 24.632518432083327], [120.85730439980796, 24.632494749783383], [120.85722420252205, 24.63243427094349], [120.85702193045218, 24.63225809828144], [120.85674941981982, 24.632020570908228], [120.85664285243521, 24.631923165896733], [120.85653869518616, 24.631817257970525], [120.85636173857999, 24.631626256169074], [120.85603699402093, 24.631245516803347], [120.85572462576528, 24.630858116307056], [120.85511128125886, 24.630059786195904], [120.85452155606353, 24.629334365965835], [120.8541118905359, 24.62887420404178], [120.85358512224914, 24.628329110378957], [120.85303301716685, 24.627822994563925], [120.85297337363912, 24.62776759868352], [120.85272728706104, 24.62755135262495], [120.85199101007402, 24.626951053548808], [120.85121956166499, 24.626389007261324], [120.85069328408173, 24.626040497257765], [120.85041562668579, 24.625866479933183], [120.85020373953367, 24.6257359200869], [120.8495962679558, 24.625362460003455], [120.84877667858756, 24.62485857983092], [120.84863026059014, 24.624768559742584], [120.84863007306744, 24.624768442179285], [120.84798734731916, 24.62436438659629], [120.84798705124868, 24.624364187663165], [120.8473519373142, 24.623917502984323], [120.84703416047014, 24.623669266967386], [120.84678997518661, 24.623463956004834], [120.84664237752253, 24.623333820454278], [120.84664200950141, 24.623333501361895], [120.84641192046483, 24.623119644833373], [120.84622798847668, 24.62294500214363], [120.8460741515655, 24.62279486714503], [120.84575764605496, 24.622448621909857], [120.84571256753556, 24.622400677810678], [120.84563082647229, 24.622304157161455], [120.84562106252818, 24.6222926263715], [120.84561270893641, 24.622282758330627], [120.84536964651069, 24.621995717342948], [120.84492832925126, 24.621459168014635], [120.84492693871711, 24.621457469163552], [120.84491330941538, 24.621440896262104], [120.84491188928463, 24.621439170293918], [120.84489771757653, 24.621421937728186], [120.84489616923733, 24.62142005813775], [120.8448452615613, 24.6213581672701], [120.84424476199159, 24.62060886812585], [120.84424312498292, 24.62060682591804], [120.8442147140234, 24.620571376445675], [120.84421314604087, 24.62056942459719], [120.84418957710469, 24.620540002355924], [120.84418800911179, 24.620538059535964], [120.84415885858215, 24.620501679318586], [120.84380028847394, 24.62006073721366], [120.84339742135545, 24.619598169257124], [120.84286733416859, 24.61906627051229], [120.84228390972663, 24.618572424629157], [120.84208186846918, 24.618419896497336], [120.8419552229053, 24.61832429276631], [120.84155034190091, 24.618043206022445], [120.84133606719648, 24.61790488439464], [120.84099105591453, 24.61770536243323], [120.8409827459671, 24.617700559346723], [120.84097388333619, 24.617695439666832], [120.84089625152778, 24.617650538525602], [120.83991304483628, 24.61709241733614], [120.83971886845734, 24.616980226136587], [120.8392762167146, 24.616724454980638], [120.83861127447474, 24.616294720688217], [120.83846147549444, 24.616182232361275], [120.83836257005143, 24.616107945340143], [120.83835313734072, 24.616100856610018], [120.83829845522145, 24.616059797971957], [120.83829582077426, 24.616057817828647], [120.83823851412345, 24.616014779036018], [120.83822911102098, 24.616007717416377], [120.83821965858425, 24.616000619627822], [120.83820860772303, 24.615992319286555], [120.83819592883216, 24.615982798302742], [120.83817528740113, 24.615967300702774], [120.83813155496463, 24.615928826994093], [120.83755661928417, 24.61542315311038], [120.83692214413071, 24.61482985096919], [120.83621764478153, 24.614155223153542], [120.83522263351524, 24.613181250329276], [120.83518613856167, 24.613145528445855], [120.83518289347785, 24.6131423467452], [120.83514523465433, 24.61310548594505], [120.83514407076187, 24.613104347038007], [120.83511192565085, 24.613072882478356], [120.83510094759332, 24.61306213517573], [120.83460454993546, 24.612576218806307], [120.83458987318058, 24.61256185587053], [120.83457776093452, 24.612549987708302], [120.8330584200976, 24.61106272488379], [120.83305554006489, 24.611059895666052], [120.82882486245602, 24.606918224168734], [120.82882028625087, 24.606913740664098], [120.82788787057505, 24.60600090081304], [120.82787765315746, 24.60599089421261], [120.82786323435732, 24.605976783717068], [120.82785317474273, 24.605966930785574], [120.82785000892282, 24.605963830275503], [120.8278407087035, 24.605954727604733], [120.8278261715655, 24.605940499595455], [120.82780713720345, 24.60592186037003], [120.8277616914397, 24.605877368462693], [120.82776007401078, 24.605875786566287], [120.82769639279557, 24.60581344182788], [120.8276944499201, 24.605811534520246], [120.82764813635005, 24.605766192874693], [120.82764235701933, 24.605760534208112], [120.82730177187734, 24.605427088263657], [120.82728829012939, 24.605413890699722], [120.82727480839665, 24.605400684105764], [120.82705568855035, 24.605186160251847], [120.82510346522645, 24.603040992265893], [120.8250809251485, 24.603015829800704], [120.8248769112118, 24.602788093052848], [120.82471886693547, 24.602582105850598], [120.82461876494577, 24.602451630941246], [120.82449886090441, 24.602273234909987], [120.82426497819473, 24.601874591791145], [120.82402528051918, 24.601454714704364], [120.82382859631518, 24.60096749633326], [120.8237588912134, 24.600774360166003], [120.82375753376515, 24.600770557436675], [120.8237506674733, 24.600751579812616], [120.82374448985192, 24.600734453905986], [120.82374060426534, 24.60072366892589], [120.82373135746178, 24.600698070376485], [120.82373051149956, 24.600695712859622], [120.82368449409691, 24.600568216942456], [120.82367205035683, 24.60053372124056], [120.82366281344346, 24.60050813172685], [120.8236612001583, 24.600503678620623], [120.82365473729554, 24.600485757838104], [120.82365101233287, 24.600473113103245], [120.82364068267417, 24.6004380600871], [120.82364064337607, 24.600437915579683], [120.82361391015229, 24.600347180565052], [120.82331193525435, 24.599322405531147], [120.82328778732393, 24.59924044048323], [120.82327732029961, 24.59920489971883], [120.8232753251513, 24.599198143805875], [120.8232732121114, 24.599190954370265], [120.82311431304318, 24.598649705586308], [120.82311418529012, 24.59864926302312], [120.82302273211396, 24.59833377820229], [120.82302263382135, 24.59833345304853], [120.82302202460791, 24.59833129443985], [120.82283871670893, 24.597698933683155], [120.82283839242538, 24.59769780469659], [120.82276294909123, 24.597437531821967], [120.82246037310537, 24.596393603866836], [120.82245964589696, 24.596391102020313], [120.82240011399512, 24.596185706928267], [120.82239753934714, 24.59617681048239], [120.82239240964894, 24.596159125959733], [120.8223911911114, 24.596154917082174], [120.82238720134879, 24.596141161450046], [120.82238308383907, 24.596126963253848], [120.82210876937853, 24.595213173396367], [120.82201710930849, 24.5949078450469], [120.82157962807591, 24.592993266553517], [120.82140958336558, 24.592105664894433], [120.82127001476312, 24.591168476584023], [120.82110953571332, 24.589889792156974], [120.82096955641566, 24.588869663813806], [120.82063451308947, 24.586658830885458], [120.82049520561885, 24.585698933978286], [120.82029441594445, 24.58406744240957], [120.82026687104157, 24.58352557889586], [120.82026633308165, 24.58351508672345], [120.82026475195171, 24.583474500129675], [120.8202647234127, 24.583473741671742], [120.82026352343492, 24.583442825437245], [120.82026349489593, 24.583442066979288], [120.82026228527681, 24.58341098821375], [120.82026225672497, 24.583410238784648], [120.82026162805582, 24.58339412152657], [120.820251151805, 24.58312441709241], [120.82027206648611, 24.58261794125557], [120.82030391416563, 24.58228930177124], [120.82131901035456, 24.575545778226147], [120.82132244910106, 24.575522867043592], [120.82132941608904, 24.5754765933409], [120.82133592456536, 24.575433379879318], [120.82134043972285, 24.575403337168552], [120.82149954294485, 24.574346335786853], [120.82165296274282, 24.573333804458066], [120.82165301259478, 24.573333460517187], [120.8218132167301, 24.57227610766782], [120.82220811956351, 24.56966954173968], [120.82224412499042, 24.56943188107711], [120.82233314629748, 24.568844341827855], [120.82233319614446, 24.56884399878943], [120.82233760083099, 24.56881494003741], [120.82233896604919, 24.56880595791741], [120.82233901588339, 24.568805623907817], [120.82234486561846, 24.568766978194923], [120.82234491543991, 24.568766653214194], [120.82259859101379, 24.567092213115515], [120.82276352190857, 24.565807209752485], [120.82282820220615, 24.565283222638357], [120.82286161273689, 24.56474063532919], [120.82283452075522, 24.56419437433358], [120.82279840469265, 24.563992969791823], [120.8227966611359, 24.56398321655126], [120.82279372245334, 24.56396685276517], [120.82279363428832, 24.56396636510199], [120.82278872680389, 24.563938956680396], [120.82278294743001, 24.56390675289793], [120.82278284944356, 24.56390622910766], [120.82277630609106, 24.5638697176506], [120.82277230956213, 24.563847411616713], [120.82277061493906, 24.563837965415157], [120.82276893649353, 24.563831056347908], [120.82276836721564, 24.563828699140682], [120.82276811204753, 24.56382762440387], [120.82263162141795, 24.563263854017457], [120.82257706370224, 24.563091166623142], [120.82248321545524, 24.56281282210669], [120.8224069571466, 24.562634493115446], [120.82234997357413, 24.562488320593935], [120.8221482723899, 24.56207746721158], [120.82204226961206, 24.561913594274458], [120.82202886290855, 24.56189286618743], [120.82201946540027, 24.561878345676014], [120.82182897622283, 24.561575616923147], [120.82179269878827, 24.561517951703024], [120.82179255103891, 24.561517716777367], [120.82175487493039, 24.561457837817727], [120.82175421498216, 24.561456789686826], [120.82150421992715, 24.561118010025577], [120.82122282072274, 24.56078797779592], [120.82082917443445, 24.560349446975064], [120.82035194712206, 24.559895502525364], [120.81996013329626, 24.559539685203806], [120.81975409698627, 24.55938017845528], [120.81975286436551, 24.559379219919435], [120.81971728581952, 24.55935168441371], [120.8197160630583, 24.55935073491826], [120.81967873913774, 24.559321842983003], [120.81967750651813, 24.559320884446546], [120.81962534181562, 24.559280499029615], [120.81923536693975, 24.55900124695722], [120.81893463168646, 24.558800309305017], [120.81862187557203, 24.55861162684156], [120.81796628751407, 24.55823367288473], [120.81796470932619, 24.558232768090207], [120.817904511621, 24.558198060572444], [120.81790293343401, 24.558197155777282], [120.81784094059253, 24.558161407743533], [120.81783936240646, 24.558160502947693], [120.81776990283728, 24.558120457140138], [120.81583039391535, 24.557019139973082], [120.81582839160359, 24.557018008915826], [120.8157972720709, 24.55700033747491], [120.81579526977295, 24.556999197388365], [120.81576263125764, 24.55698066633983], [120.81576063881883, 24.556979535293735], [120.81396694601541, 24.555960968555475], [120.81395528748651, 24.555954345021537], [120.813944575837, 24.555948264388633], [120.81394092638088, 24.555946192268998], [120.81391278612217, 24.555930212518206], [120.81391090222475, 24.555929135754965], [120.81387536442925, 24.55590895746113], [120.81383517112543, 24.55588613697436], [120.81379135797329, 24.55586126244796], [120.8137449606448, 24.55583491300726], [120.81374314579831, 24.555833872442804], [120.81372577638034, 24.55582401852186], [120.81370754886692, 24.555813666949636], [120.8136926847672, 24.55580522462744], [120.81358492749108, 24.555744029043044], [120.81351637134694, 24.555702348163784], [120.8134937856068, 24.555688614370272], [120.81346904978196, 24.55567357775305], [120.8133993594943, 24.555631209221705], [120.81115912700965, 24.554269075299413], [120.81036448393453, 24.553793185330978], [120.81035505545859, 24.553787422068236], [120.81022015725743, 24.553705017188893], [120.8085783543475, 24.552702107147365], [120.808055488339, 24.552382704485836], [120.80775747258313, 24.55220064544385], [120.80693658749342, 24.55169917926463], [120.80611571883485, 24.551197699606405], [120.8044739813852, 24.550194744935073], [120.80365313235026, 24.54969326091924], [120.80329267483442, 24.549473045913338], [120.80329264524921, 24.54947302781696], [120.80329258607875, 24.549472991624203], [120.80283375418574, 24.549189598394182], [120.80283306389997, 24.549189155075794], [120.80239856530696, 24.548900122197065], [120.80235183684081, 24.54886777363185], [120.80228031937293, 24.54881825571039], [120.80219879366894, 24.548761808494405], [120.8021705591011, 24.548738702632637], [120.80206956935957, 24.548656046021478], [120.80175984631731, 24.548403579541638], [120.80171346436708, 24.54835823865892], [120.80168462711687, 24.548333711668565], [120.80162191426847, 24.548280388502388], [120.80150799429254, 24.54817256903702], [120.80122210900869, 24.547890734756287], [120.8009406200603, 24.54758857266855], [120.80066540918426, 24.547249697844503], [120.80062130268271, 24.547195384912097], [120.80061897840484, 24.547192050177266], [120.80056646577398, 24.547116544330493], [120.80045848606237, 24.546961330235742], [120.80037192721002, 24.546836887804346], [120.80020117803527, 24.54655124027475], [120.80017470527186, 24.546506963616892], [120.80015252487821, 24.546469861584676], [120.80012296091586, 24.54642038920664], [120.79993333694047, 24.546074258870657], [120.79980487904102, 24.545780811844168], [120.79978634951654, 24.54573848687334], [120.79963359541833, 24.545348596895284], [120.79963284824868, 24.545346699834624], [120.79956614720379, 24.545100627984578], [120.79940461139019, 24.54450471377479], [120.79929129207216, 24.54378065321434], [120.79928792157558, 24.543671850529172], [120.79928672969073, 24.54363306983327], [120.79928403517219, 24.543546090888295], [120.79928294658092, 24.54351063296309], [120.79926210635185, 24.54283640846691], [120.79928036771379, 24.542513315622703], [120.79930527604735, 24.54231791828304], [120.7993327431397, 24.54210241698263], [120.79934949522726, 24.541970978515373], [120.79942593457214, 24.541603522772885], [120.79968327199052, 24.54070018034097], [120.80010434031469, 24.539295426745355], [120.80026215387906, 24.53858044746107], [120.80036569403443, 24.537824964674563], [120.80037009656986, 24.53731303164914], [120.80032155326359, 24.53670272178581], [120.80023765717236, 24.5361850286994], [120.80008701760606, 24.535675309898828], [120.79988889561517, 24.53510265965413], [120.79969632872049, 24.534625497186294], [120.79948214922328, 24.534247027796297], [120.79946461021638, 24.534216026297365], [120.79944556535088, 24.534182359266357], [120.7994402799755, 24.53417305246387], [120.79911188078606, 24.533656035516398], [120.79909794977162, 24.533634103802196], [120.79909515303264, 24.533630136386513], [120.79907802801884, 24.53360578969777], [120.79784016933102, 24.531846243324917], [120.7976630933027, 24.531589205653187], [120.7976516512822, 24.531572595168473], [120.7976392048687, 24.53155453870988], [120.79763225302625, 24.531544435062383], [120.7955740086695, 24.5285567740203], [120.79544716491243, 24.528374534055953], [120.79541576421254, 24.52832941011358], [120.79538302438979, 24.528282370218662], [120.7935174559597, 24.525601861499705], [120.79304917779577, 24.524945910214967], [120.79303657413092, 24.524928250424235], [120.79300595115483, 24.52488535717785], [120.79244996601894, 24.52407029344831], [120.79224551402432, 24.523789889913377], [120.79192712532249, 24.523333796022875], [120.79170337081082, 24.523013278528452], [120.7911857702773, 24.522337127780787], [120.79076537217006, 24.52180549149103], [120.79023818802983, 24.52111802896989], [120.78971715755546, 24.52035965097995], [120.78963408982376, 24.520247964827988], [120.7896340701162, 24.52024794674267], [120.78937148015463, 24.51986293036061], [120.78937124387546, 24.519862586931826], [120.7893628079478, 24.5198496005972], [120.78936266030723, 24.51984936563916], [120.78936238474869, 24.519848904779558], [120.78889460825795, 24.519054175531934], [120.7888942540396, 24.519053543011886], [120.78889385074919, 24.51905274790259], [120.78850001223897, 24.518225156197], [120.7884998548995, 24.518224821906355], [120.78849962878168, 24.518224306940855], [120.78844170688419, 24.51808438579708], [120.7884414513877, 24.518083735356456], [120.78844142194805, 24.518083635997037], [120.7882552313255, 24.517570306313768], [120.78825498586606, 24.517569556568723], [120.78818150981137, 24.517365941522804], [120.78807697042672, 24.517007689585267], [120.78796804074292, 24.51659026485223], [120.78788369303604, 24.51620297700882], [120.78768978407842, 24.515006254347405], [120.78723064752883, 24.512062899636124], [120.78683351536259, 24.509720478441455], [120.78653074876685, 24.50790691440259], [120.7863697779906, 24.50699962185118], [120.78609487001704, 24.50531482133364], [120.78609306329386, 24.50530371318104], [120.78609149091949, 24.505294068048276], [120.78609082674876, 24.505290031172297], [120.78609013337237, 24.505285759502573], [120.78608878557087, 24.505277523202153], [120.78608753543762, 24.505269882949978], [120.78608661745852, 24.505264220505644], [120.78608240816995, 24.505238409838782], [120.78602394674019, 24.50488014001413], [120.7857047999427, 24.50301598800568], [120.7855948063628, 24.502393764961727], [120.78553082984517, 24.50178647783157], [120.78550433908967, 24.50128443105828], [120.78550710256512, 24.5008420800308], [120.78553042791191, 24.500441363553325], [120.78557241997768, 24.50001856167854], [120.78560081575498, 24.4998162362939], [120.78570995245626, 24.499132277167984], [120.78578921283369, 24.49865642881413], [120.78583394513682, 24.49838003499546], [120.78584160187943, 24.498333528728722], [120.7860287428785, 24.49719611973421], [120.78631032384445, 24.495482562314425], [120.78641055797766, 24.494883199939405], [120.78646995192183, 24.494453542029287], [120.78650590833435, 24.494125282169698], [120.78654000953027, 24.49360416126751], [120.78653977884996, 24.49322057496622], [120.78654015502651, 24.493184766675306], [120.7865405357464, 24.49313457527039], [120.78653832420312, 24.493082791105635], [120.78651365071835, 24.49260744510074], [120.78651124462525, 24.492577402374696], [120.78650407504558, 24.492487653480474], [120.78642769340291, 24.491531577986592], [120.78626437437666, 24.489620558279583], [120.78622971975689, 24.48913813725164], [120.78579862375196, 24.48384285438193], [120.78572064383154, 24.482915992955828], [120.78562625109579, 24.481748666757678], [120.78558746010206, 24.481287809434857], [120.78546486999798, 24.47977918403638], [120.78545355883107, 24.479654161920593], [120.78543649730024, 24.479411998837755], [120.78534032302427, 24.47830333063124], [120.7851350656984, 24.477166715958575], [120.78511522528954, 24.47705685031862], [120.7851150786107, 24.47705608264754], [120.78509812151476, 24.476962139179548], [120.7850840573698, 24.47688424430435], [120.7850799524437, 24.47686153060437], [120.78505788373994, 24.47673933723833], [120.78505210755169, 24.476707366464684], [120.78500471581425, 24.476444899084417], [120.78500389477314, 24.476440392459583], [120.78497942201092, 24.476304841806858], [120.78497835671418, 24.476298935343657], [120.78497650953311, 24.47628870289055], [120.78496883735382, 24.476246219691262], [120.78495966003774, 24.476195418666663], [120.78494354367416, 24.476106135317703], [120.78493623308364, 24.476065684149102], [120.78493372132299, 24.476051766928876], [120.78491605100777, 24.475953885782655], [120.78490795858532, 24.475909090563675], [120.78489845882893, 24.475856483280015], [120.78489345485566, 24.475828766242024], [120.78489024912383, 24.475811046835606], [120.78488722930018, 24.47579423059094], [120.78487943014218, 24.475751033915117], [120.78446162489773, 24.47343740521084], [120.78446024691439, 24.47342976473291], [120.78443827715594, 24.473308086020214], [120.78443808165157, 24.473307029351293], [120.78391662455583, 24.470419007625708], [120.7835506974645, 24.468501017783872], [120.78354901657283, 24.46849174261405], [120.7835455065868, 24.4684733274968], [120.7835422312265, 24.468456158714694], [120.78354037349536, 24.46844645892941], [120.78350493134013, 24.468260609809768], [120.78350221328036, 24.468246367214295], [120.78349960274561, 24.468232702627528], [120.7834953496901, 24.468210403982578], [120.78311102417301, 24.46613895673036], [120.78311025181294, 24.466134901608825], [120.78310712398194, 24.466118058067725], [120.78310641025298, 24.466114328073687], [120.78310165855508, 24.46608950961043], [120.78310101326005, 24.466086140873852], [120.78306136671308, 24.4658792119198], [120.78305851179267, 24.46586430097128], [120.78305554929064, 24.465848848129266], [120.78277995305223, 24.464410487328394], [120.78263175936226, 24.463823922981625], [120.78250312589289, 24.463370771804957], [120.78229790745527, 24.46275626155249], [120.78210139965131, 24.462228640451904], [120.78191793919056, 24.46180115130447], [120.78191201477762, 24.461787355493684], [120.78185444332787, 24.46166335860065], [120.78181921945468, 24.461588060183566], [120.78169409829097, 24.46132063956559], [120.78150606883673, 24.460947235952663], [120.780997515196, 24.459979396060778], [120.78096655294253, 24.459921592759542], [120.78093391922029, 24.459860662999294], [120.7809019344991, 24.45980092599886], [120.78087146396011, 24.459744035317836], [120.7808351628448, 24.45967626527441], [120.78081358080837, 24.45963597372056], [120.78080147716479, 24.45961338369751], [120.780762432825, 24.45954053536614], [120.78075379018499, 24.45952440608581], [120.78075187287622, 24.459520827825298], [120.78074442981297, 24.45950692141558], [120.78044825119864, 24.458954170202812], [120.78043710142938, 24.45893335121664], [120.78042600081183, 24.45891263161987], [120.78041704362501, 24.458895914978218], [120.7803339119843, 24.45874077547521], [120.78018035255319, 24.458454170753576], [120.78007437183766, 24.458256218519107], [120.7797241432404, 24.457602063852267], [120.77969672166495, 24.457550874659823], [120.77967249558763, 24.457505613137606], [120.77965501427416, 24.45747295688491], [120.7796357533316, 24.457437002454228], [120.77942742358469, 24.457047883181524], [120.77921587913556, 24.45664198304655], [120.77874627451779, 24.455740934416685], [120.77852071090676, 24.45524879488622], [120.77837737687524, 24.454901158196666], [120.7783714737932, 24.45488684761714], [120.77836660206015, 24.454875021522568], [120.77816676277978, 24.454390359021605], [120.77788888036142, 24.453558705666712], [120.77743423741596, 24.452142398870862], [120.77699241045758, 24.4507747034723], [120.77651117900746, 24.449267224584297], [120.77651016869373, 24.449264044883133], [120.7764989176536, 24.449228788067426], [120.77648741152792, 24.4491927634087], [120.77648728403777, 24.449192347886253], [120.77646932353898, 24.449136097754554], [120.77645180448228, 24.449081220681002], [120.77644812612586, 24.44906966715197], [120.77642371129606, 24.44899319154077], [120.77621671103515, 24.448333714133877], [120.77621659336214, 24.448333325712706], [120.7762162598463, 24.448332286884046], [120.77608145826497, 24.447902821536687], [120.77577179164946, 24.446933568849744], [120.77565541530481, 24.44652751549515], [120.77564987683829, 24.446508203270678], [120.7756428581759, 24.44648373328936], [120.77563207538589, 24.4464461024658], [120.77547526404634, 24.44582139677954], [120.77529411187183, 24.444596117553626], [120.77492194482959, 24.441712439772584], [120.77446701024401, 24.438167902618435], [120.7744647436824, 24.4381502565487], [120.77446178644588, 24.438127237186652], [120.77445821640663, 24.43809942250513], [120.77445620288125, 24.438083681934035], [120.77445227284993, 24.43805310383763], [120.77445172808768, 24.438048868418456], [120.77444930594814, 24.438029976112517], [120.77444739941767, 24.438015075398887], [120.77444105698717, 24.437965677242392], [120.77443958808274, 24.43795425335101], [120.7740560376265, 24.43496575437364], [120.77395311933525, 24.434150424896348], [120.7736875413887, 24.43217223045694], [120.77356291939766, 24.43102664960966], [120.77345308619704, 24.42983478078812], [120.77343563194692, 24.429326213028002], [120.77343739512766, 24.42889120637242], [120.77347717756095, 24.42834438700588], [120.77358197220249, 24.427667908763482], [120.77367140479666, 24.427166371861542], [120.7736915863117, 24.42705318709477], [120.77369450498412, 24.427036803778357], [120.77369793165286, 24.427017586107507], [120.77370409761403, 24.4269830322185], [120.77370991500284, 24.426950391961245], [120.7737161706615, 24.42691530549304], [120.77374915229392, 24.426730304924543], [120.77380084084136, 24.42644041502283], [120.773808570747, 24.426397033076583], [120.77381391987306, 24.42636703761732], [120.773817294863, 24.426349129073433], [120.77382982926518, 24.426282531650394], [120.77405325538697, 24.425095737932793], [120.77415867044009, 24.424488440312484], [120.77417353353646, 24.424365441974405], [120.77418077985021, 24.424305509064126], [120.77418492350023, 24.424271213965916], [120.77418921738217, 24.424235618911386], [120.77420370004629, 24.42411578918751], [120.77422469863204, 24.42394189432411], [120.77423843591286, 24.42345951181851], [120.77423666764186, 24.423333788966204], [120.77423665842323, 24.42333342779123], [120.77423664056438, 24.423332380397113], [120.77420907490405, 24.42137258803225], [120.77420831290569, 24.4213186835715], [120.77420753329028, 24.421263596280834], [120.77418318851228, 24.419533407511672], [120.77416422523945, 24.418442139044057], [120.77415176078186, 24.417284218733275], [120.77415176118355, 24.417283993007935], [120.77414780917668, 24.41691705605562], [120.77414757231273, 24.41689500679202], [120.77414027026175, 24.416216310185153], [120.77413122887525, 24.415988620454826], [120.77412189314892, 24.41575457383459], [120.77409076701026, 24.41541432221487], [120.77408778828206, 24.415381533327082], [120.77408589517013, 24.415364835807754], [120.77407483275461, 24.415269951178985], [120.77405985630095, 24.415158095140814], [120.77405388154546, 24.415113329272824], [120.77404690915066, 24.415069528022553], [120.7740399484536, 24.415024697478646], [120.77403534033988, 24.41499879531365], [120.77402497235742, 24.41493482714684], [120.77402076281231, 24.41491213991437], [120.77401698451538, 24.41489092505903], [120.77400902608372, 24.414847122333903], [120.77400006364385, 24.414802324914856], [120.77399106033688, 24.414758331018596], [120.77398205883674, 24.414713325871798], [120.77397311428761, 24.41466956681681], [120.77394319493969, 24.41453793290708], [120.77392024693543, 24.414445143304427], [120.77391302127575, 24.414416248612447], [120.7738943351124, 24.41434446691816], [120.77388897596063, 24.414325046476208], [120.77388730172156, 24.414318353456352], [120.77387540866492, 24.41427473445433], [120.7738707137318, 24.414258854387736], [120.77386506803559, 24.414239767591255], [120.77386241181232, 24.414230788756868], [120.77385041905656, 24.41418779260736], [120.77383750071961, 24.41414406372164], [120.77382353567653, 24.414101172971602], [120.77381341075235, 24.414066910691826], [120.7737935957626, 24.414003370810317], [120.77378767167667, 24.413985583776377], [120.77376265912248, 24.413911580494], [120.77375369451698, 24.41388467861213], [120.77373095390408, 24.41381950912148], [120.77371280016165, 24.413769984782846], [120.77369484607443, 24.413719097355024], [120.7736888983985, 24.413703495309456], [120.77367694556216, 24.413671352111308], [120.7736697600214, 24.413653192995607], [120.77365200551941, 24.41360652242285], [120.77360310375447, 24.413486769354108], [120.77356720835304, 24.413400045898836], [120.77355933188342, 24.413382292050873], [120.7735533702878, 24.413368983355245], [120.77354928462238, 24.413359839853673], [120.77353829641156, 24.413334217054565], [120.773519291235, 24.41329222163762], [120.77350140974755, 24.413250462654407], [120.7734814953364, 24.413209639647498], [120.77346248033652, 24.41316764420825], [120.77342257301612, 24.413085817482525], [120.77340257200687, 24.41304382055958], [120.77338269697239, 24.413003069830218], [120.77336182604361, 24.412962317607224], [120.77334091402574, 24.412922495311026], [120.77331887034165, 24.412881398222396], [120.77329791098315, 24.412840492364037], [120.77327599325515, 24.412800659523423], [120.77325409705196, 24.412759824488052], [120.77323114414986, 24.41271990882888], [120.77320914788636, 24.41267990430874], [120.77318437642958, 24.412636852840233], [120.77313485829033, 24.412553467669543], [120.77311638792375, 24.41252133271503], [120.77309257505546, 24.412482643695114], [120.77306757143077, 24.412442643675256], [120.77304363079394, 24.41240373775887], [120.77299366924257, 24.412325796388547], [120.77298370910977, 24.412309863251267], [120.7729688704068, 24.412287105870202], [120.77292697736755, 24.41222425507804], [120.77288579045776, 24.412163563274547], [120.77286516506959, 24.41213454007538], [120.77283916211366, 24.412096533935998], [120.77281216325726, 24.412058535326622], [120.77278616031646, 24.412020538207013], [120.7727593680591, 24.411982819798443], [120.7727454100317, 24.411963883002016], [120.77271437751091, 24.41192083108495], [120.77268119019588, 24.41187520264873], [120.77267744281755, 24.41186993308992], [120.77267518029835, 24.411866932050394], [120.772658439102, 24.411843918968334], [120.7725937146159, 24.41175629421752], [120.7725842894573, 24.41174451521678], [120.7725665531728, 24.411721067235554], [120.7725385487201, 24.411683067065812], [120.77242673053635, 24.41153531028456], [120.77239772847398, 24.411498310812583], [120.7723696239791, 24.411461168219788], [120.77233870616197, 24.411420274338187], [120.77232473663338, 24.411402321650765], [120.77231167272166, 24.41138522808312], [120.77225767652786, 24.411314232760258], [120.77214082941134, 24.41116142999322], [120.77214028829282, 24.41116076102959], [120.77211573511144, 24.41112830980736], [120.77208670371607, 24.411091274114575], [120.77208060489188, 24.411083147823042], [120.77205863874575, 24.41105418569687], [120.77202508474132, 24.411009847715526], [120.77200058946677, 24.41097812791409], [120.77199435329028, 24.41096962219233], [120.77197373329348, 24.41094330759077], [120.77183354660393, 24.41075807321922], [120.77180544423857, 24.4107199282993], [120.77177852288439, 24.410683031162414], [120.77175044824979, 24.410645933643043], [120.77172344018166, 24.41060792579301], [120.77169550329879, 24.410571009051836], [120.77166615298343, 24.410530514672253], [120.7716572927329, 24.41051723764352], [120.77164998504782, 24.410506942540536], [120.7715971279446, 24.410433492796138], [120.7715890446059, 24.41042136362399], [120.77153604425155, 24.410345367451203], [120.77153399884206, 24.41034229448959], [120.77150799664905, 24.41030428811822], [120.77148189791684, 24.410265143936957], [120.77146845571511, 24.410244699948844], [120.77143978007537, 24.4102019673398], [120.77143506072946, 24.410194420963116], [120.77142848983584, 24.410185661899092], [120.77142624979507, 24.410181162053107], [120.77142480424027, 24.410178992900047], [120.77140570001627, 24.41014884316419], [120.77138063660765, 24.410109736644383], [120.77135663792501, 24.410070740076755], [120.77133163352929, 24.410031732957215], [120.77130747756799, 24.40999248333076], [120.77128338240959, 24.40995233088771], [120.77126038954565, 24.409913326794726], [120.77123633374401, 24.409873237606703], [120.77119014518875, 24.409792917660315], [120.77114600750153, 24.409712664002605], [120.77112400435712, 24.409671656936123], [120.77110200926379, 24.40963166113155], [120.7710798685442, 24.409590410066194], [120.7710376969365, 24.409508073638722], [120.77101769548098, 24.409467069583105], [120.77099669814297, 24.4094260730475], [120.77095648898215, 24.40934364927396], [120.77093749512484, 24.40930164450737], [120.77091749371743, 24.409260649466912], [120.77089829358742, 24.409218220017863], [120.77088029564489, 24.409176216750566], [120.77086130182114, 24.409134221002876], [120.77082514886887, 24.409049862086047], [120.77080814684973, 24.40900786031696], [120.77079014895001, 24.40896586606725], [120.7707730389483, 24.40892361131714], [120.77075597007767, 24.408880426635484], [120.77073990514332, 24.408838245695957], [120.77069180403703, 24.408708994294177], [120.77064668101296, 24.40857962097997], [120.77063267840143, 24.408536621508546], [120.77061767992757, 24.408493620526947], [120.77060353021646, 24.40845018743537], [120.77059047637374, 24.40840598853374], [120.77057753834869, 24.408363180279398], [120.77056346891689, 24.40831898886523], [120.7705514190201, 24.408275793705066], [120.77053970782174, 24.40823614747233], [120.77051935951309, 24.408163577273445], [120.77049329751118, 24.408066340084158], [120.7704681958933, 24.407966937373963], [120.77044514409778, 24.407862698197054], [120.7704231067655, 24.407764555160345], [120.77041505311338, 24.407725257565147], [120.77039499090853, 24.407619966512215], [120.77038577950819, 24.40756659990353], [120.77037894699234, 24.407522699343147], [120.7703709529236, 24.4074777315931], [120.77036392375562, 24.407433532774807], [120.77035688659402, 24.407388304632413], [120.77035088433176, 24.40734330378523], [120.77034388616234, 24.407298328514226], [120.77033783351436, 24.407253932535824], [120.77033282717537, 24.407208906110622], [120.77032683478959, 24.407163905276505], [120.77031678332634, 24.407073500232293], [120.77030075189873, 24.406893093593432], [120.77029171859976, 24.40675768028377], [120.77028407293983, 24.406585575023673], [120.77028333033765, 24.40656003974808], [120.77028169961233, 24.4064858546116], [120.77028169226985, 24.406440862851394], [120.77028081714703, 24.40640137749411], [120.77028069226371, 24.406388655375093], [120.77028169474009, 24.406281445971292], [120.7702827002476, 24.406205260382585], [120.77028570721926, 24.40610188233385], [120.77029099991728, 24.40600493643407], [120.77029171962718, 24.405988622034073], [120.7703007497822, 24.405853218052076], [120.77030818785511, 24.405769421698704], [120.77031678750025, 24.40567576738379], [120.77032882342785, 24.40556842121078], [120.7703418522394, 24.405468155316044], [120.77035588489153, 24.40536891122377], [120.77037292130615, 24.40526068777897], [120.77038905954355, 24.40516386665898], [120.77039108558266, 24.40515577970212], [120.77039395464068, 24.405139513704004], [120.77040099211787, 24.405097259390498], [120.77041701756046, 24.4050191733737], [120.77042004598556, 24.405002013740372], [120.77044112939983, 24.404907628923027], [120.77046316982013, 24.40480743987244], [120.77048926392656, 24.404701063032277], [120.77051829312435, 24.40459094357767], [120.77052534271941, 24.404563767788353], [120.77055442677683, 24.404461449507746], [120.7705845146425, 24.40436015302344], [120.77061561079243, 24.404262857928572], [120.77064669960475, 24.4041695988007], [120.77065972235832, 24.404132518151368], [120.7706937896079, 24.404033331435645], [120.77073294401917, 24.403928924591654], [120.77076701724889, 24.403842748728987], [120.77080410052224, 24.403749525723526], [120.77082122076435, 24.403709245945766], [120.77083117114475, 24.403686354299076], [120.77085621674674, 24.403625256486954], [120.7708953499205, 24.40353794155774], [120.7709331946473, 24.40345429949247], [120.77093518545823, 24.403449309437843], [120.77094943053439, 24.403417765417245], [120.77096756260462, 24.403379500629768], [120.77098859223906, 24.40333642773676], [120.77104964432465, 24.403210330011138], [120.77111570421812, 24.40307921064457], [120.77116872368032, 24.402973172309448], [120.7712287651555, 24.40285508174666], [120.77128682557598, 24.402741990261248], [120.77129777792061, 24.402721077455986], [120.77130577339257, 24.402705062960614], [120.7713368392461, 24.40264596054173], [120.77143473266041, 24.402456128003756], [120.77144987243594, 24.402425858377523], [120.77145992242912, 24.402407761262346], [120.77149477987734, 24.402340050812278], [120.77155435390023, 24.402223873561155], [120.77155634463462, 24.402218901555273], [120.77161374332208, 24.40210611592127], [120.77167271525035, 24.401990181495197], [120.77172566454209, 24.401884269245443], [120.7717806242475, 24.401773348879416], [120.77182664042375, 24.401679317407503], [120.77184559956653, 24.401641396853336], [120.77186652151819, 24.40159756522224], [120.77192748642325, 24.40146964310332], [120.77198239896524, 24.401351842444708], [120.77200932448346, 24.401291993257193], [120.77206671174905, 24.401163135696716], [120.77207066801255, 24.401156207336303], [120.7720972703018, 24.40109512066402], [120.77214324460687, 24.40099118414741], [120.77220120625523, 24.4008552666716], [120.77222015614583, 24.40081137784503], [120.77224809159179, 24.400743530384627], [120.77229905092248, 24.40061962903829], [120.77234999750604, 24.400491781955335], [120.77239694645071, 24.400371910530897], [120.77244689258694, 24.400241037172446], [120.77249184976571, 24.400121144662805], [120.77253759361435, 24.399996865197117], [120.77253950851976, 24.399990150454514], [120.77254171904697, 24.399983526446412], [120.77256277462587, 24.399925347735206], [120.77260071787795, 24.399818491641952], [120.7726416699053, 24.399699667523667], [120.77269354299186, 24.399544030256404], [120.77269953388868, 24.399524030855485], [120.77271658365179, 24.399472888771722], [120.77275554121773, 24.399350025633954], [120.77279249638475, 24.39923315477446], [120.77283045344087, 24.39910732858061], [120.77286441755484, 24.398992421547472], [120.77289836531017, 24.398875600319638], [120.77296630560583, 24.39862782742443], [120.77299526169398, 24.39851799620645], [120.77302623085536, 24.39839611420368], [120.77304181154535, 24.398333791896967], [120.77305218875024, 24.398292273773283], [120.77305618254248, 24.39827529609672], [120.77307718690932, 24.398190300914187], [120.77310415031005, 24.398075455554252], [120.77313211210482, 24.39795360513249], [120.77315908157175, 24.39782978488201], [120.77318205280264, 24.397719899505947], [120.77320803192832, 24.39759297176253], [120.773231002046, 24.397478138448296], [120.77325497320057, 24.39734929352504], [120.77326996754836, 24.397267341129012], [120.77329194442704, 24.397145490732797], [120.7733129129161, 24.397019629918887], [120.77333288828761, 24.396897776516735], [120.77335185512901, 24.39677199395894], [120.77337083992438, 24.396636125961567], [120.77339197674455, 24.396482130822807], [120.77339292006732, 24.396478376144405], [120.77339480377697, 24.396461458500816], [120.77340581049837, 24.396376394117546], [120.77342078612293, 24.396249540141437], [120.77343677255945, 24.39610871068521], [120.7734487501545, 24.395987820427333], [120.77346174586818, 24.395859916107575], [120.77347372036934, 24.395724145943557], [120.77348052311464, 24.395635716447416], [120.7734805534648, 24.395635283097786], [120.77348471177511, 24.395581250375283], [120.77349470567671, 24.395450370994645], [120.77350268729435, 24.39532558321965], [120.7735096840092, 24.39519469032261], [120.77351667608072, 24.39506086297032], [120.77352167121254, 24.39491899676289], [120.7735266682322, 24.394787125729046], [120.77352865941985, 24.394693298674234], [120.77353065877143, 24.394589359078683], [120.77353265402529, 24.394454531046883], [120.77353266135937, 24.394328738134043], [120.77353166141374, 24.39419281310278], [120.77353066405318, 24.39406096921018], [120.77352766715582, 24.3939391536169], [120.77352366821727, 24.393793210861823], [120.77351967016568, 24.393663366928436], [120.77351368127944, 24.393527615007457], [120.77350568320796, 24.39339072241753], [120.77349871188189, 24.393264106436735], [120.77349672622849, 24.393244230494233], [120.7734877107007, 24.39311399982768], [120.77347871621029, 24.39299409844135], [120.77346889856216, 24.392871405840328], [120.77346790810908, 24.39286843379644], [120.77346672077039, 24.39285423832897], [120.77345874104148, 24.39276240079289], [120.7734457597504, 24.39263359980681], [120.77343178268967, 24.392504824415468], [120.7734307912206, 24.39249689541219], [120.77341778820218, 24.39238583650301], [120.77340280220994, 24.392258955700054], [120.7733858121433, 24.392128090077215], [120.77337982902114, 24.392083188605884], [120.77336184772156, 24.391955346232233], [120.77334387994334, 24.391836523912954], [120.7733228874404, 24.39170558005548], [120.7733029129978, 24.391578727884166], [120.77327994674027, 24.391448945812904], [120.77325696552998, 24.39132204398646], [120.77323666115761, 24.391214405163552], [120.77323665798592, 24.391210658095613], [120.77322903108193, 24.391175379139398], [120.77321599133539, 24.391107163068526], [120.77320202325525, 24.391034331752376], [120.77317705600258, 24.39091551697966], [120.77315008216384, 24.390788627209396], [120.77312311731033, 24.390667777892833], [120.77309214531218, 24.39053290945341], [120.77306117425545, 24.390403070198392], [120.77302922542694, 24.3902742497551], [120.77299526911793, 24.39014339475468], [120.77296027961968, 24.390011472766243], [120.77292832308336, 24.38989259329006], [120.77289438033563, 24.38977081249687], [120.77286039584266, 24.38965587566669], [120.77283041582133, 24.389550967099623], [120.77279548296394, 24.38943717552208], [120.77275871456465, 24.38931892985043], [120.77275670253914, 24.3893138976405], [120.772752507395, 24.38930027551034], [120.77270656522546, 24.389157438934657], [120.77266360861427, 24.38902657937025], [120.77262166481552, 24.38890274592877], [120.77257773320173, 24.38877693212379], [120.7725317727465, 24.388650031769902], [120.77248381195182, 24.38851714212256], [120.77239194232078, 24.388273499117822], [120.77237899595215, 24.388241625104865], [120.77232899407959, 24.3881146102621], [120.77227606129311, 24.38798378072785], [120.77222412347008, 24.387858929914664], [120.77217416471896, 24.3877410254143], [120.77213525811149, 24.387650251821235], [120.77211528465887, 24.387606313404333], [120.772084278804, 24.38753529826057], [120.77203233334346, 24.387420406431335], [120.77197537004486, 24.387294500592372], [120.77191744867534, 24.387169658718822], [120.7718595122116, 24.38704779639289], [120.77180359586762, 24.38693196850647], [120.77174466656024, 24.38681412257602], [120.77168271989227, 24.386691224822936], [120.77161778173951, 24.38656534294002], [120.77155583796643, 24.3864464540452], [120.77148992042899, 24.386322602169688], [120.77142701512406, 24.386206772625435], [120.77136410454055, 24.38609394069834], [120.771297485083, 24.38597686851045], [120.77129552226415, 24.385971944702703], [120.77127823491766, 24.385942176839684], [120.77120325738849, 24.385813218760102], [120.77112933913517, 24.38568735921443], [120.77105343946936, 24.3855615146957], [120.77098251033749, 24.385445627690117], [120.7709035666441, 24.385318722091327], [120.77082467046174, 24.38519289098189], [120.77075978548324, 24.385093075733607], [120.77067686751379, 24.384967175256868], [120.77059191086917, 24.384840260390686], [120.77050799568579, 24.384715387623956], [120.77042312071336, 24.384592562955426], [120.7703472096301, 24.3844846949433], [120.77026230808512, 24.384365833906383], [120.77017640922098, 24.384247964506518], [120.77008535421321, 24.38412488648627], [120.77008040802077, 24.384117971738682], [120.77001562680942, 24.38403225973714], [120.76992569464232, 24.383915350181926], [120.76983376505548, 24.383796433083745], [120.76973792712403, 24.38367464777286], [120.76968499767514, 24.383609738569177], [120.76965460418303, 24.383572005007867], [120.76965367102645, 24.383570143599766], [120.76963797256761, 24.383550698193122], [120.76960906433321, 24.38351481784104], [120.76959413207607, 24.38349689047949], [120.76949812819045, 24.383379890172627], [120.76940819051889, 24.38327196422782], [120.76931625541674, 24.383162039762396], [120.76922230066918, 24.383051498187506], [120.7691418428101, 24.38295674188387], [120.76914001252625, 24.382954906192953], [120.76912358298156, 24.382936416700595], [120.76910833421954, 24.38291913890184], [120.76908905461822, 24.382895805478146], [120.76907216607061, 24.38287494063369], [120.76901933024682, 24.38281312831044], [120.76889431033032, 24.382666106851065], [120.76877527174716, 24.382526064861548], [120.76866855176247, 24.3823992240355], [120.76864526704637, 24.3823720561119], [120.7686317219922, 24.38235581018059], [120.76855278896991, 24.382263277041776], [120.76849437918636, 24.382193185385674], [120.76846338005942, 24.382158186467475], [120.76843327023155, 24.382122060267296], [120.76840326680329, 24.382087062858265], [120.76837328490087, 24.382051081306766], [120.76834237619332, 24.38201518862318], [120.76831232364007, 24.3819801279173], [120.76820429455658, 24.38185267981094], [120.76797331461383, 24.381580117700782], [120.76787330146506, 24.381463101184462], [120.76775930322295, 24.381328104334024], [120.76764128867262, 24.38119008552666], [120.76753027247422, 24.381058054611913], [120.76743353724854, 24.38094410368803], [120.7674043783419, 24.380911193092132], [120.7673712198299, 24.380871405222603], [120.76727128903453, 24.38075308824388], [120.76714530883136, 24.380605106768705], [120.7670163000562, 24.380453093562654], [120.76689228842183, 24.380307083240407], [120.76677124872874, 24.380164038927237], [120.76672420105977, 24.38010797719697], [120.76671939112866, 24.380102200211656], [120.76670375913702, 24.380084614589872], [120.76669540624309, 24.380075626826603], [120.76667827146679, 24.38005505929267], [120.76664826900752, 24.380020061533926], [120.76661828808722, 24.379984079632784], [120.76659619428726, 24.379958421081135], [120.76652223306225, 24.37987101401808], [120.76649738673719, 24.379841188805866], [120.7664880017309, 24.379830601293843], [120.76637132963766, 24.379693116271028], [120.76624833114049, 24.379549120462585], [120.76597931040277, 24.37923249789754], [120.76585329458752, 24.379084072856816], [120.76572828379804, 24.37893606460148], [120.76560631193728, 24.378792087911542], [120.76550431733853, 24.378672105212242], [120.76540434900477, 24.37855463566437], [120.76537727855413, 24.378523064211173], [120.76537059989691, 24.378515045077716], [120.76526131579949, 24.378387105337204], [120.76513528309218, 24.37823805666034], [120.7650103034734, 24.378090083970925], [120.76490230969684, 24.37796310305196], [120.76479046087398, 24.37783126745615], [120.76478246315791, 24.377822271108645], [120.7646795852559, 24.37770102240617], [120.76465127752252, 24.377667056194472], [120.76462138438332, 24.377632184607087], [120.76460793776988, 24.377616561471516], [120.76454731682674, 24.377545101451503], [120.76442731365134, 24.37740410645753], [120.76430924917452, 24.37726501951855], [120.76430433125998, 24.377259115880662], [120.76428436267057, 24.37723615095957], [120.7641832973513, 24.37711607851621], [120.76406126809017, 24.376973039504502], [120.76405624199863, 24.376967009282954], [120.76397933340787, 24.376876120180764], [120.76395528346356, 24.376848056458165], [120.76394231990551, 24.37683250624792], [120.76383031454111, 24.376701103088006], [120.76370830758432, 24.37655709771218], [120.76349231561618, 24.37630311585615], [120.76337330859779, 24.376163087684976], [120.76315230364922, 24.375902090945186], [120.76307930070168, 24.375816092218038], [120.76296929559753, 24.375686091049555], [120.76284633617112, 24.37554113542923], [120.76272575490061, 24.375400282634484], [120.76272546026948, 24.375399695282894], [120.76271438396184, 24.375387199750765], [120.76266676028598, 24.375330043326382], [120.76259031520814, 24.37524010229128], [120.76245628146681, 24.3750820729509], [120.76233231163003, 24.374935110869227], [120.76220234820221, 24.374783146198897], [120.76207629120687, 24.374635088111976], [120.76200514985082, 24.37455065381556], [120.76198838907982, 24.374531196910002], [120.76195828101395, 24.37449607164005], [120.76189838341398, 24.37442419634746], [120.76186738798978, 24.374389196072464], [120.76183892437734, 24.37435503947408], [120.76177431276774, 24.37427911169547], [120.76170129201579, 24.374193085182352], [120.76161930188967, 24.374096101278436], [120.76150009203535, 24.373956044214673], [120.76147428416199, 24.37392506996328], [120.76144428457557, 24.373890071168063], [120.76141438522302, 24.373854196703505], [120.76140245341233, 24.37384072458691], [120.76133431232337, 24.373760095939314], [120.76119892305327, 24.373601169461608], [120.76117129377481, 24.373569090740244], [120.76114127655697, 24.373533071570172], [120.76111127715428, 24.373498072708653], [120.76108129933185, 24.373462089705008], [120.76105038490482, 24.373426195509698], [120.76102027735855, 24.373391070052303], [120.76099027008271, 24.373355050867687], [120.76097190674018, 24.373333532690406], [120.76092631806284, 24.37328011696313], [120.760799321398, 24.373130106038833], [120.7606842736132, 24.37299504797842], [120.76065425665121, 24.372959037740358], [120.76051731539518, 24.37279810374013], [120.76039130355353, 24.37264908722562], [120.76026330455628, 24.372498090092847], [120.76013133289493, 24.372342111538536], [120.76000232907022, 24.372191112592983], [120.75984885792555, 24.372009737048614], [120.75984586695665, 24.372006743682775], [120.75971632474767, 24.371854109373928], [120.75958631043471, 24.37170108595377], [120.759461845211, 24.37155373246321], [120.7594549089537, 24.3715467961477], [120.75940534723831, 24.371489139012347], [120.759274056265, 24.37133398243109], [120.75926540039916, 24.37132419921402], [120.75923524655518, 24.371288016921913], [120.75914330724505, 24.371179097468637], [120.75901335331496, 24.371026145880617], [120.75888832503676, 24.37088011829472], [120.75877629378591, 24.370747077055498], [120.75864831825784, 24.37059611469853], [120.75851730296624, 24.370442095558822], [120.75839331264746, 24.370295112130847], [120.75826533617341, 24.370145124587054], [120.75813732251224, 24.369994116588014], [120.75805554296075, 24.36989809718455], [120.75800526557896, 24.369839056994312], [120.75800024991237, 24.36983302658641], [120.75790732887036, 24.369723120638003], [120.75777834017113, 24.369572128833735], [120.75765031782244, 24.36942111137625], [120.7575313137574, 24.369281096633554], [120.7574003325465, 24.369126128518985], [120.75727632130827, 24.368981121504625], [120.75716601406252, 24.36885034812431], [120.75711839528246, 24.368793208004032], [120.75709906784869, 24.36877138081917], [120.75703486544462, 24.368695758644247], [120.75703380292174, 24.36869469150896], [120.75702337835268, 24.368682178543366], [120.75700144474199, 24.368657259220726], [120.75696131808698, 24.368610108201867], [120.75684030058112, 24.368467092026084], [120.75672380720084, 24.368329500465727], [120.75669429404005, 24.368294077134383], [120.75666439541962, 24.36825920395289], [120.75663330647012, 24.368223100898543], [120.75660324262948, 24.368187017541814], [120.7565768462829, 24.368155734513902], [120.7565751049329, 24.36815398910375], [120.75657236062503, 24.36815095995256], [120.75654339825932, 24.368116205628485], [120.7565170777906, 24.36808649377326], [120.75649831350314, 24.368064098583005], [120.75642631123237, 24.367980111712505], [120.75635822660821, 24.36789901138294], [120.75628221636372, 24.367807984341965], [120.75621632574732, 24.36772911766003], [120.75619661612956, 24.36770628751562], [120.75619467004486, 24.367703367990295], [120.75618274064254, 24.367689227310247], [120.75618229879359, 24.367688332719855], [120.75617617209433, 24.367680928042635], [120.75612069693967, 24.367614158990413], [120.75611968553575, 24.367612143876585], [120.75605407201546, 24.367532808056517], [120.75598402791404, 24.367445745205437], [120.7559140311138, 24.367359765888434], [120.75584196059671, 24.367270659134203], [120.75577685548329, 24.367188534023057], [120.75571878271901, 24.367114447075334], [120.75565378979783, 24.367030444040875], [120.75558479286184, 24.366942452694623], [120.7555156996214, 24.366853332525075], [120.75544263766868, 24.36675725352278], [120.7553705596194, 24.36666216024313], [120.7553044828773, 24.366573044843307], [120.75523949814844, 24.366485068842508], [120.755172437765, 24.366394985683566], [120.75511235255169, 24.366311884218817], [120.75504934746726, 24.366224868416353], [120.75500030268667, 24.366156809149494], [120.75493828347129, 24.36606977683505], [120.75487519205363, 24.365981650241316], [120.75481114429313, 24.365888574132825], [120.75474705342153, 24.36579745723956], [120.75473823736323, 24.36578422438978], [120.75473785439317, 24.36578347435575], [120.7546680873349, 24.36568149527935], [120.75464108589343, 24.36564249105893], [120.75458898182922, 24.365566345669617], [120.75456288753787, 24.36552719843792], [120.7545378851513, 24.365489199663966], [120.75451198745169, 24.365450350701614], [120.75448597970549, 24.365412350291002], [120.75441788901296, 24.36531021128807], [120.75435583493778, 24.36521612695447], [120.75429378288962, 24.36512104036908], [120.7542357132821, 24.365030944271464], [120.75417266373874, 24.364931865160166], [120.75412459162405, 24.364855735174228], [120.75410856559273, 24.364829696372187], [120.75408356735224, 24.364789693070048], [120.75405962166592, 24.36475079302019], [120.7540346215185, 24.364711791935783], [120.75398656323166, 24.36463369358546], [120.75396156505018, 24.364593699291834], [120.75391346753037, 24.364515546679478], [120.75388946493791, 24.364475544960474], [120.75387349796756, 24.364449596519687], [120.75381597002762, 24.36435495047437], [120.75379431871599, 24.364317291092398], [120.7537704734155, 24.364277542423988], [120.75374637070291, 24.364238389253682], [120.7537325193921, 24.364214295197595], [120.75371038368395, 24.364177393460157], [120.75365531717972, 24.36408428629603], [120.7535952334348, 24.363981139636405], [120.75353722733446, 24.363879133995116], [120.75349418876401, 24.363805061589737], [120.75344460453125, 24.36371618887476], [120.75342413537476, 24.363678973786033], [120.75340112861129, 24.363638973606797], [120.75335708662605, 24.363558886153758], [120.75328999082107, 24.363437714923084], [120.75326799146018, 24.36339671413287], [120.75324599016962, 24.363356715565455], [120.75322399083674, 24.363315714768643], [120.75320198957385, 24.36327571619462], [120.7531799018749, 24.36323455272366], [120.75315890602936, 24.36319454675076], [120.75313690673467, 24.36315355496994], [120.75311590105926, 24.363113548974823], [120.75309386252361, 24.363072475861774], [120.75307290791015, 24.36303156703431], [120.75305091656476, 24.36299158651183], [120.75295478207046, 24.36280532224372], [120.75290473353132, 24.362707229884847], [120.75285670962396, 24.362612174584097], [120.75284677336961, 24.36259230341204], [120.75283575516147, 24.36257126572259], [120.75278563405762, 24.362470031079795], [120.75268765422497, 24.36227006649101], [120.75268461051584, 24.36226398494655], [120.75267351768757, 24.362240798198787], [120.75262852982546, 24.362145801948955], [120.75258251890281, 24.362049801786238], [120.75253945556702, 24.361958655042734], [120.75249440494956, 24.36186055264016], [120.75245657852008, 24.361778010117366], [120.75244544671803, 24.361754633677347], [120.75243257035797, 24.36172617100817], [120.75241741534842, 24.361693569292136], [120.75237233743896, 24.36159439234429], [120.75233130856147, 24.361501334692676], [120.7522892861579, 24.36140729123484], [120.75220922572572, 24.36122314747839], [120.75215917600372, 24.361106030556332], [120.75211712628524, 24.361005901393042], [120.75208310589306, 24.360922868392723], [120.75204611066604, 24.36083387131698], [120.75200505660335, 24.360733752777392], [120.75196504722356, 24.36063371719649], [120.75192400508061, 24.360532605452168], [120.75188394469879, 24.36042846152624], [120.7518439707296, 24.360325527628902], [120.75180392626248, 24.36022339719417], [120.7517258793939, 24.36001326169227], [120.75168686392935, 24.359909209711013], [120.75165280470333, 24.3598160639548], [120.75161675041699, 24.359714933201317], [120.75158615010386, 24.359627228609956], [120.75157380571547, 24.359594062574864], [120.75155127212143, 24.359529458589872], [120.75154174364079, 24.35950288840578], [120.7514793174483, 24.359319242637763], [120.75147067602853, 24.359292691960643], [120.7514602962751, 24.359262951162766], [120.75144064832001, 24.359204609052757], [120.75142362960645, 24.359152546472057], [120.75139481297842, 24.3590651336923], [120.75139266491577, 24.35905977591631], [120.75138917018265, 24.359047508673484], [120.75138459477128, 24.35903344286853], [120.75138327228977, 24.359029287315796], [120.75136060907035, 24.358960502614586], [120.75134259289891, 24.35890443849811], [120.7513165632048, 24.35882335063914], [120.75128353519347, 24.358717249727125], [120.75124650337592, 24.358597156167466], [120.75121349303234, 24.358487118580342], [120.75117946170612, 24.358375029704433], [120.75115038476441, 24.35827474095129], [120.75114341769523, 24.358248879211807], [120.75112925602845, 24.358202626991414], [120.75111840332028, 24.358162817946877], [120.75110820067114, 24.35812828296137], [120.75109291114659, 24.358074137454473], [120.75108040753041, 24.35803181560771], [120.75106923182284, 24.357990868362435], [120.75106039248054, 24.357959775697307], [120.75101838508533, 24.357808749244136], [120.75098931417304, 24.357705507949095], [120.75098430702117, 24.357685464158244], [120.75097637973168, 24.357656729579528], [120.75093135458107, 24.357496632927223], [120.75092193256071, 24.35746113309542], [120.7509103636966, 24.357419679560728], [120.75089664379172, 24.357369383004198], [120.75088354866314, 24.357322166395104], [120.7508734146588, 24.357287875289252], [120.75086136628688, 24.357244678346333], [120.75082536392512, 24.357112676975852], [120.75081336447722, 24.357069678748886], [120.750808060527, 24.357050230383727], [120.75078638095707, 24.35697271606073], [120.75073937487429, 24.356802720192128], [120.75069038769725, 24.35662776407362], [120.75064336627821, 24.356460693572206], [120.75059636647907, 24.356287681941318], [120.75054737967281, 24.356112734796998], [120.75049736811704, 24.35593268450628], [120.75045738147112, 24.35578722311623], [120.75044840307919, 24.355756825420286], [120.75043636668909, 24.355712689430042], [120.75042436750034, 24.35566969116648], [120.75039318058943, 24.355555331429493], [120.75035730296425, 24.355425542259667], [120.75033339485672, 24.35533880547872], [120.75032372222377, 24.35530561663897], [120.75031536390199, 24.355275689467703], [120.7503078681625, 24.35524818351505], [120.7502850641904, 24.355166369402706], [120.75027841608284, 24.355143885024038], [120.75026636810931, 24.355100688024915], [120.75024836258419, 24.355034691763045], [120.75023138206537, 24.354973735425048], [120.75017936465714, 24.354786684151335], [120.75014136674947, 24.35464770883137], [120.75009737245232, 24.35449071959089], [120.75005136762734, 24.35432370471873], [120.75000237452078, 24.354147700947525], [120.74995837654188, 24.35398774107796], [120.74990638349607, 24.353803741568246], [120.74986237603892, 24.353643709416673], [120.74981438084471, 24.353471725168873], [120.74973837889185, 24.353197729033592], [120.74969436788925, 24.353039710307364], [120.74965937325, 24.352912685301447], [120.7495746251324, 24.35259600308862], [120.74947103448886, 24.35224360667668], [120.74913898454507, 24.35105788855509], [120.74876345009888, 24.349691307743125], [120.74838619081211, 24.348333792685935], [120.74835751823028, 24.34823061013536], [120.74835521855172, 24.348222335657262], [120.74830218525774, 24.348053376257138], [120.74830214608598, 24.348053249784623], [120.74817807734324, 24.347658860077484], [120.7481779304054, 24.34765840837811], [120.74807623494976, 24.347363231446327], [120.7480761369857, 24.347362933323012], [120.74798131108011, 24.347102665235138], [120.74798129149453, 24.34710260199882], [120.74798119345941, 24.347102339991793], [120.74778399390897, 24.34659160571243], [120.74778395466663, 24.34659151535609], [120.74775192890463, 24.346509866039856], [120.74750890275685, 24.345890462055525], [120.74731570352942, 24.345396961312446], [120.7470743745803, 24.34478357278421], [120.74686064782868, 24.344241785611583], [120.7465927367846, 24.343557735204723], [120.74650479500029, 24.34333238415175], [120.74636880892766, 24.342983913003103], [120.74614895644196, 24.342423288795406], [120.74577777733636, 24.341475413863865], [120.7453677546659, 24.340429533937257], [120.74507430380302, 24.339677638110214], [120.74493541536432, 24.339310948954907], [120.74493513982588, 24.339310259570066], [120.74479196471577, 24.338940944620923], [120.7447914333116, 24.33893958574784], [120.74315480422175, 24.33476342620768], [120.74307952742325, 24.334571341456854], [120.74303449009491, 24.334456411158087], [120.74301618812292, 24.334409708634194], [120.74301204890597, 24.334399146580957], [120.74299665585272, 24.33435836124972], [120.74298874663063, 24.33433740300018], [120.74296448574532, 24.334273118802656], [120.74295209018095, 24.334240267918585], [120.7429371460968, 24.334200671573683], [120.74292911436893, 24.33417938896774], [120.74270180012992, 24.33357704115729], [120.74269299805025, 24.333553718455555], [120.74268335694019, 24.33352816955473], [120.74223316947374, 24.332335216350028], [120.74221405621529, 24.332284563003444], [120.741937, 24.331551], [120.74167949117884, 24.330841062577477], [120.74139978561902, 24.33012438340034], [120.74080344644062, 24.328711235233897], [120.73968721394408, 24.32588725336673], [120.73745456831341, 24.320135001020006], [120.73576520305714, 24.31587956422674], [120.73411066569471, 24.31165080897416], [120.73392828899098, 24.311242868476313], [120.73327482662233, 24.309590433845294], [120.73282224831979, 24.30840413778255], [120.73240496285206, 24.307267185014], [120.73213636806945, 24.306502969054584], [120.73196073076932, 24.305971285124308], [120.73182830992407, 24.305525538696532], [120.73175149910111, 24.305088239093223], [120.73171176162435, 24.304370080938746], [120.731723, 24.303918], [120.73174255028394, 24.303640385442808], [120.73177236820653, 24.303387403299727], [120.73181308199932, 24.30313642859884], [120.73183535383508, 24.303016201394875], [120.73184715814348, 24.302954470043453], [120.73186481034547, 24.30286189819934], [120.73192678109388, 24.302592722076977], [120.73201064366425, 24.30225263344173], [120.73210911685301, 24.30187464805601], [120.73218512493864, 24.301573806009674], [120.7322090290078, 24.301479195509337], [120.73221582212221, 24.301452307822853], [120.73222026277317, 24.301434734078146], [120.73224255205173, 24.301333092428745], [120.73226557538418, 24.301228102251244], [120.73229981488261, 24.301071965410472], [120.7323122116035, 24.30100190113675], [120.73232228527621, 24.300944977414204], [120.73232277181911, 24.300942224378748], [120.7323332582541, 24.30088296102485], [120.73234505874579, 24.30081625995975], [120.73236388128961, 24.300685814581406], [120.7323702254708, 24.30064183389944], [120.73237666961157, 24.300597163565442], [120.73238204804049, 24.300559888039004], [120.73241645319445, 24.300185534769312], [120.73246439151089, 24.299518393314507], [120.73252587737602, 24.29852593696174], [120.73252932997659, 24.298470187979312], [120.73252933405726, 24.29847012117071], [120.73253124490142, 24.298439273701895], [120.73253277470023, 24.298414435370834], [120.73253774819318, 24.298333392970648], [120.73253776656182, 24.298333089623206], [120.73253784205211, 24.298331854567053], [120.73253797464132, 24.29832969863709], [120.73255236780882, 24.298095603273545], [120.7325532000136, 24.298082091697434], [120.73255379308158, 24.29807080809705], [120.73255506361394, 24.29804651647521], [120.73257212939299, 24.29772076899058], [120.73258685080732, 24.297460655751802], [120.73262237493236, 24.29694740142816], [120.73264055564911, 24.29669026483861], [120.73265289266644, 24.296463103802463], [120.73266387595379, 24.29625574132945], [120.73268851180116, 24.295828949068856], [120.73271622100071, 24.295339165712193], [120.73279769949147, 24.29411009665735], [120.73286907129744, 24.292940177709887], [120.73293305401324, 24.291935696023625], [120.73298073043728, 24.291177900330684], [120.73299777238591, 24.29098307720368], [120.7329977763905, 24.29098304651155], [120.73300013794913, 24.29095607150451], [120.73300249552096, 24.290929118160328], [120.73300249755161, 24.29092908927055], [120.7330141420668, 24.29079596921615], [120.73305550860096, 24.290492499278493], [120.73305831787029, 24.290471881590456], [120.73305939434871, 24.29046398476403], [120.73306280187138, 24.29043898356203], [120.73308015272127, 24.290307383194236], [120.73312191959026, 24.29006765986033], [120.73316984397945, 24.28983695843037], [120.73321716757512, 24.28961837487509], [120.73331495652447, 24.289260520032858], [120.73347444703676, 24.288723239091773], [120.73363303320399, 24.28817115844029], [120.73372000750916, 24.287911602058596], [120.73372817438046, 24.287884879181554], [120.73373642850731, 24.28785788197], [120.73484908124865, 24.284241460167756], [120.7349152448686, 24.28400100306622], [120.73525003509573, 24.282904526928974], [120.73534378123232, 24.282596596520232], [120.73563602948177, 24.281636663938208], [120.73576435140606, 24.28121673758059], [120.73596027894129, 24.28057557632126], [120.73596478734875, 24.2805608250506], [120.73596929181137, 24.280546075578737], [120.73601425686512, 24.280398925627487], [120.73642548382267, 24.27904506482824], [120.73686829880215, 24.277593639148726], [120.7368691238875, 24.277590937238404], [120.73697498676155, 24.277249837042124], [120.73698587623277, 24.27721475401497], [120.73699765217081, 24.277176812073996], [120.73701962544526, 24.277106012501868], [120.73702336962097, 24.27709395056717], [120.73702406782513, 24.277091634885526], [120.73702874897761, 24.27707610375191], [120.73703064324938, 24.277069822714317], [120.73703393790946, 24.277058890455972], [120.73703747654982, 24.277047145992693], [120.73704995597525, 24.277005741667217], [120.7371648906759, 24.276624406683258], [120.73738595251271, 24.27589800406184], [120.73743477926519, 24.27573842524985], [120.73744422965517, 24.27570753826868], [120.73745420957225, 24.275674924014446], [120.73745590132532, 24.275669392043074], [120.73747835017637, 24.275596025307], [120.73750252248108, 24.275517023716688], [120.7375363454277, 24.275406472736318], [120.73754790201278, 24.27536870191736], [120.7375484989879, 24.275366747225487], [120.73755928374332, 24.275331656742292], [120.73763640515001, 24.275080691697262], [120.73773575414015, 24.274732381518906], [120.73781856160498, 24.274409651322244], [120.73787540769717, 24.274162304363387], [120.73793347001674, 24.27385972971171], [120.7379823211969, 24.27354823275517], [120.73800058938924, 24.27338445302373], [120.73800505059417, 24.273344445137678], [120.73800618187752, 24.273333613862356], [120.73800622005416, 24.273333249148774], [120.73800633863496, 24.27333210083987], [120.73800655963723, 24.273329999224767], [120.73800804280796, 24.27331568148174], [120.73801167353945, 24.273282947887147], [120.73803071317752, 24.27308491633069], [120.73804733933385, 24.272839930611635], [120.73804983078095, 24.272710465307796], [120.73805092397461, 24.27245397309742], [120.73805071368382, 24.272446046909305], [120.73804925261685, 24.272390978953954], [120.73804887224156, 24.272376654386335], [120.73804780965801, 24.272336687540022], [120.73804679656031, 24.272298526617448], [120.73804271852457, 24.272144942039066], [120.73804128495328, 24.272090878175213], [120.73804067581976, 24.272068027848217], [120.73804039597158, 24.272057517384617], [120.73803945782355, 24.272022195368255], [120.73803748105513, 24.27194771194874], [120.73801708265508, 24.271702698517707], [120.73799973905489, 24.271537714284126], [120.73796851803677, 24.271289870493924], [120.7379312050949, 24.271062739998314], [120.73788814924276, 24.270822552401015], [120.73784924912546, 24.270629849264825], [120.73773995779986, 24.27020453918579], [120.73769392238789, 24.270040047150765], [120.7376158164549, 24.26979832722275], [120.73749863096917, 24.269477723933623], [120.73733795389113, 24.26909263294027], [120.73732270736683, 24.269056092530892], [120.73732034138587, 24.26905042533141], [120.7373051918102, 24.26901655772991], [120.73723245396906, 24.2688539426225], [120.73714648631157, 24.268688173283902], [120.73694492525486, 24.26831058305744], [120.73690544318, 24.26823846356043], [120.73667860223685, 24.267840919846634], [120.7363167800474, 24.26724821403231], [120.73595074134042, 24.266607590179113], [120.7356699619119, 24.266139424173172], [120.73549772784921, 24.265878946508025], [120.73522446085049, 24.2655000310171], [120.7349485441498, 24.265158139160224], [120.73456811452778, 24.2647444664717], [120.73417527299647, 24.264391757966482], [120.73362613407558, 24.26393775967869], [120.73329258585862, 24.26369421013378], [120.73295877782229, 24.263419120401483], [120.73216067250324, 24.262798492502203], [120.73214965325353, 24.26279020054134], [120.732138407842, 24.262781736626525], [120.7276175132932, 24.259378942221552], [120.72758571395974, 24.25935500844717], [120.72753394617345, 24.259316041390576], [120.72747294148431, 24.259270121532563], [120.7274129279815, 24.25922494923868], [120.72738837156594, 24.259206463983567], [120.7272494067981, 24.25910186254634], [120.72702185230527, 24.258929092251062], [120.7268715705086, 24.258812356578648], [120.72672318027017, 24.258693607032118], [120.72657735657204, 24.25857221639767], [120.72640610488503, 24.258422011038736], [120.72623973242858, 24.25826726174363], [120.72607838861246, 24.258108102429365], [120.7259222070789, 24.25794467059638], [120.72577132342559, 24.257777109166163], [120.72562586931247, 24.257605559247235], [120.72548596850285, 24.257430169157153], [120.72535174080669, 24.257251092623733], [120.72529764598495, 24.257175640810388], [120.72519208742581, 24.257023183437642], [120.72508939261641, 24.25686908604468], [120.72493897344714, 24.256635945502083], [120.72445471393435, 24.255871449291668], [120.72431176658546, 24.255640792039756], [120.72428433603692, 24.25559652810741], [120.72427227052154, 24.255577060939668], [120.72425951416245, 24.255555533859635], [120.72412528615673, 24.25532900052157], [120.7240968542641, 24.255278759209624], [120.72395520726893, 24.2550284528066], [120.72293920545754, 24.253190819817792], [120.72237346481862, 24.252167542957427], [120.72232222976601, 24.25207487477384], [120.72226726523401, 24.251975454944606], [120.72186366811697, 24.251245440991205], [120.72163289554557, 24.250828022906372], [120.72155458711288, 24.250688562500805], [120.72145259000713, 24.25050691574703], [120.72131212866928, 24.25026861782345], [120.72121445251808, 24.250111810956653], [120.72110500310495, 24.249945696804076], [120.72099084478575, 24.2497822682529], [120.72087205413212, 24.249621641007153], [120.72074871363871, 24.249463923558213], [120.72068111371902, 24.249382099552115], [120.72062350466308, 24.24931236772331], [120.72062090580278, 24.2493092225914], [120.72058105456225, 24.249262844000842], [120.72055996298224, 24.249238298178426], [120.72037244965409, 24.249028988817255], [120.72017994162539, 24.248823520094337], [120.7197091429864, 24.248333844484243], [120.71970877355209, 24.24833346096507], [120.71937476009685, 24.247986051299897], [120.71932040663117, 24.24792952207662], [120.71930112944321, 24.24790947055625], [120.71925628494338, 24.247862827781486], [120.71838614384278, 24.246957780228875], [120.71831953344534, 24.246888494964818], [120.71827771186295, 24.246844996051237], [120.71742994426667, 24.245963200347628], [120.71741006441393, 24.245942522646082], [120.7173882451183, 24.245919827825098], [120.71630071517538, 24.244788619600847], [120.71628952473382, 24.244776979943783], [120.71627653243142, 24.24476346426715], [120.71603909125878, 24.244516484074474], [120.71602385896207, 24.244500640076257], [120.7159763916799, 24.244451264614067], [120.71592113342068, 24.244393784416054], [120.71587464868603, 24.24434543286341], [120.71585605048199, 24.244326086451615], [120.71510346155092, 24.24354324769052], [120.7148335171142, 24.243259921755513], [120.71463438741682, 24.243044803020002], [120.71444021408914, 24.242825913693242], [120.71437692920482, 24.242751892598847], [120.7142151461276, 24.2425551871576], [120.71405927684684, 24.242354508964166], [120.71390943524938, 24.242150004523722], [120.7137657371729, 24.241941827568223], [120.71362828466243, 24.24173013360916], [120.71349718566496, 24.241515079974683], [120.7133725323656, 24.24129682576858], [120.71325442284336, 24.241075535522803], [120.71314294139314, 24.24085137193694], [120.71310213526495, 24.24076508043152], [120.71302315268031, 24.240591474819713], [120.7129471505797, 24.24041675335717], [120.71283731648653, 24.24015317829773], [120.71273050232803, 24.23988855965823], [120.71264019388458, 24.239662689395185], [120.7126096818304, 24.23958637641426], [120.7125732358387, 24.239495220824704], [120.71164760901836, 24.237180093417482], [120.71163427273999, 24.237146737682917], [120.71162211734631, 24.237116334934093], [120.71161866479915, 24.237107700068485], [120.71161311487633, 24.2370938188628], [120.71160456283607, 24.237072425073727], [120.71160454912376, 24.237072392542537], [120.71157486469696, 24.23699815040328], [120.71156946558196, 24.23698464329143], [120.71156133459215, 24.23696430491071], [120.71155733176369, 24.2369542929474], [120.71155297643281, 24.23694340086973], [120.71153935819846, 24.236909342118405], [120.71152326857931, 24.23686909366482], [120.70995087266581, 24.23293608536835], [120.70993522266852, 24.232896935524955], [120.70991909878681, 24.232856603754083], [120.70980187490235, 24.23256338375432], [120.70970716118657, 24.232321151285166], [120.70962876565852, 24.232112665010852], [120.70962223353384, 24.232095289348408], [120.70961573271879, 24.232078002231816], [120.70961568573856, 24.232077877538874], [120.70951514145551, 24.23179234048125], [120.70944787150339, 24.231587129466376], [120.7093844008477, 24.231380903562215], [120.70933626196127, 24.23121512714109], [120.70929008960795, 24.231048879520007], [120.70922345179748, 24.230798908104372], [120.70900528834609, 24.229954740566995], [120.70899211561849, 24.229903772479073], [120.70897577272109, 24.229840531219306], [120.70854847734404, 24.228187115571416], [120.70842972318539, 24.227714722625045], [120.70842926082716, 24.227712812960146], [120.70841472489195, 24.227652751570176], [120.70839931690192, 24.227589100291766], [120.70825478349131, 24.2269919586963], [120.70824616854594, 24.22695635979134], [120.7082424229027, 24.22694088915123], [120.70805813106158, 24.22617947454337], [120.70805551500833, 24.226168663341568], [120.70736928738553, 24.223333390876128], [120.70736919374107, 24.223333007856557], [120.70680848411371, 24.221016246056617], [120.70674113994409, 24.22072475550418], [120.70667906570125, 24.220432285459147], [120.70666000410563, 24.22033451445586], [120.70665426497997, 24.220302335834223], [120.70664699193775, 24.220261551198547], [120.70663798860474, 24.220211067632288], [120.70662035524116, 24.220112190582412], [120.70658575692119, 24.219889159502532], [120.70655932044549, 24.219692003878404], [120.70653604522326, 24.21949451303171], [120.70649583484271, 24.219098945797167], [120.7061689781985, 24.215580497473194], [120.70616071918265, 24.21549159043533], [120.70614214888712, 24.215291701310466], [120.70595838622447, 24.213313488589016], [120.70583814746797, 24.212019081738454], [120.70579983485831, 24.21160663654878], [120.70579275803694, 24.21153045033185], [120.7057852066393, 24.211449145418964], [120.70564337993237, 24.20992229796747], [120.70564000587719, 24.20988597941318], [120.70563661455544, 24.2098494639876], [120.70539177657906, 24.207213552418537], [120.7053853784148, 24.20714468476227], [120.70537925504735, 24.207078759367494], [120.70515095196508, 24.20462077292661], [120.70514893080261, 24.2045989976715], [120.70514691339572, 24.20457730188103], [120.70504885551327, 24.203521552177897], [120.70501647421814, 24.203184261147012], [120.70498497443863, 24.20289175331373], [120.70495660726606, 24.202655682592198], [120.70493955386706, 24.20252621514244], [120.70493383391695, 24.202482796805832], [120.70492083830005, 24.20238413601241], [120.70491370194691, 24.20232995566603], [120.70491233003764, 24.202319531438114], [120.70475384251819, 24.201156979898983], [120.70474782894996, 24.201112872949988], [120.7047431842338, 24.201078798355645], [120.70473209226925, 24.200997437670743], [120.70472476798992, 24.20094370840577], [120.70471901196629, 24.200901480039885], [120.70470898293998, 24.200827920886994], [120.70470110496044, 24.200770127379403], [120.70468574784361, 24.200657472032987], [120.70467786987999, 24.200599680328946], [120.70466731040011, 24.200522233948686], [120.7046591710826, 24.20046252392114], [120.70465101239225, 24.200402680222126], [120.70436894798156, 24.19833358340023], [120.70436889764305, 24.198333214908622], [120.70421760534465, 24.197227073027957], [120.70421200126913, 24.197182269773513], [120.70416107579445, 24.196775082890728], [120.70415967621952, 24.196763900137384], [120.70415712841952, 24.19674352336279], [120.70409488123222, 24.19624581593198], [120.70396657687121, 24.195213693148375], [120.70387500536152, 24.194618658082227], [120.70385209690244, 24.194467963847007], [120.70384447173899, 24.194417809505048], [120.7038361445573, 24.19436304345397], [120.7037784596516, 24.193983604565016], [120.70371769304428, 24.19355603183805], [120.70363493966431, 24.192973744928256], [120.70352038990845, 24.19216020162087], [120.70342324203546, 24.191398837860792], [120.70334986235721, 24.190861549112554], [120.70334319714321, 24.19081274376064], [120.70333655322999, 24.19076409375313], [120.70330595289374, 24.190540052261746], [120.70319878949654, 24.189791226635023], [120.70306943852785, 24.188851191666483], [120.70296416760502, 24.188050541378576], [120.70284167102437, 24.187165606998683], [120.70278673904417, 24.186688961794335], [120.7027764438628, 24.18648734325551], [120.70277194695589, 24.186399255697903], [120.70275568723993, 24.186237460886023], [120.70272844800496, 24.18596639762744], [120.70268504944083, 24.185401152444523], [120.7026471896871, 24.18498331556935], [120.70264347166693, 24.18494228469338], [120.70263888414614, 24.184891650386263], [120.70263866915893, 24.18488928068422], [120.70262862648613, 24.18477845559349], [120.70259752741788, 24.18455495820082], [120.70258721854762, 24.184480863691107], [120.70258361508381, 24.184454967912366], [120.70258010261536, 24.18442973144837], [120.70256336522249, 24.18430944866071], [120.70249270463134, 24.183820935117886], [120.70239294533381, 24.183066019001078], [120.70231011534689, 24.182471965369214], [120.70229040759001, 24.182330618634914], [120.70227908792776, 24.182249439543423], [120.70227313767833, 24.182206757345433], [120.70225819912747, 24.182099606582074], [120.70225709540581, 24.18209170380519], [120.70225020994896, 24.182042309217017], [120.70224857710069, 24.1820265968838], [120.70224413885438, 24.18198384720796], [120.7022342361089, 24.181888453369695], [120.70219870136891, 24.181546194038923], [120.70213113609698, 24.18113230421354], [120.70213074013981, 24.181129883592202], [120.70213039475762, 24.181126876166303], [120.70208253080533, 24.18070955393043], [120.70201212887372, 24.180145136698293], [120.70190319654927, 24.179346753097352], [120.70188373642499, 24.179216975063888], [120.70180005968231, 24.178658937058202], [120.70169710912428, 24.177949012150112], [120.70168309777405, 24.177852402075292], [120.70165439543584, 24.177635722502195], [120.7016457268749, 24.177570297389018], [120.70163843380683, 24.177515233363984], [120.70163437327795, 24.177484581825507], [120.70156323400852, 24.1769475882922], [120.70145447209202, 24.176162838638646], [120.70132314514849, 24.175177740697368], [120.70119355628935, 24.17422561007091], [120.70107432044729, 24.17333374656791], [120.70107427401776, 24.173333397946266], [120.70064078878508, 24.17015969382582], [120.70062929888468, 24.170075576032488], [120.70061736393413, 24.169988176118096], [120.70054644905106, 24.169468980638047], [120.70054283975936, 24.169442550221028], [120.7005390311353, 24.169414660278267], [120.70029790020229, 24.167649156011194], [120.70029114235425, 24.167599687463735], [120.70028385041785, 24.16754629553931], [120.7000404988083, 24.165764486434103], [120.70003824627335, 24.165747989085773], [120.70003612339808, 24.165732440068815], [120.69993995345472, 24.165028270706404], [120.69993449631657, 24.164988314346264], [120.69992839670142, 24.16494365787389], [120.6999096838233, 24.16480662851234], [120.69990362293558, 24.16476225202256], [120.69989794907197, 24.164720713300035], [120.6993357039518, 24.160603717581147], [120.69932568827488, 24.16053036904716], [120.6993138053049, 24.1604433500748], [120.69866451424494, 24.155688618705334], [120.6986539749243, 24.155611440624238], [120.69864710999846, 24.155561151863193], [120.69862045121785, 24.15536593426415], [120.69861086391587, 24.1552957232683], [120.69860289610605, 24.15523737456765], [120.69829549852744, 24.15298616579785], [120.69798914827206, 24.150742556977097], [120.69798338856931, 24.15070036422467], [120.69797732313295, 24.15065595326667], [120.69766026350887, 24.14833382109906], [120.69766021903934, 24.148333483314445], [120.69762005080518, 24.148038731908283], [120.6976076848264, 24.147947995254512], [120.69759499580603, 24.147854879635997], [120.69717273725767, 24.144756271959658], [120.6971614880914, 24.14467372704747], [120.6971513377829, 24.144599225829047], [120.69714877844264, 24.144580441564962], [120.69712731311033, 24.144438840857653], [120.69710382806466, 24.144297514240524], [120.69707766180083, 24.14415658139292], [120.69704816254581, 24.144016208965432], [120.69700099310002, 24.143823292326218], [120.69694630822613, 24.143632052843866], [120.69688418018553, 24.143442738057654], [120.69681468518671, 24.143255590096125], [120.69677630015389, 24.143163221515188], [120.69673791714345, 24.14307085292795], [120.69665397392059, 24.142888763305333], [120.69663211738029, 24.142845727643618], [120.69659462751875, 24.142771907026585], [120.6965664460009, 24.142716414568067], [120.696562963229, 24.14270955438752], [120.69652586984638, 24.142642876737163], [120.69648951722981, 24.142577531472895], [120.69646500064903, 24.14253345934865], [120.69644755800549, 24.142504704187385], [120.69636021358323, 24.14236070416228], [120.69624874124338, 24.14219151301901], [120.69613072089214, 24.142026101075757], [120.69600630750492, 24.141864681718385], [120.69587566196653, 24.141707464732487], [120.69573895305196, 24.14155465088981], [120.6955963534776, 24.14140643735812], [120.6955555166122, 24.141366944721504], [120.69553138244792, 24.14134360454007], [120.69552220156997, 24.141334726654488], [120.69547622063114, 24.141290261219176], [120.69545208649562, 24.141266921025263], [120.69544804974073, 24.141263017720846], [120.69529423426927, 24.141124572932235], [120.69513510145606, 24.140991283950655], [120.6949708614554, 24.140863322736813], [120.69482885831526, 24.140760501909362], [120.69480172050432, 24.14074085221463], [120.69478946238945, 24.14073261282697], [120.69462789862067, 24.14062403172428], [120.69460411446917, 24.140609219392466], [120.69454687846766, 24.140573576290187], [120.69449370607701, 24.140540464092382], [120.69444962174448, 24.140513011588965], [120.69426711583445, 24.140407933103262], [120.69408061866231, 24.140308933974325], [120.69387428551768, 24.14020828040102], [120.69366481631576, 24.140113231080868], [120.69331177228719, 24.13996231761301], [120.69254969296351, 24.139643151148178], [120.6924405537836, 24.139597443378754], [120.69232544030393, 24.13954923320346], [120.6907006638066, 24.138868741653518], [120.69049982682617, 24.138783269360847], [120.69030032267538, 24.13869521350983], [120.69009733955335, 24.13860065644614], [120.68984261455704, 24.138474830191864], [120.68983742952864, 24.138472269776603], [120.68981908824681, 24.138462838403377], [120.6897242568603, 24.138414076962835], [120.68970072689817, 24.138401976796857], [120.68862158444773, 24.13784708020843], [120.68842786389382, 24.137748751120643], [120.688232653792, 24.137652934316847], [120.68822241682994, 24.137648163986974], [120.68802967386452, 24.137558372717685], [120.68783017333506, 24.137470313661368], [120.6875622426692, 24.137356655238822], [120.68616486817932, 24.136771453760364], [120.68597989622303, 24.136694860510634], [120.68579410371468, 24.136619955639087], [120.68555738818905, 24.13652888611802], [120.6855071156966, 24.136510561395905], [120.68530592758262, 24.136437220605504], [120.68324099343702, 24.13571089172919], [120.68305814007944, 24.135645513773778], [120.68305553895615, 24.135644583771487], [120.68298887904481, 24.135620748823246], [120.6829763004246, 24.135616108721372], [120.6828998496215, 24.135587915717277], [120.6828633503987, 24.13557445664493], [120.68262663892028, 24.135483382609127], [120.68257876867283, 24.135463983818934], [120.68246712456556, 24.135418740494003], [120.68237912763081, 24.135383079442352], [120.68219469093049, 24.13530582721257], [120.68201654098014, 24.135231209969877], [120.68195430276005, 24.135205140895973], [120.68189274865219, 24.13517935854875], [120.6804130376938, 24.134559565696957], [120.6803336076988, 24.134526294309293], [120.68025553607411, 24.134493592766653], [120.67830522100311, 24.133676647557323], [120.6782151693527, 24.133638926520106], [120.67814331442372, 24.133608826613823], [120.67626975146248, 24.13282399374561], [120.67624526086455, 24.132813735073643], [120.67615599671436, 24.1327763413592], [120.67606705499205, 24.132739081910827], [120.6760478521412, 24.132731037579795], [120.67290918869696, 24.131416169219534], [120.67282393054215, 24.13138044896091], [120.67273351063304, 24.13134256861358], [120.66860484164174, 24.129612807491018], [120.66852493624702, 24.129579328508854], [120.66843543683257, 24.129541828664987], [120.66836538504145, 24.129512479335332], [120.66722944159945, 24.1290365304463], [120.6671807385048, 24.129016124588954], [120.66715752896424, 24.129006399988818], [120.66712572395886, 24.12899307381444], [120.66578287321616, 24.128430414990685], [120.662735706456, 24.127153582963327], [120.66264429603707, 24.127115277331058], [120.66255611108085, 24.127078325945977], [120.66017757785622, 24.12608160185127], [120.66008209058683, 24.126041588110013], [120.66001486115582, 24.126013415063525], [120.65998679010377, 24.126001650571514], [120.65987147712292, 24.125953328925448], [120.6597828201032, 24.125916174445347], [120.65956681377966, 24.12582565452861], [120.65954477132343, 24.12581626907569], [120.65949455029586, 24.12579488945312], [120.65941088925035, 24.125759270046018], [120.65935446140425, 24.125735247197703], [120.65931779412603, 24.12571963678369], [120.6592723000621, 24.125700268530128], [120.65897969948703, 24.125571169769092], [120.65878631097239, 24.125481965164237], [120.65854263155555, 24.125363829905993], [120.65830202212142, 24.12524050926868], [120.65806461632117, 24.12511206677116], [120.65805825652922, 24.12510849859169], [120.65805553146434, 24.125106970147048], [120.65797228445356, 24.125060257457147], [120.65769792443282, 24.124900959703382], [120.65760940867241, 24.12484746662842], [120.65755374109649, 24.12481382678807], [120.65749205045218, 24.124776545439286], [120.65733638697692, 24.124682475532087], [120.6551423838709, 24.12333355367168], [120.65514180830556, 24.123333200228597], [120.65382982291214, 24.1225265342578], [120.65373012982006, 24.122465237562988], [120.65363004984431, 24.12240370335792], [120.6504466638481, 24.12044632386384], [120.6504151212137, 24.12042692893006], [120.65028699826934, 24.12034814737227], [120.65024188636826, 24.120320407136923], [120.64945390048538, 24.119835875244377], [120.6488937377418, 24.119491425746105], [120.6488050531739, 24.119436894255884], [120.64873411186419, 24.11939327120847], [120.64820279606413, 24.11906655590619], [120.6421776098359, 24.115361320912086], [120.64214721087176, 24.11534262582967], [120.64212512807005, 24.115329046371574], [120.64210637645489, 24.115317513535057], [120.6420487447648, 24.11528207025299], [120.64196359558454, 24.11522970291252], [120.64194256363587, 24.115216768778676], [120.64191229044312, 24.115198151596747], [120.64188571179491, 24.115181805817294], [120.64105346885681, 24.114669972325565], [120.64053849760093, 24.11434856914161], [120.64012856209467, 24.114106873330247], [120.63970004634649, 24.113871850429376], [120.63929922775498, 24.113648936841354], [120.63893646650207, 24.1134529472985], [120.63853757656817, 24.113220970841194], [120.63816264720897, 24.113003903331396], [120.63789112687674, 24.112830122800712], [120.63785639673844, 24.112809350696], [120.63762024111358, 24.112668112116783], [120.63751154828128, 24.112600625558358], [120.63726129049564, 24.11244760040317], [120.6369991383258, 24.112288917702834], [120.63673996443823, 24.11212852606455], [120.63647526846333, 24.111965390384224], [120.63623155411207, 24.111815427420527], [120.63594011871105, 24.11163534412773], [120.63575185354256, 24.111518872248077], [120.63541787223623, 24.11131361210454], [120.63520914044932, 24.11118685688991], [120.63498453909796, 24.11104646712695], [120.63473389616743, 24.110892633328913], [120.63471719621474, 24.110882384853795], [120.63470049234013, 24.11087213275578], [120.63464767237471, 24.11083971219129], [120.63436624682699, 24.110668951859083], [120.63403388322217, 24.11046369619262], [120.63378073892136, 24.11030886343067], [120.63349366406158, 24.110150969196678], [120.63324687029096, 24.11000911147991], [120.63316133533294, 24.10996343448637], [120.63307561961956, 24.109919763327138], [120.63307490240952, 24.109919449190322], [120.63305905675652, 24.109911207096566], [120.63305833773359, 24.109910838779395], [120.63305552782826, 24.109909613073096], [120.63299819007875, 24.10988459236282], [120.63286857362553, 24.10981817009937], [120.6327156775129, 24.109753620438298], [120.63254044810402, 24.10967853207066], [120.63235857830496, 24.1096077868853], [120.6321708303376, 24.109537646747143], [120.63194152203117, 24.10946031645789], [120.63180510651888, 24.109414086355113], [120.6316400449392, 24.109366064285773], [120.63152642813272, 24.109333500597565], [120.63097967193974, 24.10918669173102], [120.63094339382299, 24.109177165767594], [120.63066297010121, 24.109105270369547], [120.62978864605346, 24.108881575090066], [120.62978864605346, 24.108881575090066], [120.62864697631512, 24.108610092323755], [120.62820778885984, 24.10854326657871], [120.62774415729827, 24.10850153752989], [120.6273415881959, 24.10848315593805], [120.62703535807248, 24.108480478381964], [120.6266074095411, 24.10849103328913], [120.6257929611116, 24.10855484224896], [120.62529576751601, 24.108613226476063], [120.62473505574106, 24.108692373144294], [120.62413822873293, 24.10878739727406], [120.623535, 24.108862], [120.6196025792799, 24.10925414067286], [120.61598, 24.109618], [120.61524434254368, 24.109694523724755], [120.61478845158582, 24.10975494062473], [120.61378451694591, 24.10984627886621], [120.61116487145532, 24.110142965997774], [120.60805552228993, 24.11046786597209], [120.60750058426565, 24.110525845355923], [120.60568117420715, 24.110726500158236], [120.60524250762953, 24.110774875200082], [120.60488506075916, 24.110814292466895], [120.60047773353011, 24.1112819832198], [120.59957912578602, 24.11140435635133], [120.59870929126691, 24.111566741749442], [120.59813610290597, 24.111703112714316], [120.59769215665177, 24.111819186297808], [120.5974105448431, 24.111900022466287], [120.596763598566, 24.11210917949797], [120.59553645823596, 24.112539687187684], [120.59471280006885, 24.112837970672675], [120.59290607857822, 24.113552153003514], [120.59222057645071, 24.113693231605343], [120.59096115766535, 24.11413573148217], [120.59016310938335, 24.114415117976627], [120.58918420990959, 24.11476975445083], [120.58698939924518, 24.115584117008996], [120.58649848524023, 24.11572998181906], [120.58615570638648, 24.115806223375024], [120.58572052395904, 24.11586741011132], [120.58535750235883, 24.11590070046225], [120.58495766611799, 24.115907343850495], [120.58455794699356, 24.115902076886858], [120.58420938130958, 24.115875955020044], [120.5838457114045, 24.115829726347716], [120.58343221617837, 24.1157618550241], [120.58312990588615, 24.11569048467329], [120.58305556319486, 24.115669535226623], [120.5828425898008, 24.11560952042545], [120.5824865754333, 24.115484221958248], [120.58216159863719, 24.11535596649193], [120.58162613446352, 24.11509049217825], [120.58131975300688, 24.11491663380945], [120.5811071137271, 24.11477575398949], [120.5808577429574, 24.114595351272502], [120.58042222783112, 24.114250337121195], [120.58025591707253, 24.114102684974434], [120.58007764557739, 24.11391550389377], [120.57972003247745, 24.11351685301306], [120.57956123371584, 24.113316652301293], [120.57915654464709, 24.112662276873984], [120.57896458192991, 24.112280026099516], [120.57873986144236, 24.11169971593981], [120.57861400598055, 24.11128526612945], [120.57835228720569, 24.11049782449045], [120.57801950610906, 24.109481091512375], [120.57789627308159, 24.109103711692626], [120.57770614345263, 24.108513790754383], [120.57748920752896, 24.10787008744078], [120.57728065546097, 24.107229144660167], [120.57709639621669, 24.106674489457507], [120.57695811711257, 24.10626242359499], [120.5767352801307, 24.105581765758483], [120.57652266368522, 24.1049292422542], [120.57629674809701, 24.104240909314303], [120.5761044436199, 24.10366694392738], [120.57606309138836, 24.103555016821343], [120.57588256153727, 24.103066384398982], [120.57569908433734, 24.102642157625525], [120.57552921718195, 24.10229935845223], [120.57535184896024, 24.101967516057776], [120.57515185111686, 24.101616876579804], [120.5749452551895, 24.101283807548914], [120.57469146276792, 24.100903941729975], [120.57443418542047, 24.100567074111282], [120.5741533850863, 24.100223034473785], [120.57384739984738, 24.099871771103885], [120.57356524860656, 24.099592060335922], [120.57330147831365, 24.0993254747781], [120.57305306541001, 24.099099825332054], [120.5727982774674, 24.098865903089212], [120.57251253190626, 24.098633241023382], [120.5725117097482, 24.09863260486777], [120.57223941578332, 24.098421670081994], [120.5721172183071, 24.098333799919757], [120.57211662365907, 24.098333372072602], [120.57158799466237, 24.097952801998993], [120.57097359250994, 24.097584305367185], [120.57010026994945, 24.097154519797506], [120.5694642794947, 24.096887406867097], [120.56910393999428, 24.096753351288207], [120.56885000339057, 24.096658877838202], [120.56920529993872, 24.09686796316689], [120.56709038295904, 24.096095316106712], [120.56612675159701, 24.09572727181878], [120.56565608501845, 24.095519505741425], [120.56516296471689, 24.095317596018006], [120.56420504198292, 24.094974313500067], [120.56328755501511, 24.09462839448082], [120.55951650676926, 24.09319486881316], [120.55747019, 24.09244482], [120.55542387, 24.09169477], [120.55337756, 24.09094473], [120.5524897692477, 24.090613376120373], [120.55184627113834, 24.090367340350316], [120.55142411114117, 24.09020961235624], [120.551031462895, 24.09006385831347], [120.54911000800965, 24.089379064104914], [120.54815758439547, 24.089032210313455], [120.54722579835266, 24.088690589905916], [120.5449586470759, 24.087858719643933], [120.54435105065889, 24.087637269874133], [120.5425134505747, 24.086892478096935], [120.54220655060988, 24.08674711636522], [120.54192420941001, 24.086586807700968], [120.54156409878578, 24.086340553968526], [120.5413554338827, 24.086180245360932], [120.54112411729196, 24.085965781584918], [120.54101382876313, 24.085853647453362], [120.54091642767679, 24.085739552422694], [120.54061491272404, 24.08532898501354], [120.53990555624678, 24.084347183869603], [120.53972009908537, 24.08408696494303], [120.53953464192395, 24.083795291610386], [120.53934143053115, 24.08347545759591], [120.53914821913835, 24.083070672692], [120.538402, 24.081859], [120.53776618092267, 24.080872695488413], [120.53762116640364, 24.080657980469415], [120.53725724028193, 24.080086206403585], [120.53686197318147, 24.079533086787503], [120.53657906785051, 24.079117354043063], [120.53638738392613, 24.07880998508436], [120.5360181426413, 24.078246775193524], [120.53568667850709, 24.077722189901426], [120.53548530344379, 24.07737618205899], [120.53532288041512, 24.07708595694102], [120.53516144958162, 24.076716847578837], [120.53499697057556, 24.076290310625055], [120.53486757387941, 24.075882570790917], [120.53481022329592, 24.075647973477903], [120.53472711632804, 24.07530801718921], [120.53445392776636, 24.0741033135029], [120.53431766546201, 24.073515612916726], [120.53427541884635, 24.07333340052359], [120.53427531232468, 24.07333294241422], [120.53427514770179, 24.07333223401661], [120.53425875168662, 24.07326128971611], [120.5330603505137, 24.068075548963613], [120.53305843546413, 24.06806642623859], [120.53305554500683, 24.068052656769577], [120.53302083736307, 24.067887308396113], [120.53298986506965, 24.067751455679392], [120.53273502488712, 24.06663085335866], [120.53245271427788, 24.065399988355562], [120.5323168932712, 24.064787098762814], [120.53229725829473, 24.064698498340135], [120.53223030570038, 24.064396375569057], [120.53165710781752, 24.061901672014745], [120.53164070345073, 24.06183027316463], [120.53162515483912, 24.061762600615822], [120.53161153069085, 24.061703305924663], [120.53123505462507, 24.06006472425264], [120.53035297314136, 24.056225380321504], [120.53034837341201, 24.056205359067086], [120.53030958551032, 24.056036527423984], [120.53027343246833, 24.055879164755698], [120.53026521167733, 24.055843376242542], [120.53006192102808, 24.054958497578767], [120.52862730714008, 24.048629994392876], [120.52862730714008, 24.048629994392876], [120.52861779590626, 24.048580834797207], [120.52856880850163, 24.04833362472931], [120.52856872934164, 24.048333223583942], [120.52856858934678, 24.04833251886624], [120.5285374781305, 24.04817551793445], [120.52847321192773, 24.04777370777617], [120.52843555487927, 24.047366542079047], [120.52842594816893, 24.04686732218113], [120.52843776361969, 24.046471785974074], [120.52845599805771, 24.04626534072834], [120.52852018470672, 24.045756761582247], [120.52862409719941, 24.045273761033556], [120.52875994795419, 24.044774916504565], [120.52888634205492, 24.044419497852804], [120.52888811128278, 24.044414521820123], [120.52892663105041, 24.044336072600245], [120.52895350185399, 24.044281345482837], [120.52915724213813, 24.043782097152214], [120.5291648134471, 24.043764099713268], [120.52917231334928, 24.04374627090265], [120.5292399567952, 24.04358233483937], [120.52951039202436, 24.04293553515565], [120.5298348925065, 24.04217019419951], [120.53027379794732, 24.041142143033618], [120.53039589208423, 24.040858802531353], [120.53071041138887, 24.04013492936982], [120.53109954403658, 24.039214149301923], [120.53273476072437, 24.03537777409373], [120.53280947760798, 24.035201586878394], [120.53299827579175, 24.034756268791543], [120.53305555387858, 24.034612293689857], [120.53305848366088, 24.034604928363105], [120.53342649212667, 24.033679886394403], [120.53386130972281, 24.032690137485154], [120.53443207945557, 24.031369153623967], [120.53489595726948, 24.03029798805505], [120.53539187775014, 24.029115791174796], [120.53594726675772, 24.027809320163282], [120.53609029117173, 24.0274767672837], [120.5361918808452, 24.02724055564795], [120.53625954044314, 24.027087955019443], [120.5362765901045, 24.027049500975775], [120.53629228097914, 24.02701411098942], [120.53656580543155, 24.026397193085185], [120.53706407839044, 24.025369970381888], [120.53723462225547, 24.024945848105098], [120.53731639162254, 24.024742497429738], [120.537901527272, 24.02333358776959], [120.53790168889985, 24.023333198188976], [120.53790199231744, 24.0233324686294], [120.53791296812598, 24.023304915251313], [120.53793532387033, 24.023254727096816], [120.53812947099446, 24.022762181531824], [120.53817219252849, 24.02265820456069], [120.53818566912057, 24.02262540451559], [120.53820037238333, 24.022589618546956], [120.5382558553806, 24.02245458020431], [120.53853583383619, 24.02179796743146], [120.53867706993, 24.021466905201915], [120.53869129728639, 24.021433556573772], [120.53880042204284, 24.021177761052694], [120.53906771847184, 24.02054772750653], [120.5393349355528, 24.01992238934151], [120.53936155512577, 24.01986014602346], [120.539376679911, 24.0198247819565], [120.53939153805392, 24.019790036500304], [120.5395634492974, 24.01938805773192], [120.53971189868385, 24.01904085530611], [120.53982883519164, 24.01878146793477], [120.53997521432055, 24.018468966951794], [120.54013902468364, 24.018152473865833], [120.54026826742707, 24.01792327207496], [120.54042047665651, 24.01766247216445], [120.54057287566002, 24.017422784207394], [120.54072093077501, 24.017199000929697], [120.54092666200468, 24.01691355810377], [120.54109308045354, 24.01669188813908], [120.54126610948067, 24.016471719486603], [120.5415535758985, 24.016115991127755], [120.54209140163775, 24.01546583144111], [120.54285850703518, 24.014533814061092], [120.542974757905, 24.01438785972166], [120.5430932911838, 24.01424379110389], [120.54310420773622, 24.014230522485395], [120.54321182518342, 24.01409972148777], [120.54333035793152, 24.013955652673282], [120.54344889041751, 24.013811582857485], [120.54356742361792, 24.01366751384921], [120.54368595557322, 24.01352344383672], [120.54380448824615, 24.0133793737288], [120.54392301966763, 24.01323530442253], [120.54404155180673, 24.013091235020823], [120.54416008171462, 24.01294716551493], [120.54427861332626, 24.012803095013613], [120.54439714368966, 24.01265902441103], [120.5445156747675, 24.012514954615945], [120.54463420558322, 24.012370883819585], [120.54474147145442, 24.012240503208943], [120.54474965120623, 24.01223056178673], [120.5447527351475, 24.012226813824896], [120.54476057824544, 24.01221728855913], [120.5447942388831, 24.01217641143514], [120.54487133308723, 24.01208279088843], [120.5449903200397, 24.011939038987375], [120.54507692526137, 24.011835282200007], [120.54511007350283, 24.011795824704702], [120.54523083857242, 24.01165333025624], [120.54535263580642, 24.011511579176975], [120.54547545732426, 24.011370575955777], [120.54559822350043, 24.01123153906391], [120.54559930014743, 24.011230328707853], [120.54572409562162, 24.011090793886254], [120.5458495290166, 24.010951744821817], [120.54594271867434, 24.010848807929893], [120.54597523663337, 24.01081290413685], [120.54610096848937, 24.010674081473553], [120.54622670007149, 24.010535259603483], [120.54635243236899, 24.010396436723717], [120.5464781624299, 24.01025761372844], [120.54660389319673, 24.01011879243224], [120.54672962369922, 24.00997996922051], [120.54685535392778, 24.009841146802014], [120.54697527488428, 24.009708737827996], [120.54698108487176, 24.00970232337382], [120.54710675573843, 24.00956345631822], [120.54723211165688, 24.009424348042142], [120.54735684773178, 24.00928477100864], [120.54748065709288, 24.00914450038474], [120.54759763689974, 24.00900981854882], [120.54760322892288, 24.00900331584148], [120.54772430727493, 24.00886104687431], [120.54784383323884, 24.0087176752542], [120.54797383832452, 24.008558153789284], [120.54798824117174, 24.008540143822458], [120.54807818063466, 24.008427679912078], [120.5481385880549, 24.008350927676673], [120.5481716051224, 24.008308539059154], [120.54819298524475, 24.00828108955629], [120.54830635289797, 24.008133557624888], [120.54831375305706, 24.008123782553003], [120.5483371691177, 24.008092850075275], [120.54841858657888, 24.007985296301065], [120.54853000794682, 24.0078365178221], [120.54864093377114, 24.007687427186454], [120.54869905667029, 24.00760913209054], [120.54875168377858, 24.00753822669153], [120.5488624266643, 24.007389021575012], [120.54897316831004, 24.007239816368884], [120.54908390969868, 24.007090611076055], [120.54919465083024, 24.006941405696516], [120.5493053926876, 24.006792200233175], [120.54941613330816, 24.006642993777287], [120.54950262747863, 24.0065264565271], [120.54952687464822, 24.00649378904346], [120.54963773244486, 24.006344656800874], [120.54974907055819, 24.006195826561335], [120.54980852777965, 24.00611699497532], [120.54986127146609, 24.006047544143154], [120.54997453422394, 24.00589994556951], [120.550088866646, 24.005753044405107], [120.55020426182837, 24.005606846947853], [120.55032071581903, 24.005461358601448], [120.55033115796978, 24.00544841129572], [120.55043817366226, 24.00531655392003], [120.55055633332256, 24.00517223156352], [120.55065576098751, 24.005051289977573], [120.550674812375, 24.00502813036319], [120.55079332940716, 24.004884054459012], [120.55089958468463, 24.00475522296832], [120.55137533877777, 24.004176658390737], [120.55169860050972, 24.003783533525414], [120.55265681301405, 24.00261871050184], [120.55371340498694, 24.001331508620396], [120.55469169099472, 24.000147652294906], [120.55564575499571, 23.998986477737205], [120.55609713811886, 23.998435363900086], [120.5561183247051, 23.998409496413498], [120.55613954187783, 23.998383591991775], [120.5561806437749, 23.998333409088712], [120.55618095960891, 23.99833302354462], [120.55618159029099, 23.99833225335652], [120.55636465936021, 23.998108733948644], [120.55721766714235, 23.997069072195377], [120.55760649364736, 23.99659628633116], [120.5577405994884, 23.996435280733525], [120.55790285617984, 23.996224821776533], [120.55802770932071, 23.99606253505238], [120.55804339037569, 23.99603433808245], [120.55805550465253, 23.99601594940337], [120.5580583479801, 23.996011633416924], [120.55806011345878, 23.996008951354796], [120.55824304516327, 23.995729876668896], [120.558357879727, 23.995556553952767], [120.55846851903735, 23.9953740804056], [120.55859201159736, 23.995157549642833], [120.55868980356998, 23.994960710178855], [120.5588273820897, 23.994679892459], [120.55893829786964, 23.994412688302056], [120.55904297224313, 23.994154441333016], [120.55922386367857, 23.993682289127378], [120.55941131785178, 23.9931870682285], [120.55960682770369, 23.992675353592364], [120.55970183601383, 23.99242298355989], [120.5597208749214, 23.99237241032827], [120.55973065966234, 23.99234642017913], [120.5597468898816, 23.99230330529795], [120.5597843011482, 23.992203928474876], [120.55979025172194, 23.99218812061441], [120.5598194110716, 23.992111359529968], [120.55999225318787, 23.99165635254513], [120.56020352400446, 23.99110307649485], [120.56040199202299, 23.990587748322106], [120.56062090148869, 23.990019962019062], [120.56074046199839, 23.989709857476207], [120.56099800746304, 23.989045839572288], [120.56106627227095, 23.988862634021338], [120.56108197644767, 23.9888204890286], [120.5610986744011, 23.988775675977166], [120.56112212848524, 23.98871272952276], [120.56126866816419, 23.988333136849025], [120.56152588035337, 23.987658515487837], [120.56175268723042, 23.987070074679217], [120.56190831916584, 23.986650804903928], [120.56202921574983, 23.98633983300997], [120.56212115420901, 23.98608658557346], [120.56222813777138, 23.985809651696847], [120.56236073488584, 23.9854650963571], [120.56244162822075, 23.985252182285333], [120.56250915992611, 23.985074437565064], [120.56270761652704, 23.984552560333107], [120.56292074688177, 23.98399337982018], [120.56312337011057, 23.98346443474369], [120.56333780287522, 23.982904083414855], [120.56362308498784, 23.98215197586449], [120.56388025535476, 23.98147941915459], [120.56410656770278, 23.980882476050002], [120.56429298426819, 23.98039520893543], [120.56452734244144, 23.97978033833407], [120.56454535814206, 23.979732782719108], [120.56459563448334, 23.979600064615653], [120.56476733190945, 23.979146832992225], [120.5647802015621, 23.9791128592577], [120.56495352066571, 23.97865565813103], [120.56512517473793, 23.978208139722142], [120.56527917716843, 23.977805503317832], [120.56541791708422, 23.97743899900769], [120.56552803675393, 23.97716028250685], [120.56563471100178, 23.976877647317814], [120.56577533390737, 23.976516055443334], [120.5660313186036, 23.97585064233274], [120.56617137870239, 23.97547743567663], [120.56625943685776, 23.975224273573964], [120.56639727290292, 23.974860722776384], [120.56657845150288, 23.974397662573494], [120.5667141132315, 23.97404052612182], [120.56686121239262, 23.973665460455035], [120.56698745505531, 23.973333807086593], [120.56698760177319, 23.973333422846615], [120.5669994456024, 23.973302307420667], [120.56705758143984, 23.97315094667361], [120.56714043869206, 23.97293521525372], [120.56740857531996, 23.97222798220694], [120.56745301969988, 23.97211258937218], [120.56749006043505, 23.972016414679622], [120.5677192144969, 23.97142143523691], [120.56796602560706, 23.970772182174542], [120.56819695884879, 23.970153854941653], [120.56830488723406, 23.969880560185317], [120.56834096731829, 23.969789197040825], [120.56839632410578, 23.969649019857798], [120.56858247680834, 23.969145221829336], [120.56880476519282, 23.968571980281144], [120.56898696626764, 23.968103420598638], [120.5690581182818, 23.9679118015964], [120.56908413716745, 23.96784173031551], [120.5691801634873, 23.96758312030003], [120.56929620545765, 23.967254972836322], [120.56930859969307, 23.967219925513234], [120.56936212882323, 23.96703886829072], [120.56938672956896, 23.96695131196222], [120.56945179215612, 23.966681575462925], [120.56949207608506, 23.96646832536226], [120.56953817174012, 23.96619982501147], [120.56956616412845, 23.96595515766019], [120.56961225930004, 23.965565069441645], [120.56964111818279, 23.96534078123645], [120.56964508381151, 23.965299687601973], [120.56965608966148, 23.96501327007326], [120.5696570838471, 23.964867123123152], [120.5696592513686, 23.964548683143807], [120.56966137152914, 23.964237102690443], [120.56965893215127, 23.963777325349362], [120.5696497145117, 23.963414152215364], [120.56965038184511, 23.963298375775405], [120.56964810833755, 23.963171045131958], [120.5696493305669, 23.962802574764144], [120.56964740697336, 23.962551486543408], [120.56965519605198, 23.96167705119758], [120.56965304694049, 23.961176276291372], [120.56964847008558, 23.960474154906297], [120.56965424926874, 23.959537908883338], [120.56965403514798, 23.959469999889176], [120.56965124605735, 23.958585432062986], [120.56964203816621, 23.957565708917688], [120.56964812328918, 23.956558756426563], [120.56965602787218, 23.955450234715148], [120.56965637052551, 23.9544741204192], [120.56964795658502, 23.953314821548283], [120.56965018979491, 23.952175417160635], [120.56964530638459, 23.951231815546084], [120.56964825300886, 23.950437269783148], [120.56963498813853, 23.949457475139127], [120.56961925714118, 23.948333817799014], [120.56961195385162, 23.94748882066158], [120.56961034950119, 23.946683007432846], [120.56960976335698, 23.946647946168067], [120.56960265587514, 23.94622279265225], [120.56959821016558, 23.946123020808542], [120.56959412841057, 23.9460314081093], [120.56959870700335, 23.945337118794125], [120.56960775087764, 23.944663801136784], [120.56960764506479, 23.94465423592128], [120.5695975445988, 23.943737876946734], [120.56959939208645, 23.942685685756377], [120.56959841484768, 23.941494604153508], [120.56960113814307, 23.940178234301264], [120.56960113890042, 23.9387928497128], [120.56960113866577, 23.938552376644793], [120.5696005390322, 23.937989927826486], [120.56960022715332, 23.937697672504612], [120.56960027800353, 23.93745807811404], [120.56959750210927, 23.936706384169554], [120.56960127321533, 23.936102087688635], [120.5696190098594, 23.935454180860937], [120.56964214846508, 23.93518609623533], [120.56967855565411, 23.934829759377703], [120.56972806462073, 23.934480484121025], [120.56979344319379, 23.934103406335655], [120.56986759639898, 23.933772403433533], [120.5699420719094, 23.933468832050803], [120.57003230435748, 23.93315923960379], [120.57016858781171, 23.932737302834752], [120.57030557867299, 23.932332568158333], [120.57047039776982, 23.931838998664418], [120.57068846591213, 23.931191406444345], [120.57090641150856, 23.930550794191227], [120.57113358042821, 23.92987406314723], [120.57137116886823, 23.92917934510339], [120.57172506252854, 23.928131113865373], [120.57174079004791, 23.92808393001788], [120.57208892625702, 23.927039492849772], [120.57220448047767, 23.92672160072612], [120.57236226950138, 23.926243475734033], [120.57237452465591, 23.926207404494335], [120.572564221236, 23.92564906510548], [120.57280126991796, 23.924955382088843], [120.57297690308404, 23.92443890977047], [120.57302525924779, 23.924296707624237], [120.57317607799094, 23.923840030750775], [120.5731828603899, 23.9238194948348], [120.57319063097742, 23.923795966577842], [120.57320164690952, 23.923762612402278], [120.57321203281751, 23.923731165312283], [120.57322002266112, 23.92370697309119], [120.57322911478879, 23.92367944301566], [120.57324142348895, 23.923642171817644], [120.57324942820678, 23.92361793358545], [120.57325587027032, 23.923598428792168], [120.5732559783916, 23.923598108545157], [120.57334518260176, 23.923333781031268], [120.57334531255209, 23.923333394026468], [120.573352827477, 23.9233111255676], [120.57361229787405, 23.922549793714353], [120.57383965274803, 23.92187528483944], [120.57408540666867, 23.921143657133197], [120.57434248253884, 23.920389456729247], [120.57456426934777, 23.919731372914082], [120.57476865828772, 23.919126674475763], [120.57493071164579, 23.91862968177782], [120.57503005180703, 23.91830011669561], [120.57508427161928, 23.91810945503987], [120.57510283439942, 23.91804418057495], [120.57519113164145, 23.917709707091674], [120.57531967698603, 23.917188214497713], [120.57556528802104, 23.916182542302177], [120.57583201190369, 23.915083600573396], [120.57607362903158, 23.914102276904053], [120.57628746836357, 23.913230956745323], [120.57651584054021, 23.912286027853444], [120.57661296717059, 23.911888139774934], [120.57661911674762, 23.91186280273244], [120.57663654993374, 23.91179099385192], [120.57685446270996, 23.910900887029253], [120.57706720560992, 23.910031461196624], [120.57718389210588, 23.909576422595833], [120.5772974400986, 23.90911039263915], [120.5774579117936, 23.90844337249751], [120.57758109604052, 23.907946127480393], [120.57782312373635, 23.906954563311967], [120.57802361388065, 23.90615042601355], [120.57820171759359, 23.905417947551204], [120.57832802359238, 23.904903592065608], [120.57843560956282, 23.90445689391745], [120.57855461872776, 23.903971195934222], [120.57865727687661, 23.903546871864293], [120.57866663006867, 23.9035076777391], [120.57868565804208, 23.903427938647006], [120.57869949563998, 23.903369952813907], [120.57877962957775, 23.90303416012461], [120.57898169512455, 23.902212841253558], [120.57899782370177, 23.902147286781343], [120.57915200924383, 23.90150829800507], [120.5791610904695, 23.901471411942644], [120.57917200682836, 23.901427076120974], [120.57918811017679, 23.901361668732257], [120.57928243596892, 23.900978549189897], [120.57944126264768, 23.900343018359226], [120.57989639074532, 23.89833350622135], [120.57989648239824, 23.898333103754457], [120.57989667368629, 23.898332260015486], [120.5800802985964, 23.89764562468443], [120.58012452970597, 23.897480232244142], [120.5803824098511, 23.8966561862725], [120.58047983697698, 23.896257476523015], [120.58061680987896, 23.89568208428728], [120.58086153781052, 23.894727121842607], [120.58103028585722, 23.893965468532883], [120.58119535910689, 23.89316320902578], [120.58139721946192, 23.892339990632802], [120.58147016973032, 23.892034876806377], [120.58153326505357, 23.891734271665], [120.58160763804341, 23.891416508513064], [120.58172986329264, 23.890939998778137], [120.58183283726463, 23.890514355992785], [120.5819389001564, 23.890095696823792], [120.58207379642312, 23.88952030968634], [120.5821802965164, 23.889091905877684], [120.58232319807118, 23.888501202571987], [120.58233297877676, 23.888461506337723], [120.58242309536341, 23.888095736416126], [120.58252455024765, 23.887690033304125], [120.58260583524084, 23.88735219203975], [120.58273922516874, 23.886796352550114], [120.58284739454062, 23.886360440020237], [120.5829289193142, 23.88599811282384], [120.58293823271289, 23.885961627078643], [120.58302546816493, 23.8856198620268], [120.58305553108309, 23.885496056238214], [120.58305816917114, 23.885485192709396], [120.58305970067491, 23.885478886105634], [120.5834326857923, 23.883933021952185], [120.58355692741229, 23.88344246652665], [120.58364529441027, 23.883078361307863], [120.58372696501488, 23.882738438915993], [120.58380950447905, 23.882400279573996], [120.58392393916643, 23.8819358179016], [120.58407347277729, 23.88130565205213], [120.58417645289825, 23.880882054917613], [120.58429094328031, 23.880417747407595], [120.58439496920934, 23.879985999195842], [120.5844382775954, 23.879810033419194], [120.58443843776175, 23.879809384626355], [120.58445375365261, 23.87974715452856], [120.5845667256423, 23.879288142072195], [120.58473773023776, 23.878576350936257], [120.58482961976003, 23.87821401590542], [120.58496948746259, 23.87762714564852], [120.58514753602, 23.87690020318254], [120.5851645678977, 23.87683018509509], [120.58516963128828, 23.87680937024827], [120.5851763950691, 23.876781567490134], [120.58525427794329, 23.87646139130248], [120.58535771542056, 23.87603969137054], [120.58545827036217, 23.875625359827247], [120.58555629951077, 23.87522078234852], [120.58563873233939, 23.874882187884694], [120.58573727112892, 23.87447785540949], [120.58582536255032, 23.874119564486573], [120.58591277096717, 23.873756358666707], [120.58599391278962, 23.873424817965258], [120.58601063860458, 23.873355956510103], [120.58601626646283, 23.873333550325313], [120.58601637286681, 23.87333312893066], [120.58604684912075, 23.873211815570038], [120.58615571085811, 23.872768909967345], [120.58619716651943, 23.872597840650748], [120.5862114699174, 23.872538817591423], [120.58622228501216, 23.872494189122463], [120.58629005278966, 23.87221454761956], [120.58646935901182, 23.871485628855716], [120.58663031908135, 23.870819640889255], [120.58680533270172, 23.870152229411175], [120.58690119007895, 23.869804324397798], [120.58701815301112, 23.86941752143647], [120.58715094648088, 23.8690172444399], [120.58735935455327, 23.868449462783307], [120.58744132590184, 23.868240590008522], [120.58748280591881, 23.868134890785544], [120.5875817192009, 23.867882846863345], [120.58789693525229, 23.867124248451876], [120.5882302909068, 23.86632166144383], [120.58848295230327, 23.865698330757326], [120.58866362437001, 23.865265881313814], [120.58869234939131, 23.865197127368567], [120.58871602290186, 23.865140464075775], [120.58873445298757, 23.865096350531164], [120.58880366685607, 23.864930681864198], [120.58898223404185, 23.86449126545644], [120.58921675369048, 23.86392427374674], [120.58951078130731, 23.863213265820868], [120.58968187218846, 23.862826451124803], [120.59015407805175, 23.861724968870895], [120.59041360305788, 23.861119584565117], [120.59099030909567, 23.859528257577686], [120.59144865488841, 23.858424856642824], [120.59341180944105, 23.85369884714747], [120.5934815118497, 23.853529699091307], [120.59367361162248, 23.85307244871156], [120.59416503600289, 23.85188854711788], [120.59444775241055, 23.85121901275667], [120.59494415620186, 23.850008704346806], [120.59525004181471, 23.849321830035223], [120.59560873876565, 23.848458079102112], [120.5956593970926, 23.84833382655711], [120.59565955438345, 23.84833344050286], [120.59569329753603, 23.84825067431156], [120.59588635536876, 23.847795006095144], [120.5960839935981, 23.847315854569764], [120.59625353792579, 23.84690164048777], [120.5964454999898, 23.84642539010294], [120.59659119180344, 23.846070094497325], [120.59675768387633, 23.845671052344372], [120.59692054449705, 23.845283791342904], [120.59697457812986, 23.845159278937885], [120.59698952686205, 23.845124833058815], [120.59699694832946, 23.84510773142854], [120.59708065771416, 23.844914836808357], [120.59725344398298, 23.84446950574491], [120.59739758743962, 23.844089636525847], [120.59754399534607, 23.84376491689171], [120.59768745807521, 23.843420595151052], [120.59783116838045, 23.8430689599139], [120.59796564229077, 23.84274533736705], [120.59808298722488, 23.842462808922505], [120.59820255878452, 23.842171131053824], [120.59830613436684, 23.84191899539908], [120.59840071170859, 23.84168466157289], [120.59850123850777, 23.841447165657613], [120.59860788913188, 23.841184293437312], [120.5987462978978, 23.840853853948555], [120.59887290743039, 23.840548287281273], [120.59900793163536, 23.840223084913003], [120.5991586749886, 23.839858094556735], [120.59930348477383, 23.839500961522344], [120.59947976906584, 23.839075212797486], [120.59961530050235, 23.838736946166083], [120.59970105452257, 23.838538259077346], [120.59970853979699, 23.838520915465974], [120.5997554425845, 23.838412243018865], [120.599757582845, 23.83840703577831], [120.59975815450154, 23.838405645798662], [120.59988371748668, 23.83810014315737], [120.60002782441232, 23.837756428217762], [120.60015051991272, 23.83744798776654], [120.60027229448406, 23.83714869271916], [120.60038157263405, 23.8368877320166], [120.60052617808923, 23.83653420894348], [120.60065715639352, 23.83621928002832], [120.60078580246339, 23.835912443609743], [120.60091852988025, 23.835590728687738], [120.60106057924496, 23.835237190277933], [120.60119676869994, 23.834908963742915], [120.60135003799947, 23.834535634023272], [120.6014980912977, 23.834176375950463], [120.60167671521371, 23.833754054348162], [120.60180250976265, 23.83344720143592], [120.60193239570613, 23.833124690760716], [120.60206224420405, 23.832808448226046], [120.60217651491675, 23.832523470174454], [120.6023285493932, 23.83216371577716], [120.60247029199988, 23.831812007150877], [120.6026613886986, 23.831353171660304], [120.60269571763946, 23.831270749197657], [120.6028010269146, 23.831017910137838], [120.6029246675652, 23.830733252649164], [120.60303960274233, 23.830474155376898], [120.6031691190163, 23.830203392236463], [120.60333221718497, 23.82988368448863], [120.60347095187095, 23.829634670074643], [120.60364147149436, 23.82934977312535], [120.60384198606272, 23.82904232298626], [120.60402433467334, 23.8287724000143], [120.60421741894478, 23.82850959173028], [120.60443607127642, 23.82820826516655], [120.60463885301235, 23.82794212217526], [120.60479586043844, 23.82771882456866], [120.60492694811808, 23.827543200051814], [120.60509589189168, 23.827319715993816], [120.60541078637179, 23.826909195257336], [120.60590264052804, 23.826248747980248], [120.60626726860362, 23.825756686646624], [120.60665667049808, 23.82523225403404], [120.60712215238249, 23.824613957002597], [120.60758769421255, 23.823974576215846], [120.60804529838954, 23.823333342533346], [120.60804555364295, 23.823332997346903], [120.60805550558015, 23.823319535067814], [120.60805804530497, 23.82331609942398], [120.60873473178461, 23.822400705145114], [120.60930399846796, 23.821635088395197], [120.6094600096275, 23.821424598943747], [120.60971873825198, 23.82107743384896], [120.60997439551225, 23.82072856294801], [120.61022657518345, 23.820386824351154], [120.61046957435077, 23.8200582815275], [120.6108476081388, 23.819545563667592], [120.61113022760237, 23.819168833661426], [120.611464297923, 23.818717438341682], [120.6116174518966, 23.81850955614902], [120.61173614358859, 23.818345417860648], [120.61183330599607, 23.81821558310811], [120.61186613318173, 23.81817261777337], [120.6119670079488, 23.818040594457145], [120.61207776891331, 23.817910934618737], [120.6121657196086, 23.817806455210274], [120.61226806201552, 23.817692961512673], [120.61239891077727, 23.817550979504986], [120.61247504115425, 23.81747022360502], [120.61256772869243, 23.81737572369115], [120.61266116879956, 23.81728687907476], [120.61273403681757, 23.817219546455814], [120.61280929343911, 23.81714932218232], [120.6128533535007, 23.817108216040204], [120.61298943558413, 23.816991624486004], [120.61307884337411, 23.81691662639361], [120.61322129354777, 23.816803796104637], [120.61333031637625, 23.816720716753366], [120.6135291654012, 23.816591496075265], [120.61368648957256, 23.816478527441], [120.6146058688025, 23.815826529779567], [120.61540500694424, 23.815293071430457], [120.61585832159541, 23.81499038299507], [120.61608232148727, 23.814840810944293], [120.61608370908753, 23.81483987621686], [120.61695929820078, 23.814255204886436], [120.61786541754506, 23.813620926522162], [120.6188466235953, 23.812948152411625], [120.62104223642267, 23.81136094814179], [120.62150719674561, 23.811036000239433], [120.62200518448637, 23.810687970388766], [120.62317521114038, 23.809879841559113], [120.62333973273212, 23.809764724107875], [120.62403567841051, 23.80927775872006], [120.62459248307971, 23.80889472800878], [120.62527630394544, 23.808417984172134], [120.62600626947444, 23.80791194487423], [120.62669078403853, 23.80743921178036], [120.62735190334925, 23.806976582861946], [120.6277342241456, 23.806713249738102], [120.62817575257955, 23.8063820170334], [120.62852636677722, 23.806107969414608], [120.62863831632453, 23.806017236944843], [120.62890906004424, 23.80577986612537], [120.62931698717097, 23.805387411080233], [120.62942676866167, 23.8052817928016], [120.63033782221576, 23.804302259909527], [120.6303426151886, 23.80429710641619], [120.6303907919693, 23.804245308399487], [120.63040954448994, 23.804225146703676], [120.63042703662938, 23.804206121532047], [120.63128530475626, 23.803272652165692], [120.6327407613042, 23.801695006853873], [120.63305551590213, 23.801354511261852], [120.63305799058045, 23.80135183442738], [120.63342399487262, 23.800955895746114], [120.63422782216662, 23.80008630936944], [120.63503080637493, 23.799212565659435], [120.63508272148152, 23.79915648765178], [120.63563237887635, 23.798562747092486], [120.63578318907848, 23.79839775412761], [120.63584194381023, 23.798333472267487], [120.63584216725626, 23.79833322809016], [120.63639132480176, 23.797733240387508], [120.6373434846416, 23.796702654722278], [120.63782380287734, 23.796182684469432], [120.638064903498, 23.795921677898846], [120.6385410796038, 23.79540280443719], [120.63882832564552, 23.795083330853874], [120.63906876513563, 23.794845626740152], [120.63924079381994, 23.794638602366064], [120.6394971447068, 23.79429314001729], [120.63959828718535, 23.794147520424914], [120.63982634275173, 23.79377116311559], [120.64008963737056, 23.79326489335138], [120.64025032653052, 23.792917688642476], [120.64040109656837, 23.792491398376587], [120.64049135037446, 23.792230093134023], [120.64058249160308, 23.79187897506113], [120.64063805728243, 23.791599292941513], [120.64068501218877, 23.791302362071647], [120.64072102489838, 23.79097815676959], [120.6407416860382, 23.79066827023251], [120.64074627751039, 23.79035553533132], [120.64073731484122, 23.79007872515163], [120.64070820783006, 23.7897121850492], [120.64068141252993, 23.789464984176355], [120.64064788872223, 23.789263819123065], [120.64055173342707, 23.78875138521335], [120.64042813882317, 23.788128298686715], [120.64002503049653, 23.78610651254059], [120.64002468206124, 23.786104763576574], [120.63860516877321, 23.77898472868782], [120.63854977273316, 23.778716505861958], [120.63830107919298, 23.777505368129237], [120.6380712277206, 23.776411254917274], [120.63798485051294, 23.776081212184693], [120.63789224233678, 23.775780917639274], [120.63781189263672, 23.775532969974428], [120.63767865938003, 23.775188551992578], [120.63757227482085, 23.774938576433065], [120.6373962402228, 23.774570132592], [120.63729378582036, 23.77436737343526], [120.63698945331676, 23.773829457735104], [120.63698589186683, 23.773824094739318], [120.63688553730502, 23.77367296134665], [120.63674013801894, 23.773459623648982], [120.63664899523427, 23.77333352860993], [120.636590361931, 23.773252408500458], [120.63631205557238, 23.77289674717176], [120.63612914910024, 23.77267829010731], [120.63590167783131, 23.772423012922406], [120.63566218830505, 23.77217621395197], [120.6354904382267, 23.772017038191265], [120.63516283181434, 23.77171666479948], [120.63498693212661, 23.771562970555607], [120.63464368411326, 23.771303548619045], [120.6343233903926, 23.771069001173277], [120.634150557515, 23.770955697771498], [120.63391555600235, 23.770830490135346], [120.6337765098061, 23.770743635894647], [120.633600802935, 23.770640901580293], [120.63342365734513, 23.770545401877733], [120.63329280513153, 23.770475389926975], [120.63310115406408, 23.77037738488437], [120.6330580473823, 23.770356574616766], [120.63305552241509, 23.77035535592632], [120.63292066262811, 23.770290249018686], [120.63281410999787, 23.770237962872113], [120.63265631225497, 23.770167012247015], [120.63247598498101, 23.77008556317431], [120.63223273384281, 23.769983570450226], [120.63205031786028, 23.76990819381592], [120.63193953754217, 23.769862418263287], [120.63088507356093, 23.769423164065085], [120.62957643065975, 23.768880715711717], [120.6285902383236, 23.76847426655101], [120.62711093333894, 23.76785723129799], [120.62655836967471, 23.767628675187893], [120.62648225640625, 23.767597191432635], [120.6263656278574, 23.767548950711387], [120.62617157313817, 23.76746868284124], [120.62530960646829, 23.767110661739952], [120.6245625247176, 23.766800402430516], [120.624111753197, 23.766602497096862], [120.62379537335259, 23.76644775029712], [120.62359963084612, 23.76634858583537], [120.62350587314414, 23.766296561066326], [120.62330811730426, 23.766189070443772], [120.62314358609869, 23.766094095457294], [120.62282526030265, 23.76590152456751], [120.62264565272466, 23.76578767805208], [120.6226375332636, 23.76578253204525], [120.62219241220528, 23.76547292377417], [120.62182116307437, 23.765200928703624], [120.62148245985766, 23.76493961068081], [120.62118551781418, 23.764712982676535], [120.62078170949194, 23.764404793622774], [120.62000707793575, 23.763811996065996], [120.61971242085602, 23.763587122635833], [120.619437984164, 23.76337767878317], [120.61488651115081, 23.75988284348133], [120.61484958471988, 23.759854934046263], [120.61048119807747, 23.756553255539718], [120.61043144503093, 23.75651472218907], [120.61033578560406, 23.75644063411316], [120.61030406945876, 23.75641607003733], [120.60998910404008, 23.75617212934515], [120.60955835308036, 23.75584175646085], [120.60949541738182, 23.755794735875043], [120.60903130032125, 23.755447977655376], [120.60855647608845, 23.75510215349752], [120.60849081227467, 23.755057308078587], [120.60806102580254, 23.754763783791606], [120.60805807726973, 23.754761683223354], [120.60805549877173, 23.75475984635853], [120.60802460378702, 23.754737838409543], [120.60764490256226, 23.754486728008228], [120.6073298640522, 23.754281154458663], [120.60718602048343, 23.754189809005695], [120.60715878259118, 23.7541725119576], [120.60711417661823, 23.754144185187993], [120.6069870042693, 23.754063425039924], [120.60656763822303, 23.753809606956864], [120.60614872618217, 23.753564877317217], [120.60570220033935, 23.753316262844244], [120.60534823733639, 23.753120527688953], [120.60505035515756, 23.752968119712026], [120.60469580156476, 23.752786678323478], [120.60436280074622, 23.75261393726613], [120.60391556928299, 23.752395510351683], [120.6036089266301, 23.752233567964012], [120.60354292963488, 23.752198714603924], [120.60335847703696, 23.7521076135915], [120.6031348915279, 23.751997185787168], [120.60266199372963, 23.751761908523495], [120.60223870279214, 23.751551390590436], [120.6017242873935, 23.75129400360219], [120.60131192552696, 23.751076791396542], [120.6007863197087, 23.75078597240484], [120.60039835476681, 23.750555707838142], [120.6000011186962, 23.750312038069215], [120.59956349082934, 23.750025841910222], [120.59919430935291, 23.74977276517544], [120.5987443161695, 23.749443592904505], [120.59820970054999, 23.74904857676901], [120.59819398078456, 23.74903696160508], [120.59814984193726, 23.749004347977547], [120.59813067305546, 23.748990184681634], [120.59810839351762, 23.74897346330136], [120.59809029017423, 23.748959876158544], [120.59744436433455, 23.7484750833627], [120.59725365030594, 23.748333787875392], [120.59725327740735, 23.748333511497183], [120.59725085405556, 23.74833171549158], [120.5968517356253, 23.74803284493726], [120.596168182529, 23.74752701690336], [120.59559944793291, 23.747105376953918], [120.59533024303676, 23.746898572588], [120.59499044184372, 23.74662920818024], [120.5947449812336, 23.746426414618647], [120.59451103323596, 23.746223812504443], [120.59425782568142, 23.745996929127877], [120.59404050301134, 23.74579727842044], [120.59370472373669, 23.74547876576946], [120.59341184331049, 23.745195778005478], [120.5931886697496, 23.74497788151486], [120.59297360357927, 23.744765931356465], [120.59275793605767, 23.744553269580248], [120.59257217038859, 23.744371123710835], [120.59236517962668, 23.74416758170521], [120.59222143640179, 23.744029836114596], [120.59206113957136, 23.74387056680218], [120.59203763257817, 23.743847543985872], [120.59190396550106, 23.743716629493377], [120.5917887603677, 23.74360379509436], [120.59167627216009, 23.743493622525282], [120.59157403004926, 23.74339348639468], [120.59114174298242, 23.742962966763002], [120.59079740687257, 23.74262649307907], [120.59021672272344, 23.742050668083905], [120.58902111063588, 23.740873305040175], [120.58815948498429, 23.740024743644355], [120.58720066463685, 23.73908179665885], [120.58636299231183, 23.738256228384913], [120.58580443491623, 23.73770758857273], [120.5853480410458, 23.737257847052195], [120.58507427170602, 23.736988324760972], [120.58507321857977, 23.736987288031216], [120.5850171359713, 23.736932076056135], [120.58494626762301, 23.736862308183383], [120.58447210436589, 23.73639549445748], [120.58384727977993, 23.73577722009198], [120.58344110406294, 23.735369765214294], [120.58328429132793, 23.735211599680532], [120.58307390745583, 23.735009813223492], [120.58306204574465, 23.734998436291207], [120.58305811759305, 23.734994668429948], [120.5830555291401, 23.734992185499266], [120.58305093407513, 23.73498777743784], [120.58266766009453, 23.734610953337185], [120.58224842779508, 23.73419727203653], [120.581851180859, 23.733807645560038], [120.58125164436828, 23.733213124066182], [120.58061430129193, 23.73258620923572], [120.58021152747922, 23.732193740894832], [120.5799718717268, 23.73195348992615], [120.57983440549663, 23.731819583722853], [120.57961511397936, 23.731605971299963], [120.57901493444727, 23.731015775522994], [120.57807847619236, 23.73009866729094], [120.57743877528611, 23.72946681454186], [120.57691887943682, 23.728958754950515], [120.57638095163735, 23.728423297701163], [120.57627680233017, 23.72831962651325], [120.57618442952773, 23.72822848738137], [120.57600387763587, 23.728050346133507], [120.57553372406348, 23.727586467103855], [120.57524610329875, 23.727302880799922], [120.57501070470545, 23.72707136744409], [120.5749268933459, 23.7269889394973], [120.57441492609992, 23.726480306409677], [120.57361107622408, 23.72568975913658], [120.57277199480784, 23.72485871862001], [120.57208488204161, 23.72418292054343], [120.57165718904112, 23.72376455147259], [120.57159994725524, 23.723708557609275], [120.5712323945724, 23.72334901285968], [120.57121683812629, 23.72333381694675], [120.5712165350535, 23.723333520834455], [120.57121469706038, 23.723331726046876], [120.57088184934538, 23.72300661673574], [120.57048734125937, 23.722621276969786], [120.57038848680918, 23.722524719335055], [120.56991245907912, 23.72205267937376], [120.56987106674468, 23.7220117155863], [120.56984017574561, 23.721981145315635], [120.56928132480856, 23.721428083183692], [120.56874503390996, 23.720902507945855], [120.56795413662977, 23.720115764613357], [120.56719662577723, 23.71937414285233], [120.56666685199679, 23.71884380919566], [120.56623568600804, 23.718424101699934], [120.56548229119564, 23.717673283661476], [120.56500859095952, 23.717246677395273], [120.56479911868257, 23.717072507943406], [120.56458420813999, 23.716893816166056], [120.5640829440288, 23.716534317046065], [120.56375378997392, 23.716321631228176], [120.56345417462161, 23.716145714965407], [120.563219323462, 23.716012671745105], [120.56316009534258, 23.71598096728442], [120.56291557820785, 23.71585633911525], [120.5624931343558, 23.71566261407494], [120.56195790811549, 23.715446293178022], [120.56140831215244, 23.715260207304727], [120.56080866107236, 23.715095797761887], [120.56042077641438, 23.715007398596935], [120.55999625884584, 23.714929479845388], [120.5595777067698, 23.71486958851916], [120.5594156061754, 23.71485335478124], [120.55914751441517, 23.71482650515181], [120.55867905902252, 23.714794450532718], [120.55826208556896, 23.71477283357398], [120.55806207012698, 23.714761784299522], [120.55805814211104, 23.714761570813906], [120.55805549075173, 23.714761425988833], [120.55701983985851, 23.71470498667704], [120.55659439975807, 23.714679829328123], [120.5560945258116, 23.714654081640713], [120.55563344013639, 23.71462777554505], [120.55561078088768, 23.714626590779993], [120.55545716102877, 23.714618555485483], [120.55443503241924, 23.71456508866222], [120.55309509986498, 23.71449543543912], [120.5524256831617, 23.714459379835052], [120.55120204795725, 23.71439589245512], [120.55115350263674, 23.714393373207034], [120.55044888455203, 23.714355602359714], [120.54968335542495, 23.714315166966518], [120.54909562114754, 23.714283361037282], [120.54828122727906, 23.714242053928537], [120.54754183328818, 23.71420396425795], [120.54705841403647, 23.71417756191672], [120.54696662555564, 23.714171927730202], [120.54662983189301, 23.71415125464641], [120.54626268315113, 23.714128982950783], [120.54596884978413, 23.714102587662364], [120.54584360739086, 23.714085385089238], [120.5455620617467, 23.714039948910592], [120.5452718402145, 23.713987378529016], [120.54484526335526, 23.713878072844434], [120.54456346234556, 23.71379343790013], [120.54426321122706, 23.713679591140963], [120.5439186161763, 23.71352795827002], [120.54368461899945, 23.713413967962648], [120.54342873627321, 23.713285230404427], [120.54334982622612, 23.713236480860648], [120.54318534226334, 23.71313368681814], [120.5430167250914, 23.713028308731754], [120.5424237582455, 23.71267190600855], [120.54222601592382, 23.712522607974137], [120.5418691369405, 23.71230085820592], [120.54102910817068, 23.71177782626973], [120.5408734693661, 23.711680919987206], [120.53987523991519, 23.711062652757363], [120.5388766892567, 23.710436621670972], [120.53799431390954, 23.70987881471576], [120.5378931978219, 23.709814979698564], [120.53749338622328, 23.709562575801925], [120.53731978681459, 23.7094682705946], [120.53716927557734, 23.709383696950393], [120.53631595840187, 23.708848821649678], [120.53592800978895, 23.708608683661616], [120.5357248290229, 23.70848252684325], [120.5356838390841, 23.70845707640905], [120.53551768046356, 23.708352888634504], [120.53538340030809, 23.70826869066872], [120.53529652266985, 23.70821270381409], [120.53500756087094, 23.70802648373132], [120.53492348576289, 23.707972302907024], [120.53443716756279, 23.707624941069724], [120.53411415314706, 23.707368818076862], [120.53391370802036, 23.70718803825228], [120.53366818083701, 23.70696201979722], [120.53306227381793, 23.70637236818881], [120.53305834335445, 23.706368517797095], [120.53305554942958, 23.706365778780757], [120.53252450545097, 23.705845178161567], [120.5320175135793, 23.705359040859047], [120.5317200315317, 23.705073792531447], [120.53063362564023, 23.704014489678958], [120.52986336776215, 23.703267088184102], [120.52939462130495, 23.702811832728674], [120.5292157842634, 23.702639408184186], [120.52912665225527, 23.702553470307386], [120.52886368281574, 23.702299926455606], [120.52847055115937, 23.701915459304168], [120.52802283883885, 23.701477051867478], [120.52765075316643, 23.701130412725274], [120.5271931741565, 23.700722045383365], [120.52670039996248, 23.700344492272517], [120.52652781545048, 23.700225295007534], [120.52637044062601, 23.70011743846331], [120.52615609488501, 23.699980873465595], [120.52594724624156, 23.699858317461953], [120.52573444538349, 23.699737610999094], [120.52558371406498, 23.699657238812257], [120.52556174397043, 23.69964552404312], [120.52540300520761, 23.699561385224413], [120.52533000189916, 23.699525019032258], [120.5249636062502, 23.699350510042255], [120.52371277238684, 23.698800658428027], [120.52262795869184, 23.698333778167928], [120.52262693264116, 23.698333337062557], [120.52262276578678, 23.69833154355268], [120.52202542726162, 23.69807071631788], [120.52192267242921, 23.698025848198533], [120.52187596303857, 23.698005452993712], [120.52184325764246, 23.697991178030414], [120.52161851030999, 23.697893080115342], [120.5210967461813, 23.697665339286033], [120.52014462221186, 23.697247922407158], [120.51934908315421, 23.696897039245787], [120.51930195142384, 23.69687625097378], [120.51844873122398, 23.696507075922522], [120.51775585250842, 23.696201234453575], [120.51703801873131, 23.695884712082997], [120.51617091837417, 23.6955055522229], [120.51547376495611, 23.695199540096414], [120.51541487267002, 23.695173689712497], [120.51534541922194, 23.695143201993897], [120.51434392407722, 23.69470583640168], [120.5128985652093, 23.69407249989868], [120.51208760031103, 23.69371702723356], [120.51102684808936, 23.693250181118138], [120.50960554190608, 23.69262342042552], [120.50860675745899, 23.692185278110117], [120.50835643555648, 23.692075555341383], [120.50829656800799, 23.692049314514062], [120.5080626456373, 23.69194678675893], [120.50805871593644, 23.691945138089753], [120.50805550774993, 23.691943794208225], [120.50796344080544, 23.691905162410723], [120.5074067431172, 23.69165885871445], [120.50697862249243, 23.691468034705082], [120.50637061674803, 23.691203621904734], [120.50581212034348, 23.69095746933323], [120.50521428312778, 23.690699405288978], [120.50470299703947, 23.690475739112085], [120.50426278805827, 23.69028400214943], [120.5038399348803, 23.690097656119825], [120.50321079700628, 23.689816395150217], [120.50317726867769, 23.689801984517615], [120.50283572060209, 23.689655202947296], [120.50223681878808, 23.68938883483084], [120.50168568466844, 23.689147169928304], [120.50106368796074, 23.688872713646095], [120.50057081268281, 23.688658818279368], [120.50014884126283, 23.688472862423676], [120.49970286328201, 23.68827789749013], [120.49931523743874, 23.688105874829], [120.49894523023396, 23.687944680658028], [120.49851048014509, 23.687755509608284], [120.49810703958487, 23.68757639859577], [120.49770789520157, 23.687402293906473], [120.49738232022544, 23.687258586220462], [120.49725780102784, 23.687203624531243], [120.49720768406944, 23.687181501572095], [120.49709647359019, 23.68713339136381], [120.49683033622728, 23.687018255911514], [120.49630199092506, 23.686786416230802], [120.49577056520829, 23.68654783760458], [120.49530463521398, 23.686345824235804], [120.49481375735058, 23.686129966825792], [120.49462084231506, 23.686046679460954], [120.49457398399055, 23.686026453500986], [120.49442318165814, 23.68596092028552], [120.49431286069806, 23.685906417970596], [120.4938028344554, 23.685678548561107], [120.49344412794335, 23.68552713040119], [120.49321486565586, 23.68542666529596], [120.49290836653415, 23.685294288826285], [120.49274831918585, 23.685223865743538], [120.49273382738902, 23.685216305561863], [120.49250852378911, 23.68511676438856], [120.49237057629475, 23.685051596387968], [120.49216150281754, 23.684951394566422], [120.49185116666541, 23.684790036149444], [120.49162239436943, 23.68465988967823], [120.49138942064887, 23.684521015409956], [120.49100076052365, 23.68427246006731], [120.49075648283392, 23.6841008150264], [120.4906641366168, 23.684031271576536], [120.49060832379878, 23.683986815371302], [120.49050215255453, 23.683902228014183], [120.49020458644854, 23.6836651491224], [120.48980431510188, 23.6833099027499], [120.4895781855275, 23.683098846816343], [120.48951334816562, 23.683027921503577], [120.48941637633378, 23.682920337985152], [120.48934278271227, 23.68284458896198], [120.48919757995336, 23.68268962092045], [120.48903860670282, 23.682500673683307], [120.48870905849228, 23.68211630224677], [120.48850951595858, 23.6818717510629], [120.4884633799303, 23.681815217216215], [120.48826955649271, 23.68157767360669], [120.48767406216547, 23.680846908451112], [120.48742009571662, 23.68053525670251], [120.48480624736803, 23.677371233779386], [120.48223079148838, 23.674183770425923], [120.48089765629776, 23.67256395505178], [120.47707167555173, 23.667915227392935], [120.4770641733254, 23.66790600079981], [120.47686085235935, 23.66765602225827], [120.47658548868881, 23.66731676717617], [120.47658369450329, 23.6673143411533], [120.47633222434199, 23.666974832232246], [120.4760890985733, 23.66662539134754], [120.47589463612492, 23.66630600302216], [120.47577145300181, 23.666083040086797], [120.47574569899689, 23.666036440917757], [120.4757111949924, 23.665973983056723], [120.47570293150342, 23.6659590380154], [120.47568535747328, 23.665923753651036], [120.47563710906792, 23.665826909276472], [120.47546918186667, 23.665466931350984], [120.47538895998437, 23.665280449078136], [120.47527204578364, 23.66497081269817], [120.4752220648726, 23.664819422863445], [120.47509865506399, 23.66441813082629], [120.47508793402284, 23.664372991098205], [120.47506188335197, 23.664263336324534], [120.47502773550428, 23.664133969342437], [120.47493322763665, 23.663673558197456], [120.47480133439682, 23.662912872596976], [120.47474940786806, 23.662588710471436], [120.4747431428859, 23.66255209180586], [120.4747022591072, 23.66231277415945], [120.47462748434346, 23.66187515743005], [120.47462313211729, 23.661848080620384], [120.47453597182698, 23.66130616474657], [120.47443539902106, 23.660696236641527], [120.4744107143815, 23.66054923945007], [120.47435317786405, 23.660206574266898], [120.47425895981146, 23.659598879817725], [120.4741582543859, 23.65901537194188], [120.47404489019372, 23.65832994773133], [120.47396270201808, 23.657849883746866], [120.47388234787653, 23.65734767602079], [120.47387428563538, 23.657297307969106], [120.47386929339207, 23.657266111402304], [120.47386843268436, 23.657260726767934], [120.47386649137155, 23.657248566175916], [120.47386295630896, 23.657228029624076], [120.4738589900631, 23.65720500843562], [120.47384987927074, 23.657152108501393], [120.47384277081287, 23.657110818553093], [120.47381203757524, 23.656932359201733], [120.473804651367, 23.656889442958402], [120.47379534918801, 23.65683538656561], [120.47379076990464, 23.65680878752436], [120.47378543381218, 23.656777788440042], [120.47377635168841, 23.656725087250614], [120.47367766464066, 23.65612569345365], [120.47367370268402, 23.656101615795386], [120.47366963539403, 23.656076914728562], [120.47357279676926, 23.65547146816201], [120.47347148321009, 23.654855224813588], [120.47336149754989, 23.654204142322588], [120.47331373393206, 23.65392402252695], [120.4733116790932, 23.653908412184364], [120.47328761913968, 23.653774916281307], [120.47327741601644, 23.65371829233968], [120.47327319072619, 23.653693915790285], [120.47326514273739, 23.653647439549133], [120.47322369551358, 23.65340812843399], [120.47316396475155, 23.65300535328778], [120.47307120543933, 23.652464229796493], [120.47296191644469, 23.65178699013446], [120.47287170698584, 23.651216591731473], [120.4727809654897, 23.65068129901216], [120.47269531540275, 23.650113372037783], [120.4725815141238, 23.64948921141134], [120.47249010097919, 23.648911738293794], [120.47240013087567, 23.648380366765753], [120.47239280926073, 23.648333784571783], [120.47239276155442, 23.648333459339213], [120.47239247466482, 23.64833167047675], [120.4723466823965, 23.648049805173944], [120.47234165707044, 23.64801969198623], [120.4722862075877, 23.647687100893737], [120.47221602421695, 23.647247412176636], [120.47212839685044, 23.646706774851438], [120.47203242993146, 23.646175608331635], [120.47193379051106, 23.64556805012993], [120.4718582053944, 23.645107149989606], [120.47178026593771, 23.644607775114025], [120.47170481900909, 23.644161539614704], [120.47161838182511, 23.643647688091377], [120.47153413588264, 23.643147280206822], [120.4715144015136, 23.643026115196687], [120.47148372391075, 23.642837749726887], [120.47142173336617, 23.642458199316664], [120.47133127484284, 23.64191625137196], [120.47124967030935, 23.641427365170767], [120.47115565484623, 23.64087085804132], [120.47107311306354, 23.64035940319347], [120.4710083601897, 23.639970226441523], [120.4709533298597, 23.63963247104799], [120.47093647104407, 23.639530087099303], [120.4708761362664, 23.63916367270106], [120.47079452043428, 23.6386661988181], [120.47071105610779, 23.638138631472394], [120.4706303182869, 23.63764978385316], [120.4705247500106, 23.63703044391057], [120.47042882667593, 23.636418505059048], [120.470391191541, 23.636208606662958], [120.47031869700471, 23.63578839491237], [120.47023679687352, 23.635284607822168], [120.47015496748584, 23.634765822505614], [120.47007504902533, 23.634313005917665], [120.47006822808196, 23.634271463860127], [120.4700255794897, 23.634011983950238], [120.46993930678842, 23.63351391556931], [120.46985569657595, 23.63299005823931], [120.46977028126526, 23.632469219633464], [120.46970123786193, 23.63207154846074], [120.46964697204236, 23.631706127834036], [120.4696222186098, 23.631554388640012], [120.46960354851782, 23.631439899878263], [120.46959050228759, 23.631359932998116], [120.46956954611562, 23.63123147642767], [120.46953004123957, 23.631007096649796], [120.46951135236489, 23.63089487427321], [120.46948153452335, 23.630715802746472], [120.46940460229858, 23.630250245857784], [120.4694031766436, 23.630241644663332], [120.4694028511723, 23.630239720214206], [120.46931795787995, 23.629736097323196], [120.46928605864295, 23.629546866475785], [120.46922444833503, 23.62914544597766], [120.4691636169175, 23.628789890194575], [120.46915025588912, 23.628711797659648], [120.46910824069631, 23.628466216315402], [120.46901125459027, 23.627888222517075], [120.46897009018573, 23.627638362121846], [120.46889225416793, 23.627151329010957], [120.46885254483423, 23.62692230698698], [120.46877459424715, 23.626451487212297], [120.4687408412831, 23.62622653267202], [120.46866887790891, 23.62578526240471], [120.46863207221506, 23.625581017040115], [120.46856002233478, 23.62513924976379], [120.4685145096998, 23.624860838471054], [120.4684188695357, 23.62437189201328], [120.46838051313094, 23.62422327355582], [120.46830369039873, 23.623903313761538], [120.46825635414969, 23.62373651830797], [120.46821489550334, 23.623579120379247], [120.46814628458456, 23.623333815028804], [120.46814619281074, 23.62333348603123], [120.46808610079918, 23.623128391347066], [120.46806750043257, 23.62307440551295], [120.46803594321675, 23.622982807873594], [120.46801560125265, 23.622923761206515], [120.4679201419261, 23.622657724394447], [120.46779604453393, 23.622316836488835], [120.46763375153199, 23.621930180169887], [120.46752184352358, 23.621666977999677], [120.46729931984214, 23.62117660024727], [120.4671143163458, 23.620801759406564], [120.46680746878828, 23.62019001228333], [120.46674934868615, 23.62008161264214], [120.46659801594394, 23.619774555857905], [120.46646534209219, 23.619484412595842], [120.46633144008766, 23.61922132356214], [120.46619834455348, 23.618970474311393], [120.46606375885709, 23.61870151154575], [120.46595195631217, 23.618478026871056], [120.4658463633252, 23.61826711123627], [120.46574177059999, 23.618057076664513], [120.46563727570505, 23.617841364447152], [120.4654714170043, 23.617506744675264], [120.46543104706748, 23.617423820821802], [120.46528503039917, 23.617123873023825], [120.46510635228996, 23.616762018286202], [120.46496244535574, 23.61648297772922], [120.4648928566046, 23.616342776582393], [120.46482612431113, 23.616203854837156], [120.4647522652823, 23.616049144334823], [120.46465607069293, 23.615871841962175], [120.46458076109232, 23.615713420561395], [120.46446027843992, 23.61546887093899], [120.46434498326276, 23.61524141439777], [120.46424760641348, 23.615041833081417], [120.46411329257081, 23.61477012269234], [120.46401602925995, 23.614573635216413], [120.46388699860164, 23.614320161314517], [120.46375896237863, 23.614058912505104], [120.4636606262803, 23.613861411570902], [120.46347559661835, 23.61348954788114], [120.46333177684973, 23.613210049194326], [120.46312967583309, 23.612798395122134], [120.46301863597643, 23.612573877945806], [120.46301367135605, 23.61256383412586], [120.46299772583414, 23.61253158425707], [120.46297553276038, 23.612486694585925], [120.46286950307244, 23.612272226698355], [120.46281180718918, 23.612155134992076], [120.46277644561962, 23.61208337049648], [120.4626760017186, 23.6118820023177], [120.46256073995778, 23.611650732189062], [120.46244969239358, 23.611429051725647], [120.46235447681003, 23.61123623817741], [120.46217481980673, 23.610870302410248], [120.46209203719673, 23.61071474703212], [120.46193269585183, 23.610393363786443], [120.4617187340945, 23.609959744291572], [120.46163169477441, 23.609781406264343], [120.46148112679036, 23.609487631674945], [120.46138138565412, 23.609282377775102], [120.46119269107965, 23.608898507999346], [120.46109400035242, 23.60869372259097], [120.46106552434433, 23.60863517769818], [120.46100106277123, 23.608502649825645], [120.46095439974366, 23.60840671092299], [120.4607941985243, 23.608100919717977], [120.46070045315406, 23.607929299493637], [120.46060120732669, 23.607715886610325], [120.4604672182484, 23.607430908535715], [120.46028694072925, 23.60707423384458], [120.46012938136539, 23.606754114575413], [120.45999773250948, 23.606491568744445], [120.45986721906098, 23.606229697662243], [120.45971368282716, 23.605922333863433], [120.45969049861404, 23.605875941327852], [120.45931662021599, 23.605127777117307], [120.45911085232571, 23.6047116171947], [120.4589330212385, 23.60436729764402], [120.45874799513403, 23.604037230673967], [120.45858164068582, 23.6037672512508], [120.45836198724659, 23.60344823651088], [120.45816223818213, 23.603190937135036], [120.45806202321542, 23.603077122972856], [120.45805809622435, 23.603072751501905], [120.45805549578866, 23.603069856512683], [120.45789500776418, 23.602868214241205], [120.45765365565295, 23.602592016854917], [120.457358156076, 23.602280622384498], [120.45717152739527, 23.602079202259194], [120.45690330984901, 23.60184930835942], [120.45606159695585, 23.600980237895858], [120.45597267234957, 23.600887313547368], [120.45548025123693, 23.600372743812468], [120.45486190840596, 23.599744522624675], [120.4545276932312, 23.59940617756141], [120.45430913714135, 23.59917889803515], [120.45408290497696, 23.59895322380449], [120.45367387124848, 23.59855982760074], [120.45348634796653, 23.598333597905132], [120.45348605322822, 23.598333315139204], [120.45348418328615, 23.598331524276794], [120.45339120553581, 23.598193046132554], [120.45326038317758, 23.598078383455324], [120.45298286101156, 23.597843381725045], [120.45269238480105, 23.59752873916731], [120.4523883593125, 23.59724516849021], [120.45188132504289, 23.59671410006716], [120.45144671087556, 23.59626558311493], [120.45124246671682, 23.596049126012], [120.45093569097791, 23.595739556050795], [120.45054070170411, 23.59533460083039], [120.45013434385619, 23.594914911136108], [120.44971045022248, 23.594478742150592], [120.44919951688209, 23.593954530170695], [120.44909393697631, 23.593846705108614], [120.44903908848934, 23.593790690343], [120.44814391218151, 23.59286961128682], [120.4477214852095, 23.59243495375201], [120.44701212452458, 23.591708116222097], [120.44648170927198, 23.591163297811544], [120.44587384472469, 23.590535519386794], [120.44586065813941, 23.590522637434876], [120.44573504962624, 23.5903914003383], [120.44543235904594, 23.59008020347858], [120.44511663212633, 23.589756650093506], [120.44490577954609, 23.589537324030033], [120.44469495055684, 23.58932047373173], [120.44448537404999, 23.58910603316097], [120.44428738448961, 23.58890378782953], [120.44409595194433, 23.588705300425836], [120.44390707886406, 23.588512915239654], [120.44370652583214, 23.588307006559198], [120.4435163799911, 23.58811095387393], [120.44332359084973, 23.587913621902487], [120.44311534781426, 23.58769674625373], [120.44264324905615, 23.58721153262996], [120.44254235610937, 23.58710860149333], [120.44232881502646, 23.5868903711967], [120.4421323080716, 23.586683371602533], [120.44195253890855, 23.586502043922078], [120.44175839617137, 23.58630340308484], [120.44155138331645, 23.586086430466164], [120.44137940919894, 23.58590265057772], [120.44124488072022, 23.585759247244514], [120.44107150487919, 23.585567967271302], [120.4409124889638, 23.585381679872302], [120.44078534726218, 23.585226136018008], [120.44077392008451, 23.585211230081867], [120.44071476638481, 23.585133830688285], [120.4405989748635, 23.584983721925145], [120.44046992837708, 23.584808061662432], [120.4403569503403, 23.584647990376382], [120.44024499731786, 23.584485621916766], [120.44018041981245, 23.58438620265197], [120.44006584556378, 23.584208109209403], [120.43995784416654, 23.584027579665843], [120.43985117733436, 23.58384707653038], [120.43973915475922, 23.583644618893494], [120.43962853840047, 23.58342901348476], [120.43952713233314, 23.58323034856167], [120.43945066353447, 23.58306786011221], [120.43935318678635, 23.582849793438452], [120.4392675835712, 23.582648091764835], [120.4391726887334, 23.582414170792255], [120.43915728727745, 23.582369981295493], [120.43910288285267, 23.582213876896226], [120.43907399458335, 23.582130987675058], [120.43900390602002, 23.581924431468348], [120.43893801069191, 23.58171606274328], [120.43888395374248, 23.58153549425503], [120.43884966700986, 23.581413096498956], [120.43882332942233, 23.581317489879385], [120.43876800840354, 23.58112138376836], [120.43865605045262, 23.580707437483223], [120.43861911724514, 23.58057530143317], [120.43860398628546, 23.58051136835494], [120.43853474157451, 23.58026524831102], [120.43844763509797, 23.57994040714266], [120.4383360531674, 23.579538469746566], [120.4382285415871, 23.57915447468677], [120.438131831192, 23.57880534823979], [120.43804344581376, 23.578481735657753], [120.43798479589866, 23.578271415166864], [120.4378420483399, 23.5777509409756], [120.43765963333301, 23.577084062421388], [120.43750520227849, 23.576525521220702], [120.43748984259332, 23.57646997043233], [120.43739577445766, 23.576129752779167], [120.4371753252507, 23.57532501916703], [120.43699876212459, 23.574680471699786], [120.43680865841287, 23.573982985726726], [120.4366621072816, 23.573450958277938], [120.43663122036467, 23.573333527835484], [120.43663115674912, 23.57333328380089], [120.43663067669736, 23.57333145262778], [120.43635651349717, 23.57239255269649], [120.43600029592275, 23.57108070994464], [120.43566255019643, 23.569859152583714], [120.43531353420653, 23.56852828947789], [120.4350013859793, 23.56739996929059], [120.4346540108904, 23.566130632183153], [120.43432195597991, 23.564929253929073], [120.43401864033909, 23.563830180428965], [120.43367133278535, 23.562558450000353], [120.43332677073266, 23.561317726158645], [120.43306200376469, 23.560348502146667], [120.43305807865262, 23.56033413227606], [120.43305556154694, 23.560324921742946], [120.43288607254401, 23.559704462792784], [120.43254868929807, 23.55845136528541], [120.43169026978784, 23.55520892857497], [120.43106761648842, 23.552857031988452], [120.43080941058203, 23.55213879456408], [120.43069728404794, 23.551731821206168], [120.43038997499123, 23.550588733742135], [120.42998447412725, 23.549184463659294], [120.42974649335461, 23.548333536921792], [120.42974593182367, 23.548331562754978], [120.42954282904633, 23.54761829098835], [120.42937971080931, 23.54702772708898], [120.42933990310235, 23.54688359908136], [120.42908590827982, 23.545964005841924], [120.42904637611574, 23.545820173132537], [120.42900224436002, 23.54565960755992], [120.42862383560961, 23.544282818539994], [120.42847500479573, 23.54373633536545], [120.42842585177821, 23.543555853086957], [120.42817459510233, 23.54263327394748], [120.42802731766635, 23.542030995414674], [120.42800032379216, 23.541861899759997], [120.42798770226214, 23.541782835337248], [120.42794165426281, 23.541494364212614], [120.42788675085785, 23.540997550105107], [120.42786147417232, 23.54049634083156], [120.42788020732998, 23.53983722477248], [120.42795084255796, 23.53917077042302], [120.42804913841829, 23.53859364841683], [120.42819819859494, 23.538015658164014], [120.42836038064685, 23.53751301369556], [120.42853914084915, 23.537065107202782], [120.42870790781338, 23.53669666946062], [120.42889523928434, 23.536324940546702], [120.42911112002929, 23.535961885404618], [120.42938520564311, 23.5355160972996], [120.42973410501406, 23.53494940090808], [120.43035171009848, 23.533954075879524], [120.43117020869569, 23.5326298941329], [120.43182503222971, 23.531562478137513], [120.43248911639246, 23.530495282469023], [120.43256790519506, 23.53036743292959], [120.43264081023786, 23.53024913170511], [120.43305556352247, 23.529576115153727], [120.43305793429553, 23.529572268054107], [120.43306185928833, 23.529565898264707], [120.43316792911311, 23.52939318825753], [120.43330918221443, 23.529163185610418], [120.43367324072459, 23.528570386020064], [120.43441241638182, 23.52738147591906], [120.43512353633999, 23.526225848815706], [120.43583831394517, 23.525068416358735], [120.43665833263333, 23.523763107485046], [120.43692197828737, 23.52333352957603], [120.43692210846407, 23.523333315136778], [120.43692320897136, 23.523331520373894], [120.43786336791574, 23.521805274314104], [120.43845005413444, 23.52086188966169], [120.43912843737604, 23.51976350697706], [120.43963819622827, 23.518938411074004], [120.4398933516674, 23.518526481061393], [120.43993569731325, 23.518458116728738], [120.44016127771678, 23.518093936215443], [120.44069801852801, 23.517227224613247], [120.44120381283524, 23.51640501096801], [120.4412079973843, 23.516398206643107], [120.44120939353442, 23.516395939743433], [120.4412095374976, 23.516395703678025], [120.44121899116413, 23.516380336293302], [120.4417846648985, 23.515465010126448], [120.442331219105, 23.51456208343334], [120.44239313596641, 23.51446318085886], [120.44300111030435, 23.513492023386302], [120.44349820721484, 23.512693249777712], [120.44362726097141, 23.512496926864294], [120.44379191123623, 23.512227347137213], [120.44389947097703, 23.512044272564673], [120.44403437445493, 23.511822455403443], [120.44422300454399, 23.51147466649409], [120.44455248217221, 23.51089611782929], [120.44495091838934, 23.510213418142236], [120.44539849902138, 23.50946761195692], [120.44586263189298, 23.508699900796756], [120.44606183149108, 23.508351881505384], [120.44622904293956, 23.508037530726103], [120.44635376593192, 23.507741885785876], [120.44649350951627, 23.507425650931324], [120.44660087411368, 23.50711375532515], [120.44671620808487, 23.506803603607572], [120.44678112358582, 23.506538318208175], [120.4469112116486, 23.506102175321207], [120.44701901378902, 23.505680023512642], [120.44717527922218, 23.505016583130143], [120.44735451078414, 23.50426226792705], [120.44753931204788, 23.503472591330212], [120.44779724210589, 23.50238401580505], [120.44804244115572, 23.501353743765755], [120.44825508420733, 23.50043789980975], [120.44846399822178, 23.499539814811932], [120.44867833669693, 23.49862683122668], [120.4487473618303, 23.498333806728173], [120.44874742961709, 23.49833351620595], [120.44874785222088, 23.498331720755612], [120.44889143309182, 23.497722195439252], [120.44912229726955, 23.496770330747086], [120.44939206216682, 23.495638718757835], [120.4496272614325, 23.494587707523102], [120.44980191845625, 23.493864154790664], [120.4498783920622, 23.493606022024014], [120.45001734797698, 23.492967210253983], [120.4500808794781, 23.49253656447295], [120.45012400298549, 23.49221125790069], [120.45013650449538, 23.491779302337658], [120.45013336205201, 23.491498112328646], [120.45010775659841, 23.491147270480457], [120.45008657978153, 23.490882260677505], [120.45004473517278, 23.4906444915344], [120.45001445752494, 23.490490143371844], [120.4499662789634, 23.49030566791576], [120.44988461007229, 23.49000079251154], [120.44977073049367, 23.4896697340534], [120.44966245049392, 23.48937948509221], [120.44953817035585, 23.489099471808238], [120.44940476751675, 23.488833296104072], [120.44925817498627, 23.488567796068146], [120.44907992062436, 23.488283672706274], [120.44889533859528, 23.488021704175505], [120.44868177900877, 23.487745474062365], [120.44839774254068, 23.487417144627464], [120.44822255437285, 23.487222771993938], [120.44787063660155, 23.4868312178072], [120.44752818312894, 23.486456780936212], [120.44713189429775, 23.486014717161154], [120.44678919202175, 23.485635681595454], [120.44625823691425, 23.48506011108886], [120.4457186079801, 23.484465019650326], [120.44514697279062, 23.483879335370762], [120.44456708864357, 23.48326401152978], [120.44398571681792, 23.482656650040983], [120.44386914626969, 23.482529152952008], [120.44340986571687, 23.482097368624597], [120.44277000883176, 23.481461381295965], [120.44216011113062, 23.481085451974323], [120.4411618249554, 23.4800012109454], [120.44054516171886, 23.479328851677405], [120.4404784257927, 23.47925608826977], [120.43862364035012, 23.47717934810245], [120.43841506434774, 23.476612808378462], [120.43801496729186, 23.476154095788896], [120.43735154622395, 23.47541400800431], [120.4370661150636, 23.475075998455456], [120.4360336034759, 23.47391459101812], [120.43554416012772, 23.473340604812282], [120.43516947406833, 23.472865902007534], [120.43468436095738, 23.472306422710354], [120.4339237037109, 23.471446816803546], [120.43330782290424, 23.47080058604889], [120.43305552529044, 23.47056872589988], [120.43216770720433, 23.469669612997354], [120.4320516202692, 23.469540078155152], [120.43127233904566, 23.468688103234125], [120.43047163711022, 23.467809523661078], [120.42959685582764, 23.46684668571222], [120.42884480091219, 23.46602145107017], [120.4285798400868, 23.465727066826425], [120.42787436557023, 23.464948547332003], [120.42704765640337, 23.464021956913268], [120.42564448227849, 23.462421250390292], [120.42479779705036, 23.46149017352486], [120.4245658300775, 23.461227717456357], [120.4245149882557, 23.461175590852495], [120.42447616869818, 23.46113578743792], [120.42444944055323, 23.461108382424726], [120.42444934703472, 23.461108279138877], [120.4243909086218, 23.461046919392828], [120.42379456317634, 23.460388053955622], [120.42279423748586, 23.4592865555485], [120.42244791935853, 23.458909986877252], [120.42190576660204, 23.458313338601275], [120.421566520159, 23.45794917871235], [120.42109137465812, 23.457425840572288], [120.42049966159527, 23.456831425403664], [120.42017145048558, 23.456469999850697], [120.41973307715917, 23.455987304218436], [120.41938399541802, 23.455602926691192], [120.41854526858758, 23.454679172958567], [120.4180070954103, 23.454086421701223], [120.4176726329192, 23.453718038125277], [120.41727079004964, 23.453275299285206], [120.41719463707817, 23.453191396226586], [120.41694956157195, 23.45292137712953], [120.41686026918478, 23.452822996845832], [120.41598653515672, 23.451860302728058], [120.41569968832825, 23.451544336565973], [120.41516396975118, 23.450954228822358], [120.41467121154425, 23.450411443565994], [120.41450534415067, 23.450228735277943], [120.41431133044763, 23.450015035324835], [120.41374870084573, 23.449395312105736], [120.41307532948764, 23.44865387906937], [120.41287969029385, 23.448438298454736], [120.41278487371194, 23.448333814365885], [120.41278468087063, 23.448333600534728], [120.41225477419205, 23.447759867927726], [120.41156706329393, 23.446984488006102], [120.41071957636778, 23.44600540781016], [120.40979903324451, 23.444989141661384], [120.40976400140792, 23.444950465974166], [120.40965422342536, 23.444829270502268], [120.40833458558609, 23.443367465954655], [120.4080606468301, 23.443067286689246], [120.4080577036365, 23.443064059078203], [120.40805554345923, 23.44306169408282], [120.40772419719525, 23.44269860735772], [120.40693803303736, 23.44183338996254], [120.40576706079548, 23.440522236476184], [120.40501231757479, 23.439699378255067], [120.40423272013, 23.43885358860312], [120.40335215412122, 23.437867001588806], [120.402593376724, 23.43703821363077], [120.40185636825302, 23.43622188906153], [120.40118091291843, 23.435473667697355], [120.4006783045642, 23.43492322431587], [120.40002272210714, 23.43420498405113], [120.39976884233856, 23.433926143548195], [120.39938143712193, 23.43350064975619], [120.3990350889639, 23.433118547918436], [120.39871219150238, 23.432753665354454], [120.39811500734758, 23.432095123859114], [120.39752189048515, 23.431438255512695], [120.39681584234586, 23.43066494345867], [120.39639494590295, 23.430183403217853], [120.39619211051824, 23.429949465243087], [120.39575418624648, 23.429382904181544], [120.39540732982245, 23.428894676731648], [120.39510384705144, 23.42843164019718], [120.39479901698586, 23.427916773464652], [120.39450591140513, 23.427417176012966], [120.39411317590846, 23.426742544226492], [120.39379208804274, 23.426200382810237], [120.39332596475853, 23.42540193063372], [120.3928647620579, 23.42459879433932], [120.39239736532981, 23.423809684930273], [120.39212080237718, 23.423333775041314], [120.39212059266033, 23.423333414835025], [120.39211954992251, 23.423331619244266], [120.3920487346889, 23.423209761411716], [120.39182085428443, 23.422811692217433], [120.39140978458241, 23.422120798918698], [120.39103811257311, 23.421477295379553], [120.3907235040897, 23.42093785743713], [120.39057437640528, 23.420693524292282], [120.39048371222738, 23.420539559249814], [120.39037525649856, 23.42035537748629], [120.39019957437758, 23.420057030024065], [120.38981398171417, 23.41938753356943], [120.38937257378304, 23.418633968121878], [120.38893112940823, 23.41788088710646], [120.38862180553019, 23.417344933130167], [120.38822392347623, 23.416642989009222], [120.38799160442163, 23.416239194516475], [120.38786894480029, 23.416010413576043], [120.38778837214744, 23.41590086218684], [120.3876959296277, 23.415743917735803], [120.38753081947785, 23.4154408138599], [120.38730781133246, 23.414987181794636], [120.38719788912437, 23.414778296209075], [120.38710507485821, 23.414497597811], [120.38702965479179, 23.414266678134243], [120.38689019479618, 23.413867937350734], [120.38682678603936, 23.413556332831135], [120.38678193684129, 23.41337901597489], [120.38669924111502, 23.41305206818467], [120.38665067638023, 23.41282387239804], [120.3865823378442, 23.41246670967941], [120.38655188439955, 23.41217043082981], [120.38651232614414, 23.411638244189735], [120.38650558856743, 23.41144468152303], [120.38650842550824, 23.411101605811904], [120.38649786225761, 23.410910374081404], [120.38647788547156, 23.410544894058408], [120.38645322078965, 23.410086520281727], [120.38644111330713, 23.409910653174368], [120.38639976980927, 23.409273525483197], [120.38630515157719, 23.407935902626264], [120.38628407811746, 23.407603240075797], [120.38625569614887, 23.40721770756339], [120.38618603380888, 23.406278064730216], [120.3861493066328, 23.40576584669295], [120.38612752351858, 23.405462023705002], [120.38606373807845, 23.404587057919002], [120.3860585924462, 23.404518166539592], [120.38605839336877, 23.404515509156393], [120.3860583731438, 23.404515227343566], [120.38605836020864, 23.404515062045313], [120.38600350995094, 23.40378057263155], [120.38595054851768, 23.403026135348167], [120.38594921127384, 23.40301103026687], [120.38588345377681, 23.402268339307955], [120.38585164292336, 23.40199598756789], [120.38580722285987, 23.401718556599636], [120.38575993195862, 23.401476005935454], [120.3856918007745, 23.401161612578484], [120.38558600004988, 23.400754946068567], [120.38542597585949, 23.400278599110397], [120.38522632520593, 23.399782356721445], [120.38508056085256, 23.399474879836113], [120.38489276413445, 23.399108732559593], [120.38463069239212, 23.398654007133576], [120.38442011692749, 23.398333417670244], [120.38441980215244, 23.398332939650807], [120.38441862468939, 23.398331145283503], [120.38433797577366, 23.398208360259265], [120.38404734470626, 23.397837219715978], [120.38374522857801, 23.3974700859934], [120.38335902869115, 23.397068956484453], [120.38322731796043, 23.396937335052307], [120.38310298131424, 23.396813083938216], [120.38306066456644, 23.39677079596594], [120.38305772262687, 23.39676806815494], [120.38305549862946, 23.396766007779547], [120.38305502129052, 23.39676556613849], [120.38286705892449, 23.396598664627245], [120.38270335873247, 23.39645751361294], [120.38242479112817, 23.39623064364567], [120.38215352912717, 23.396015699889677], [120.3818414630796, 23.39576508867778], [120.38137086370071, 23.39539137315099], [120.38110836515777, 23.39517935006475], [120.3809296719722, 23.395030596083753], [120.38072028445852, 23.39484667519341], [120.38051637394186, 23.3946569126046], [120.38031930443701, 23.394468406747563], [120.38017856703891, 23.394328041272598], [120.37994676102858, 23.394082665852892], [120.37977122637015, 23.393885653663663], [120.37958400076162, 23.39366735199901], [120.37943415319087, 23.39348074632084], [120.37924976368934, 23.393243164902874], [120.37904015462968, 23.39295215781259], [120.37882583980229, 23.392664306669605], [120.37857064131843, 23.392310042920922], [120.37834056308326, 23.391993917190103], [120.37805513005223, 23.391600649554746], [120.37765167518198, 23.39104385206079], [120.37749546101591, 23.390832249680805], [120.37727304327186, 23.390518984691422], [120.37709023323912, 23.39027209902356], [120.37686068656974, 23.389952992496408], [120.3766230614118, 23.38962571837441], [120.37636092216705, 23.389270548414427], [120.37609924362226, 23.388904408506892], [120.37588976610552, 23.3886145283427], [120.37574755976411, 23.388418959509817], [120.37545715479062, 23.388018149960928], [120.37505079202047, 23.38746019469086], [120.37481168184613, 23.387129585309548], [120.37450806229458, 23.38671271204789], [120.374304363572, 23.38643444823834], [120.37405923863207, 23.38609096679068], [120.37378587930404, 23.385713824837783], [120.37353314937421, 23.38536841945468], [120.37333282708815, 23.385091950436756], [120.37310241290274, 23.384775115978353], [120.37287840126379, 23.384466840139474], [120.37263094302725, 23.384122853201568], [120.37243612799843, 23.383853867478663], [120.37223284782303, 23.383577459254195], [120.37212332292661, 23.383426599104514], [120.37206577307785, 23.38334733002501], [120.37198584079651, 23.38323723047725], [120.37175090437273, 23.382909884940837], [120.3715607666094, 23.382650905838897], [120.37134435581622, 23.382352005261225], [120.37112971882496, 23.382059883062038], [120.37093827459773, 23.381789711695326], [120.37073901034982, 23.381517446200736], [120.37049946671135, 23.38118677713735], [120.37026674035342, 23.380865656315137], [120.37004128864005, 23.38056181341496], [120.36980340689388, 23.380227127168787], [120.36953671877136, 23.37986208955873], [120.36928490896224, 23.379515803443425], [120.36901542333884, 23.37914471266163], [120.36860866965178, 23.37858619128084], [120.36826970297781, 23.378117355163294], [120.36785897833116, 23.377550544422167], [120.36740180037516, 23.37691893203941], [120.36736704723702, 23.376870918437188], [120.367269366179, 23.3767359666275], [120.36655594510358, 23.375754606494855], [120.36600201726783, 23.374987241515125], [120.36549301110703, 23.3742852709463], [120.36501148962813, 23.373580052991418], [120.36484432805678, 23.37333371164455], [120.36484399294618, 23.37333321725001], [120.36484277488086, 23.37333142257327], [120.36458050130123, 23.37291868227938], [120.364424176613, 23.37267024080288], [120.36416894527366, 23.37225587957592], [120.3639803212688, 23.371938602192696], [120.36395554616067, 23.37189933416376], [120.36387624476068, 23.371770933970986], [120.36376617039407, 23.371590783602812], [120.36332089966993, 23.370879272325382], [120.36302204399225, 23.370386314031176], [120.36261209974523, 23.369729621702152], [120.36250315660799, 23.369554156182193], [120.36223407036654, 23.36911805183108], [120.36184354515945, 23.368513995369682], [120.3614101872121, 23.36781299030784], [120.36107419357137, 23.367397373427664], [120.3604400178114, 23.36634498926669], [120.36032860868325, 23.366160111178843], [120.35908266666274, 23.36407311861657], [120.35879101881801, 23.36360291293259], [120.35855876055024, 23.363226653738547], [120.35825199252069, 23.36273443333046], [120.35806076523244, 23.36242718404411], [120.3580578224324, 23.36242245834928], [120.35805555224522, 23.36241881268412], [120.35805555150992, 23.362445385959422], [120.35744320923247, 23.36147639682286], [120.35671984158726, 23.360298096659466], [120.35625005434696, 23.359526851930323], [120.355870718277, 23.35891376259796], [120.35543255329807, 23.35820221514817], [120.35498141148864, 23.357476473947976], [120.35466670528841, 23.356968077429613], [120.35459898483319, 23.35685867689644], [120.35458386689714, 23.356834491095373], [120.35421843320542, 23.3562498579001], [120.35383375565108, 23.35563378888945], [120.35340774696475, 23.354945323213336], [120.35299251558017, 23.354286090202386], [120.35257242780011, 23.353609861555416], [120.35229231827807, 23.35315706708547], [120.35223554609783, 23.35306529393309], [120.35223151200621, 23.353058803680824], [120.35169912835919, 23.35220217123759], [120.35115646543808, 23.351329726341167], [120.35069200958762, 23.350583769318586], [120.35020525418695, 23.349797974035415], [120.34970650636303, 23.34899495342124], [120.34929275641676, 23.34833376555505], [120.34929252836646, 23.348333401603842], [120.34929140461692, 23.348331607200237], [120.34869768326534, 23.347376433394157], [120.34793941278625, 23.34615690258622], [120.34739947157249, 23.34528934413728], [120.34701221061425, 23.344666507949537], [120.34659697563438, 23.343997221489573], [120.34610246857333, 23.343201238004635], [120.34563396229935, 23.342450039058598], [120.34554407523034, 23.3423052620835], [120.34476632364367, 23.341052231225092], [120.34410105945885, 23.33998251314002], [120.34348702522537, 23.33899681390104], [120.34336768435762, 23.33880528433497], [120.34326097450706, 23.33863402477577], [120.34302426787376, 23.338254129465], [120.342424370649, 23.337280233387503], [120.34168404615757, 23.33608859380993], [120.3415823116269, 23.3359249753086], [120.34154732164312, 23.33586870082254], [120.3410275891583, 23.335032814161366], [120.34043642533814, 23.334084103862537], [120.33984197477378, 23.33313511655789], [120.33921920761202, 23.332130245904896], [120.33857085495912, 23.33108854092844], [120.33815487736939, 23.330411857320257], [120.3376942102506, 23.32967157635505], [120.33725220056137, 23.32896160433294], [120.33711352243837, 23.32874005312587], [120.33707159778568, 23.328673073119145], [120.3369565440888, 23.32848926215114], [120.3368730598959, 23.32835588692398], [120.33638163806803, 23.32756372952248], [120.33577956711711, 23.32659733023995], [120.33526942918304, 23.32576839238186], [120.33477671983553, 23.32497523219009], [120.33442666461167, 23.324417390926648], [120.33438234173833, 23.324346758250908], [120.33412738400747, 23.323940458060864], [120.3337472241389, 23.323333359061277], [120.33374699035083, 23.323332986033538], [120.33374586700552, 23.3233311933282], [120.33369366627534, 23.323233793815106], [120.33342398788814, 23.322789718149725], [120.3330608262988, 23.322213185753746], [120.33305788348737, 23.32220841986586], [120.33305549742823, 23.322204554827024], [120.33293187657124, 23.322004288058274], [120.33230928091255, 23.32100100845924], [120.33192955596934, 23.320392132605395], [120.33158319754959, 23.31983413111176], [120.33110556695885, 23.319064086397013], [120.33075098404792, 23.31849857120177], [120.3303277262778, 23.317814303344253], [120.33019219484927, 23.317593707721787], [120.32992476118122, 23.317168230210505], [120.32960578965138, 23.31665399679796], [120.32919703379162, 23.316001035204803], [120.32891207725534, 23.31554016849294], [120.32847730541204, 23.31484290652408], [120.3282710979503, 23.31450869416464], [120.32823672917083, 23.314453379309402], [120.3278660662323, 23.313859070860318], [120.32734794422979, 23.313023985494382], [120.32694338469692, 23.31237399165259], [120.32689790088124, 23.312300913831688], [120.32684852408127, 23.312221580488853], [120.32644415905028, 23.311574294301614], [120.32629261034523, 23.311328738206317], [120.32597695221548, 23.310819374425492], [120.32574536785656, 23.310427444040133], [120.32552768449834, 23.31012316995408], [120.32518787526185, 23.309579901607133], [120.3248377771712, 23.309023747640055], [120.3247278489173, 23.308872955315294], [120.32453765203279, 23.308577969095264], [120.32439537030402, 23.308340234044383], [120.32400879897453, 23.307574139999495], [120.32380744345457, 23.307169302411005], [120.32366037092088, 23.306852887048365], [120.32344006433188, 23.306498959955775], [120.32322456259918, 23.30615275196423], [120.32274255793847, 23.305303281097828], [120.32220199911573, 23.30448830472086], [120.3218660340543, 23.304035851124514], [120.32173671747847, 23.30373391896835], [120.32159768458355, 23.303420050414868], [120.32146949322836, 23.303171167550886], [120.32145125502711, 23.3031317126194], [120.3211821522981, 23.30254870201644], [120.32100867608709, 23.302148111874043], [120.3208912806204, 23.30185655819674], [120.32081892510904, 23.301645301518377], [120.32076841389647, 23.301466024190404], [120.32072785373339, 23.301290091302118], [120.32068660458526, 23.301097572811265], [120.32065790859544, 23.30088862451146], [120.32063532746311, 23.300624474596734], [120.32062902595841, 23.30038435166847], [120.32063222769456, 23.300202798453338], [120.32064107238574, 23.300044318638154], [120.32065301362444, 23.299895953140364], [120.32067631412, 23.299755412540293], [120.32071607782439, 23.29954551373202], [120.32076835947422, 23.299323151801616], [120.32081900195729, 23.29914614653166], [120.32088752231468, 23.298930150556902], [120.32096210953665, 23.29871144834694], [120.32107466949304, 23.29838721665413], [120.32109361967458, 23.298333800714847], [120.3211807702356, 23.29808815138128], [120.32130528193593, 23.297760127156494], [120.32142331470276, 23.29742145012573], [120.32143168648813, 23.297397429637748], [120.32155134014246, 23.29706864188278], [120.32169324335648, 23.296674651899483], [120.3219315039352, 23.296004222509268], [120.3221427757897, 23.295419482316845], [120.32232994047503, 23.294875484637046], [120.3223865526304, 23.294712077419533], [120.32240533831465, 23.29464749501784], [120.32248750705887, 23.294371140319093], [120.3225646441422, 23.29407908781276], [120.32262644256238, 23.293818164825108], [120.32268403254591, 23.293550235337673], [120.32272683365191, 23.293308180531398], [120.32275712083597, 23.293117491902727], [120.32278099173392, 23.29293190819147], [120.32279690960725, 23.29275433402748], [120.32281507359735, 23.292523104470128], [120.32282341602402, 23.2923009383188], [120.32283189818286, 23.29207877637554], [120.3228287454874, 23.29180017566977], [120.32283067392338, 23.291519491101745], [120.32282365846055, 23.291229768647728], [120.32282333337497, 23.291174035191624], [120.3228222795834, 23.290993567654198], [120.32282200366924, 23.290946277428045], [120.32281561330538, 23.290649707518902], [120.32281153082256, 23.290359538070376], [120.3228061472892, 23.2899938065419], [120.32280176457739, 23.289644728773716], [120.32279612227308, 23.289347537172777], [120.32279551009717, 23.289261792265236], [120.32279470696889, 23.289149254613907], [120.32279401794186, 23.289052807955894], [120.32278963929643, 23.28872398709582], [120.32278613963184, 23.288325955296266], [120.32277728940932, 23.28799623558444], [120.32277574241694, 23.28774978114223], [120.32277433864651, 23.287480424595174], [120.32276981026173, 23.287179076713112], [120.3227639141478, 23.286804527770506], [120.32276127491659, 23.286543645002617], [120.32275638414173, 23.286221568122755], [120.32275364963346, 23.28599072674115], [120.32274590012238, 23.285709712137447], [120.32274050700944, 23.285416216533907], [120.32273603827439, 23.28511718682725], [120.32273365273863, 23.28491243361249], [120.32272856262068, 23.28458957381189], [120.32272678653193, 23.284295257605965], [120.32272365984622, 23.284053053865414], [120.32271916890177, 23.2838378384363], [120.32271935341574, 23.2836946897449], [120.32271630259864, 23.2836094760494], [120.32270416959537, 23.282917713084505], [120.32269166520065, 23.2820717308986], [120.32268073871757, 23.281238455197016], [120.32267253478518, 23.280280470897598], [120.32265368183357, 23.279429247123883], [120.32264190581193, 23.27865030268608], [120.32263265650582, 23.27793688069453], [120.32262793469846, 23.277618000966953], [120.32261773912944, 23.276929459477625], [120.32261077533187, 23.27649894032806], [120.32260003605532, 23.275626714929874], [120.32258448621896, 23.274634772607335], [120.32257432748993, 23.27369007213515], [120.32257204400645, 23.27353239510252], [120.32256698465105, 23.27318297688897], [120.32256291685354, 23.272902086096153], [120.32254684948414, 23.271892656441544], [120.32253513969738, 23.271047859468542], [120.32252570481194, 23.27025786259542], [120.32251284819267, 23.269440774449087], [120.32250445894661, 23.268718270287163], [120.32248920731966, 23.2679225311951], [120.32248455467968, 23.267498477086598], [120.32248349887583, 23.267402256144255], [120.3224801745116, 23.26709920785288], [120.3224695493465, 23.2663491866637], [120.32245871114388, 23.26559316766606], [120.32244866157808, 23.26496533731344], [120.32243783025363, 23.264201967799522], [120.32242689065653, 23.263549136659016], [120.32242032488087, 23.262918697969145], [120.32241661928605, 23.262276755615517], [120.32240579740252, 23.2617508568274], [120.3223974657294, 23.26126499151938], [120.32239699980515, 23.261193986616007], [120.3223957381711, 23.26100160062303], [120.32239420181742, 23.26093045113293], [120.32238558265509, 23.2605314251536], [120.32237629444789, 23.259940917791237], [120.32237065671443, 23.259443760244018], [120.32236192474655, 23.2587948374047], [120.32235224278072, 23.258179371996015], [120.3223472338435, 23.257707849624754], [120.32234639282386, 23.257686300405283], [120.32234244547143, 23.25758518073355], [120.32233313503201, 23.257346712316306], [120.32231488807786, 23.257008682933666], [120.3222620037695, 23.256358008975933], [120.32221314509552, 23.255744507195395], [120.32216358692045, 23.25510145435305], [120.3221111814816, 23.254482532693956], [120.3220597281466, 23.253881621827844], [120.3220110067197, 23.253259830873095], [120.32196006548601, 23.25264438108607], [120.32191293700917, 23.25202737738591], [120.32187023565234, 23.251472071331538], [120.32181710525883, 23.250840818444225], [120.32177593499011, 23.250327432610366], [120.32177195908929, 23.250277853319403], [120.32176676696464, 23.25021311099835], [120.32172431923118, 23.24968591451884], [120.32168138925059, 23.249154420339636], [120.32164270995659, 23.248667872406255], [120.32161799167925, 23.248333784278447], [120.32161796329905, 23.248333405798284], [120.32161782969527, 23.248331611860532], [120.32153576878234, 23.24732855020123], [120.32148112961224, 23.24662730147517], [120.32147262389037, 23.24651813609326], [120.32144437068582, 23.245838449354654], [120.32125948103825, 23.243016269403387], [120.32123083541543, 23.24257901078224], [120.32120405551551, 23.24217023132633], [120.32114023057312, 23.24119596216461], [120.32105426620285, 23.240572215817192], [120.32096194303226, 23.240067996698553], [120.32090423206171, 23.23945760490158], [120.32088314398261, 23.23920885130214], [120.3208316445325, 23.238536679369975], [120.32081197895371, 23.238292269909596], [120.3208056538768, 23.23821366781394], [120.32077184711724, 23.237793522601944], [120.32067873360049, 23.236902771348305], [120.32061090681503, 23.23620564185176], [120.32056889788095, 23.235682802288252], [120.32056258644212, 23.23560425259533], [120.32050486739126, 23.234885881984972], [120.3204681840803, 23.234448825334415], [120.32046049285889, 23.2343571833444], [120.3204333790922, 23.234034142352925], [120.32036600780306, 23.233194061029582], [120.32030601395307, 23.232426836898767], [120.32024263385286, 23.231618151099408], [120.32017508847764, 23.230769426089587], [120.32010907987555, 23.22990313427741], [120.32004040350695, 23.22905053931361], [120.31997962792532, 23.228330033651122], [120.3199211007341, 23.227667482472995], [120.31987339051848, 23.226989473459472], [120.31980652163783, 23.226187535435713], [120.31974601122917, 23.225413373235337], [120.31967933336549, 23.22456048837916], [120.31960607682764, 23.223638729025794], [120.31958082112817, 23.223333794484354], [120.31958079348249, 23.223333465671264], [120.31958064624311, 23.223331671668124], [120.31956257237277, 23.223113437616654], [120.31956194165105, 23.223105827078268], [120.31952396987813, 23.222647381874136], [120.31944937615901, 23.221681351217516], [120.31938097715629, 23.220874492709992], [120.31931502859113, 23.220018990843826], [120.31924078967796, 23.21914169960531], [120.31918328203892, 23.218375450918348], [120.31911642559442, 23.217562801414395], [120.31904412969061, 23.216674628041474], [120.31896933514035, 23.21573620777411], [120.31889876337598, 23.214899664615682], [120.31884264760775, 23.21414565631132], [120.3187660515227, 23.213169924764674], [120.31870107861374, 23.212322099927256], [120.31865265429835, 23.211733988660793], [120.3186417534192, 23.211601593386852], [120.31863349744594, 23.211501327657228], [120.3185620319926, 23.2106355859554], [120.31849828870939, 23.20983659164038], [120.31842175376642, 23.208897765592685], [120.31836497413063, 23.208215190541075], [120.31829582336695, 23.20732915799072], [120.31827827596287, 23.20694389495878], [120.3182736704945, 23.20656703267354], [120.3182816125369, 23.20618944726194], [120.3182952684256, 23.205827300901827], [120.318319187537, 23.205458472507953], [120.31836105464936, 23.20495999513615], [120.31841525517271, 23.204360353216497], [120.31847251723879, 23.203773340384405], [120.31853262612783, 23.203098521563216], [120.31859127410345, 23.202447933009037], [120.31863040410074, 23.202003325867963], [120.31870723783277, 23.201214357959785], [120.31873222324191, 23.200943092874024], [120.31875296694633, 23.20071788259989], [120.31877437841528, 23.20048541593785], [120.31885342146143, 23.199608992126706], [120.31895721037792, 23.198769647074478], [120.31899301201716, 23.198333806928026], [120.31902388634802, 23.19802558361988], [120.31919361757244, 23.196163080804087], [120.31949647164586, 23.193565036828222], [120.31957126040749, 23.192747023808366], [120.31961698682174, 23.192246884463955], [120.31970496066648, 23.190954920079086], [120.3197132228788, 23.19050683011076], [120.31973925152606, 23.190044029252498], [120.31979688172544, 23.189392347341453], [120.31985593520713, 23.188860680343243], [120.31992747274077, 23.18799611824235], [120.32002153695814, 23.186978532033283], [120.32011594627414, 23.185904321259247], [120.32020019295753, 23.184984839296337], [120.32021389075851, 23.184835331364877], [120.32027312263754, 23.184188847079113], [120.32033211710325, 23.18355113892591], [120.3203908795077, 23.182895431821787], [120.32045548690878, 23.182200902425794], [120.32054123559811, 23.18127228689498], [120.32062906204274, 23.180325947765525], [120.32072975934817, 23.17922310207133], [120.32073404028532, 23.1791766832977], [120.32074255568575, 23.17908434310663], [120.32082603623672, 23.178179049149076], [120.32091314219227, 23.17723695406504], [120.32100627387655, 23.176215520182915], [120.3211002636679, 23.17529492706329], [120.3211910181935, 23.174317188191743], [120.32120595451023, 23.17416639577301], [120.32122088981217, 23.174015603344984], [120.32122587975728, 23.173908499903323], [120.32125653251298, 23.173333805787326], [120.32126290288505, 23.173029816014594], [120.3212588091276, 23.17284000411663], [120.32125435336641, 23.17263340748832], [120.32122087854817, 23.172152395965455], [120.3211706301015, 23.171781445918583], [120.32108862069394, 23.17130116514641], [120.32102994206576, 23.17106482471172], [120.32096893086333, 23.170819087405125], [120.32080293595662, 23.170260494678732], [120.3205783233217, 23.1695821562743], [120.32026158334753, 23.168654413078286], [120.31998996074728, 23.167835067228626], [120.31956048905717, 23.16656426892622], [120.3191597232049, 23.16538763660911], [120.31889935053508, 23.164605364469253], [120.31859325515879, 23.163692595999056], [120.31831525569336, 23.162867340960513], [120.31798798482265, 23.16189832591624], [120.31769382777786, 23.161084426487925], [120.31732908604239, 23.1601403369947], [120.31698160030292, 23.15928185554857], [120.31664082701914, 23.158515782266882], [120.31629290365606, 23.157761328773066], [120.31598363971877, 23.157109245136876], [120.31557866741105, 23.15633802904034], [120.31511553101251, 23.15540648324634], [120.31473163914923, 23.15468973415179], [120.31428345783897, 23.153814867972976], [120.31380755349558, 23.15288144686886], [120.31315381454576, 23.15159672477528], [120.31263271559523, 23.1506025075211], [120.31234862066657, 23.150029100331277], [120.31224458582781, 23.14981911883488], [120.3118013854474, 23.14890709406781], [120.31150686714149, 23.148333529695932], [120.31150661381459, 23.148333036448083], [120.31133799553938, 23.148004652909318], [120.31087041975839, 23.14709166931408], [120.31029126696325, 23.14594657821461], [120.30975553350729, 23.144882353822883], [120.3093293088019, 23.144036186338344], [120.30904604704905, 23.143485384722208], [120.3087967881666, 23.142970623710532], [120.3086149477047, 23.142557531010674], [120.30840527718766, 23.142009070141263], [120.30826898842514, 23.141578065172663], [120.30821169674635, 23.141319370002453], [120.30819131976041, 23.141234912192477], [120.30814880285101, 23.141058672625135], [120.30810628408446, 23.140882434842528], [120.30806866652534, 23.140726504718952], [120.30806476236586, 23.14070601088752], [120.30806045312717, 23.140683395006292], [120.30805751503004, 23.140667971311046], [120.30805555438624, 23.140657681012996], [120.30803087710345, 23.14052816568744], [120.30799699096609, 23.140350316861994], [120.30796310685535, 23.140172469841996], [120.30795950126057, 23.140153548558406], [120.30793049135698, 23.139994409852818], [120.30789802645683, 23.139816321619417], [120.30786556162207, 23.139638236086363], [120.3078330949277, 23.13946014782718], [120.3078006292798, 23.13928206136963], [120.30776816469688, 23.1391039731018], [120.30774393026743, 23.138971033634444], [120.30773576272146, 23.138925877875835], [120.3077035484605, 23.13874775185981], [120.30767133232074, 23.13856962672969], [120.30763911625962, 23.138391501591045], [120.30760690028643, 23.138213374637907], [120.30758682255512, 23.138102360464572], [120.30757468535903, 23.13803524948651], [120.30756861058074, 23.138001662364445], [120.30754246952922, 23.137857125225313], [120.30751025574484, 23.137678998255183], [120.307478040077, 23.13750087307396], [120.30744582448779, 23.1373227478842], [120.30741360898651, 23.137144620879944], [120.30740891672176, 23.137118674790063], [120.30737899539183, 23.136966885172395], [120.3073439733956, 23.136789215386827], [120.30730894856534, 23.13661154377288], [120.3072739247881, 23.136433873959696], [120.30723054820018, 23.13616127801231], [120.30720829621325, 23.13602143819879], [120.3070453624826, 23.13489038744769], [120.3067939199777, 23.13362975425779], [120.30672976414354, 23.13329204480647], [120.30650053487082, 23.13208540642457], [120.30650261114077, 23.13186560513963], [120.3064677210435, 23.13165855164549], [120.30638038000248, 23.13117624140147], [120.30631841284546, 23.130882654967277], [120.30628016289526, 23.13071482795658], [120.3062136671042, 23.130517217219158], [120.30616147310676, 23.130273378237167], [120.30597016456629, 23.129203650153546], [120.30586252870951, 23.128594618026302], [120.3056510236314, 23.127451660999647], [120.30546402735379, 23.12640258852961], [120.30511623836057, 23.124516517006253], [120.30489350670555, 23.123333525552667], [120.3047332174645, 23.122446902508354], [120.30353560390851, 23.115789854793668], [120.30318885921409, 23.113864198586516], [120.30249590373738, 23.110101542510808], [120.3024032491493, 23.109619335875184], [120.3020514311707, 23.107701449625132], [120.30197210214186, 23.1072689812638], [120.30171902155944, 23.105889292814766], [120.30134047582088, 23.103787603938372], [120.30079666043497, 23.100803788383303], [120.30040981699271, 23.098709723655436], [120.30034000326862, 23.09833373722661], [120.30027244440504, 23.09793200765029], [120.30001244780502, 23.096536979107494], [120.29998909697153, 23.096402016500324], [120.29977116669873, 23.095176209446976], [120.29904352905838, 23.09120770850721], [120.2990237401059, 23.09108962263499], [120.2989938271272, 23.09090341071565], [120.29890319260662, 23.090445249548104], [120.29887021044858, 23.09026724954487], [120.29883722447131, 23.090089248612554], [120.29880870330318, 23.089935311208162], [120.29880443882278, 23.08991121876117], [120.29877289877341, 23.08973299486536], [120.29874135684855, 23.08955477095265], [120.29870981597166, 23.089376547939004], [120.29868707716318, 23.089248051578668], [120.29867799677355, 23.089198366122496], [120.29864545672491, 23.08902029577886], [120.29861291772687, 23.088842226333988], [120.29858037588453, 23.088664155964516], [120.29854783607819, 23.088486084692157], [120.29851529634169, 23.088308015217187], [120.29848275571302, 23.088129944826324], [120.29845021613492, 23.087951875334195], [120.29841767664537, 23.08777380402749], [120.29834704838632, 23.087348382590683], [120.29831328896809, 23.08716826230832], [120.29829366018289, 23.0870635380541], [120.29826031124556, 23.086885596753618], [120.29822695947074, 23.086707653625265], [120.29819360971995, 23.086529712302724], [120.2981824814197, 23.086470340079355], [120.29816100833095, 23.086351652389425], [120.29812878506293, 23.086173533645475], [120.29809656285869, 23.0859954130914], [120.29806433877137, 23.085817294326187], [120.29805293476744, 23.08575427087209], [120.29803193112227, 23.08563920272978], [120.29799942292195, 23.085461129640898], [120.29796691383406, 23.085283054733132], [120.2979344048253, 23.08510497981679], [120.29790189589563, 23.084926904891887], [120.29790167573138, 23.084925695676798], [120.2978700571595, 23.084748725478466], [120.29783822532825, 23.084570546990076], [120.29780639065565, 23.084392366674336], [120.29778782809565, 23.084288462501533], [120.2977740735003, 23.08421426186419], [120.29774107653824, 23.084036264190626], [120.29770808064194, 23.08385826470668], [120.29767508188856, 23.083680267006972], [120.29764208712899, 23.083502267509893], [120.29761765253704, 23.083370445717033], [120.29760923700853, 23.083324247877545], [120.2975767991995, 23.083146162343528], [120.29754436342144, 23.082968076809646], [120.29752707696144, 23.08287317954348], [120.29749602837605, 23.082694882538615], [120.29746497791858, 23.082516584614012], [120.29743392460838, 23.082338286668307], [120.29742260373686, 23.08227326875853], [120.29740187990602, 23.082160141429274], [120.29736926288005, 23.08198208213125], [120.297336641044, 23.081804024608925], [120.29730402416736, 23.0816259670997], [120.29727140737478, 23.081447908678864], [120.29723878772883, 23.08126985113942], [120.29720616718629, 23.081091793587017], [120.29717355161247, 23.08091373424175], [120.29714093318063, 23.08073567668082], [120.29710831678952, 23.080557617314003], [120.2971054334282, 23.08054188295589], [120.29707617032243, 23.08037948507894], [120.29704407179014, 23.080201346727282], [120.29702889149688, 23.08011710352683], [120.29701197041729, 23.08002320654821], [120.29700016832017, 23.079957705147653], [120.29697987399302, 23.079845068188387], [120.29697738473051, 23.0798312572016], [120.29694754810068, 23.079666964919205], [120.2969152037337, 23.079488863364986], [120.29688285846937, 23.079310761797906], [120.29685051425497, 23.079132661129687], [120.29683251183526, 23.07903353716336], [120.29681807732996, 23.07895457358515], [120.29678552423816, 23.078776505381004], [120.29675297024956, 23.078598437163933], [120.29672041927276, 23.07842036804831], [120.29668786544252, 23.078242299814082], [120.29665531461937, 23.07806423158432], [120.29662276095216, 23.07788616242993], [120.2966151566226, 23.077844561780683], [120.29659063617099, 23.07770802745], [120.29655864528948, 23.077529871385106], [120.2965132539625, 23.077302570322907], [120.29648907953629, 23.07717535213664], [120.29642509539876, 23.076819040836266], [120.29641726254393, 23.076775425427765], [120.2964080021981, 23.07672385710775], [120.29639310296565, 23.076640883816825], [120.29636363837217, 23.076476807059436], [120.29636095138157, 23.07646275407335], [120.29632695665904, 23.076284916816434], [120.29629295909615, 23.076107078634404], [120.29625896454877, 23.075929239553325], [120.29622497007486, 23.075751402269166], [120.29619238471145, 23.075580936263957], [120.29619097471256, 23.07557356406857], [120.29616933572069, 23.075460366527533], [120.29616888537011, 23.075458009451463], [120.29615496019814, 23.075396086197323], [120.29611520038637, 23.075219274310882], [120.2961102744243, 23.075197366830498], [120.29608231996824, 23.075089608005946], [120.29606968192991, 23.075043673889017], [120.29602153028614, 23.07486865590522], [120.29601851301165, 23.074857692469415], [120.29596453515491, 23.07469593731345], [120.29594199704107, 23.074628406747856], [120.29590418941272, 23.074524197990776], [120.29584207259201, 23.074352988046527], [120.29582770064023, 23.074313379043904], [120.29577643943522, 23.07418291194564], [120.2957026058732, 23.074015729554787], [120.29569793527679, 23.074005153361295], [120.29562306005045, 23.07385080900719], [120.29558558385922, 23.073773560340015], [120.29554035204787, 23.073687242392726], [120.29545518807085, 23.073524733053915], [120.29545290939974, 23.073520381183908], [120.29544981675544, 23.073514907748304], [120.29535236093585, 23.073333797365628], [120.29533926418931, 23.07331472953088], [120.29529129155112, 23.07323714591909], [120.29523349907534, 23.073149577169964], [120.29505913696734, 23.07288338436958], [120.29488009235433, 23.07263844467914], [120.29473221452542, 23.072451766644676], [120.29460274234765, 23.072300165291765], [120.29445177274789, 23.072130082403724], [120.29429512082547, 23.07197116419188], [120.29411524175069, 23.071792365978045], [120.29400264741628, 23.071683533319806], [120.29368138010248, 23.071401617542474], [120.29285436763577, 23.070741218867553], [120.29203431108402, 23.07006159751195], [120.29155411437453, 23.069687265756443], [120.29093109553439, 23.069196724490073], [120.28990827860743, 23.06839864293825], [120.28973819285216, 23.068265928764347], [120.2884125829473, 23.067187944453124], [120.2879028224041, 23.066726090084142], [120.28760524599895, 23.066505080924657], [120.28686842972536, 23.065857249920555], [120.28582664479566, 23.06501880054006], [120.28468231329343, 23.064094877558727], [120.28413394365137, 23.063631476664355], [120.28345092130456, 23.063078063906385], [120.28305554349093, 23.06274121453478], [120.28304734019532, 23.062734021815846], [120.28262405601588, 23.062385373307773], [120.2821930566512, 23.06203434442573], [120.28152671642938, 23.06148828396772], [120.28123962455281, 23.061271657908982], [120.28058623795623, 23.060737706868203], [120.27908520688597, 23.059516340924276], [120.27838675290775, 23.058943486625417], [120.2778937658583, 23.058539147214294], [120.27677905682765, 23.057612353664926], [120.2755298374945, 23.056618690781686], [120.27472368452673, 23.05595294219119], [120.27411778522747, 23.055475509544884], [120.27171431116497, 23.053493790117123], [120.26974136412369, 23.051901380316014], [120.26689376616532, 23.049571375358703], [120.2666705108475, 23.049389480393863], [120.26540367489962, 23.048357994914156], [120.26537383643634, 23.048333699706532], [120.26537337789084, 23.048333326436566], [120.26537006315557, 23.048330627272733], [120.26518274807125, 23.048178406898977], [120.26502012985765, 23.04804625505103], [120.26409951425508, 23.04728826734571], [120.2634155340825, 23.046727173302255], [120.26326686208974, 23.04661709477654], [120.26269363332923, 23.046141895611523], [120.26230414723487, 23.04582575555705], [120.26174241512194, 23.045383438528496], [120.26072542730776, 23.04455858212052], [120.26064174999212, 23.044490713071074], [120.2604564868788, 23.04434044826158], [120.25957241818048, 23.043620450315846], [120.25871167992867, 23.042918324657016], [120.25825436177178, 23.04254969965753], [120.25805913516379, 23.042386902096364], [120.25805716923749, 23.04238526383335], [120.25805552772646, 23.042383896190902], [120.25790664870452, 23.042259843937874], [120.25761201641957, 23.0420228418276], [120.2571947298649, 23.041685012177492], [120.25699783614844, 23.04152224163375], [120.25697312421757, 23.04150258337787], [120.25613532039205, 23.04086420089606], [120.25499358174989, 23.039959597835846], [120.25463428669885, 23.039678638484876], [120.25375260559252, 23.039031616329844], [120.25328616547326, 23.038641275488843], [120.25317874462911, 23.038529244863014], [120.25279334363482, 23.03812730504464], [120.25192791658841, 23.03744327556376], [120.25140776637151, 23.037043870933722], [120.25080629059364, 23.036540225488814], [120.25020661868697, 23.036072511942393], [120.24966174912562, 23.035616339302457], [120.24917587958137, 23.035197594924114], [120.2488027372343, 23.034896520863715], [120.24856763282452, 23.034692125616324], [120.24829306396006, 23.0344815365631], [120.24743979273124, 23.033830074804694], [120.24686896434645, 23.033455162623845], [120.24644911440036, 23.033191886788195], [120.24622690888857, 23.033058211447756], [120.24563707702947, 23.032689644694784], [120.24467047269924, 23.032122515917393], [120.243501598943, 23.031436482416364], [120.24128792295922, 23.03014939982316], [120.24040012830012, 23.02964070716017], [120.24028815035474, 23.029575449579657], [120.24027898385994, 23.029570107580003], [120.23953964797057, 23.029137866016885], [120.23879437300059, 23.02871331328403], [120.23846923366324, 23.028518594887956], [120.23779999326582, 23.028142721095094], [120.23584202463171, 23.02699425695305], [120.23557704809677, 23.026837904291643], [120.23424935321216, 23.026059591160646], [120.23305553106876, 23.025364018055303], [120.23273764410864, 23.02518225988692], [120.23126139047426, 23.024326139607357], [120.23042770454903, 23.023830955599735], [120.22970182459879, 23.023430557685636], [120.2295360654177, 23.023333538285357], [120.22953548783157, 23.02333320045533], [120.22917547706363, 23.023122484577804], [120.22851483789785, 23.022727558005748], [120.22771330001358, 23.022257069688553], [120.22714113282805, 23.021926667831714], [120.22671145184367, 23.02167871994828], [120.22617688810335, 23.021324642592095], [120.2258238919827, 23.021051675423323], [120.22552210192157, 23.02080649094606], [120.22528189362856, 23.020594396674205], [120.22492287303888, 23.020208107782274], [120.22460562708027, 23.01982479952271], [120.22437567695954, 23.019514147794297], [120.22421175014566, 23.019286179664704], [120.22341631453749, 23.018179991094886], [120.2232580529919, 23.017955690706053], [120.22316964358866, 23.017830390836554], [120.22308807695688, 23.01771478945936], [120.22167199233046, 23.015735410197074], [120.22066748959995, 23.01431946791795], [120.21995580806266, 23.01332351206152], [120.21943839390327, 23.01259777525412], [120.21870623413213, 23.011582597115716], [120.21693111569778, 23.009104270485864], [120.21634542857899, 23.00827196205617], [120.21596077747054, 23.007749524716697], [120.21540769041009, 23.00695709431525], [120.2151993067706, 23.006659040611957], [120.21500842903332, 23.00632791656914], [120.21476245786393, 23.00584282618695], [120.21460870837073, 23.005418536735903], [120.21453960263088, 23.005188771603276], [120.2144400555559, 23.004816313807964], [120.21427963892214, 23.003975689846545], [120.21425241068826, 23.003842301513437], [120.21407619889598, 23.002773063257926], [120.21385369619286, 23.00163830704245], [120.21360594503952, 23.000499826568515], [120.21349894203556, 22.99995085141048], [120.21321961913699, 22.998523247985027], [120.21318215228469, 22.99833359502476], [120.21318205562123, 22.998333106916863], [120.21318170119906, 22.998331315381918], [120.21290140852487, 22.99681892428775], [120.21287066896556, 22.99665306110254], [120.21285586621373, 22.996287822036926], [120.21269778256467, 22.995474422683188], [120.21260555497979, 22.99502518319843], [120.21248949710464, 22.994609938369706], [120.21245305812212, 22.994401479604534], [120.21236358491383, 22.993928628073935], [120.21217018302009, 22.993063811820228], [120.21213089481718, 22.99284745186176], [120.21206858448933, 22.992519050514208], [120.21197018366793, 22.99196913075531], [120.21193647623002, 22.99167375940705], [120.21192967734896, 22.991532843527825], [120.21192018630279, 22.99133615579348], [120.21193231120051, 22.99091106945085], [120.21198284294762, 22.99050157774177], [120.21203118230527, 22.990262951720876], [120.21213371861303, 22.989849729022588], [120.21226275098246, 22.989421152149387], [120.212459592814, 22.9887809510263], [120.21251874235489, 22.988593124351024], [120.21305087402999, 22.98690330673837], [120.21306791154528, 22.986849202289864], [120.21308428133158, 22.98679721931853], [120.21331908382341, 22.986051573185385], [120.2135527280704, 22.985309596102837], [120.21380453823194, 22.984509920169476], [120.21387381658805, 22.984289369895336], [120.21390223611134, 22.984198895927637], [120.21393888870985, 22.984082212115776], [120.21459053057598, 22.98200764879098], [120.21461387682575, 22.981933327044313], [120.21466611646564, 22.981767014612544], [120.21466786318436, 22.98176145346293], [120.21469330139546, 22.981680544628755], [120.2149718082615, 22.980794697163674], [120.21527108474245, 22.97984554745047], [120.21567579392617, 22.978556802837698], [120.21603617814422, 22.977407842263688], [120.21635949681931, 22.97638036987692], [120.21663836620219, 22.97546811687456], [120.21694550598242, 22.974515749933722], [120.21731690350649, 22.973333764955143], [120.21759890032484, 22.972428373558742], [120.2176798561963, 22.972020357036037], [120.21774289687772, 22.971569088687254], [120.21776593521108, 22.971241912510788], [120.21777744728145, 22.970816779644572], [120.21768459503018, 22.96961101713534], [120.21758503676176, 22.968011089949528], [120.21749327688453, 22.96661584568892], [120.21740709974202, 22.965290345381334], [120.21732322130117, 22.964085485956236], [120.21729883091852, 22.963353822814703], [120.21729436492586, 22.9624485360677], [120.21731299067399, 22.962188590137927], [120.21732805591947, 22.961974752835165], [120.2173450392576, 22.961772433967692], [120.21735853331008, 22.961633680347205], [120.21737246847657, 22.961488083111842], [120.21739110650162, 22.961307453878323], [120.21742745605852, 22.961046508115587], [120.21746130132327, 22.9607984351567], [120.21749344460375, 22.960575314136086], [120.21750756073341, 22.96048024619636], [120.21751588335107, 22.960424188093516], [120.21753016608662, 22.960314054095598], [120.2175571785933, 22.96012318976526], [120.21759081838093, 22.95988904750753], [120.21762885514413, 22.959624187242888], [120.21766883593762, 22.959326647245824], [120.2177121268799, 22.959030505170066], [120.21775769677024, 22.958712951977066], [120.21779703731085, 22.95841591262885], [120.21780951882421, 22.958334038710447], [120.21784394751943, 22.958108200773214], [120.21789089386311, 22.957773643196916], [120.2181105192079, 22.95623028874421], [120.21814350692931, 22.95600098589398], [120.21818132328534, 22.9557238359401], [120.21821181213107, 22.955519540710704], [120.21824405884868, 22.955292872783673], [120.21828549405595, 22.955039871104677], [120.21831643056343, 22.954796129610262], [120.2183535620874, 22.954558613343202], [120.21837365508952, 22.954410105058198], [120.21839705451941, 22.954234456537016], [120.21842134399878, 22.954066641576333], [120.21843630306577, 22.953944081542456], [120.21847142615958, 22.9536976063883], [120.2185118837552, 22.95344758424488], [120.21856418454217, 22.953137826035622], [120.21859315384019, 22.952959006386383], [120.21860123016874, 22.952922226422146], [120.218617996649, 22.952845862025214], [120.2186528779409, 22.952686708553387], [120.21868290227559, 22.952559299400814], [120.21875198939219, 22.952340726760703], [120.21880470254817, 22.952149172187717], [120.21885633598109, 22.95197564649232], [120.21891002436678, 22.951811020223676], [120.21896267047322, 22.951645846083967], [120.21901079047417, 22.951516624167052], [120.21903655573199, 22.951451270283023], [120.21906054040403, 22.951392383188363], [120.21915790971569, 22.95116577087246], [120.2192396255503, 22.950981510770333], [120.21932985626435, 22.950796611639056], [120.21944820212686, 22.95056376312159], [120.21960443388096, 22.95028639772791], [120.21973066016652, 22.950096084783862], [120.21986451552189, 22.949880346765152], [120.21998537825785, 22.94969512283116], [120.22016271296765, 22.94945165521052], [120.22036048634776, 22.949216867407685], [120.22060799370598, 22.948917626719375], [120.2207676366426, 22.948694602527805], [120.22101696780332, 22.948414547556], [120.22107718227781, 22.94833539177218], [120.22144115723837, 22.947884759194313], [120.22171359746395, 22.94755589705518], [120.22192238082508, 22.947305536153866], [120.22220507376873, 22.946965331755912], [120.22242356822491, 22.94670481901401], [120.2226815067753, 22.946393184981314], [120.22290127463377, 22.946127226218344], [120.22304295246104, 22.94595487126778], [120.22320741844582, 22.945754010981382], [120.22323813603673, 22.94571729639678], [120.223248960662, 22.945704360321397], [120.22326369163973, 22.94568675126636], [120.2234211885274, 22.94549850795763], [120.22362772193263, 22.945247298299375], [120.22392878196348, 22.944887734739588], [120.22421253958684, 22.944545247900404], [120.2244767776007, 22.944230315647538], [120.2246928414701, 22.94397250480971], [120.22504921905174, 22.94354113538204], [120.22545956980244, 22.943042223284422], [120.22569779195696, 22.942759238991357], [120.22586474629568, 22.94256726454737], [120.22604478888871, 22.942348692005275], [120.22627017582505, 22.942082965955326], [120.22644615665186, 22.941865340249617], [120.22669023494461, 22.94156579615679], [120.22703646301034, 22.941145345026293], [120.22731161838787, 22.94080982853037], [120.22750523550509, 22.9405762488167], [120.22765369433026, 22.940379167806768], [120.227831312782, 22.94013383370978], [120.22803494667876, 22.939830177766215], [120.22819608372642, 22.93958408487575], [120.22829481276915, 22.93941227988481], [120.22833130694688, 22.939354298120275], [120.22836296597345, 22.939293240619914], [120.22839654798786, 22.93923763046683], [120.22846912334822, 22.939094546176708], [120.2284896248472, 22.93905922204177], [120.22851205124586, 22.939020580522925], [120.22865351975659, 22.93875540723627], [120.2288216661434, 22.938453433386165], [120.2290007526727, 22.938123810424795], [120.2291606104662, 22.93782280547424], [120.22944788521279, 22.937286277401956], [120.22971255800238, 22.936796394894856], [120.22998100416734, 22.936291645638736], [120.23022222541364, 22.935838074543106], [120.2303434078019, 22.935612914341093], [120.23055422955665, 22.935221203193937], [120.23056387772057, 22.9352032770762], [120.23060478487056, 22.935127267362425], [120.23062708538946, 22.935085830931527], [120.23239968887232, 22.931872428764972], [120.233032297289, 22.930696860188874], [120.23323921373786, 22.930314953647606], [120.23343539672959, 22.929922524392783], [120.23380641135894, 22.929243385692544], [120.23396467169391, 22.9289845838197], [120.23426089269631, 22.928566530470672], [120.2345069768067, 22.928282574253892], [120.23471555787384, 22.928071143047784], [120.2349436348287, 22.9278548162755], [120.23523548966101, 22.927615256295827], [120.23551655684489, 22.92738980415287], [120.23571289594115, 22.927233979618777], [120.23590646726335, 22.927080683526583], [120.23642403782317, 22.926662545828886], [120.23719448832041, 22.92604974967008], [120.23786792898274, 22.92551600355674], [120.23868039533032, 22.92486601888714], [120.23926095187073, 22.92440814496824], [120.23946222334104, 22.924245822036596], [120.23992835594854, 22.92386906537875], [120.24046004111887, 22.92344105107841], [120.24059336495094, 22.92333372345317], [120.24059440486943, 22.923332899447733], [120.24059781056141, 22.92333019942998], [120.24150562208926, 22.922608620106097], [120.24210186602473, 22.92213281916541], [120.24223849675585, 22.922023240464718], [120.24230120049775, 22.921972952071716], [120.24235782703207, 22.92192753719359], [120.24295690836857, 22.92144706059819], [120.2430306180768, 22.921385852585107], [120.24306839499499, 22.921354483580586], [120.24311470529467, 22.921316027642206], [120.24369851352198, 22.920831229266888], [120.24417485340403, 22.920348409552485], [120.24464752426239, 22.919862101422858], [120.24521673137559, 22.919252989097178], [120.24569969833512, 22.918748632562217], [120.24619728206181, 22.9182182634656], [120.24684056517818, 22.9175364974376], [120.24746455892925, 22.916890150616286], [120.24768037811583, 22.91666572109548], [120.2477882559141, 22.916559307121958], [120.24785590983707, 22.916481345763106], [120.24799794073067, 22.916333047446752], [120.24837073731781, 22.915930441170484], [120.24868582926723, 22.9155834341191], [120.24891361339007, 22.915252662720707], [120.24911242044226, 22.914974674184624], [120.24924520208788, 22.9147945334803], [120.24940510196411, 22.914533134403552], [120.24955425529544, 22.914244023689424], [120.24973284277705, 22.91388881645386], [120.24978172811387, 22.913783211417762], [120.24984116958451, 22.913648035953898], [120.24994057542172, 22.91342197054577], [120.2500929271628, 22.9129885232954], [120.25022729747461, 22.91254339608849], [120.25024717131829, 22.912477557906723], [120.25030365192535, 22.912277380835473], [120.25032289432104, 22.91220918275357], [120.2503709738936, 22.91203877771255], [120.25043928068166, 22.911795470799863], [120.25046574625554, 22.911701201998003], [120.25048644205106, 22.91162748149552], [120.25111365548301, 22.909407385260188], [120.25139223094536, 22.908399414077085], [120.25140755221304, 22.908294536118277], [120.25150262686952, 22.907944761003755], [120.25153982790066, 22.907811090038642], [120.25157705912059, 22.90767172740435], [120.25166891315295, 22.907331373638915], [120.25190946959569, 22.906329144114824], [120.25248931254879, 22.904358541296318], [120.25281120010024, 22.903264602820844], [120.253041947507, 22.902442029578115], [120.25308112460299, 22.902293312052095], [120.25319844520374, 22.901855988235614], [120.25340232306654, 22.901176262161357], [120.2534528150377, 22.90100793957626], [120.25348342629924, 22.900905888243756], [120.25354375823137, 22.90063651388856], [120.2535999327285, 22.900355382370236], [120.2536242184971, 22.900195841409307], [120.25367083840013, 22.89985200814339], [120.25369696927146, 22.899552228735566], [120.25371636475501, 22.89929253394785], [120.2537263397679, 22.89899146677743], [120.25373692154268, 22.898634529178793], [120.25373673170087, 22.89841265977904], [120.25373792857395, 22.898333561647707], [120.25374018383248, 22.89818446548376], [120.25374264018397, 22.89803905372669], [120.25374722243032, 22.897677313584936], [120.25375810306562, 22.896818253816004], [120.25377648034242, 22.895289027851433], [120.25378722188591, 22.89439518779414], [120.25378739620191, 22.894380779835032], [120.25378742484904, 22.894378393256126], [120.25379146027451, 22.894042401236703], [120.25381421686825, 22.892885303902297], [120.25377776841623, 22.891283246348436], [120.25372919469382, 22.88856898248433], [120.2538090514201, 22.8867456775519], [120.2538728874377, 22.8849653589717], [120.25392935018044, 22.88329904491176], [120.25394745797156, 22.881582206559685], [120.2539405153108, 22.881010194489413], [120.25395936458474, 22.880256637490476], [120.25397532428346, 22.87972366661999], [120.25398692986259, 22.879567781367847], [120.25404626519818, 22.878917132788622], [120.2541599739524, 22.878291547150045], [120.25417177544776, 22.878226619466467], [120.25430254080756, 22.87772175909917], [120.25435954758755, 22.87746794984622], [120.25449444481178, 22.877026758162877], [120.25576362671923, 22.87373361015265], [120.25590964825466, 22.87333349675854], [120.2559100499097, 22.873332396032197], [120.25591107679288, 22.8733295833679], [120.25600849915098, 22.873085598432052], [120.25794961266926, 22.867843487898863], [120.25805548990101, 22.867560517939538], [120.2580555393352, 22.8675603872299], [120.25805637195029, 22.867558159711955], [120.2581632405475, 22.86727253484467], [120.2584125777119, 22.86660188386441], [120.25869248634088, 22.865877920524035], [120.25879650960829, 22.865621944779747], [120.25887202621483, 22.865449875399527], [120.25898792869674, 22.86519980560426], [120.25914434193571, 22.86487306604285], [120.25935054566452, 22.864484672108254], [120.25953174411953, 22.864159638617835], [120.25967959935093, 22.863908384039465], [120.25985846318395, 22.86361289021592], [120.26012158662148, 22.863220381061236], [120.26034027702855, 22.862895798981256], [120.26068847220932, 22.86240133134585], [120.26102727149643, 22.86191761412993], [120.2611089860804, 22.861800943782633], [120.26143953244052, 22.861329898412528], [120.26167152330271, 22.86099418197846], [120.26196158915457, 22.860585639102716], [120.26234908375785, 22.860031100871012], [120.26275664119912, 22.859450626295978], [120.26312668851202, 22.85891931071215], [120.26346238541427, 22.85843972462795], [120.26382590087556, 22.857917929334224], [120.26402299275544, 22.857633809755004], [120.26425448057657, 22.857300104188894], [120.26443602912491, 22.857042897656324], [120.26449562644962, 22.85695845912528], [120.26450325578229, 22.856947652512655], [120.26473400425809, 22.856607123012918], [120.26563242845701, 22.855410831982695], [120.26646291113535, 22.854232937345373], [120.2665648231358, 22.85408839297145], [120.26723780462, 22.853100009661482], [120.26752251193331, 22.852619747663734], [120.2675423188728, 22.85258633788186], [120.26762072849547, 22.852454071192852], [120.26768202524451, 22.85235066992535], [120.26810907945057, 22.851668276997096], [120.26826932815386, 22.85138224832068], [120.26874546049251, 22.85041647155002], [120.26913670285609, 22.849604513576363], [120.26959132246513, 22.848664822272692], [120.26975219834581, 22.848333790864114], [120.26975277958867, 22.848332597003097], [120.26975416869656, 22.848329737127948], [120.27021641840811, 22.84737855411642], [120.27047158578456, 22.846855620160575], [120.27067506470749, 22.84643861571765], [120.27104936630441, 22.84565553865297], [120.27105458547784, 22.84564481456811], [120.27110160824434, 22.845548194175567], [120.27140026961675, 22.844934517839004], [120.2717639500283, 22.844177680376163], [120.27230621821774, 22.843048599613915], [120.27265414118428, 22.842399573955], [120.27311411765058, 22.841665461544697], [120.27371525363034, 22.840715315010005], [120.27431456540414, 22.83975720090971], [120.27464916686168, 22.839226214669072], [120.2751985635553, 22.83835381909393], [120.27575374190184, 22.837467503810352], [120.27582272672615, 22.83735737373565], [120.27598564557309, 22.837097277255275], [120.27724132017129, 22.83511031695215], [120.27728156213476, 22.83504663824289], [120.27815872760567, 22.833642466387793], [120.27816714211785, 22.833628996816184], [120.27858327627406, 22.83296968088588], [120.27874486787108, 22.832710398783075], [120.27881562393684, 22.832598218134915], [120.2791229320208, 22.832110991894908], [120.27955212715759, 22.831429272648126], [120.27998005029093, 22.83074443988045], [120.28043741324304, 22.830019722257546], [120.2808688212439, 22.829338167940307], [120.28153460380148, 22.828279325983466], [120.28200651750342, 22.827523922987815], [120.28238670797343, 22.826930183544924], [120.28282497068292, 22.82625205680253], [120.28305542914391, 22.825894418618596], [120.28305549593615, 22.825894314166078], [120.28305594182287, 22.825893626247147], [120.28390067110152, 22.824582697150788], [120.28424200513639, 22.82405961466517], [120.2844262911431, 22.823777200812167], [120.28460800833629, 22.82349872329591], [120.28469404189377, 22.823366878589034], [120.28471576951279, 22.82333339191355], [120.28471654535879, 22.823332196153675], [120.28471840738354, 22.823329327413568], [120.28573599896401, 22.821760979326328], [120.28646047782442, 22.82063144133559], [120.28748423348345, 22.819051970162274], [120.28837457560603, 22.817675399923626], [120.28938764565565, 22.81612021612834], [120.28980121319523, 22.815480033753452], [120.28988770890481, 22.81534614075584], [120.29011312366812, 22.8149972074135], [120.29062433462606, 22.814205164234963], [120.29117290290925, 22.813361631106872], [120.29179686428672, 22.812397370256754], [120.29238781135659, 22.811484444607057], [120.29268283826316, 22.81102532663049], [120.29274127385769, 22.81093438903149], [120.2927905033391, 22.810857778038915], [120.29284937969112, 22.81076615513229], [120.29373206275476, 22.80941139906239], [120.29414353417103, 22.808776057666616], [120.29498674325934, 22.807472850980215], [120.2956907578421, 22.806386499984917], [120.29611498671576, 22.80572873509295], [120.29623416399329, 22.80554570861619], [120.29696465538922, 22.80442384926917], [120.29709735235785, 22.804220055588907], [120.29767022786443, 22.80333557546238], [120.29824793618475, 22.802447217643415], [120.29864865605953, 22.80183083589693], [120.29900178997043, 22.801209390851646], [120.29927941394095, 22.8006102254566], [120.29945564361115, 22.80017268064381], [120.29966196332443, 22.799536461521175], [120.29983015174776, 22.798796491292155], [120.29989519085792, 22.79845206043398], [120.2999310957819, 22.798333749755027], [120.29994496021865, 22.798288064858944], [120.30003141943709, 22.79743446681737], [120.30011787865551, 22.7965808687758], [120.30011787865551, 22.7965808687758], [120.30020414348071, 22.795655653307563], [120.30035373272364, 22.794369336690774], [120.3004800189989, 22.793031792215622], [120.30055549874933, 22.792281949543714], [120.30057988079767, 22.792039729608263], [120.3006559162502, 22.791284284242927], [120.30074427754555, 22.790331607044322], [120.3008273173555, 22.789588967554128], [120.30083957523614, 22.789479329576942], [120.30085644431168, 22.789323148730748], [120.30086017324363, 22.789288621596043], [120.30110374986107, 22.787033318186893], [120.301135474435, 22.78669764698279], [120.30116207545521, 22.78641618691914], [120.30119713296286, 22.786045236342424], [120.30121666075871, 22.785838602742974], [120.30130595791582, 22.78502021851146], [120.30132501791313, 22.78483499505501], [120.3013390991169, 22.784698177694988], [120.30135973885153, 22.78449762282438], [120.30140255238827, 22.784128949233786], [120.30144143177561, 22.783862659845205], [120.30147874289912, 22.783632735752658], [120.30153803599558, 22.783338475183307], [120.30162561486003, 22.783010673544485], [120.30174145607889, 22.782639909145505], [120.30187834689943, 22.782229205376613], [120.3021222805613, 22.781545432723615], [120.3021631901097, 22.78143099185736], [120.30240943519546, 22.780742152696085], [120.30263106080571, 22.780113360424632], [120.30287069789318, 22.779444705371805], [120.30311317024119, 22.77875191914994], [120.30335913741192, 22.778073855711273], [120.30358331327405, 22.7774293371848], [120.30366113496846, 22.777210906112227], [120.3038000452767, 22.776821005386577], [120.30388055043412, 22.776595036367453], [120.30417334282765, 22.77577347197291], [120.30419215000565, 22.775720003877208], [120.30425209693857, 22.775549573000742], [120.30445629671782, 22.774969030131434], [120.30484969566513, 22.773871634454583], [120.30504128859371, 22.773333475565497], [120.30504281090965, 22.77332919901542], [120.30515676084906, 22.77300912770101], [120.30547865741369, 22.772103454681268], [120.30579460098747, 22.771239099405815], [120.3062002113784, 22.77007720503653], [120.3063758219725, 22.76962116960902], [120.30658073023547, 22.768976713618592], [120.30681413707649, 22.768399811117146], [120.30699187409562, 22.767858291995413], [120.30723433244957, 22.767178512422742], [120.30762285737082, 22.766141921008447], [120.30796697277987, 22.765365525170083], [120.30805552745903, 22.765179587304655], [120.3080835194928, 22.765120813250697], [120.30881128298334, 22.763721398889324], [120.3094329413121, 22.76261619025087], [120.30967916963625, 22.762227905795864], [120.31029624146731, 22.761080129818605], [120.31095040198223, 22.75986336754473], [120.31142878598666, 22.75890454175773], [120.31188573801613, 22.75806903888282], [120.31225450243596, 22.757357761929477], [120.31325652284252, 22.755499660109493], [120.31468525938836, 22.7528900675891], [120.31708477550283, 22.748429344731], [120.31713760456877, 22.748333756221328], [120.3171384603075, 22.748332208427414], [120.31774863338215, 22.747228173215966], [120.31867730910199, 22.745491838402046], [120.31929796326803, 22.74436180411785], [120.31967187891367, 22.743660029430337], [120.3213718642531, 22.740535968793203], [120.32185489542034, 22.739732624956993], [120.32231089530283, 22.739049342982256], [120.32291863141927, 22.738220978638903], [120.32419692028061, 22.736632777442747], [120.32466117945326, 22.735957149322086], [120.32475752362146, 22.735786348103005], [120.32500346339052, 22.735309384133604], [120.32525577193049, 22.73468528402552], [120.32539062007953, 22.7342220138653], [120.32544938844467, 22.733994750480036], [120.32553077330036, 22.733609231887677], [120.32558972340898, 22.733250304882816], [120.32561566029922, 22.732983327164785], [120.3256346511749, 22.732490744804764], [120.32562343915714, 22.73204894769357], [120.32557998068344, 22.731552201471775], [120.32546991220427, 22.730969816902327], [120.32541363877253, 22.730725215893948], [120.32534276131587, 22.73047831363486], [120.32525198967633, 22.730206115734138], [120.32512495692416, 22.72987336441928], [120.32507719711666, 22.729787249246748], [120.32497830648701, 22.729574133930363], [120.32477221935792, 22.729033825082578], [120.32435206452702, 22.727990389765846], [120.32418113456832, 22.72752055725828], [120.32401328412817, 22.727042900156324], [120.32389459564546, 22.726705144731675], [120.32349528278759, 22.72536002321059], [120.32325779878919, 22.724685560834327], [120.32277313092789, 22.72339282658381], [120.32275258249057, 22.7233337696936], [120.32275185201934, 22.72333166878986], [120.32253415793672, 22.722705996611342], [120.32244679326418, 22.722454899776526], [120.32225658255446, 22.721952578027107], [120.32219594663981, 22.721774702520353], [120.32217706565245, 22.72171931633959], [120.32204836840556, 22.721252016604332], [120.32196740614384, 22.720912963249873], [120.32188074642323, 22.720421253977424], [120.32184243022847, 22.720042420954826], [120.32183203926252, 22.71965770189439], [120.32184954734184, 22.71917655399857], [120.32187076244259, 22.718884791853977], [120.32192544335749, 22.71849007816894], [120.32199671042747, 22.718125962739833], [120.32215965411197, 22.717522868706403], [120.32273825688297, 22.71584189574344], [120.32305330539229, 22.714856720797524], [120.32312446634715, 22.714584802223218], [120.32319037415331, 22.714292363680684], [120.32323517451529, 22.714044434380593], [120.32339829964756, 22.712946139128157], [120.32379002932961, 22.709979860072714], [120.32394383668014, 22.708906399892534], [120.32399253540629, 22.70837367251364], [120.32400906384386, 22.708007931667833], [120.32399644128718, 22.707581258103893], [120.32397606420479, 22.70728143834576], [120.32394112224995, 22.70694585806124], [120.3238571144929, 22.70646638952847], [120.32377622132627, 22.706123429297524], [120.32372486288878, 22.70594357950965], [120.3235729833193, 22.70547574791246], [120.32320752449141, 22.704635304987775], [120.32264330989626, 22.703431404990727], [120.32236989446815, 22.70289526202798], [120.32220948726388, 22.702610831237173], [120.32204574362233, 22.702356367834888], [120.32175988592043, 22.701949459914186], [120.321293543852, 22.701331358848186], [120.3195470786664, 22.699234209952756], [120.31878870655459, 22.698333780510655], [120.31878656522885, 22.698331237400872], [120.31851630459765, 22.69801034917344], [120.31821620192954, 22.697680271128355], [120.31787371045061, 22.697320050942658], [120.31697714378423, 22.696434393253426], [120.31529823682179, 22.69482048437869], [120.31419098608859, 22.693733314487126], [120.31172841064644, 22.69135087855916], [120.3111216034674, 22.6907798452849], [120.31078565974705, 22.690480286404515], [120.31003470861609, 22.68984357718186], [120.30932143494549, 22.68922381322992], [120.3090680652344, 22.689029148337298], [120.3089154282936, 22.68891479295466], [120.30871117980138, 22.688753612913455], [120.30860766347756, 22.68867274360851], [120.30827073639398, 22.68835540397488], [120.30805552011005, 22.688169643128706], [120.30805402878347, 22.688168356139755], [120.30701310814358, 22.687269874712058], [120.30570249820522, 22.686138608174105], [120.30501282456463, 22.68558096645821], [120.30386249138247, 22.68461411780767], [120.30299664718366, 22.683811638989862], [120.30238701647127, 22.68320204560047], [120.29949999034649, 22.680152351273357], [120.29893383966768, 22.679547561711477], [120.2983694499587, 22.67893063263885], [120.29767418906994, 22.67820214587013], [120.2966966514447, 22.67715409089193], [120.29519177753701, 22.675569598563442], [120.29304651924653, 22.6733337817719], [120.29058512180237, 22.670768356322007], [120.28968538601039, 22.669787274737647], [120.2893315363308, 22.669317590367303], [120.28883008931182, 22.668627554896908], [120.28853971629478, 22.668189772255044], [120.28818583418631, 22.667695652943344], [120.28631682483189, 22.664945538913468], [120.28574852780679, 22.664085929022416], [120.28523266831456, 22.663325858155005], [120.28498104848194, 22.66293237930009], [120.28453281929487, 22.662293198455558], [120.28367772432533, 22.660996194620502], [120.28305553333334, 22.66006436497067], [120.28295174520517, 22.65990892424175], [120.28271908286067, 22.6595187488997], [120.28250502034281, 22.65910173532872], [120.28234292107868, 22.658749402150328], [120.28215919477879, 22.658246050363125], [120.2819932522861, 22.657703619462172], [120.28187653194857, 22.65716140897069], [120.28178204496761, 22.656400664820794], [120.28172254721956, 22.65567270955664], [120.28162839141592, 22.653912569922284], [120.28127607351652, 22.648333411079832], [120.28116130349304, 22.646515886145657], [120.281025031677, 22.64477926284045], [120.28086686142974, 22.64311034202101], [120.28085715655996, 22.64262860880082], [120.28094083505883, 22.64162255377889], [120.28132040130389, 22.64027916250815], [120.28176222365197, 22.638955951466546], [120.28206574171011, 22.638383976811234], [120.28227827135645, 22.63807492515888], [120.28261420972197, 22.637694636223763], [120.2829390916863, 22.637412192004653], [120.28305553156498, 22.637329084340884], [120.28327076604022, 22.637175461686297], [120.28362625746269, 22.636977996649474], [120.28395810943124, 22.636819582136265], [120.28434901680731, 22.636684273505786], [120.28473970385905, 22.636591384398805], [120.28521102200322, 22.636541274328682], [120.28576741905701, 22.636537604464493], [120.28603950203355, 22.636552282573746], [120.28671446645944, 22.636675504994717], [120.2877494632693, 22.636900371117726], [120.28913368878288, 22.637196132763616], [120.2902012415254, 22.637452115324265], [120.2906564988357, 22.63762055309599], [120.2911510918009, 22.637830768625733], [120.29167972120423, 22.63808763276802], [120.2926370382888, 22.638554416212756], [120.29382316432718, 22.639134781714734], [120.29493832508717, 22.639673220517583], [120.29569642307759, 22.6399163966596], [120.29623119085397, 22.64000685148401], [120.29665035049855, 22.640018479938842], [120.29733866061245, 22.639987234535372], [120.2983066267733, 22.63992131426054], [120.29896864532057, 22.63987526291783], [120.29987754446407, 22.63980593761422], [120.30046973563199, 22.63973279920957], [120.30259894126868, 22.639498422126422], [120.30701310814358, 22.687269874712058]]}}]}