{"type": "FeatureCollection", "features": [{"type": "Feature", "properties": {"track_id": "BB-ZY-ZN-C-0", "source_tracks": ["WL-ZY-CH-1", "WL-C-CH-ZN-0"], "point_count": 5385, "generated_by": "merge_tracks.py"}, "geometry": {"type": "LineString", "coordinates": [[120.30701310814358, 22.687269874712058], [120.30259894126868, 22.639498422126422], [120.30046973563199, 22.63973279920957], [120.29987754446407, 22.63980593761422], [120.29896864532057, 22.63987526291783], [120.2983066267733, 22.63992131426054], [120.29733866061245, 22.639987234535372], [120.29665035049855, 22.640018479938842], [120.29623119085397, 22.64000685148401], [120.29569642307759, 22.6399163966596], [120.29493832508717, 22.639673220517583], [120.29382316432718, 22.639134781714734], [120.2926370382888, 22.638554416212756], [120.29167972120423, 22.63808763276802], [120.2911510918009, 22.637830768625733], [120.2906564988357, 22.63762055309599], [120.2902012415254, 22.637452115324265], [120.28913368878288, 22.637196132763616], [120.2877494632693, 22.636900371117726], [120.28671446645944, 22.636675504994717], [120.28603950203355, 22.636552282573746], [120.28576741905701, 22.636537604464493], [120.28521102200322, 22.636541274328682], [120.28473970385905, 22.636591384398805], [120.28434901680731, 22.636684273505786], [120.28395810943124, 22.636819582136265], [120.28362625746269, 22.636977996649474], [120.28327076604022, 22.637175461686297], [120.28305553156498, 22.637329084340884], [120.2829390916863, 22.637412192004653], [120.28261420972197, 22.637694636223763], [120.28227827135645, 22.63807492515888], [120.28206574171011, 22.638383976811234], [120.28176222365197, 22.638955951466546], [120.28132040130389, 22.64027916250815], [120.28094083505883, 22.64162255377889], [120.28085715655996, 22.64262860880082], [120.28086686142974, 22.64311034202101], [120.281025031677, 22.64477926284045], [120.28116130349304, 22.646515886145657], [120.28127607351652, 22.648333411079832], [120.28162839141592, 22.653912569922284], [120.28172254721956, 22.65567270955664], [120.28178204496761, 22.656400664820794], [120.28187653194857, 22.65716140897069], [120.2819932522861, 22.657703619462172], [120.28215919477879, 22.658246050363125], [120.28234292107868, 22.658749402150328], [120.28250502034281, 22.65910173532872], [120.28271908286067, 22.6595187488997], [120.28295174520517, 22.65990892424175], [120.28305553333334, 22.66006436497067], [120.28367772432533, 22.660996194620502], [120.28453281929487, 22.662293198455558], [120.28498104848194, 22.66293237930009], [120.28523266831456, 22.663325858155005], [120.28574852780679, 22.664085929022416], [120.28631682483189, 22.664945538913468], [120.28818583418631, 22.667695652943344], [120.28853971629478, 22.668189772255044], [120.28883008931182, 22.668627554896908], [120.2893315363308, 22.669317590367303], [120.28968538601039, 22.669787274737647], [120.29058512180237, 22.670768356322007], [120.29304651924653, 22.6733337817719], [120.29519177753701, 22.675569598563442], [120.2966966514447, 22.67715409089193], [120.29767418906994, 22.67820214587013], [120.2983694499587, 22.67893063263885], [120.29893383966768, 22.679547561711477], [120.29949999034649, 22.680152351273357], [120.30238701647127, 22.68320204560047], [120.30299664718366, 22.683811638989862], [120.30386249138247, 22.68461411780767], [120.30501282456463, 22.68558096645821], [120.30570249820522, 22.686138608174105], [120.30701310814358, 22.687269874712058], [120.30805402878347, 22.688168356139755], [120.30805552011005, 22.688169643128706], [120.30827073639398, 22.68835540397488], [120.30860766347756, 22.68867274360851], [120.30871117980138, 22.688753612913455], [120.3089154282936, 22.68891479295466], [120.3090680652344, 22.689029148337298], [120.30932143494549, 22.68922381322992], [120.31003470861609, 22.68984357718186], [120.31078565974705, 22.690480286404515], [120.3111216034674, 22.6907798452849], [120.31172841064644, 22.69135087855916], [120.31419098608859, 22.693733314487126], [120.31529823682179, 22.69482048437869], [120.31697714378423, 22.696434393253426], [120.31787371045061, 22.697320050942658], [120.31821620192954, 22.697680271128355], [120.31851630459765, 22.69801034917344], [120.31878656522885, 22.698331237400872], [120.31878870655459, 22.698333780510655], [120.3195470786664, 22.699234209952756], [120.321293543852, 22.701331358848186], [120.32175988592043, 22.701949459914186], [120.32204574362233, 22.702356367834888], [120.32220948726388, 22.702610831237173], [120.32236989446815, 22.70289526202798], [120.32264330989626, 22.703431404990727], [120.32320752449141, 22.704635304987775], [120.3235729833193, 22.70547574791246], [120.32372486288878, 22.70594357950965], [120.32377622132627, 22.706123429297524], [120.3238571144929, 22.70646638952847], [120.32394112224995, 22.70694585806124], [120.32397606420479, 22.70728143834576], [120.32399644128718, 22.707581258103893], [120.32400906384386, 22.708007931667833], [120.32399253540629, 22.70837367251364], [120.32394383668014, 22.708906399892534], [120.32379002932961, 22.709979860072714], [120.32339829964756, 22.712946139128157], [120.32323517451529, 22.714044434380593], [120.32319037415331, 22.714292363680684], [120.32312446634715, 22.714584802223218], [120.32305330539229, 22.714856720797524], [120.32273825688297, 22.71584189574344], [120.32215965411197, 22.717522868706403], [120.32199671042747, 22.718125962739833], [120.32192544335749, 22.71849007816894], [120.32187076244259, 22.718884791853977], [120.32184954734184, 22.71917655399857], [120.32183203926252, 22.71965770189439], [120.32184243022847, 22.720042420954826], [120.32188074642323, 22.720421253977424], [120.32196740614384, 22.720912963249873], [120.32204836840556, 22.721252016604332], [120.32217706565245, 22.72171931633959], [120.32219594663981, 22.721774702520353], [120.32225658255446, 22.721952578027107], [120.32244679326418, 22.722454899776526], [120.32253415793672, 22.722705996611342], [120.32275185201934, 22.72333166878986], [120.32275258249057, 22.7233337696936], [120.32277313092789, 22.72339282658381], [120.32325779878919, 22.724685560834327], [120.32349528278759, 22.72536002321059], [120.32389459564546, 22.726705144731675], [120.32401328412817, 22.727042900156324], [120.32418113456832, 22.72752055725828], [120.32435206452702, 22.727990389765846], [120.32477221935792, 22.729033825082578], [120.32497830648701, 22.729574133930363], [120.32507719711666, 22.729787249246748], [120.32512495692416, 22.72987336441928], [120.32525198967633, 22.730206115734138], [120.32534276131587, 22.73047831363486], [120.32541363877253, 22.730725215893948], [120.32546991220427, 22.730969816902327], [120.32557998068344, 22.731552201471775], [120.32562343915714, 22.73204894769357], [120.3256346511749, 22.732490744804764], [120.32561566029922, 22.732983327164785], [120.32558972340898, 22.733250304882816], [120.32553077330036, 22.733609231887677], [120.32544938844467, 22.733994750480036], [120.32539062007953, 22.7342220138653], [120.32525577193049, 22.73468528402552], [120.32500346339052, 22.735309384133604], [120.32475752362146, 22.735786348103005], [120.32466117945326, 22.735957149322086], [120.32419692028061, 22.736632777442747], [120.32291863141927, 22.738220978638903], [120.32231089530283, 22.739049342982256], [120.32185489542034, 22.739732624956993], [120.3213718642531, 22.740535968793203], [120.31967187891367, 22.743660029430337], [120.31929796326803, 22.74436180411785], [120.31867730910199, 22.745491838402046], [120.31774863338215, 22.747228173215966], [120.3171384603075, 22.748332208427414], [120.31713760456877, 22.748333756221328], [120.31708477550283, 22.748429344731], [120.31468525938836, 22.7528900675891], [120.31325652284252, 22.755499660109493], [120.31225450243596, 22.757357761929477], [120.31188573801613, 22.75806903888282], [120.31142878598666, 22.75890454175773], [120.31095040198223, 22.75986336754473], [120.31029624146731, 22.761080129818605], [120.30967916963625, 22.762227905795864], [120.3094329413121, 22.76261619025087], [120.30881128298334, 22.763721398889324], [120.3080835194928, 22.765120813250697], [120.30805552745903, 22.765179587304655], [120.30796697277987, 22.765365525170083], [120.30762285737082, 22.766141921008447], [120.30723433244957, 22.767178512422742], [120.30699187409562, 22.767858291995413], [120.30681413707649, 22.768399811117146], [120.30658073023547, 22.768976713618592], [120.3063758219725, 22.76962116960902], [120.3062002113784, 22.77007720503653], [120.30579460098747, 22.771239099405815], [120.30547865741369, 22.772103454681268], [120.30515676084906, 22.77300912770101], [120.30504281090965, 22.77332919901542], [120.30504128859371, 22.773333475565497], [120.30484969566513, 22.773871634454583], [120.30445629671782, 22.774969030131434], [120.30425209693857, 22.775549573000742], [120.30419215000565, 22.775720003877208], [120.30417334282765, 22.77577347197291], [120.30388055043412, 22.776595036367453], [120.3038000452767, 22.776821005386577], [120.30366113496846, 22.777210906112227], [120.30358331327405, 22.7774293371848], [120.30335913741192, 22.778073855711273], [120.30311317024119, 22.77875191914994], [120.30287069789318, 22.779444705371805], [120.30263106080571, 22.780113360424632], [120.30240943519546, 22.780742152696085], [120.3021631901097, 22.78143099185736], [120.3021222805613, 22.781545432723615], [120.30187834689943, 22.782229205376613], [120.30174145607889, 22.782639909145505], [120.30162561486003, 22.783010673544485], [120.30153803599558, 22.783338475183307], [120.30147874289912, 22.783632735752658], [120.30144143177561, 22.783862659845205], [120.30140255238827, 22.784128949233786], [120.30135973885153, 22.78449762282438], [120.3013390991169, 22.784698177694988], [120.30132501791313, 22.78483499505501], [120.30130595791582, 22.78502021851146], [120.30121666075871, 22.785838602742974], [120.30119713296286, 22.786045236342424], [120.30116207545521, 22.78641618691914], [120.301135474435, 22.78669764698279], [120.30110374986107, 22.787033318186893], [120.30086017324363, 22.789288621596043], [120.30085644431168, 22.789323148730748], [120.30083957523614, 22.789479329576942], [120.3008273173555, 22.789588967554128], [120.30074427754555, 22.790331607044322], [120.3006559162502, 22.791284284242927], [120.30057988079767, 22.792039729608263], [120.30055549874933, 22.792281949543714], [120.3004800189989, 22.793031792215622], [120.30035373272364, 22.794369336690774], [120.30020414348071, 22.795655653307563], [120.30011787865551, 22.7965808687758], [120.30003141943709, 22.79743446681737], [120.29994496021865, 22.798288064858944], [120.2999310957819, 22.798333749755027], [120.29989519085792, 22.79845206043398], [120.29983015174776, 22.798796491292155], [120.29966196332443, 22.799536461521175], [120.29945564361115, 22.80017268064381], [120.29927941394095, 22.8006102254566], [120.29900178997043, 22.801209390851646], [120.29864865605953, 22.80183083589693], [120.29824793618475, 22.802447217643415], [120.29767022786443, 22.80333557546238], [120.29709735235785, 22.804220055588907], [120.29696465538922, 22.80442384926917], [120.29623416399329, 22.80554570861619], [120.29611498671576, 22.80572873509295], [120.2956907578421, 22.806386499984917], [120.29498674325934, 22.807472850980215], [120.29414353417103, 22.808776057666616], [120.29373206275476, 22.80941139906239], [120.29284937969112, 22.81076615513229], [120.2927905033391, 22.810857778038915], [120.29274127385769, 22.81093438903149], [120.29268283826316, 22.81102532663049], [120.29238781135659, 22.811484444607057], [120.29179686428672, 22.812397370256754], [120.29117290290925, 22.813361631106872], [120.29062433462606, 22.814205164234963], [120.29011312366812, 22.8149972074135], [120.28988770890481, 22.81534614075584], [120.28980121319523, 22.815480033753452], [120.28938764565565, 22.81612021612834], [120.28837457560603, 22.817675399923626], [120.28748423348345, 22.819051970162274], [120.28646047782442, 22.82063144133559], [120.28573599896401, 22.821760979326328], [120.28471840738354, 22.823329327413568], [120.28471654535879, 22.823332196153675], [120.28471576951279, 22.82333339191355], [120.28469404189377, 22.823366878589034], [120.28460800833629, 22.82349872329591], [120.2844262911431, 22.823777200812167], [120.28424200513639, 22.82405961466517], [120.28390067110152, 22.824582697150788], [120.28305594182287, 22.825893626247147], [120.28305549593615, 22.825894314166078], [120.28305542914391, 22.825894418618596], [120.28282497068292, 22.82625205680253], [120.28238670797343, 22.826930183544924], [120.28200651750342, 22.827523922987815], [120.28153460380148, 22.828279325983466], [120.2808688212439, 22.829338167940307], [120.28043741324304, 22.830019722257546], [120.27998005029093, 22.83074443988045], [120.27955212715759, 22.831429272648126], [120.2791229320208, 22.832110991894908], [120.27881562393684, 22.832598218134915], [120.27874486787108, 22.832710398783075], [120.27858327627406, 22.83296968088588], [120.27816714211785, 22.833628996816184], [120.27815872760567, 22.833642466387793], [120.27728156213476, 22.83504663824289], [120.27724132017129, 22.83511031695215], [120.27598564557309, 22.837097277255275], [120.27582272672615, 22.83735737373565], [120.27575374190184, 22.837467503810352], [120.2751985635553, 22.83835381909393], [120.27464916686168, 22.839226214669072], [120.27431456540414, 22.83975720090971], [120.27371525363034, 22.840715315010005], [120.27311411765058, 22.841665461544697], [120.27265414118428, 22.842399573955], [120.27230621821774, 22.843048599613915], [120.2717639500283, 22.844177680376163], [120.27140026961675, 22.844934517839004], [120.27110160824434, 22.845548194175567], [120.27105458547784, 22.84564481456811], [120.27104936630441, 22.84565553865297], [120.27067506470749, 22.84643861571765], [120.27047158578456, 22.846855620160575], [120.27021641840811, 22.84737855411642], [120.26975416869656, 22.848329737127948], [120.26975277958867, 22.848332597003097], [120.26975219834581, 22.848333790864114], [120.26959132246513, 22.848664822272692], [120.26913670285609, 22.849604513576363], [120.26874546049251, 22.85041647155002], [120.26826932815386, 22.85138224832068], [120.26810907945057, 22.851668276997096], [120.26768202524451, 22.85235066992535], [120.26762072849547, 22.852454071192852], [120.2675423188728, 22.85258633788186], [120.26752251193331, 22.852619747663734], [120.26723780462, 22.853100009661482], [120.2665648231358, 22.85408839297145], [120.26646291113535, 22.854232937345373], [120.26563242845701, 22.855410831982695], [120.26473400425809, 22.856607123012918], [120.26450325578229, 22.856947652512655], [120.26449562644962, 22.85695845912528], [120.26443602912491, 22.857042897656324], [120.26425448057657, 22.857300104188894], [120.26402299275544, 22.857633809755004], [120.26382590087556, 22.857917929334224], [120.26346238541427, 22.85843972462795], [120.26312668851202, 22.85891931071215], [120.26275664119912, 22.859450626295978], [120.26234908375785, 22.860031100871012], [120.26196158915457, 22.860585639102716], [120.26167152330271, 22.86099418197846], [120.26143953244052, 22.861329898412528], [120.2611089860804, 22.861800943782633], [120.26102727149643, 22.86191761412993], [120.26068847220932, 22.86240133134585], [120.26034027702855, 22.862895798981256], [120.26012158662148, 22.863220381061236], [120.25985846318395, 22.86361289021592], [120.25967959935093, 22.863908384039465], [120.25953174411953, 22.864159638617835], [120.25935054566452, 22.864484672108254], [120.25914434193571, 22.86487306604285], [120.25898792869674, 22.86519980560426], [120.25887202621483, 22.865449875399527], [120.25879650960829, 22.865621944779747], [120.25869248634088, 22.865877920524035], [120.2584125777119, 22.86660188386441], [120.2581632405475, 22.86727253484467], [120.25805637195029, 22.867558159711955], [120.2580555393352, 22.8675603872299], [120.25805548990101, 22.867560517939538], [120.25794961266926, 22.867843487898863], [120.25600849915098, 22.873085598432052], [120.25591107679288, 22.8733295833679], [120.2559100499097, 22.873332396032197], [120.25590964825466, 22.87333349675854], [120.25576362671923, 22.87373361015265], [120.25449444481178, 22.877026758162877], [120.25435954758755, 22.87746794984622], [120.25430254080756, 22.87772175909917], [120.25417177544776, 22.878226619466467], [120.2541599739524, 22.878291547150045], [120.25404626519818, 22.878917132788622], [120.25398692986259, 22.879567781367847], [120.25397532428346, 22.87972366661999], [120.25395936458474, 22.880256637490476], [120.2539405153108, 22.881010194489413], [120.25394745797156, 22.881582206559685], [120.25392935018044, 22.88329904491176], [120.2538728874377, 22.8849653589717], [120.2538090514201, 22.8867456775519], [120.25372919469382, 22.88856898248433], [120.25377776841623, 22.891283246348436], [120.25381421686825, 22.892885303902297], [120.25379146027451, 22.894042401236703], [120.25378742484904, 22.894378393256126], [120.25378739620191, 22.894380779835032], [120.25378722188591, 22.89439518779414], [120.25377648034242, 22.895289027851433], [120.25375810306562, 22.896818253816004], [120.25374722243032, 22.897677313584936], [120.25374264018397, 22.89803905372669], [120.25374018383248, 22.89818446548376], [120.25373792857395, 22.898333561647707], [120.25373673170087, 22.89841265977904], [120.25373692154268, 22.898634529178793], [120.2537263397679, 22.89899146677743], [120.25371636475501, 22.89929253394785], [120.25369696927146, 22.899552228735566], [120.25367083840013, 22.89985200814339], [120.2536242184971, 22.900195841409307], [120.2535999327285, 22.900355382370236], [120.25354375823137, 22.90063651388856], [120.25348342629924, 22.900905888243756], [120.2534528150377, 22.90100793957626], [120.25340232306654, 22.901176262161357], [120.25319844520374, 22.901855988235614], [120.25308112460299, 22.902293312052095], [120.253041947507, 22.902442029578115], [120.25281120010024, 22.903264602820844], [120.25248931254879, 22.904358541296318], [120.25190946959569, 22.906329144114824], [120.25166891315295, 22.907331373638915], [120.25157705912059, 22.90767172740435], [120.25153982790066, 22.907811090038642], [120.25150262686952, 22.907944761003755], [120.25140755221304, 22.908294536118277], [120.25139223094536, 22.908399414077085], [120.25111365548301, 22.909407385260188], [120.25048644205106, 22.91162748149552], [120.25046574625554, 22.911701201998003], [120.25043928068166, 22.911795470799863], [120.2503709738936, 22.91203877771255], [120.25032289432104, 22.91220918275357], [120.25030365192535, 22.912277380835473], [120.25024717131829, 22.912477557906723], [120.25022729747461, 22.91254339608849], [120.2500929271628, 22.9129885232954], [120.24994057542172, 22.91342197054577], [120.24984116958451, 22.913648035953898], [120.24978172811387, 22.913783211417762], [120.24973284277705, 22.91388881645386], [120.24955425529544, 22.914244023689424], [120.24940510196411, 22.914533134403552], [120.24924520208788, 22.9147945334803], [120.24911242044226, 22.914974674184624], [120.24891361339007, 22.915252662720707], [120.24868582926723, 22.9155834341191], [120.24837073731781, 22.915930441170484], [120.24799794073067, 22.916333047446752], [120.24785590983707, 22.916481345763106], [120.2477882559141, 22.916559307121958], [120.24768037811583, 22.91666572109548], [120.24746455892925, 22.916890150616286], [120.24684056517818, 22.9175364974376], [120.24619728206181, 22.9182182634656], [120.24569969833512, 22.918748632562217], [120.24521673137559, 22.919252989097178], [120.24464752426239, 22.919862101422858], [120.24417485340403, 22.920348409552485], [120.24369851352198, 22.920831229266888], [120.24311470529467, 22.921316027642206], [120.24306839499499, 22.921354483580586], [120.2430306180768, 22.921385852585107], [120.24295690836857, 22.92144706059819], [120.24235782703207, 22.92192753719359], [120.24230120049775, 22.921972952071716], [120.24223849675585, 22.922023240464718], [120.24210186602473, 22.92213281916541], [120.24150562208926, 22.922608620106097], [120.24059781056141, 22.92333019942998], [120.24059440486943, 22.923332899447733], [120.24059336495094, 22.92333372345317], [120.24046004111887, 22.92344105107841], [120.23992835594854, 22.92386906537875], [120.23946222334104, 22.924245822036596], [120.23926095187073, 22.92440814496824], [120.23868039533032, 22.92486601888714], [120.23786792898274, 22.92551600355674], [120.23719448832041, 22.92604974967008], [120.23642403782317, 22.926662545828886], [120.23590646726335, 22.927080683526583], [120.23571289594115, 22.927233979618777], [120.23551655684489, 22.92738980415287], [120.23523548966101, 22.927615256295827], [120.2349436348287, 22.9278548162755], [120.23471555787384, 22.928071143047784], [120.2345069768067, 22.928282574253892], [120.23426089269631, 22.928566530470672], [120.23396467169391, 22.9289845838197], [120.23380641135894, 22.929243385692544], [120.23343539672959, 22.929922524392783], [120.23323921373786, 22.930314953647606], [120.233032297289, 22.930696860188874], [120.23239968887232, 22.931872428764972], [120.23062708538946, 22.935085830931527], [120.23060478487056, 22.935127267362425], [120.23056387772057, 22.9352032770762], [120.23055422955665, 22.935221203193937], [120.2303434078019, 22.935612914341093], [120.23022222541364, 22.935838074543106], [120.22998100416734, 22.936291645638736], [120.22971255800238, 22.936796394894856], [120.22944788521279, 22.937286277401956], [120.2291606104662, 22.93782280547424], [120.2290007526727, 22.938123810424795], [120.2288216661434, 22.938453433386165], [120.22865351975659, 22.93875540723627], [120.22851205124586, 22.939020580522925], [120.2284896248472, 22.93905922204177], [120.22846912334822, 22.939094546176708], [120.22839654798786, 22.93923763046683], [120.22836296597345, 22.939293240619914], [120.22833130694688, 22.939354298120275], [120.22829481276915, 22.93941227988481], [120.22819608372642, 22.93958408487575], [120.22803494667876, 22.939830177766215], [120.227831312782, 22.94013383370978], [120.22765369433026, 22.940379167806768], [120.22750523550509, 22.9405762488167], [120.22731161838787, 22.94080982853037], [120.22703646301034, 22.941145345026293], [120.22669023494461, 22.94156579615679], [120.22644615665186, 22.941865340249617], [120.22627017582505, 22.942082965955326], [120.22604478888871, 22.942348692005275], [120.22586474629568, 22.94256726454737], [120.22569779195696, 22.942759238991357], [120.22545956980244, 22.943042223284422], [120.22504921905174, 22.94354113538204], [120.2246928414701, 22.94397250480971], [120.2244767776007, 22.944230315647538], [120.22421253958684, 22.944545247900404], [120.22392878196348, 22.944887734739588], [120.22362772193263, 22.945247298299375], [120.2234211885274, 22.94549850795763], [120.22326369163973, 22.94568675126636], [120.223248960662, 22.945704360321397], [120.22323813603673, 22.94571729639678], [120.22320741844582, 22.945754010981382], [120.22304295246104, 22.94595487126778], [120.22290127463377, 22.946127226218344], [120.2226815067753, 22.946393184981314], [120.22242356822491, 22.94670481901401], [120.22220507376873, 22.946965331755912], [120.22192238082508, 22.947305536153866], [120.22171359746395, 22.94755589705518], [120.22144115723837, 22.947884759194313], [120.22107718227781, 22.94833539177218], [120.22101696780332, 22.948414547556], [120.2207676366426, 22.948694602527805], [120.22060799370598, 22.948917626719375], [120.22036048634776, 22.949216867407685], [120.22016271296765, 22.94945165521052], [120.21998537825785, 22.94969512283116], [120.21986451552189, 22.949880346765152], [120.21973066016652, 22.950096084783862], [120.21960443388096, 22.95028639772791], [120.21944820212686, 22.95056376312159], [120.21932985626435, 22.950796611639056], [120.2192396255503, 22.950981510770333], [120.21915790971569, 22.95116577087246], [120.21906054040403, 22.951392383188363], [120.21903655573199, 22.951451270283023], [120.21901079047417, 22.951516624167052], [120.21896267047322, 22.951645846083967], [120.21891002436678, 22.951811020223676], [120.21885633598109, 22.95197564649232], [120.21880470254817, 22.952149172187717], [120.21875198939219, 22.952340726760703], [120.21868290227559, 22.952559299400814], [120.2186528779409, 22.952686708553387], [120.218617996649, 22.952845862025214], [120.21860123016874, 22.952922226422146], [120.21859315384019, 22.952959006386383], [120.21856418454217, 22.953137826035622], [120.2185118837552, 22.95344758424488], [120.21847142615958, 22.9536976063883], [120.21843630306577, 22.953944081542456], [120.21842134399878, 22.954066641576333], [120.21839705451941, 22.954234456537016], [120.21837365508952, 22.954410105058198], [120.2183535620874, 22.954558613343202], [120.21831643056343, 22.954796129610262], [120.21828549405595, 22.955039871104677], [120.21824405884868, 22.955292872783673], [120.21821181213107, 22.955519540710704], [120.21818132328534, 22.9557238359401], [120.21814350692931, 22.95600098589398], [120.2181105192079, 22.95623028874421], [120.21789089386311, 22.957773643196916], [120.21784394751943, 22.958108200773214], [120.21780951882421, 22.958334038710447], [120.21779703731085, 22.95841591262885], [120.21775769677024, 22.958712951977066], [120.2177121268799, 22.959030505170066], [120.21766883593762, 22.959326647245824], [120.21762885514413, 22.959624187242888], [120.21759081838093, 22.95988904750753], [120.2175571785933, 22.96012318976526], [120.21753016608662, 22.960314054095598], [120.21751588335107, 22.960424188093516], [120.21750756073341, 22.96048024619636], [120.21749344460375, 22.960575314136086], [120.21746130132327, 22.9607984351567], [120.21742745605852, 22.961046508115587], [120.21739110650162, 22.961307453878323], [120.21737246847657, 22.961488083111842], [120.21735853331008, 22.961633680347205], [120.2173450392576, 22.961772433967692], [120.21732805591947, 22.961974752835165], [120.21731299067399, 22.962188590137927], [120.21729436492586, 22.9624485360677], [120.21729883091852, 22.963353822814703], [120.21732322130117, 22.964085485956236], [120.21740709974202, 22.965290345381334], [120.21749327688453, 22.96661584568892], [120.21758503676176, 22.968011089949528], [120.21768459503018, 22.96961101713534], [120.21777744728145, 22.970816779644572], [120.21776593521108, 22.971241912510788], [120.21774289687772, 22.971569088687254], [120.2176798561963, 22.972020357036037], [120.21759890032484, 22.972428373558742], [120.21731690350649, 22.973333764955143], [120.21694550598242, 22.974515749933722], [120.21663836620219, 22.97546811687456], [120.21635949681931, 22.97638036987692], [120.21603617814422, 22.977407842263688], [120.21567579392617, 22.978556802837698], [120.21527108474245, 22.97984554745047], [120.2149718082615, 22.980794697163674], [120.21469330139546, 22.981680544628755], [120.21466786318436, 22.98176145346293], [120.21466611646564, 22.981767014612544], [120.21461387682575, 22.981933327044313], [120.21459053057598, 22.98200764879098], [120.21393888870985, 22.984082212115776], [120.21390223611134, 22.984198895927637], [120.21387381658805, 22.984289369895336], [120.21380453823194, 22.984509920169476], [120.2135527280704, 22.985309596102837], [120.21331908382341, 22.986051573185385], [120.21308428133158, 22.98679721931853], [120.21306791154528, 22.986849202289864], [120.21305087402999, 22.98690330673837], [120.21251874235489, 22.988593124351024], [120.212459592814, 22.9887809510263], [120.21226275098246, 22.989421152149387], [120.21213371861303, 22.989849729022588], [120.21203118230527, 22.990262951720876], [120.21198284294762, 22.99050157774177], [120.21193231120051, 22.99091106945085], [120.21192018630279, 22.99133615579348], [120.21192967734896, 22.991532843527825], [120.21193647623002, 22.99167375940705], [120.21197018366793, 22.99196913075531], [120.21206858448933, 22.992519050514208], [120.21213089481718, 22.99284745186176], [120.21217018302009, 22.993063811820228], [120.21236358491383, 22.993928628073935], [120.21245305812212, 22.994401479604534], [120.21248949710464, 22.994609938369706], [120.21260555497979, 22.99502518319843], [120.21269778256467, 22.995474422683188], [120.21285586621373, 22.996287822036926], [120.21287066896556, 22.99665306110254], [120.21290140852487, 22.99681892428775], [120.21318170119906, 22.998331315381918], [120.21318205562123, 22.998333106916863], [120.21318215228469, 22.99833359502476], [120.21321961913699, 22.998523247985027], [120.21349894203556, 22.99995085141048], [120.21360594503952, 23.000499826568515], [120.21385369619286, 23.00163830704245], [120.21407619889598, 23.002773063257926], [120.21425241068826, 23.003842301513437], [120.21427963892214, 23.003975689846545], [120.2144400555559, 23.004816313807964], [120.21453960263088, 23.005188771603276], [120.21460870837073, 23.005418536735903], [120.21476245786393, 23.00584282618695], [120.21500842903332, 23.00632791656914], [120.2151993067706, 23.006659040611957], [120.21540769041009, 23.00695709431525], [120.21596077747054, 23.007749524716697], [120.21634542857899, 23.00827196205617], [120.21693111569778, 23.009104270485864], [120.21870623413213, 23.011582597115716], [120.21943839390327, 23.01259777525412], [120.21995580806266, 23.01332351206152], [120.22066748959995, 23.01431946791795], [120.22167199233046, 23.015735410197074], [120.22308807695688, 23.01771478945936], [120.22316964358866, 23.017830390836554], [120.2232580529919, 23.017955690706053], [120.22341631453749, 23.018179991094886], [120.22421175014566, 23.019286179664704], [120.22437567695954, 23.019514147794297], [120.22460562708027, 23.01982479952271], [120.22492287303888, 23.020208107782274], [120.22528189362856, 23.020594396674205], [120.22552210192157, 23.02080649094606], [120.2258238919827, 23.021051675423323], [120.22617688810335, 23.021324642592095], [120.22671145184367, 23.02167871994828], [120.22714113282805, 23.021926667831714], [120.22771330001358, 23.022257069688553], [120.22851483789785, 23.022727558005748], [120.22917547706363, 23.023122484577804], [120.22953548783157, 23.02333320045533], [120.2295360654177, 23.023333538285357], [120.22970182459879, 23.023430557685636], [120.23042770454903, 23.023830955599735], [120.23126139047426, 23.024326139607357], [120.23273764410864, 23.02518225988692], [120.23305553106876, 23.025364018055303], [120.23424935321216, 23.026059591160646], [120.23557704809677, 23.026837904291643], [120.23584202463171, 23.02699425695305], [120.23779999326582, 23.028142721095094], [120.23846923366324, 23.028518594887956], [120.23879437300059, 23.02871331328403], [120.23953964797057, 23.029137866016885], [120.24027898385994, 23.029570107580003], [120.24028815035474, 23.029575449579657], [120.24040012830012, 23.02964070716017], [120.24128792295922, 23.03014939982316], [120.243501598943, 23.031436482416364], [120.24467047269924, 23.032122515917393], [120.24563707702947, 23.032689644694784], [120.24622690888857, 23.033058211447756], [120.24644911440036, 23.033191886788195], [120.24686896434645, 23.033455162623845], [120.24743979273124, 23.033830074804694], [120.24829306396006, 23.0344815365631], [120.24856763282452, 23.034692125616324], [120.2488027372343, 23.034896520863715], [120.24917587958137, 23.035197594924114], [120.24966174912562, 23.035616339302457], [120.25020661868697, 23.036072511942393], [120.25080629059364, 23.036540225488814], [120.25140776637151, 23.037043870933722], [120.25192791658841, 23.03744327556376], [120.25279334363482, 23.03812730504464], [120.25317874462911, 23.038529244863014], [120.25328616547326, 23.038641275488843], [120.25375260559252, 23.039031616329844], [120.25463428669885, 23.039678638484876], [120.25499358174989, 23.039959597835846], [120.25613532039205, 23.04086420089606], [120.25697312421757, 23.04150258337787], [120.25699783614844, 23.04152224163375], [120.2571947298649, 23.041685012177492], [120.25761201641957, 23.0420228418276], [120.25790664870452, 23.042259843937874], [120.25805552772646, 23.042383896190902], [120.25805716923749, 23.04238526383335], [120.25805913516379, 23.042386902096364], [120.25825436177178, 23.04254969965753], [120.25871167992867, 23.042918324657016], [120.25957241818048, 23.043620450315846], [120.2604564868788, 23.04434044826158], [120.26064174999212, 23.044490713071074], [120.26072542730776, 23.04455858212052], [120.26174241512194, 23.045383438528496], [120.26230414723487, 23.04582575555705], [120.26269363332923, 23.046141895611523], [120.26326686208974, 23.04661709477654], [120.2634155340825, 23.046727173302255], [120.26409951425508, 23.04728826734571], [120.26502012985765, 23.04804625505103], [120.26518274807125, 23.048178406898977], [120.26537006315557, 23.048330627272733], [120.26537337789084, 23.048333326436566], [120.26537383643634, 23.048333699706532], [120.26540367489962, 23.048357994914156], [120.2666705108475, 23.049389480393863], [120.26689376616532, 23.049571375358703], [120.26974136412369, 23.051901380316014], [120.27171431116497, 23.053493790117123], [120.27411778522747, 23.055475509544884], [120.27472368452673, 23.05595294219119], [120.2755298374945, 23.056618690781686], [120.27677905682765, 23.057612353664926], [120.2778937658583, 23.058539147214294], [120.27838675290775, 23.058943486625417], [120.27908520688597, 23.059516340924276], [120.28058623795623, 23.060737706868203], [120.28123962455281, 23.061271657908982], [120.28152671642938, 23.06148828396772], [120.2821930566512, 23.06203434442573], [120.28262405601588, 23.062385373307773], [120.28304734019532, 23.062734021815846], [120.28305554349093, 23.06274121453478], [120.28345092130456, 23.063078063906385], [120.28413394365137, 23.063631476664355], [120.28468231329343, 23.064094877558727], [120.28582664479566, 23.06501880054006], [120.28686842972536, 23.065857249920555], [120.28760524599895, 23.066505080924657], [120.2879028224041, 23.066726090084142], [120.2884125829473, 23.067187944453124], [120.28973819285216, 23.068265928764347], [120.28990827860743, 23.06839864293825], [120.29093109553439, 23.069196724490073], [120.29155411437453, 23.069687265756443], [120.29203431108402, 23.07006159751195], [120.29285436763577, 23.070741218867553], [120.29368138010248, 23.071401617542474], [120.29400264741628, 23.071683533319806], [120.29411524175069, 23.071792365978045], [120.29429512082547, 23.07197116419188], [120.29445177274789, 23.072130082403724], [120.29460274234765, 23.072300165291765], [120.29473221452542, 23.072451766644676], [120.29488009235433, 23.07263844467914], [120.29505913696734, 23.07288338436958], [120.29523349907534, 23.073149577169964], [120.29529129155112, 23.07323714591909], [120.29533926418931, 23.07331472953088], [120.29535236093585, 23.073333797365628], [120.29544981675544, 23.073514907748304], [120.29545290939974, 23.073520381183908], [120.29545518807085, 23.073524733053915], [120.29554035204787, 23.073687242392726], [120.29558558385922, 23.073773560340015], [120.29562306005045, 23.07385080900719], [120.29569793527679, 23.074005153361295], [120.2957026058732, 23.074015729554787], [120.29577643943522, 23.07418291194564], [120.29582770064023, 23.074313379043904], [120.29584207259201, 23.074352988046527], [120.29590418941272, 23.074524197990776], [120.29594199704107, 23.074628406747856], [120.29596453515491, 23.07469593731345], [120.29601851301165, 23.074857692469415], [120.29602153028614, 23.07486865590522], [120.29606968192991, 23.075043673889017], [120.29608231996824, 23.075089608005946], [120.2961102744243, 23.075197366830498], [120.29611520038637, 23.075219274310882], [120.29615496019814, 23.075396086197323], [120.29616888537011, 23.075458009451463], [120.29616933572069, 23.075460366527533], [120.29619097471256, 23.07557356406857], [120.29619238471145, 23.075580936263957], [120.29622497007486, 23.075751402269166], [120.29625896454877, 23.075929239553325], [120.29629295909615, 23.076107078634404], [120.29632695665904, 23.076284916816434], [120.29636095138157, 23.07646275407335], [120.29636363837217, 23.076476807059436], [120.29639310296565, 23.076640883816825], [120.2964080021981, 23.07672385710775], [120.29641726254393, 23.076775425427765], [120.29642509539876, 23.076819040836266], [120.29648907953629, 23.07717535213664], [120.2965132539625, 23.077302570322907], [120.29655864528948, 23.077529871385106], [120.29659063617099, 23.07770802745], [120.2966151566226, 23.077844561780683], [120.29662276095216, 23.07788616242993], [120.29665531461937, 23.07806423158432], [120.29668786544252, 23.078242299814082], [120.29672041927276, 23.07842036804831], [120.29675297024956, 23.078598437163933], [120.29678552423816, 23.078776505381004], [120.29681807732996, 23.07895457358515], [120.29683251183526, 23.07903353716336], [120.29685051425497, 23.079132661129687], [120.29688285846937, 23.079310761797906], [120.2969152037337, 23.079488863364986], [120.29694754810068, 23.079666964919205], [120.29697738473051, 23.0798312572016], [120.29697987399302, 23.079845068188387], [120.29700016832017, 23.079957705147653], [120.29701197041729, 23.08002320654821], [120.29702889149688, 23.08011710352683], [120.29704407179014, 23.080201346727282], [120.29707617032243, 23.08037948507894], [120.2971054334282, 23.08054188295589], [120.29710831678952, 23.080557617314003], [120.29714093318063, 23.08073567668082], [120.29717355161247, 23.08091373424175], [120.29720616718629, 23.081091793587017], [120.29723878772883, 23.08126985113942], [120.29727140737478, 23.081447908678864], [120.29730402416736, 23.0816259670997], [120.297336641044, 23.081804024608925], [120.29736926288005, 23.08198208213125], [120.29740187990602, 23.082160141429274], [120.29742260373686, 23.08227326875853], [120.29743392460838, 23.082338286668307], [120.29746497791858, 23.082516584614012], [120.29749602837605, 23.082694882538615], [120.29752707696144, 23.08287317954348], [120.29754436342144, 23.082968076809646], [120.2975767991995, 23.083146162343528], [120.29760923700853, 23.083324247877545], [120.29761765253704, 23.083370445717033], [120.29764208712899, 23.083502267509893], [120.29767508188856, 23.083680267006972], [120.29770808064194, 23.08385826470668], [120.29774107653824, 23.084036264190626], [120.2977740735003, 23.08421426186419], [120.29778782809565, 23.084288462501533], [120.29780639065565, 23.084392366674336], [120.29783822532825, 23.084570546990076], [120.2978700571595, 23.084748725478466], [120.29790167573138, 23.084925695676798], [120.29790189589563, 23.084926904891887], [120.2979344048253, 23.08510497981679], [120.29796691383406, 23.085283054733132], [120.29799942292195, 23.085461129640898], [120.29803193112227, 23.08563920272978], [120.29805293476744, 23.08575427087209], [120.29806433877137, 23.085817294326187], [120.29809656285869, 23.0859954130914], [120.29812878506293, 23.086173533645475], [120.29816100833095, 23.086351652389425], [120.2981824814197, 23.086470340079355], [120.29819360971995, 23.086529712302724], [120.29822695947074, 23.086707653625265], [120.29826031124556, 23.086885596753618], [120.29829366018289, 23.0870635380541], [120.29831328896809, 23.08716826230832], [120.29834704838632, 23.087348382590683], [120.29841767664537, 23.08777380402749], [120.29845021613492, 23.087951875334195], [120.29848275571302, 23.088129944826324], [120.29851529634169, 23.088308015217187], [120.29854783607819, 23.088486084692157], [120.29858037588453, 23.088664155964516], [120.29861291772687, 23.088842226333988], [120.29864545672491, 23.08902029577886], [120.29867799677355, 23.089198366122496], [120.29868707716318, 23.089248051578668], [120.29870981597166, 23.089376547939004], [120.29874135684855, 23.08955477095265], [120.29877289877341, 23.08973299486536], [120.29880443882278, 23.08991121876117], [120.29880870330318, 23.089935311208162], [120.29883722447131, 23.090089248612554], [120.29887021044858, 23.09026724954487], [120.29890319260662, 23.090445249548104], [120.2989938271272, 23.09090341071565], [120.2990237401059, 23.09108962263499], [120.29904352905838, 23.09120770850721], [120.29977116669873, 23.095176209446976], [120.29998909697153, 23.096402016500324], [120.30001244780502, 23.096536979107494], [120.30027244440504, 23.09793200765029], [120.30034000326862, 23.09833373722661], [120.30040981699271, 23.098709723655436], [120.30079666043497, 23.100803788383303], [120.30134047582088, 23.103787603938372], [120.30171902155944, 23.105889292814766], [120.30197210214186, 23.1072689812638], [120.3020514311707, 23.107701449625132], [120.3024032491493, 23.109619335875184], [120.30249590373738, 23.110101542510808], [120.30318885921409, 23.113864198586516], [120.30353560390851, 23.115789854793668], [120.3047332174645, 23.122446902508354], [120.30489350670555, 23.123333525552667], [120.30511623836057, 23.124516517006253], [120.30546402735379, 23.12640258852961], [120.3056510236314, 23.127451660999647], [120.30586252870951, 23.128594618026302], [120.30597016456629, 23.129203650153546], [120.30616147310676, 23.130273378237167], [120.3062136671042, 23.130517217219158], [120.30628016289526, 23.13071482795658], [120.30631841284546, 23.130882654967277], [120.30638038000248, 23.13117624140147], [120.3064677210435, 23.13165855164549], [120.30650261114077, 23.13186560513963], [120.30650053487082, 23.13208540642457], [120.30672976414354, 23.13329204480647], [120.3067939199777, 23.13362975425779], [120.3070453624826, 23.13489038744769], [120.30720829621325, 23.13602143819879], [120.30723054820018, 23.13616127801231], [120.3072739247881, 23.136433873959696], [120.30730894856534, 23.13661154377288], [120.3073439733956, 23.136789215386827], [120.30737899539183, 23.136966885172395], [120.30740891672176, 23.137118674790063], [120.30741360898651, 23.137144620879944], [120.30744582448779, 23.1373227478842], [120.307478040077, 23.13750087307396], [120.30751025574484, 23.137678998255183], [120.30754246952922, 23.137857125225313], [120.30756861058074, 23.138001662364445], [120.30757468535903, 23.13803524948651], [120.30758682255512, 23.138102360464572], [120.30760690028643, 23.138213374637907], [120.30763911625962, 23.138391501591045], [120.30767133232074, 23.13856962672969], [120.3077035484605, 23.13874775185981], [120.30773576272146, 23.138925877875835], [120.30774393026743, 23.138971033634444], [120.30776816469688, 23.1391039731018], [120.3078006292798, 23.13928206136963], [120.3078330949277, 23.13946014782718], [120.30786556162207, 23.139638236086363], [120.30789802645683, 23.139816321619417], [120.30793049135698, 23.139994409852818], [120.30795950126057, 23.140153548558406], [120.30796310685535, 23.140172469841996], [120.30799699096609, 23.140350316861994], [120.30803087710345, 23.14052816568744], [120.30805555438624, 23.140657681012996], [120.30805751503004, 23.140667971311046], [120.30806045312717, 23.140683395006292], [120.30806476236586, 23.14070601088752], [120.30806866652534, 23.140726504718952], [120.30810628408446, 23.140882434842528], [120.30814880285101, 23.141058672625135], [120.30819131976041, 23.141234912192477], [120.30821169674635, 23.141319370002453], [120.30826898842514, 23.141578065172663], [120.30840527718766, 23.142009070141263], [120.3086149477047, 23.142557531010674], [120.3087967881666, 23.142970623710532], [120.30904604704905, 23.143485384722208], [120.3093293088019, 23.144036186338344], [120.30975553350729, 23.144882353822883], [120.31029126696325, 23.14594657821461], [120.31087041975839, 23.14709166931408], [120.31133799553938, 23.148004652909318], [120.31150661381459, 23.148333036448083], [120.31150686714149, 23.148333529695932], [120.3118013854474, 23.14890709406781], [120.31224458582781, 23.14981911883488], [120.31234862066657, 23.150029100331277], [120.31263271559523, 23.1506025075211], [120.31315381454576, 23.15159672477528], [120.31380755349558, 23.15288144686886], [120.31428345783897, 23.153814867972976], [120.31473163914923, 23.15468973415179], [120.31511553101251, 23.15540648324634], [120.31557866741105, 23.15633802904034], [120.31598363971877, 23.157109245136876], [120.31629290365606, 23.157761328773066], [120.31664082701914, 23.158515782266882], [120.31698160030292, 23.15928185554857], [120.31732908604239, 23.1601403369947], [120.31769382777786, 23.161084426487925], [120.31798798482265, 23.16189832591624], [120.31831525569336, 23.162867340960513], [120.31859325515879, 23.163692595999056], [120.31889935053508, 23.164605364469253], [120.3191597232049, 23.16538763660911], [120.31956048905717, 23.16656426892622], [120.31998996074728, 23.167835067228626], [120.32026158334753, 23.168654413078286], [120.3205783233217, 23.1695821562743], [120.32080293595662, 23.170260494678732], [120.32096893086333, 23.170819087405125], [120.32102994206576, 23.17106482471172], [120.32108862069394, 23.17130116514641], [120.3211706301015, 23.171781445918583], [120.32122087854817, 23.172152395965455], [120.32125435336641, 23.17263340748832], [120.3212588091276, 23.17284000411663], [120.32126290288505, 23.173029816014594], [120.32125653251298, 23.173333805787326], [120.32122587975728, 23.173908499903323], [120.32122088981217, 23.174015603344984], [120.32120595451023, 23.17416639577301], [120.3211910181935, 23.174317188191743], [120.3211002636679, 23.17529492706329], [120.32100627387655, 23.176215520182915], [120.32091314219227, 23.17723695406504], [120.32082603623672, 23.178179049149076], [120.32074255568575, 23.17908434310663], [120.32073404028532, 23.1791766832977], [120.32072975934817, 23.17922310207133], [120.32062906204274, 23.180325947765525], [120.32054123559811, 23.18127228689498], [120.32045548690878, 23.182200902425794], [120.3203908795077, 23.182895431821787], [120.32033211710325, 23.18355113892591], [120.32027312263754, 23.184188847079113], [120.32021389075851, 23.184835331364877], [120.32020019295753, 23.184984839296337], [120.32011594627414, 23.185904321259247], [120.32002153695814, 23.186978532033283], [120.31992747274077, 23.18799611824235], [120.31985593520713, 23.188860680343243], [120.31979688172544, 23.189392347341453], [120.31973925152606, 23.190044029252498], [120.3197132228788, 23.19050683011076], [120.31970496066648, 23.190954920079086], [120.31961698682174, 23.192246884463955], [120.31957126040749, 23.192747023808366], [120.31949647164586, 23.193565036828222], [120.31919361757244, 23.196163080804087], [120.31902388634802, 23.19802558361988], [120.31899301201716, 23.198333806928026], [120.31895721037792, 23.198769647074478], [120.31885342146143, 23.199608992126706], [120.31877437841528, 23.20048541593785], [120.31875296694633, 23.20071788259989], [120.31873222324191, 23.200943092874024], [120.31870723783277, 23.201214357959785], [120.31863040410074, 23.202003325867963], [120.31859127410345, 23.202447933009037], [120.31853262612783, 23.203098521563216], [120.31847251723879, 23.203773340384405], [120.31841525517271, 23.204360353216497], [120.31836105464936, 23.20495999513615], [120.318319187537, 23.205458472507953], [120.3182952684256, 23.205827300901827], [120.3182816125369, 23.20618944726194], [120.3182736704945, 23.20656703267354], [120.31827827596287, 23.20694389495878], [120.31829582336695, 23.20732915799072], [120.31836497413063, 23.208215190541075], [120.31842175376642, 23.208897765592685], [120.31849828870939, 23.20983659164038], [120.3185620319926, 23.2106355859554], [120.31863349744594, 23.211501327657228], [120.3186417534192, 23.211601593386852], [120.31865265429835, 23.211733988660793], [120.31870107861374, 23.212322099927256], [120.3187660515227, 23.213169924764674], [120.31884264760775, 23.21414565631132], [120.31889876337598, 23.214899664615682], [120.31896933514035, 23.21573620777411], [120.31904412969061, 23.216674628041474], [120.31911642559442, 23.217562801414395], [120.31918328203892, 23.218375450918348], [120.31924078967796, 23.21914169960531], [120.31931502859113, 23.220018990843826], [120.31938097715629, 23.220874492709992], [120.31944937615901, 23.221681351217516], [120.31952396987813, 23.222647381874136], [120.31956194165105, 23.223105827078268], [120.31956257237277, 23.223113437616654], [120.31958064624311, 23.223331671668124], [120.31958079348249, 23.223333465671264], [120.31958082112817, 23.223333794484354], [120.31960607682764, 23.223638729025794], [120.31967933336549, 23.22456048837916], [120.31974601122917, 23.225413373235337], [120.31980652163783, 23.226187535435713], [120.31987339051848, 23.226989473459472], [120.3199211007341, 23.227667482472995], [120.31997962792532, 23.228330033651122], [120.32004040350695, 23.22905053931361], [120.32010907987555, 23.22990313427741], [120.32017508847764, 23.230769426089587], [120.32024263385286, 23.231618151099408], [120.32030601395307, 23.232426836898767], [120.32036600780306, 23.233194061029582], [120.3204333790922, 23.234034142352925], [120.32046049285889, 23.2343571833444], [120.3204681840803, 23.234448825334415], [120.32050486739126, 23.234885881984972], [120.32056258644212, 23.23560425259533], [120.32056889788095, 23.235682802288252], [120.32061090681503, 23.23620564185176], [120.32067873360049, 23.236902771348305], [120.32077184711724, 23.237793522601944], [120.3208056538768, 23.23821366781394], [120.32081197895371, 23.238292269909596], [120.3208316445325, 23.238536679369975], [120.32088314398261, 23.23920885130214], [120.32090423206171, 23.23945760490158], [120.32096194303226, 23.240067996698553], [120.32105426620285, 23.240572215817192], [120.32114023057312, 23.24119596216461], [120.32120405551551, 23.24217023132633], [120.32123083541543, 23.24257901078224], [120.32125948103825, 23.243016269403387], [120.32144437068582, 23.245838449354654], [120.32147262389037, 23.24651813609326], [120.32148112961224, 23.24662730147517], [120.32153576878234, 23.24732855020123], [120.32161782969527, 23.248331611860532], [120.32161796329905, 23.248333405798284], [120.32161799167925, 23.248333784278447], [120.32164270995659, 23.248667872406255], [120.32168138925059, 23.249154420339636], [120.32172431923118, 23.24968591451884], [120.32176676696464, 23.25021311099835], [120.32177195908929, 23.250277853319403], [120.32177593499011, 23.250327432610366], [120.32181710525883, 23.250840818444225], [120.32187023565234, 23.251472071331538], [120.32191293700917, 23.25202737738591], [120.32196006548601, 23.25264438108607], [120.3220110067197, 23.253259830873095], [120.3220597281466, 23.253881621827844], [120.3221111814816, 23.254482532693956], [120.32216358692045, 23.25510145435305], [120.32221314509552, 23.255744507195395], [120.3222620037695, 23.256358008975933], [120.32231488807786, 23.257008682933666], [120.32233313503201, 23.257346712316306], [120.32234244547143, 23.25758518073355], [120.32234639282386, 23.257686300405283], [120.3223472338435, 23.257707849624754], [120.32235224278072, 23.258179371996015], [120.32236192474655, 23.2587948374047], [120.32237065671443, 23.259443760244018], [120.32237629444789, 23.259940917791237], [120.32238558265509, 23.2605314251536], [120.32239420181742, 23.26093045113293], [120.3223957381711, 23.26100160062303], [120.32239699980515, 23.261193986616007], [120.3223974657294, 23.26126499151938], [120.32240579740252, 23.2617508568274], [120.32241661928605, 23.262276755615517], [120.32242032488087, 23.262918697969145], [120.32242689065653, 23.263549136659016], [120.32243783025363, 23.264201967799522], [120.32244866157808, 23.26496533731344], [120.32245871114388, 23.26559316766606], [120.3224695493465, 23.2663491866637], [120.3224801745116, 23.26709920785288], [120.32248349887583, 23.267402256144255], [120.32248455467968, 23.267498477086598], [120.32248920731966, 23.2679225311951], [120.32250445894661, 23.268718270287163], [120.32251284819267, 23.269440774449087], [120.32252570481194, 23.27025786259542], [120.32253513969738, 23.271047859468542], [120.32254684948414, 23.271892656441544], [120.32256291685354, 23.272902086096153], [120.32256698465105, 23.27318297688897], [120.32257204400645, 23.27353239510252], [120.32257432748993, 23.27369007213515], [120.32258448621896, 23.274634772607335], [120.32260003605532, 23.275626714929874], [120.32261077533187, 23.27649894032806], [120.32261773912944, 23.276929459477625], [120.32262793469846, 23.277618000966953], [120.32263265650582, 23.27793688069453], [120.32264190581193, 23.27865030268608], [120.32265368183357, 23.279429247123883], [120.32267253478518, 23.280280470897598], [120.32268073871757, 23.281238455197016], [120.32269166520065, 23.2820717308986], [120.32270416959537, 23.282917713084505], [120.32271630259864, 23.2836094760494], [120.32271935341574, 23.2836946897449], [120.32271916890177, 23.2838378384363], [120.32272365984622, 23.284053053865414], [120.32272678653193, 23.284295257605965], [120.32272856262068, 23.28458957381189], [120.32273365273863, 23.28491243361249], [120.32273603827439, 23.28511718682725], [120.32274050700944, 23.285416216533907], [120.32274590012238, 23.285709712137447], [120.32275364963346, 23.28599072674115], [120.32275638414173, 23.286221568122755], [120.32276127491659, 23.286543645002617], [120.3227639141478, 23.286804527770506], [120.32276981026173, 23.287179076713112], [120.32277433864651, 23.287480424595174], [120.32277574241694, 23.28774978114223], [120.32277728940932, 23.28799623558444], [120.32278613963184, 23.288325955296266], [120.32278963929643, 23.28872398709582], [120.32279401794186, 23.289052807955894], [120.32279470696889, 23.289149254613907], [120.32279551009717, 23.289261792265236], [120.32279612227308, 23.289347537172777], [120.32280176457739, 23.289644728773716], [120.3228061472892, 23.2899938065419], [120.32281153082256, 23.290359538070376], [120.32281561330538, 23.290649707518902], [120.32282200366924, 23.290946277428045], [120.3228222795834, 23.290993567654198], [120.32282333337497, 23.291174035191624], [120.32282365846055, 23.291229768647728], [120.32283067392338, 23.291519491101745], [120.3228287454874, 23.29180017566977], [120.32283189818286, 23.29207877637554], [120.32282341602402, 23.2923009383188], [120.32281507359735, 23.292523104470128], [120.32279690960725, 23.29275433402748], [120.32278099173392, 23.29293190819147], [120.32275712083597, 23.293117491902727], [120.32272683365191, 23.293308180531398], [120.32268403254591, 23.293550235337673], [120.32262644256238, 23.293818164825108], [120.3225646441422, 23.29407908781276], [120.32248750705887, 23.294371140319093], [120.32240533831465, 23.29464749501784], [120.3223865526304, 23.294712077419533], [120.32232994047503, 23.294875484637046], [120.3221427757897, 23.295419482316845], [120.3219315039352, 23.296004222509268], [120.32169324335648, 23.296674651899483], [120.32155134014246, 23.29706864188278], [120.32143168648813, 23.297397429637748], [120.32142331470276, 23.29742145012573], [120.32130528193593, 23.297760127156494], [120.3211807702356, 23.29808815138128], [120.32109361967458, 23.298333800714847], [120.32107466949304, 23.29838721665413], [120.32096210953665, 23.29871144834694], [120.32088752231468, 23.298930150556902], [120.32081900195729, 23.29914614653166], [120.32076835947422, 23.299323151801616], [120.32071607782439, 23.29954551373202], [120.32067631412, 23.299755412540293], [120.32065301362444, 23.299895953140364], [120.32064107238574, 23.300044318638154], [120.32063222769456, 23.300202798453338], [120.32062902595841, 23.30038435166847], [120.32063532746311, 23.300624474596734], [120.32065790859544, 23.30088862451146], [120.32068660458526, 23.301097572811265], [120.32072785373339, 23.301290091302118], [120.32076841389647, 23.301466024190404], [120.32081892510904, 23.301645301518377], [120.3208912806204, 23.30185655819674], [120.32100867608709, 23.302148111874043], [120.3211821522981, 23.30254870201644], [120.32145125502711, 23.3031317126194], [120.32146949322836, 23.303171167550886], [120.32159768458355, 23.303420050414868], [120.32173671747847, 23.30373391896835], [120.3218660340543, 23.304035851124514], [120.32220199911573, 23.30448830472086], [120.32274255793847, 23.305303281097828], [120.32322456259918, 23.30615275196423], [120.32344006433188, 23.306498959955775], [120.32366037092088, 23.306852887048365], [120.32380744345457, 23.307169302411005], [120.32400879897453, 23.307574139999495], [120.32439537030402, 23.308340234044383], [120.32453765203279, 23.308577969095264], [120.3247278489173, 23.308872955315294], [120.3248377771712, 23.309023747640055], [120.32518787526185, 23.309579901607133], [120.32552768449834, 23.31012316995408], [120.32574536785656, 23.310427444040133], [120.32597695221548, 23.310819374425492], [120.32629261034523, 23.311328738206317], [120.32644415905028, 23.311574294301614], [120.32684852408127, 23.312221580488853], [120.32689790088124, 23.312300913831688], [120.32694338469692, 23.31237399165259], [120.32734794422979, 23.313023985494382], [120.3278660662323, 23.313859070860318], [120.32823672917083, 23.314453379309402], [120.3282710979503, 23.31450869416464], [120.32847730541204, 23.31484290652408], [120.32891207725534, 23.31554016849294], [120.32919703379162, 23.316001035204803], [120.32960578965138, 23.31665399679796], [120.32992476118122, 23.317168230210505], [120.33019219484927, 23.317593707721787], [120.3303277262778, 23.317814303344253], [120.33075098404792, 23.31849857120177], [120.33110556695885, 23.319064086397013], [120.33158319754959, 23.31983413111176], [120.33192955596934, 23.320392132605395], [120.33230928091255, 23.32100100845924], [120.33293187657124, 23.322004288058274], [120.33305549742823, 23.322204554827024], [120.33305788348737, 23.32220841986586], [120.3330608262988, 23.322213185753746], [120.33342398788814, 23.322789718149725], [120.33369366627534, 23.323233793815106], [120.33374586700552, 23.3233311933282], [120.33374699035083, 23.323332986033538], [120.3337472241389, 23.323333359061277], [120.33412738400747, 23.323940458060864], [120.33438234173833, 23.324346758250908], [120.33442666461167, 23.324417390926648], [120.33477671983553, 23.32497523219009], [120.33526942918304, 23.32576839238186], [120.33577956711711, 23.32659733023995], [120.33638163806803, 23.32756372952248], [120.3368730598959, 23.32835588692398], [120.3369565440888, 23.32848926215114], [120.33707159778568, 23.328673073119145], [120.33711352243837, 23.32874005312587], [120.33725220056137, 23.32896160433294], [120.3376942102506, 23.32967157635505], [120.33815487736939, 23.330411857320257], [120.33857085495912, 23.33108854092844], [120.33921920761202, 23.332130245904896], [120.33984197477378, 23.33313511655789], [120.34043642533814, 23.334084103862537], [120.3410275891583, 23.335032814161366], [120.34154732164312, 23.33586870082254], [120.3415823116269, 23.3359249753086], [120.34168404615757, 23.33608859380993], [120.342424370649, 23.337280233387503], [120.34302426787376, 23.338254129465], [120.34326097450706, 23.33863402477577], [120.34336768435762, 23.33880528433497], [120.34348702522537, 23.33899681390104], [120.34410105945885, 23.33998251314002], [120.34476632364367, 23.341052231225092], [120.34554407523034, 23.3423052620835], [120.34563396229935, 23.342450039058598], [120.34610246857333, 23.343201238004635], [120.34659697563438, 23.343997221489573], [120.34701221061425, 23.344666507949537], [120.34739947157249, 23.34528934413728], [120.34793941278625, 23.34615690258622], [120.34869768326534, 23.347376433394157], [120.34929140461692, 23.348331607200237], [120.34929252836646, 23.348333401603842], [120.34929275641676, 23.34833376555505], [120.34970650636303, 23.34899495342124], [120.35020525418695, 23.349797974035415], [120.35069200958762, 23.350583769318586], [120.35115646543808, 23.351329726341167], [120.35169912835919, 23.35220217123759], [120.35223151200621, 23.353058803680824], [120.35223554609783, 23.35306529393309], [120.35229231827807, 23.35315706708547], [120.35257242780011, 23.353609861555416], [120.35299251558017, 23.354286090202386], [120.35340774696475, 23.354945323213336], [120.35383375565108, 23.35563378888945], [120.35421843320542, 23.3562498579001], [120.35458386689714, 23.356834491095373], [120.35459898483319, 23.35685867689644], [120.35466670528841, 23.356968077429613], [120.35498141148864, 23.357476473947976], [120.35543255329807, 23.35820221514817], [120.355870718277, 23.35891376259796], [120.35625005434696, 23.359526851930323], [120.35671984158726, 23.360298096659466], [120.35744320923247, 23.36147639682286], [120.35805555150992, 23.362445385959422], [120.35805555224522, 23.36241881268412], [120.3580578224324, 23.36242245834928], [120.35806076523244, 23.36242718404411], [120.35825199252069, 23.36273443333046], [120.35855876055024, 23.363226653738547], [120.35879101881801, 23.36360291293259], [120.35908266666274, 23.36407311861657], [120.36032860868325, 23.366160111178843], [120.3604400178114, 23.36634498926669], [120.36107419357137, 23.367397373427664], [120.3614101872121, 23.36781299030784], [120.36184354515945, 23.368513995369682], [120.36223407036654, 23.36911805183108], [120.36250315660799, 23.369554156182193], [120.36261209974523, 23.369729621702152], [120.36302204399225, 23.370386314031176], [120.36332089966993, 23.370879272325382], [120.36376617039407, 23.371590783602812], [120.36387624476068, 23.371770933970986], [120.36395554616067, 23.37189933416376], [120.3639803212688, 23.371938602192696], [120.36416894527366, 23.37225587957592], [120.364424176613, 23.37267024080288], [120.36458050130123, 23.37291868227938], [120.36484277488086, 23.37333142257327], [120.36484399294618, 23.37333321725001], [120.36484432805678, 23.37333371164455], [120.36501148962813, 23.373580052991418], [120.36549301110703, 23.3742852709463], [120.36600201726783, 23.374987241515125], [120.36655594510358, 23.375754606494855], [120.367269366179, 23.3767359666275], [120.36736704723702, 23.376870918437188], [120.36740180037516, 23.37691893203941], [120.36785897833116, 23.377550544422167], [120.36826970297781, 23.378117355163294], [120.36860866965178, 23.37858619128084], [120.36901542333884, 23.37914471266163], [120.36928490896224, 23.379515803443425], [120.36953671877136, 23.37986208955873], [120.36980340689388, 23.380227127168787], [120.37004128864005, 23.38056181341496], [120.37026674035342, 23.380865656315137], [120.37049946671135, 23.38118677713735], [120.37073901034982, 23.381517446200736], [120.37093827459773, 23.381789711695326], [120.37112971882496, 23.382059883062038], [120.37134435581622, 23.382352005261225], [120.3715607666094, 23.382650905838897], [120.37175090437273, 23.382909884940837], [120.37198584079651, 23.38323723047725], [120.37206577307785, 23.38334733002501], [120.37212332292661, 23.383426599104514], [120.37223284782303, 23.383577459254195], [120.37243612799843, 23.383853867478663], [120.37263094302725, 23.384122853201568], [120.37287840126379, 23.384466840139474], [120.37310241290274, 23.384775115978353], [120.37333282708815, 23.385091950436756], [120.37353314937421, 23.38536841945468], [120.37378587930404, 23.385713824837783], [120.37405923863207, 23.38609096679068], [120.374304363572, 23.38643444823834], [120.37450806229458, 23.38671271204789], [120.37481168184613, 23.387129585309548], [120.37505079202047, 23.38746019469086], [120.37545715479062, 23.388018149960928], [120.37574755976411, 23.388418959509817], [120.37588976610552, 23.3886145283427], [120.37609924362226, 23.388904408506892], [120.37636092216705, 23.389270548414427], [120.3766230614118, 23.38962571837441], [120.37686068656974, 23.389952992496408], [120.37709023323912, 23.39027209902356], [120.37727304327186, 23.390518984691422], [120.37749546101591, 23.390832249680805], [120.37765167518198, 23.39104385206079], [120.37805513005223, 23.391600649554746], [120.37834056308326, 23.391993917190103], [120.37857064131843, 23.392310042920922], [120.37882583980229, 23.392664306669605], [120.37904015462968, 23.39295215781259], [120.37924976368934, 23.393243164902874], [120.37943415319087, 23.39348074632084], [120.37958400076162, 23.39366735199901], [120.37977122637015, 23.393885653663663], [120.37994676102858, 23.394082665852892], [120.38017856703891, 23.394328041272598], [120.38031930443701, 23.394468406747563], [120.38051637394186, 23.3946569126046], [120.38072028445852, 23.39484667519341], [120.3809296719722, 23.395030596083753], [120.38110836515777, 23.39517935006475], [120.38137086370071, 23.39539137315099], [120.3818414630796, 23.39576508867778], [120.38215352912717, 23.396015699889677], [120.38242479112817, 23.39623064364567], [120.38270335873247, 23.39645751361294], [120.38286705892449, 23.396598664627245], [120.38305502129052, 23.39676556613849], [120.38305549862946, 23.396766007779547], [120.38305772262687, 23.39676806815494], [120.38306066456644, 23.39677079596594], [120.38310298131424, 23.396813083938216], [120.38322731796043, 23.396937335052307], [120.38335902869115, 23.397068956484453], [120.38374522857801, 23.3974700859934], [120.38404734470626, 23.397837219715978], [120.38433797577366, 23.398208360259265], [120.38441862468939, 23.398331145283503], [120.38441980215244, 23.398332939650807], [120.38442011692749, 23.398333417670244], [120.38463069239212, 23.398654007133576], [120.38489276413445, 23.399108732559593], [120.38508056085256, 23.399474879836113], [120.38522632520593, 23.399782356721445], [120.38542597585949, 23.400278599110397], [120.38558600004988, 23.400754946068567], [120.3856918007745, 23.401161612578484], [120.38575993195862, 23.401476005935454], [120.38580722285987, 23.401718556599636], [120.38585164292336, 23.40199598756789], [120.38588345377681, 23.402268339307955], [120.38594921127384, 23.40301103026687], [120.38595054851768, 23.403026135348167], [120.38600350995094, 23.40378057263155], [120.38605836020864, 23.404515062045313], [120.3860583731438, 23.404515227343566], [120.38605839336877, 23.404515509156393], [120.3860585924462, 23.404518166539592], [120.38606373807845, 23.404587057919002], [120.38612752351858, 23.405462023705002], [120.3861493066328, 23.40576584669295], [120.38618603380888, 23.406278064730216], [120.38625569614887, 23.40721770756339], [120.38628407811746, 23.407603240075797], [120.38630515157719, 23.407935902626264], [120.38639976980927, 23.409273525483197], [120.38644111330713, 23.409910653174368], [120.38645322078965, 23.410086520281727], [120.38647788547156, 23.410544894058408], [120.38649786225761, 23.410910374081404], [120.38650842550824, 23.411101605811904], [120.38650558856743, 23.41144468152303], [120.38651232614414, 23.411638244189735], [120.38655188439955, 23.41217043082981], [120.3865823378442, 23.41246670967941], [120.38665067638023, 23.41282387239804], [120.38669924111502, 23.41305206818467], [120.38678193684129, 23.41337901597489], [120.38682678603936, 23.413556332831135], [120.38689019479618, 23.413867937350734], [120.38702965479179, 23.414266678134243], [120.38710507485821, 23.414497597811], [120.38719788912437, 23.414778296209075], [120.38730781133246, 23.414987181794636], [120.38753081947785, 23.4154408138599], [120.3876959296277, 23.415743917735803], [120.38778837214744, 23.41590086218684], [120.38786894480029, 23.416010413576043], [120.38799160442163, 23.416239194516475], [120.38822392347623, 23.416642989009222], [120.38862180553019, 23.417344933130167], [120.38893112940823, 23.41788088710646], [120.38937257378304, 23.418633968121878], [120.38981398171417, 23.41938753356943], [120.39019957437758, 23.420057030024065], [120.39037525649856, 23.42035537748629], [120.39048371222738, 23.420539559249814], [120.39057437640528, 23.420693524292282], [120.3907235040897, 23.42093785743713], [120.39103811257311, 23.421477295379553], [120.39140978458241, 23.422120798918698], [120.39182085428443, 23.422811692217433], [120.3920487346889, 23.423209761411716], [120.39211954992251, 23.423331619244266], [120.39212059266033, 23.423333414835025], [120.39212080237718, 23.423333775041314], [120.39239736532981, 23.423809684930273], [120.3928647620579, 23.42459879433932], [120.39332596475853, 23.42540193063372], [120.39379208804274, 23.426200382810237], [120.39411317590846, 23.426742544226492], [120.39450591140513, 23.427417176012966], [120.39479901698586, 23.427916773464652], [120.39510384705144, 23.42843164019718], [120.39540732982245, 23.428894676731648], [120.39575418624648, 23.429382904181544], [120.39619211051824, 23.429949465243087], [120.39639494590295, 23.430183403217853], [120.39681584234586, 23.43066494345867], [120.39752189048515, 23.431438255512695], [120.39811500734758, 23.432095123859114], [120.39871219150238, 23.432753665354454], [120.3990350889639, 23.433118547918436], [120.39938143712193, 23.43350064975619], [120.39976884233856, 23.433926143548195], [120.40002272210714, 23.43420498405113], [120.4006783045642, 23.43492322431587], [120.40118091291843, 23.435473667697355], [120.40185636825302, 23.43622188906153], [120.402593376724, 23.43703821363077], [120.40335215412122, 23.437867001588806], [120.40423272013, 23.43885358860312], [120.40501231757479, 23.439699378255067], [120.40576706079548, 23.440522236476184], [120.40693803303736, 23.44183338996254], [120.40772419719525, 23.44269860735772], [120.40805554345923, 23.44306169408282], [120.4080577036365, 23.443064059078203], [120.4080606468301, 23.443067286689246], [120.40833458558609, 23.443367465954655], [120.40965422342536, 23.444829270502268], [120.40976400140792, 23.444950465974166], [120.40979903324451, 23.444989141661384], [120.41071957636778, 23.44600540781016], [120.41156706329393, 23.446984488006102], [120.41225477419205, 23.447759867927726], [120.41278468087063, 23.448333600534728], [120.41278487371194, 23.448333814365885], [120.41287969029385, 23.448438298454736], [120.41307532948764, 23.44865387906937], [120.41374870084573, 23.449395312105736], [120.41431133044763, 23.450015035324835], [120.41450534415067, 23.450228735277943], [120.41467121154425, 23.450411443565994], [120.41516396975118, 23.450954228822358], [120.41569968832825, 23.451544336565973], [120.41598653515672, 23.451860302728058], [120.41686026918478, 23.452822996845832], [120.41694956157195, 23.45292137712953], [120.41719463707817, 23.453191396226586], [120.41727079004964, 23.453275299285206], [120.4176726329192, 23.453718038125277], [120.4180070954103, 23.454086421701223], [120.41854526858758, 23.454679172958567], [120.41938399541802, 23.455602926691192], [120.41973307715917, 23.455987304218436], [120.42017145048558, 23.456469999850697], [120.42049966159527, 23.456831425403664], [120.42109137465812, 23.457425840572288], [120.421566520159, 23.45794917871235], [120.42190576660204, 23.458313338601275], [120.42244791935853, 23.458909986877252], [120.42279423748586, 23.4592865555485], [120.42379456317634, 23.460388053955622], [120.4243909086218, 23.461046919392828], [120.42444934703472, 23.461108279138877], [120.42444944055323, 23.461108382424726], [120.42447616869818, 23.46113578743792], [120.4245149882557, 23.461175590852495], [120.4245658300775, 23.461227717456357], [120.42479779705036, 23.46149017352486], [120.42564448227849, 23.462421250390292], [120.42704765640337, 23.464021956913268], [120.42787436557023, 23.464948547332003], [120.4285798400868, 23.465727066826425], [120.42884480091219, 23.46602145107017], [120.42959685582764, 23.46684668571222], [120.43047163711022, 23.467809523661078], [120.43127233904566, 23.468688103234125], [120.4320516202692, 23.469540078155152], [120.43216770720433, 23.469669612997354], [120.43305552529044, 23.47056872589988], [120.43330782290424, 23.47080058604889], [120.4339237037109, 23.471446816803546], [120.43468436095738, 23.472306422710354], [120.43516947406833, 23.472865902007534], [120.43554416012772, 23.473340604812282], [120.4360336034759, 23.47391459101812], [120.4370661150636, 23.475075998455456], [120.43735154622395, 23.47541400800431], [120.43801496729186, 23.476154095788896], [120.43841506434774, 23.476612808378462], [120.43862364035012, 23.47717934810245], [120.4404784257927, 23.47925608826977], [120.44054516171886, 23.479328851677405], [120.4411618249554, 23.4800012109454], [120.44216011113062, 23.481085451974323], [120.44277000883176, 23.481461381295965], [120.44340986571687, 23.482097368624597], [120.44386914626969, 23.482529152952008], [120.44398571681792, 23.482656650040983], [120.44456708864357, 23.48326401152978], [120.44514697279062, 23.483879335370762], [120.4457186079801, 23.484465019650326], [120.44625823691425, 23.48506011108886], [120.44678919202175, 23.485635681595454], [120.44713189429775, 23.486014717161154], [120.44752818312894, 23.486456780936212], [120.44787063660155, 23.4868312178072], [120.44822255437285, 23.487222771993938], [120.44839774254068, 23.487417144627464], [120.44868177900877, 23.487745474062365], [120.44889533859528, 23.488021704175505], [120.44907992062436, 23.488283672706274], [120.44925817498627, 23.488567796068146], [120.44940476751675, 23.488833296104072], [120.44953817035585, 23.489099471808238], [120.44966245049392, 23.48937948509221], [120.44977073049367, 23.4896697340534], [120.44988461007229, 23.49000079251154], [120.4499662789634, 23.49030566791576], [120.45001445752494, 23.490490143371844], [120.45004473517278, 23.4906444915344], [120.45008657978153, 23.490882260677505], [120.45010775659841, 23.491147270480457], [120.45013336205201, 23.491498112328646], [120.45013650449538, 23.491779302337658], [120.45012400298549, 23.49221125790069], [120.4500808794781, 23.49253656447295], [120.45001734797698, 23.492967210253983], [120.4498783920622, 23.493606022024014], [120.44980191845625, 23.493864154790664], [120.4496272614325, 23.494587707523102], [120.44939206216682, 23.495638718757835], [120.44912229726955, 23.496770330747086], [120.44889143309182, 23.497722195439252], [120.44874785222088, 23.498331720755612], [120.44874742961709, 23.49833351620595], [120.4487473618303, 23.498333806728173], [120.44867833669693, 23.49862683122668], [120.44846399822178, 23.499539814811932], [120.44825508420733, 23.50043789980975], [120.44804244115572, 23.501353743765755], [120.44779724210589, 23.50238401580505], [120.44753931204788, 23.503472591330212], [120.44735451078414, 23.50426226792705], [120.44717527922218, 23.505016583130143], [120.44701901378902, 23.505680023512642], [120.4469112116486, 23.506102175321207], [120.44678112358582, 23.506538318208175], [120.44671620808487, 23.506803603607572], [120.44660087411368, 23.50711375532515], [120.44649350951627, 23.507425650931324], [120.44635376593192, 23.507741885785876], [120.44622904293956, 23.508037530726103], [120.44606183149108, 23.508351881505384], [120.44586263189298, 23.508699900796756], [120.44539849902138, 23.50946761195692], [120.44495091838934, 23.510213418142236], [120.44455248217221, 23.51089611782929], [120.44422300454399, 23.51147466649409], [120.44403437445493, 23.511822455403443], [120.44389947097703, 23.512044272564673], [120.44379191123623, 23.512227347137213], [120.44362726097141, 23.512496926864294], [120.44349820721484, 23.512693249777712], [120.44300111030435, 23.513492023386302], [120.44239313596641, 23.51446318085886], [120.442331219105, 23.51456208343334], [120.4417846648985, 23.515465010126448], [120.44121899116413, 23.516380336293302], [120.4412095374976, 23.516395703678025], [120.44120939353442, 23.516395939743433], [120.4412079973843, 23.516398206643107], [120.44120381283524, 23.51640501096801], [120.44069801852801, 23.517227224613247], [120.44016127771678, 23.518093936215443], [120.43993569731325, 23.518458116728738], [120.4398933516674, 23.518526481061393], [120.43963819622827, 23.518938411074004], [120.43912843737604, 23.51976350697706], [120.43845005413444, 23.52086188966169], [120.43786336791574, 23.521805274314104], [120.43692320897136, 23.523331520373894], [120.43692210846407, 23.523333315136778], [120.43692197828737, 23.52333352957603], [120.43665833263333, 23.523763107485046], [120.43583831394517, 23.525068416358735], [120.43512353633999, 23.526225848815706], [120.43441241638182, 23.52738147591906], [120.43367324072459, 23.528570386020064], [120.43330918221443, 23.529163185610418], [120.43316792911311, 23.52939318825753], [120.43306185928833, 23.529565898264707], [120.43305793429553, 23.529572268054107], [120.43305556352247, 23.529576115153727], [120.43264081023786, 23.53024913170511], [120.43256790519506, 23.53036743292959], [120.43248911639246, 23.530495282469023], [120.43182503222971, 23.531562478137513], [120.43117020869569, 23.5326298941329], [120.43035171009848, 23.533954075879524], [120.42973410501406, 23.53494940090808], [120.42938520564311, 23.5355160972996], [120.42911112002929, 23.535961885404618], [120.42889523928434, 23.536324940546702], [120.42870790781338, 23.53669666946062], [120.42853914084915, 23.537065107202782], [120.42836038064685, 23.53751301369556], [120.42819819859494, 23.538015658164014], [120.42804913841829, 23.53859364841683], [120.42795084255796, 23.53917077042302], [120.42788020732998, 23.53983722477248], [120.42786147417232, 23.54049634083156], [120.42788675085785, 23.540997550105107], [120.42794165426281, 23.541494364212614], [120.42798770226214, 23.541782835337248], [120.42800032379216, 23.541861899759997], [120.42802731766635, 23.542030995414674], [120.42817459510233, 23.54263327394748], [120.42842585177821, 23.543555853086957], [120.42847500479573, 23.54373633536545], [120.42862383560961, 23.544282818539994], [120.42900224436002, 23.54565960755992], [120.42904637611574, 23.545820173132537], [120.42908590827982, 23.545964005841924], [120.42933990310235, 23.54688359908136], [120.42937971080931, 23.54702772708898], [120.42954282904633, 23.54761829098835], [120.42974593182367, 23.548331562754978], [120.42974649335461, 23.548333536921792], [120.42998447412725, 23.549184463659294], [120.43038997499123, 23.550588733742135], [120.43069728404794, 23.551731821206168], [120.43080941058203, 23.55213879456408], [120.43106761648842, 23.552857031988452], [120.43169026978784, 23.55520892857497], [120.43254868929807, 23.55845136528541], [120.43288607254401, 23.559704462792784], [120.43305556154694, 23.560324921742946], [120.43305807865262, 23.56033413227606], [120.43306200376469, 23.560348502146667], [120.43332677073266, 23.561317726158645], [120.43367133278535, 23.562558450000353], [120.43401864033909, 23.563830180428965], [120.43432195597991, 23.564929253929073], [120.4346540108904, 23.566130632183153], [120.4350013859793, 23.56739996929059], [120.43531353420653, 23.56852828947789], [120.43566255019643, 23.569859152583714], [120.43600029592275, 23.57108070994464], [120.43635651349717, 23.57239255269649], [120.43663067669736, 23.57333145262778], [120.43663115674912, 23.57333328380089], [120.43663122036467, 23.573333527835484], [120.4366621072816, 23.573450958277938], [120.43680865841287, 23.573982985726726], [120.43699876212459, 23.574680471699786], [120.4371753252507, 23.57532501916703], [120.43739577445766, 23.576129752779167], [120.43748984259332, 23.57646997043233], [120.43750520227849, 23.576525521220702], [120.43765963333301, 23.577084062421388], [120.4378420483399, 23.5777509409756], [120.43798479589866, 23.578271415166864], [120.43804344581376, 23.578481735657753], [120.438131831192, 23.57880534823979], [120.4382285415871, 23.57915447468677], [120.4383360531674, 23.579538469746566], [120.43844763509797, 23.57994040714266], [120.43853474157451, 23.58026524831102], [120.43860398628546, 23.58051136835494], [120.43861911724514, 23.58057530143317], [120.43865605045262, 23.580707437483223], [120.43876800840354, 23.58112138376836], [120.43882332942233, 23.581317489879385], [120.43884966700986, 23.581413096498956], [120.43888395374248, 23.58153549425503], [120.43893801069191, 23.58171606274328], [120.43900390602002, 23.581924431468348], [120.43907399458335, 23.582130987675058], [120.43910288285267, 23.582213876896226], [120.43915728727745, 23.582369981295493], [120.4391726887334, 23.582414170792255], [120.4392675835712, 23.582648091764835], [120.43935318678635, 23.582849793438452], [120.43945066353447, 23.58306786011221], [120.43952713233314, 23.58323034856167], [120.43962853840047, 23.58342901348476], [120.43973915475922, 23.583644618893494], [120.43985117733436, 23.58384707653038], [120.43995784416654, 23.584027579665843], [120.44006584556378, 23.584208109209403], [120.44018041981245, 23.58438620265197], [120.44024499731786, 23.584485621916766], [120.4403569503403, 23.584647990376382], [120.44046992837708, 23.584808061662432], [120.4405989748635, 23.584983721925145], [120.44071476638481, 23.585133830688285], [120.44077392008451, 23.585211230081867], [120.44078534726218, 23.585226136018008], [120.4409124889638, 23.585381679872302], [120.44107150487919, 23.585567967271302], [120.44124488072022, 23.585759247244514], [120.44137940919894, 23.58590265057772], [120.44155138331645, 23.586086430466164], [120.44175839617137, 23.58630340308484], [120.44195253890855, 23.586502043922078], [120.4421323080716, 23.586683371602533], [120.44232881502646, 23.5868903711967], [120.44254235610937, 23.58710860149333], [120.44264324905615, 23.58721153262996], [120.44311534781426, 23.58769674625373], [120.44332359084973, 23.587913621902487], [120.4435163799911, 23.58811095387393], [120.44370652583214, 23.588307006559198], [120.44390707886406, 23.588512915239654], [120.44409595194433, 23.588705300425836], [120.44428738448961, 23.58890378782953], [120.44448537404999, 23.58910603316097], [120.44469495055684, 23.58932047373173], [120.44490577954609, 23.589537324030033], [120.44511663212633, 23.589756650093506], [120.44543235904594, 23.59008020347858], [120.44573504962624, 23.5903914003383], [120.44586065813941, 23.590522637434876], [120.44587384472469, 23.590535519386794], [120.44648170927198, 23.591163297811544], [120.44701212452458, 23.591708116222097], [120.4477214852095, 23.59243495375201], [120.44814391218151, 23.59286961128682], [120.44903908848934, 23.593790690343], [120.44909393697631, 23.593846705108614], [120.44919951688209, 23.593954530170695], [120.44971045022248, 23.594478742150592], [120.45013434385619, 23.594914911136108], [120.45054070170411, 23.59533460083039], [120.45093569097791, 23.595739556050795], [120.45124246671682, 23.596049126012], [120.45144671087556, 23.59626558311493], [120.45188132504289, 23.59671410006716], [120.4523883593125, 23.59724516849021], [120.45269238480105, 23.59752873916731], [120.45298286101156, 23.597843381725045], [120.45326038317758, 23.598078383455324], [120.45339120553581, 23.598193046132554], [120.45348418328615, 23.598331524276794], [120.45348605322822, 23.598333315139204], [120.45348634796653, 23.598333597905132], [120.45367387124848, 23.59855982760074], [120.45408290497696, 23.59895322380449], [120.45430913714135, 23.59917889803515], [120.4545276932312, 23.59940617756141], [120.45486190840596, 23.599744522624675], [120.45548025123693, 23.600372743812468], [120.45597267234957, 23.600887313547368], [120.45606159695585, 23.600980237895858], [120.45690330984901, 23.60184930835942], [120.45717152739527, 23.602079202259194], [120.457358156076, 23.602280622384498], [120.45765365565295, 23.602592016854917], [120.45789500776418, 23.602868214241205], [120.45805549578866, 23.603069856512683], [120.45805809622435, 23.603072751501905], [120.45806202321542, 23.603077122972856], [120.45816223818213, 23.603190937135036], [120.45836198724659, 23.60344823651088], [120.45858164068582, 23.6037672512508], [120.45874799513403, 23.604037230673967], [120.4589330212385, 23.60436729764402], [120.45911085232571, 23.6047116171947], [120.45931662021599, 23.605127777117307], [120.45969049861404, 23.605875941327852], [120.45971368282716, 23.605922333863433], [120.45986721906098, 23.606229697662243], [120.45999773250948, 23.606491568744445], [120.46012938136539, 23.606754114575413], [120.46028694072925, 23.60707423384458], [120.4604672182484, 23.607430908535715], [120.46060120732669, 23.607715886610325], [120.46070045315406, 23.607929299493637], [120.4607941985243, 23.608100919717977], [120.46095439974366, 23.60840671092299], [120.46100106277123, 23.608502649825645], [120.46106552434433, 23.60863517769818], [120.46109400035242, 23.60869372259097], [120.46119269107965, 23.608898507999346], [120.46138138565412, 23.609282377775102], [120.46148112679036, 23.609487631674945], [120.46163169477441, 23.609781406264343], [120.4617187340945, 23.609959744291572], [120.46193269585183, 23.610393363786443], [120.46209203719673, 23.61071474703212], [120.46217481980673, 23.610870302410248], [120.46235447681003, 23.61123623817741], [120.46244969239358, 23.611429051725647], [120.46256073995778, 23.611650732189062], [120.4626760017186, 23.6118820023177], [120.46277644561962, 23.61208337049648], [120.46281180718918, 23.612155134992076], [120.46286950307244, 23.612272226698355], [120.46297553276038, 23.612486694585925], [120.46299772583414, 23.61253158425707], [120.46301367135605, 23.61256383412586], [120.46301863597643, 23.612573877945806], [120.46312967583309, 23.612798395122134], [120.46333177684973, 23.613210049194326], [120.46347559661835, 23.61348954788114], [120.4636606262803, 23.613861411570902], [120.46375896237863, 23.614058912505104], [120.46388699860164, 23.614320161314517], [120.46401602925995, 23.614573635216413], [120.46411329257081, 23.61477012269234], [120.46424760641348, 23.615041833081417], [120.46434498326276, 23.61524141439777], [120.46446027843992, 23.61546887093899], [120.46458076109232, 23.615713420561395], [120.46465607069293, 23.615871841962175], [120.4647522652823, 23.616049144334823], [120.46482612431113, 23.616203854837156], [120.4648928566046, 23.616342776582393], [120.46496244535574, 23.61648297772922], [120.46510635228996, 23.616762018286202], [120.46528503039917, 23.617123873023825], [120.46543104706748, 23.617423820821802], [120.4654714170043, 23.617506744675264], [120.46563727570505, 23.617841364447152], [120.46574177059999, 23.618057076664513], [120.4658463633252, 23.61826711123627], [120.46595195631217, 23.618478026871056], [120.46606375885709, 23.61870151154575], [120.46619834455348, 23.618970474311393], [120.46633144008766, 23.61922132356214], [120.46646534209219, 23.619484412595842], [120.46659801594394, 23.619774555857905], [120.46674934868615, 23.62008161264214], [120.46680746878828, 23.62019001228333], [120.4671143163458, 23.620801759406564], [120.46729931984214, 23.62117660024727], [120.46752184352358, 23.621666977999677], [120.46763375153199, 23.621930180169887], [120.46779604453393, 23.622316836488835], [120.4679201419261, 23.622657724394447], [120.46801560125265, 23.622923761206515], [120.46803594321675, 23.622982807873594], [120.46806750043257, 23.62307440551295], [120.46808610079918, 23.623128391347066], [120.46814619281074, 23.62333348603123], [120.46814628458456, 23.623333815028804], [120.46821489550334, 23.623579120379247], [120.46825635414969, 23.62373651830797], [120.46830369039873, 23.623903313761538], [120.46838051313094, 23.62422327355582], [120.4684188695357, 23.62437189201328], [120.4685145096998, 23.624860838471054], [120.46856002233478, 23.62513924976379], [120.46863207221506, 23.625581017040115], [120.46866887790891, 23.62578526240471], [120.4687408412831, 23.62622653267202], [120.46877459424715, 23.626451487212297], [120.46885254483423, 23.62692230698698], [120.46889225416793, 23.627151329010957], [120.46897009018573, 23.627638362121846], [120.46901125459027, 23.627888222517075], [120.46910824069631, 23.628466216315402], [120.46915025588912, 23.628711797659648], [120.4691636169175, 23.628789890194575], [120.46922444833503, 23.62914544597766], [120.46928605864295, 23.629546866475785], [120.46931795787995, 23.629736097323196], [120.4694028511723, 23.630239720214206], [120.4694031766436, 23.630241644663332], [120.46940460229858, 23.630250245857784], [120.46948153452335, 23.630715802746472], [120.46951135236489, 23.63089487427321], [120.46953004123957, 23.631007096649796], [120.46956954611562, 23.63123147642767], [120.46959050228759, 23.631359932998116], [120.46960354851782, 23.631439899878263], [120.4696222186098, 23.631554388640012], [120.46964697204236, 23.631706127834036], [120.46970123786193, 23.63207154846074], [120.46977028126526, 23.632469219633464], [120.46985569657595, 23.63299005823931], [120.46993930678842, 23.63351391556931], [120.4700255794897, 23.634011983950238], [120.47006822808196, 23.634271463860127], [120.47007504902533, 23.634313005917665], [120.47015496748584, 23.634765822505614], [120.47023679687352, 23.635284607822168], [120.47031869700471, 23.63578839491237], [120.470391191541, 23.636208606662958], [120.47042882667593, 23.636418505059048], [120.4705247500106, 23.63703044391057], [120.4706303182869, 23.63764978385316], [120.47071105610779, 23.638138631472394], [120.47079452043428, 23.6386661988181], [120.4708761362664, 23.63916367270106], [120.47093647104407, 23.639530087099303], [120.4709533298597, 23.63963247104799], [120.4710083601897, 23.639970226441523], [120.47107311306354, 23.64035940319347], [120.47115565484623, 23.64087085804132], [120.47124967030935, 23.641427365170767], [120.47133127484284, 23.64191625137196], [120.47142173336617, 23.642458199316664], [120.47148372391075, 23.642837749726887], [120.4715144015136, 23.643026115196687], [120.47153413588264, 23.643147280206822], [120.47161838182511, 23.643647688091377], [120.47170481900909, 23.644161539614704], [120.47178026593771, 23.644607775114025], [120.4718582053944, 23.645107149989606], [120.47193379051106, 23.64556805012993], [120.47203242993146, 23.646175608331635], [120.47212839685044, 23.646706774851438], [120.47221602421695, 23.647247412176636], [120.4722862075877, 23.647687100893737], [120.47234165707044, 23.64801969198623], [120.4723466823965, 23.648049805173944], [120.47239247466482, 23.64833167047675], [120.47239276155442, 23.648333459339213], [120.47239280926073, 23.648333784571783], [120.47240013087567, 23.648380366765753], [120.47249010097919, 23.648911738293794], [120.4725815141238, 23.64948921141134], [120.47269531540275, 23.650113372037783], [120.4727809654897, 23.65068129901216], [120.47287170698584, 23.651216591731473], [120.47296191644469, 23.65178699013446], [120.47307120543933, 23.652464229796493], [120.47316396475155, 23.65300535328778], [120.47322369551358, 23.65340812843399], [120.47326514273739, 23.653647439549133], [120.47327319072619, 23.653693915790285], [120.47327741601644, 23.65371829233968], [120.47328761913968, 23.653774916281307], [120.4733116790932, 23.653908412184364], [120.47331373393206, 23.65392402252695], [120.47336149754989, 23.654204142322588], [120.47347148321009, 23.654855224813588], [120.47357279676926, 23.65547146816201], [120.47366963539403, 23.656076914728562], [120.47367370268402, 23.656101615795386], [120.47367766464066, 23.65612569345365], [120.47377635168841, 23.656725087250614], [120.47378543381218, 23.656777788440042], [120.47379076990464, 23.65680878752436], [120.47379534918801, 23.65683538656561], [120.473804651367, 23.656889442958402], [120.47381203757524, 23.656932359201733], [120.47384277081287, 23.657110818553093], [120.47384987927074, 23.657152108501393], [120.4738589900631, 23.65720500843562], [120.47386295630896, 23.657228029624076], [120.47386649137155, 23.657248566175916], [120.47386843268436, 23.657260726767934], [120.47386929339207, 23.657266111402304], [120.47387428563538, 23.657297307969106], [120.47388234787653, 23.65734767602079], [120.47396270201808, 23.657849883746866], [120.47404489019372, 23.65832994773133], [120.4741582543859, 23.65901537194188], [120.47425895981146, 23.659598879817725], [120.47435317786405, 23.660206574266898], [120.4744107143815, 23.66054923945007], [120.47443539902106, 23.660696236641527], [120.47453597182698, 23.66130616474657], [120.47462313211729, 23.661848080620384], [120.47462748434346, 23.66187515743005], [120.4747022591072, 23.66231277415945], [120.4747431428859, 23.66255209180586], [120.47474940786806, 23.662588710471436], [120.47480133439682, 23.662912872596976], [120.47493322763665, 23.663673558197456], [120.47502773550428, 23.664133969342437], [120.47506188335197, 23.664263336324534], [120.47508793402284, 23.664372991098205], [120.47509865506399, 23.66441813082629], [120.4752220648726, 23.664819422863445], [120.47527204578364, 23.66497081269817], [120.47538895998437, 23.665280449078136], [120.47546918186667, 23.665466931350984], [120.47563710906792, 23.665826909276472], [120.47568535747328, 23.665923753651036], [120.47570293150342, 23.6659590380154], [120.4757111949924, 23.665973983056723], [120.47574569899689, 23.666036440917757], [120.47577145300181, 23.666083040086797], [120.47589463612492, 23.66630600302216], [120.4760890985733, 23.66662539134754], [120.47633222434199, 23.666974832232246], [120.47658369450329, 23.6673143411533], [120.47658548868881, 23.66731676717617], [120.47686085235935, 23.66765602225827], [120.4770641733254, 23.66790600079981], [120.47707167555173, 23.667915227392935], [120.48089765629776, 23.67256395505178], [120.48223079148838, 23.674183770425923], [120.48480624736803, 23.677371233779386], [120.48742009571662, 23.68053525670251], [120.48767406216547, 23.680846908451112], [120.48826955649271, 23.68157767360669], [120.4884633799303, 23.681815217216215], [120.48850951595858, 23.6818717510629], [120.48870905849228, 23.68211630224677], [120.48903860670282, 23.682500673683307], [120.48919757995336, 23.68268962092045], [120.48934278271227, 23.68284458896198], [120.48941637633378, 23.682920337985152], [120.48951334816562, 23.683027921503577], [120.4895781855275, 23.683098846816343], [120.48980431510188, 23.6833099027499], [120.49020458644854, 23.6836651491224], [120.49050215255453, 23.683902228014183], [120.49060832379878, 23.683986815371302], [120.4906641366168, 23.684031271576536], [120.49075648283392, 23.6841008150264], [120.49100076052365, 23.68427246006731], [120.49138942064887, 23.684521015409956], [120.49162239436943, 23.68465988967823], [120.49185116666541, 23.684790036149444], [120.49216150281754, 23.684951394566422], [120.49237057629475, 23.685051596387968], [120.49250852378911, 23.68511676438856], [120.49273382738902, 23.685216305561863], [120.49274831918585, 23.685223865743538], [120.49290836653415, 23.685294288826285], [120.49321486565586, 23.68542666529596], [120.49344412794335, 23.68552713040119], [120.4938028344554, 23.685678548561107], [120.49431286069806, 23.685906417970596], [120.49442318165814, 23.68596092028552], [120.49457398399055, 23.686026453500986], [120.49462084231506, 23.686046679460954], [120.49481375735058, 23.686129966825792], [120.49530463521398, 23.686345824235804], [120.49577056520829, 23.68654783760458], [120.49630199092506, 23.686786416230802], [120.49683033622728, 23.687018255911514], [120.49709647359019, 23.68713339136381], [120.49720768406944, 23.687181501572095], [120.49725780102784, 23.687203624531243], [120.49738232022544, 23.687258586220462], [120.49770789520157, 23.687402293906473], [120.49810703958487, 23.68757639859577], [120.49851048014509, 23.687755509608284], [120.49894523023396, 23.687944680658028], [120.49931523743874, 23.688105874829], [120.49970286328201, 23.68827789749013], [120.50014884126283, 23.688472862423676], [120.50057081268281, 23.688658818279368], [120.50106368796074, 23.688872713646095], [120.50168568466844, 23.689147169928304], [120.50223681878808, 23.68938883483084], [120.50283572060209, 23.689655202947296], [120.50317726867769, 23.689801984517615], [120.50321079700628, 23.689816395150217], [120.5038399348803, 23.690097656119825], [120.50426278805827, 23.69028400214943], [120.50470299703947, 23.690475739112085], [120.50521428312778, 23.690699405288978], [120.50581212034348, 23.69095746933323], [120.50637061674803, 23.691203621904734], [120.50697862249243, 23.691468034705082], [120.5074067431172, 23.69165885871445], [120.50796344080544, 23.691905162410723], [120.50805550774993, 23.691943794208225], [120.50805871593644, 23.691945138089753], [120.5080626456373, 23.69194678675893], [120.50829656800799, 23.692049314514062], [120.50835643555648, 23.692075555341383], [120.50860675745899, 23.692185278110117], [120.50960554190608, 23.69262342042552], [120.51102684808936, 23.693250181118138], [120.51208760031103, 23.69371702723356], [120.5128985652093, 23.69407249989868], [120.51434392407722, 23.69470583640168], [120.51534541922194, 23.695143201993897], [120.51541487267002, 23.695173689712497], [120.51547376495611, 23.695199540096414], [120.51617091837417, 23.6955055522229], [120.51703801873131, 23.695884712082997], [120.51775585250842, 23.696201234453575], [120.51844873122398, 23.696507075922522], [120.51930195142384, 23.69687625097378], [120.51934908315421, 23.696897039245787], [120.52014462221186, 23.697247922407158], [120.5210967461813, 23.697665339286033], [120.52161851030999, 23.697893080115342], [120.52184325764246, 23.697991178030414], [120.52187596303857, 23.698005452993712], [120.52192267242921, 23.698025848198533], [120.52202542726162, 23.69807071631788], [120.52262276578678, 23.69833154355268], [120.52262693264116, 23.698333337062557], [120.52262795869184, 23.698333778167928], [120.52371277238684, 23.698800658428027], [120.5249636062502, 23.699350510042255], [120.52533000189916, 23.699525019032258], [120.52540300520761, 23.699561385224413], [120.52556174397043, 23.69964552404312], [120.52558371406498, 23.699657238812257], [120.52573444538349, 23.699737610999094], [120.52594724624156, 23.699858317461953], [120.52615609488501, 23.699980873465595], [120.52637044062601, 23.70011743846331], [120.52652781545048, 23.700225295007534], [120.52670039996248, 23.700344492272517], [120.5271931741565, 23.700722045383365], [120.52765075316643, 23.701130412725274], [120.52802283883885, 23.701477051867478], [120.52847055115937, 23.701915459304168], [120.52886368281574, 23.702299926455606], [120.52912665225527, 23.702553470307386], [120.5292157842634, 23.702639408184186], [120.52939462130495, 23.702811832728674], [120.52986336776215, 23.703267088184102], [120.53063362564023, 23.704014489678958], [120.5317200315317, 23.705073792531447], [120.5320175135793, 23.705359040859047], [120.53252450545097, 23.705845178161567], [120.53305554942958, 23.706365778780757], [120.53305834335445, 23.706368517797095], [120.53306227381793, 23.70637236818881], [120.53366818083701, 23.70696201979722], [120.53391370802036, 23.70718803825228], [120.53411415314706, 23.707368818076862], [120.53443716756279, 23.707624941069724], [120.53492348576289, 23.707972302907024], [120.53500756087094, 23.70802648373132], [120.53529652266985, 23.70821270381409], [120.53538340030809, 23.70826869066872], [120.53551768046356, 23.708352888634504], [120.5356838390841, 23.70845707640905], [120.5357248290229, 23.70848252684325], [120.53592800978895, 23.708608683661616], [120.53631595840187, 23.708848821649678], [120.53716927557734, 23.709383696950393], [120.53731978681459, 23.7094682705946], [120.53749338622328, 23.709562575801925], [120.5378931978219, 23.709814979698564], [120.53799431390954, 23.70987881471576], [120.5388766892567, 23.710436621670972], [120.53987523991519, 23.711062652757363], [120.5408734693661, 23.711680919987206], [120.54102910817068, 23.71177782626973], [120.5418691369405, 23.71230085820592], [120.54222601592382, 23.712522607974137], [120.5424237582455, 23.71267190600855], [120.5430167250914, 23.713028308731754], [120.54318534226334, 23.71313368681814], [120.54334982622612, 23.713236480860648], [120.54342873627321, 23.713285230404427], [120.54368461899945, 23.713413967962648], [120.5439186161763, 23.71352795827002], [120.54426321122706, 23.713679591140963], [120.54456346234556, 23.71379343790013], [120.54484526335526, 23.713878072844434], [120.5452718402145, 23.713987378529016], [120.5455620617467, 23.714039948910592], [120.54584360739086, 23.714085385089238], [120.54596884978413, 23.714102587662364], [120.54626268315113, 23.714128982950783], [120.54662983189301, 23.71415125464641], [120.54696662555564, 23.714171927730202], [120.54705841403647, 23.71417756191672], [120.54754183328818, 23.71420396425795], [120.54828122727906, 23.714242053928537], [120.54909562114754, 23.714283361037282], [120.54968335542495, 23.714315166966518], [120.55044888455203, 23.714355602359714], [120.55115350263674, 23.714393373207034], [120.55120204795725, 23.71439589245512], [120.5524256831617, 23.714459379835052], [120.55309509986498, 23.71449543543912], [120.55443503241924, 23.71456508866222], [120.55545716102877, 23.714618555485483], [120.55561078088768, 23.714626590779993], [120.55563344013639, 23.71462777554505], [120.5560945258116, 23.714654081640713], [120.55659439975807, 23.714679829328123], [120.55701983985851, 23.71470498667704], [120.55805549075173, 23.714761425988833], [120.55805814211104, 23.714761570813906], [120.55806207012698, 23.714761784299522], [120.55826208556896, 23.71477283357398], [120.55867905902252, 23.714794450532718], [120.55914751441517, 23.71482650515181], [120.5594156061754, 23.71485335478124], [120.5595777067698, 23.71486958851916], [120.55999625884584, 23.714929479845388], [120.56042077641438, 23.715007398596935], [120.56080866107236, 23.715095797761887], [120.56140831215244, 23.715260207304727], [120.56195790811549, 23.715446293178022], [120.5624931343558, 23.71566261407494], [120.56291557820785, 23.71585633911525], [120.56316009534258, 23.71598096728442], [120.563219323462, 23.716012671745105], [120.56345417462161, 23.716145714965407], [120.56375378997392, 23.716321631228176], [120.5640829440288, 23.716534317046065], [120.56458420813999, 23.716893816166056], [120.56479911868257, 23.717072507943406], [120.56500859095952, 23.717246677395273], [120.56548229119564, 23.717673283661476], [120.56623568600804, 23.718424101699934], [120.56666685199679, 23.71884380919566], [120.56719662577723, 23.71937414285233], [120.56795413662977, 23.720115764613357], [120.56874503390996, 23.720902507945855], [120.56928132480856, 23.721428083183692], [120.56984017574561, 23.721981145315635], [120.56987106674468, 23.7220117155863], [120.56991245907912, 23.72205267937376], [120.57038848680918, 23.722524719335055], [120.57048734125937, 23.722621276969786], [120.57088184934538, 23.72300661673574], [120.57121469706038, 23.723331726046876], [120.5712165350535, 23.723333520834455], [120.57121683812629, 23.72333381694675], [120.5712323945724, 23.72334901285968], [120.57159994725524, 23.723708557609275], [120.57165718904112, 23.72376455147259], [120.57208488204161, 23.72418292054343], [120.57277199480784, 23.72485871862001], [120.57361107622408, 23.72568975913658], [120.57441492609992, 23.726480306409677], [120.5749268933459, 23.7269889394973], [120.57501070470545, 23.72707136744409], [120.57524610329875, 23.727302880799922], [120.57553372406348, 23.727586467103855], [120.57600387763587, 23.728050346133507], [120.57618442952773, 23.72822848738137], [120.57627680233017, 23.72831962651325], [120.57638095163735, 23.728423297701163], [120.57691887943682, 23.728958754950515], [120.57743877528611, 23.72946681454186], [120.57807847619236, 23.73009866729094], [120.57901493444727, 23.731015775522994], [120.57961511397936, 23.731605971299963], [120.57983440549663, 23.731819583722853], [120.5799718717268, 23.73195348992615], [120.58021152747922, 23.732193740894832], [120.58061430129193, 23.73258620923572], [120.58125164436828, 23.733213124066182], [120.581851180859, 23.733807645560038], [120.58224842779508, 23.73419727203653], [120.58266766009453, 23.734610953337185], [120.58305093407513, 23.73498777743784], [120.5830555291401, 23.734992185499266], [120.58305811759305, 23.734994668429948], [120.58306204574465, 23.734998436291207], [120.58307390745583, 23.735009813223492], [120.58328429132793, 23.735211599680532], [120.58344110406294, 23.735369765214294], [120.58384727977993, 23.73577722009198], [120.58447210436589, 23.73639549445748], [120.58494626762301, 23.736862308183383], [120.5850171359713, 23.736932076056135], [120.58507321857977, 23.736987288031216], [120.58507427170602, 23.736988324760972], [120.5853480410458, 23.737257847052195], [120.58580443491623, 23.73770758857273], [120.58636299231183, 23.738256228384913], [120.58720066463685, 23.73908179665885], [120.58815948498429, 23.740024743644355], [120.58902111063588, 23.740873305040175], [120.59021672272344, 23.742050668083905], [120.59079740687257, 23.74262649307907], [120.59114174298242, 23.742962966763002], [120.59157403004926, 23.74339348639468], [120.59167627216009, 23.743493622525282], [120.5917887603677, 23.74360379509436], [120.59190396550106, 23.743716629493377], [120.59203763257817, 23.743847543985872], [120.59206113957136, 23.74387056680218], [120.59222143640179, 23.744029836114596], [120.59236517962668, 23.74416758170521], [120.59257217038859, 23.744371123710835], [120.59275793605767, 23.744553269580248], [120.59297360357927, 23.744765931356465], [120.5931886697496, 23.74497788151486], [120.59341184331049, 23.745195778005478], [120.59370472373669, 23.74547876576946], [120.59404050301134, 23.74579727842044], [120.59425782568142, 23.745996929127877], [120.59451103323596, 23.746223812504443], [120.5947449812336, 23.746426414618647], [120.59499044184372, 23.74662920818024], [120.59533024303676, 23.746898572588], [120.59559944793291, 23.747105376953918], [120.596168182529, 23.74752701690336], [120.5968517356253, 23.74803284493726], [120.59725085405556, 23.74833171549158], [120.59725327740735, 23.748333511497183], [120.59725365030594, 23.748333787875392], [120.59744436433455, 23.7484750833627], [120.59809029017423, 23.748959876158544], [120.59810839351762, 23.74897346330136], [120.59813067305546, 23.748990184681634], [120.59814984193726, 23.749004347977547], [120.59819398078456, 23.74903696160508], [120.59820970054999, 23.74904857676901], [120.5987443161695, 23.749443592904505], [120.59919430935291, 23.74977276517544], [120.59956349082934, 23.750025841910222], [120.6000011186962, 23.750312038069215], [120.60039835476681, 23.750555707838142], [120.6007863197087, 23.75078597240484], [120.60131192552696, 23.751076791396542], [120.6017242873935, 23.75129400360219], [120.60223870279214, 23.751551390590436], [120.60266199372963, 23.751761908523495], [120.6031348915279, 23.751997185787168], [120.60335847703696, 23.7521076135915], [120.60354292963488, 23.752198714603924], [120.6036089266301, 23.752233567964012], [120.60391556928299, 23.752395510351683], [120.60436280074622, 23.75261393726613], [120.60469580156476, 23.752786678323478], [120.60505035515756, 23.752968119712026], [120.60534823733639, 23.753120527688953], [120.60570220033935, 23.753316262844244], [120.60614872618217, 23.753564877317217], [120.60656763822303, 23.753809606956864], [120.6069870042693, 23.754063425039924], [120.60711417661823, 23.754144185187993], [120.60715878259118, 23.7541725119576], [120.60718602048343, 23.754189809005695], [120.6073298640522, 23.754281154458663], [120.60764490256226, 23.754486728008228], [120.60802460378702, 23.754737838409543], [120.60805549877173, 23.75475984635853], [120.60805807726973, 23.754761683223354], [120.60806102580254, 23.754763783791606], [120.60849081227467, 23.755057308078587], [120.60855647608845, 23.75510215349752], [120.60903130032125, 23.755447977655376], [120.60949541738182, 23.755794735875043], [120.60955835308036, 23.75584175646085], [120.60998910404008, 23.75617212934515], [120.61030406945876, 23.75641607003733], [120.61033578560406, 23.75644063411316], [120.61043144503093, 23.75651472218907], [120.61048119807747, 23.756553255539718], [120.61484958471988, 23.759854934046263], [120.61488651115081, 23.75988284348133], [120.619437984164, 23.76337767878317], [120.61971242085602, 23.763587122635833], [120.62000707793575, 23.763811996065996], [120.62078170949194, 23.764404793622774], [120.62118551781418, 23.764712982676535], [120.62148245985766, 23.76493961068081], [120.62182116307437, 23.765200928703624], [120.62219241220528, 23.76547292377417], [120.6226375332636, 23.76578253204525], [120.62264565272466, 23.76578767805208], [120.62282526030265, 23.76590152456751], [120.62314358609869, 23.766094095457294], [120.62330811730426, 23.766189070443772], [120.62350587314414, 23.766296561066326], [120.62359963084612, 23.76634858583537], [120.62379537335259, 23.76644775029712], [120.624111753197, 23.766602497096862], [120.6245625247176, 23.766800402430516], [120.62530960646829, 23.767110661739952], [120.62617157313817, 23.76746868284124], [120.6263656278574, 23.767548950711387], [120.62648225640625, 23.767597191432635], [120.62655836967471, 23.767628675187893], [120.62711093333894, 23.76785723129799], [120.6285902383236, 23.76847426655101], [120.62957643065975, 23.768880715711717], [120.63088507356093, 23.769423164065085], [120.63193953754217, 23.769862418263287], [120.63205031786028, 23.76990819381592], [120.63223273384281, 23.769983570450226], [120.63247598498101, 23.77008556317431], [120.63265631225497, 23.770167012247015], [120.63281410999787, 23.770237962872113], [120.63292066262811, 23.770290249018686], [120.63305552241509, 23.77035535592632], [120.6330580473823, 23.770356574616766], [120.63310115406408, 23.77037738488437], [120.63329280513153, 23.770475389926975], [120.63342365734513, 23.770545401877733], [120.633600802935, 23.770640901580293], [120.6337765098061, 23.770743635894647], [120.63391555600235, 23.770830490135346], [120.634150557515, 23.770955697771498], [120.6343233903926, 23.771069001173277], [120.63464368411326, 23.771303548619045], [120.63498693212661, 23.771562970555607], [120.63516283181434, 23.77171666479948], [120.6354904382267, 23.772017038191265], [120.63566218830505, 23.77217621395197], [120.63590167783131, 23.772423012922406], [120.63612914910024, 23.77267829010731], [120.63631205557238, 23.77289674717176], [120.636590361931, 23.773252408500458], [120.63664899523427, 23.77333352860993], [120.63674013801894, 23.773459623648982], [120.63688553730502, 23.77367296134665], [120.63698589186683, 23.773824094739318], [120.63698945331676, 23.773829457735104], [120.63729378582036, 23.77436737343526], [120.6373962402228, 23.774570132592], [120.63757227482085, 23.774938576433065], [120.63767865938003, 23.775188551992578], [120.63781189263672, 23.775532969974428], [120.63789224233678, 23.775780917639274], [120.63798485051294, 23.776081212184693], [120.6380712277206, 23.776411254917274], [120.63830107919298, 23.777505368129237], [120.63854977273316, 23.778716505861958], [120.63860516877321, 23.77898472868782], [120.64002468206124, 23.786104763576574], [120.64002503049653, 23.78610651254059], [120.64042813882317, 23.788128298686715], [120.64055173342707, 23.78875138521335], [120.64064788872223, 23.789263819123065], [120.64068141252993, 23.789464984176355], [120.64070820783006, 23.7897121850492], [120.64073731484122, 23.79007872515163], [120.64074627751039, 23.79035553533132], [120.6407416860382, 23.79066827023251], [120.64072102489838, 23.79097815676959], [120.64068501218877, 23.791302362071647], [120.64063805728243, 23.791599292941513], [120.64058249160308, 23.79187897506113], [120.64049135037446, 23.792230093134023], [120.64040109656837, 23.792491398376587], [120.64025032653052, 23.792917688642476], [120.64008963737056, 23.79326489335138], [120.63982634275173, 23.79377116311559], [120.63959828718535, 23.794147520424914], [120.6394971447068, 23.79429314001729], [120.63924079381994, 23.794638602366064], [120.63906876513563, 23.794845626740152], [120.63882832564552, 23.795083330853874], [120.6385410796038, 23.79540280443719], [120.638064903498, 23.795921677898846], [120.63782380287734, 23.796182684469432], [120.6373434846416, 23.796702654722278], [120.63639132480176, 23.797733240387508], [120.63584216725626, 23.79833322809016], [120.63584194381023, 23.798333472267487], [120.63578318907848, 23.79839775412761], [120.63563237887635, 23.798562747092486], [120.63508272148152, 23.79915648765178], [120.63503080637493, 23.799212565659435], [120.63422782216662, 23.80008630936944], [120.63342399487262, 23.800955895746114], [120.63305799058045, 23.80135183442738], [120.63305551590213, 23.801354511261852], [120.6327407613042, 23.801695006853873], [120.63128530475626, 23.803272652165692], [120.63042703662938, 23.804206121532047], [120.63040954448994, 23.804225146703676], [120.6303907919693, 23.804245308399487], [120.6303426151886, 23.80429710641619], [120.63033782221576, 23.804302259909527], [120.62942676866167, 23.8052817928016], [120.62931698717097, 23.805387411080233], [120.62890906004424, 23.80577986612537], [120.62863831632453, 23.806017236944843], [120.62852636677722, 23.806107969414608], [120.62817575257955, 23.8063820170334], [120.6277342241456, 23.806713249738102], [120.62735190334925, 23.806976582861946], [120.62669078403853, 23.80743921178036], [120.62600626947444, 23.80791194487423], [120.62527630394544, 23.808417984172134], [120.62459248307971, 23.80889472800878], [120.62403567841051, 23.80927775872006], [120.62333973273212, 23.809764724107875], [120.62317521114038, 23.809879841559113], [120.62200518448637, 23.810687970388766], [120.62150719674561, 23.811036000239433], [120.62104223642267, 23.81136094814179], [120.6188466235953, 23.812948152411625], [120.61786541754506, 23.813620926522162], [120.61695929820078, 23.814255204886436], [120.61608370908753, 23.81483987621686], [120.61608232148727, 23.814840810944293], [120.61585832159541, 23.81499038299507], [120.61540500694424, 23.815293071430457], [120.6146058688025, 23.815826529779567], [120.61368648957256, 23.816478527441], [120.6135291654012, 23.816591496075265], [120.61333031637625, 23.816720716753366], [120.61322129354777, 23.816803796104637], [120.61307884337411, 23.81691662639361], [120.61298943558413, 23.816991624486004], [120.6128533535007, 23.817108216040204], [120.61280929343911, 23.81714932218232], [120.61273403681757, 23.817219546455814], [120.61266116879956, 23.81728687907476], [120.61256772869243, 23.81737572369115], [120.61247504115425, 23.81747022360502], [120.61239891077727, 23.817550979504986], [120.61226806201552, 23.817692961512673], [120.6121657196086, 23.817806455210274], [120.61207776891331, 23.817910934618737], [120.6119670079488, 23.818040594457145], [120.61186613318173, 23.81817261777337], [120.61183330599607, 23.81821558310811], [120.61173614358859, 23.818345417860648], [120.6116174518966, 23.81850955614902], [120.611464297923, 23.818717438341682], [120.61113022760237, 23.819168833661426], [120.6108476081388, 23.819545563667592], [120.61046957435077, 23.8200582815275], [120.61022657518345, 23.820386824351154], [120.60997439551225, 23.82072856294801], [120.60971873825198, 23.82107743384896], [120.6094600096275, 23.821424598943747], [120.60930399846796, 23.821635088395197], [120.60873473178461, 23.822400705145114], [120.60805804530497, 23.82331609942398], [120.60805550558015, 23.823319535067814], [120.60804555364295, 23.823332997346903], [120.60804529838954, 23.823333342533346], [120.60758769421255, 23.823974576215846], [120.60712215238249, 23.824613957002597], [120.60665667049808, 23.82523225403404], [120.60626726860362, 23.825756686646624], [120.60590264052804, 23.826248747980248], [120.60541078637179, 23.826909195257336], [120.60509589189168, 23.827319715993816], [120.60492694811808, 23.827543200051814], [120.60479586043844, 23.82771882456866], [120.60463885301235, 23.82794212217526], [120.60443607127642, 23.82820826516655], [120.60421741894478, 23.82850959173028], [120.60402433467334, 23.8287724000143], [120.60384198606272, 23.82904232298626], [120.60364147149436, 23.82934977312535], [120.60347095187095, 23.829634670074643], [120.60333221718497, 23.82988368448863], [120.6031691190163, 23.830203392236463], [120.60303960274233, 23.830474155376898], [120.6029246675652, 23.830733252649164], [120.6028010269146, 23.831017910137838], [120.60269571763946, 23.831270749197657], [120.6026613886986, 23.831353171660304], [120.60247029199988, 23.831812007150877], [120.6023285493932, 23.83216371577716], [120.60217651491675, 23.832523470174454], [120.60206224420405, 23.832808448226046], [120.60193239570613, 23.833124690760716], [120.60180250976265, 23.83344720143592], [120.60167671521371, 23.833754054348162], [120.6014980912977, 23.834176375950463], [120.60135003799947, 23.834535634023272], [120.60119676869994, 23.834908963742915], [120.60106057924496, 23.835237190277933], [120.60091852988025, 23.835590728687738], [120.60078580246339, 23.835912443609743], [120.60065715639352, 23.83621928002832], [120.60052617808923, 23.83653420894348], [120.60038157263405, 23.8368877320166], [120.60027229448406, 23.83714869271916], [120.60015051991272, 23.83744798776654], [120.60002782441232, 23.837756428217762], [120.59988371748668, 23.83810014315737], [120.59975815450154, 23.838405645798662], [120.599757582845, 23.83840703577831], [120.5997554425845, 23.838412243018865], [120.59970853979699, 23.838520915465974], [120.59970105452257, 23.838538259077346], [120.59961530050235, 23.838736946166083], [120.59947976906584, 23.839075212797486], [120.59930348477383, 23.839500961522344], [120.5991586749886, 23.839858094556735], [120.59900793163536, 23.840223084913003], [120.59887290743039, 23.840548287281273], [120.5987462978978, 23.840853853948555], [120.59860788913188, 23.841184293437312], [120.59850123850777, 23.841447165657613], [120.59840071170859, 23.84168466157289], [120.59830613436684, 23.84191899539908], [120.59820255878452, 23.842171131053824], [120.59808298722488, 23.842462808922505], [120.59796564229077, 23.84274533736705], [120.59783116838045, 23.8430689599139], [120.59768745807521, 23.843420595151052], [120.59754399534607, 23.84376491689171], [120.59739758743962, 23.844089636525847], [120.59725344398298, 23.84446950574491], [120.59708065771416, 23.844914836808357], [120.59699694832946, 23.84510773142854], [120.59698952686205, 23.845124833058815], [120.59697457812986, 23.845159278937885], [120.59692054449705, 23.845283791342904], [120.59675768387633, 23.845671052344372], [120.59659119180344, 23.846070094497325], [120.5964454999898, 23.84642539010294], [120.59625353792579, 23.84690164048777], [120.5960839935981, 23.847315854569764], [120.59588635536876, 23.847795006095144], [120.59569329753603, 23.84825067431156], [120.59565955438345, 23.84833344050286], [120.5956593970926, 23.84833382655711], [120.59560873876565, 23.848458079102112], [120.59525004181471, 23.849321830035223], [120.59494415620186, 23.850008704346806], [120.59444775241055, 23.85121901275667], [120.59416503600289, 23.85188854711788], [120.59367361162248, 23.85307244871156], [120.5934815118497, 23.853529699091307], [120.59341180944105, 23.85369884714747], [120.59144865488841, 23.858424856642827], [120.59099030909567, 23.859528257577686], [120.59041360305788, 23.861119584565117], [120.59015407805175, 23.861724968870895], [120.58968187218846, 23.862826451124803], [120.58951078130731, 23.863213265820868], [120.58921675369048, 23.86392427374674], [120.58898223404185, 23.86449126545644], [120.58880366685607, 23.864930681864198], [120.58873445298757, 23.865096350531164], [120.58871602290186, 23.865140464075775], [120.58869234939131, 23.865197127368567], [120.58866362437001, 23.865265881313814], [120.58848295230327, 23.865698330757326], [120.5882302909068, 23.86632166144383], [120.58789693525229, 23.867124248451876], [120.5875817192009, 23.867882846863345], [120.58748280591881, 23.868134890785544], [120.58744132590184, 23.868240590008522], [120.58735935455327, 23.868449462783307], [120.58715094648088, 23.8690172444399], [120.58701815301112, 23.86941752143647], [120.58690119007895, 23.869804324397798], [120.58680533270172, 23.870152229411175], [120.58663031908135, 23.870819640889255], [120.58646935901182, 23.871485628855716], [120.58629005278966, 23.87221454761956], [120.58622228501216, 23.872494189122463], [120.5862114699174, 23.872538817591423], [120.58619716651943, 23.872597840650748], [120.58615571085811, 23.872768909967345], [120.58604684912075, 23.873211815570038], [120.58601637286681, 23.87333312893066], [120.58601626646283, 23.873333550325313], [120.58601063860458, 23.873355956510103], [120.58599391278962, 23.873424817965258], [120.58591277096717, 23.873756358666707], [120.58582536255032, 23.874119564486573], [120.58573727112892, 23.87447785540949], [120.58563873233939, 23.874882187884694], [120.58555629951077, 23.87522078234852], [120.58545827036217, 23.875625359827247], [120.58535771542056, 23.87603969137054], [120.58525427794329, 23.87646139130248], [120.5851763950691, 23.876781567490134], [120.58516963128828, 23.87680937024827], [120.5851645678977, 23.87683018509509], [120.58514753602, 23.87690020318254], [120.58496948746259, 23.87762714564852], [120.58482961976003, 23.87821401590542], [120.58473773023776, 23.878576350936257], [120.5845667256423, 23.879288142072195], [120.58445375365261, 23.87974715452856], [120.58443843776175, 23.879809384626355], [120.5844382775954, 23.879810033419194], [120.58439496920934, 23.879985999195842], [120.58429094328031, 23.880417747407595], [120.58417645289825, 23.880882054917613], [120.58407347277729, 23.88130565205213], [120.58392393916643, 23.8819358179016], [120.58380950447905, 23.882400279573996], [120.58372696501488, 23.882738438915993], [120.58364529441027, 23.883078361307863], [120.58355692741229, 23.88344246652665], [120.5834326857923, 23.883933021952185], [120.58305970067491, 23.885478886105634], [120.58305816917114, 23.885485192709396], [120.58305553108309, 23.885496056238214], [120.58302546816493, 23.8856198620268], [120.58293823271289, 23.885961627078643], [120.5829289193142, 23.88599811282384], [120.58284739454062, 23.886360440020237], [120.58273922516874, 23.886796352550114], [120.58260583524084, 23.88735219203975], [120.58252455024765, 23.887690033304125], [120.58242309536341, 23.888095736416126], [120.58233297877676, 23.888461506337723], [120.58232319807118, 23.888501202571987], [120.5821802965164, 23.889091905877684], [120.58207379642312, 23.88952030968634], [120.5819389001564, 23.890095696823792], [120.58183283726463, 23.890514355992785], [120.58172986329264, 23.890939998778137], [120.58160763804341, 23.891416508513064], [120.58153326505357, 23.891734271665], [120.58147016973032, 23.892034876806377], [120.58139721946192, 23.892339990632802], [120.58119535910689, 23.89316320902578], [120.58103028585722, 23.893965468532883], [120.58086153781052, 23.894727121842607], [120.58061680987896, 23.89568208428728], [120.580614, 23.895693], [120.58047983697698, 23.896257476523015], [120.5803824098511, 23.8966561862725], [120.58012452970597, 23.897480232244142], [120.5800802985964, 23.89764562468443], [120.57989667368629, 23.898332260015486], [120.57989648239824, 23.898333103754457], [120.57989639074532, 23.89833350622135], [120.57944126264768, 23.900343018359226], [120.57928243596892, 23.900978549189897], [120.57918811017679, 23.901361668732257], [120.57917200682836, 23.901427076120974], [120.5791610904695, 23.901471411942644], [120.57915200924383, 23.90150829800507], [120.57899782370177, 23.902147286781343], [120.57898169512455, 23.902212841253558], [120.57877962957775, 23.90303416012461], [120.57869949563998, 23.903369952813907], [120.57868565804208, 23.903427938647006], [120.57866663006867, 23.9035076777391], [120.57865727687661, 23.903546871864293], [120.57855461872776, 23.903971195934222], [120.57843560956282, 23.90445689391745], [120.57832802359238, 23.904903592065608], [120.57820171759359, 23.905417947551204], [120.57802361388065, 23.90615042601355], [120.57782312373635, 23.906954563311967], [120.57758109604052, 23.907946127480393], [120.5774579117936, 23.90844337249751], [120.5772974400986, 23.90911039263915], [120.57718389210588, 23.909576422595833], [120.57706720560992, 23.910031461196624], [120.57685446270996, 23.910900887029253], [120.57663654993374, 23.91179099385192], [120.57661911674762, 23.91186280273244], [120.57661296717059, 23.911888139774934], [120.57651584054021, 23.912286027853444], [120.57628746836357, 23.913230956745323], [120.57607362903158, 23.914102276904053], [120.57583201190369, 23.915083600573396], [120.57556528802104, 23.916182542302177], [120.57531967698603, 23.917188214497713], [120.57519113164145, 23.917709707091674], [120.57510283439942, 23.91804418057495], [120.57508427161928, 23.91810945503987], [120.57503005180703, 23.91830011669561], [120.57493071164579, 23.91862968177782], [120.57476865828772, 23.919126674475763], [120.57456426934777, 23.919731372914082], [120.57434248253884, 23.920389456729247], [120.57408540666867, 23.921143657133197], [120.57383965274803, 23.92187528483944], [120.57361229787405, 23.922549793714353], [120.573352827477, 23.9233111255676], [120.57334531255209, 23.923333394026468], [120.57334518260176, 23.923333781031268], [120.5732559783916, 23.923598108545157], [120.57325587027032, 23.923598428792168], [120.57324942820678, 23.92361793358545], [120.57324142348895, 23.923642171817644], [120.57322911478879, 23.92367944301566], [120.57322002266112, 23.92370697309119], [120.57321203281751, 23.923731165312283], [120.57320164690952, 23.923762612402278], [120.57319063097742, 23.923795966577842], [120.5731828603899, 23.9238194948348], [120.57317607799094, 23.923840030750775], [120.57302525924779, 23.924296707624237], [120.57297690308404, 23.92443890977047], [120.57280126991796, 23.924955382088843], [120.572564221236, 23.92564906510548], [120.57237452465591, 23.926207404494335], [120.57236226950138, 23.926243475734033], [120.57220448047767, 23.92672160072612], [120.57208892625702, 23.927039492849772], [120.57174079004791, 23.92808393001788], [120.57172506252854, 23.928131113865373], [120.57137116886823, 23.92917934510339], [120.57113358042821, 23.92987406314723], [120.57090641150856, 23.930550794191227], [120.57068846591213, 23.931191406444345], [120.57047039776982, 23.931838998664418], [120.57030557867299, 23.932332568158333], [120.57016858781171, 23.932737302834752], [120.57003230435748, 23.93315923960379], [120.5699420719094, 23.933468832050803], [120.56986759639898, 23.933772403433533], [120.56979344319379, 23.934103406335655], [120.56972806462073, 23.934480484121025], [120.56967855565411, 23.934829759377703], [120.56964214846508, 23.93518609623533], [120.5696190098594, 23.935454180860937], [120.56960127321533, 23.936102087688635], [120.56959750210927, 23.936706384169554], [120.56960027800353, 23.93745807811404], [120.56960022715332, 23.937697672504612], [120.5696005390322, 23.937989927826486], [120.56960113866577, 23.938552376644793], [120.56960113890042, 23.9387928497128], [120.56960113814307, 23.940178234301264], [120.56959841484768, 23.941494604153508], [120.56959939208645, 23.942685685756377], [120.5695975445988, 23.943737876946734], [120.56960764506479, 23.94465423592128], [120.56960775087764, 23.944663801136784], [120.56959870700335, 23.945337118794125], [120.56959412841057, 23.9460314081093], [120.56959821016558, 23.946123020808542], [120.56960265587514, 23.94622279265225], [120.56960976335698, 23.946647946168067], [120.56961034950119, 23.946683007432846], [120.56961195385162, 23.94748882066158], [120.56961925714118, 23.948333817799014], [120.56963498813853, 23.949457475139127], [120.56964825300886, 23.950437269783148], [120.56964530638459, 23.951231815546084], [120.56965018979491, 23.952175417160635], [120.56964795658502, 23.953314821548283], [120.56965637052551, 23.9544741204192], [120.56965602787218, 23.955450234715148], [120.56964812328918, 23.956558756426563], [120.56964203816621, 23.957565708917688], [120.56965124605735, 23.958585432062986], [120.56965403514798, 23.959469999889176], [120.56965424926874, 23.959537908883338], [120.56964847008558, 23.960474154906297], [120.56965304694049, 23.961176276291372], [120.56965519605198, 23.96167705119758], [120.56964740697336, 23.962551486543408], [120.5696493305669, 23.962802574764144], [120.56964810833755, 23.963171045131958], [120.56965038184511, 23.963298375775405], [120.5696497145117, 23.963414152215364], [120.56965893215127, 23.963777325349362], [120.56966137152914, 23.964237102690443], [120.5696592513686, 23.964548683143807], [120.5696570838471, 23.964867123123152], [120.56965608966148, 23.96501327007326], [120.56964508381151, 23.965299687601973], [120.56964111818279, 23.96534078123645], [120.56961225930004, 23.965565069441645], [120.56956616412845, 23.96595515766019], [120.56953817174012, 23.96619982501147], [120.56949207608506, 23.96646832536226], [120.56945179215612, 23.966681575462925], [120.56938672956896, 23.96695131196222], [120.56936212882323, 23.96703886829072], [120.56930859969307, 23.967219925513234], [120.56929620545765, 23.967254972836322], [120.5691801634873, 23.96758312030003], [120.56908413716745, 23.96784173031551], [120.5690581182818, 23.9679118015964], [120.56898696626764, 23.968103420598638], [120.56880476519282, 23.968571980281144], [120.56858247680834, 23.969145221829336], [120.56839632410578, 23.969649019857798], [120.56834096731829, 23.969789197040825], [120.56830488723406, 23.969880560185317], [120.56819695884879, 23.970153854941653], [120.56796602560706, 23.970772182174542], [120.5677192144969, 23.97142143523691], [120.56749006043505, 23.972016414679622], [120.56745301969988, 23.97211258937218], [120.56740857531996, 23.97222798220694], [120.56714043869206, 23.97293521525372], [120.56705758143984, 23.97315094667361], [120.5669994456024, 23.973302307420667], [120.56698760177319, 23.973333422846615], [120.56698745505531, 23.973333807086593], [120.56686121239262, 23.973665460455035], [120.5667141132315, 23.97404052612182], [120.56657845150288, 23.974397662573494], [120.56639727290292, 23.974860722776384], [120.56625943685776, 23.975224273573964], [120.56617137870239, 23.97547743567663], [120.5660313186036, 23.97585064233274], [120.56577533390737, 23.976516055443334], [120.56563471100178, 23.976877647317814], [120.56552803675393, 23.97716028250685], [120.56541791708422, 23.97743899900769], [120.56527917716843, 23.977805503317832], [120.56512517473793, 23.978208139722142], [120.56495352066571, 23.97865565813103], [120.5647802015621, 23.9791128592577], [120.56476733190945, 23.979146832992225], [120.56459563448334, 23.979600064615653], [120.56454535814206, 23.979732782719108], [120.56452734244144, 23.97978033833407], [120.56429298426819, 23.98039520893543], [120.56410656770278, 23.980882476050002], [120.56388025535476, 23.98147941915459], [120.56362308498784, 23.98215197586449], [120.56333780287522, 23.982904083414855], [120.56312337011057, 23.98346443474369], [120.56292074688177, 23.98399337982018], [120.56270761652704, 23.984552560333107], [120.56250915992611, 23.985074437565064], [120.56244162822075, 23.985252182285333], [120.56236073488584, 23.9854650963571], [120.56222813777138, 23.985809651696847], [120.56212115420901, 23.98608658557346], [120.56202921574983, 23.98633983300997], [120.56190831916584, 23.986650804903928], [120.56175268723042, 23.987070074679217], [120.56152588035337, 23.987658515487837], [120.56126866816419, 23.988333136849025], [120.56112212848524, 23.98871272952276], [120.5610986744011, 23.988775675977166], [120.56108197644767, 23.9888204890286], [120.56106627227095, 23.988862634021338], [120.56099800746304, 23.989045839572288], [120.56074046199839, 23.989709857476207], [120.56062090148869, 23.990019962019062], [120.56040199202299, 23.990587748322106], [120.56020352400446, 23.99110307649485], [120.55999225318787, 23.99165635254513], [120.5598194110716, 23.992111359529968], [120.55979025172194, 23.99218812061441], [120.5597843011482, 23.992203928474876], [120.5597468898816, 23.99230330529795], [120.55973065966234, 23.99234642017913], [120.5597208749214, 23.99237241032827], [120.55970183601383, 23.99242298355989], [120.55960682770369, 23.992675353592364], [120.55941131785178, 23.9931870682285], [120.55922386367857, 23.993682289127378], [120.55904297224313, 23.994154441333016], [120.55893829786964, 23.994412688302056], [120.5588273820897, 23.994679892459], [120.55868980356998, 23.994960710178855], [120.55859201159736, 23.995157549642833], [120.55846851903735, 23.9953740804056], [120.558357879727, 23.995556553952767], [120.55824304516327, 23.995729876668896], [120.55806011345878, 23.996008951354796], [120.5580583479801, 23.996011633416924], [120.55805550465253, 23.99601594940337], [120.55804339037569, 23.99603433808245], [120.55802770932071, 23.99606253505238], [120.55790285617984, 23.996224821776533], [120.5577405994884, 23.996435280733525], [120.55760649364736, 23.99659628633116], [120.55721766714235, 23.997069072195377], [120.55636465936021, 23.998108733948644], [120.55618159029099, 23.99833225335652], [120.55618095960891, 23.99833302354462], [120.5561806437749, 23.998333409088712], [120.55613954187783, 23.998383591991775], [120.5561183247051, 23.998409496413498], [120.55609713811886, 23.998435363900086], [120.55564575499571, 23.998986477737205], [120.55469169099472, 24.000147652294906], [120.55371340498694, 24.001331508620396], [120.55265681301405, 24.00261871050184], [120.55169860050972, 24.003783533525414], [120.55137533877777, 24.004176658390737], [120.55089958468463, 24.00475522296832], [120.55079332940716, 24.004884054459012], [120.550674812375, 24.00502813036319], [120.55065576098751, 24.005051289977573], [120.55055633332256, 24.00517223156352], [120.55043817366226, 24.00531655392003], [120.55033115796978, 24.00544841129572], [120.55032071581903, 24.005461358601448], [120.55020426182837, 24.005606846947853], [120.550088866646, 24.005753044405107], [120.54997453422394, 24.00589994556951], [120.54986127146609, 24.006047544143154], [120.54980852777965, 24.00611699497532], [120.54974907055819, 24.006195826561335], [120.54963773244486, 24.006344656800874], [120.54952687464822, 24.00649378904346], [120.54950262747863, 24.0065264565271], [120.54941613330816, 24.006642993777287], [120.5493053926876, 24.006792200233175], [120.54919465083024, 24.006941405696516], [120.54908390969868, 24.007090611076055], [120.54897316831004, 24.007239816368884], [120.5488624266643, 24.007389021575012], [120.54875168377858, 24.00753822669153], [120.54869905667029, 24.00760913209054], [120.54864093377114, 24.007687427186454], [120.54853000794682, 24.0078365178221], [120.54841858657888, 24.007985296301065], [120.5483371691177, 24.008092850075275], [120.54831375305706, 24.008123782553003], [120.54830635289797, 24.008133557624888], [120.54819298524475, 24.00828108955629], [120.5481716051224, 24.008308539059154], [120.5481385880549, 24.008350927676673], [120.54807818063466, 24.008427679912078], [120.54798824117174, 24.008540143822458], [120.54797383832452, 24.008558153789284], [120.54784383323884, 24.0087176752542], [120.54772430727493, 24.00886104687431], [120.54760322892288, 24.00900331584148], [120.54759763689974, 24.00900981854882], [120.54748065709288, 24.00914450038474], [120.54735684773178, 24.00928477100864], [120.54723211165688, 24.009424348042142], [120.54710675573843, 24.00956345631822], [120.54698108487176, 24.00970232337382], [120.54697527488428, 24.009708737827996], [120.54685535392778, 24.009841146802014], [120.54672962369922, 24.00997996922051], [120.54660389319673, 24.01011879243224], [120.5464781624299, 24.01025761372844], [120.54635243236899, 24.010396436723717], [120.54622670007149, 24.010535259603483], [120.54610096848937, 24.010674081473553], [120.54597523663337, 24.01081290413685], [120.54594271867434, 24.010848807929893], [120.5458495290166, 24.010951744821817], [120.54572409562162, 24.011090793886254], [120.54559930014743, 24.011230328707853], [120.54559822350043, 24.01123153906391], [120.54547545732426, 24.011370575955777], [120.54535263580642, 24.011511579176975], [120.54523083857242, 24.01165333025624], [120.54511007350283, 24.011795824704702], [120.54507692526137, 24.011835282200007], [120.5449903200397, 24.011939038987375], [120.54487133308723, 24.01208279088843], [120.5447942388831, 24.01217641143514], [120.54476057824544, 24.01221728855913], [120.5447527351475, 24.012226813824896], [120.54474965120623, 24.01223056178673], [120.54474147145442, 24.012240503208943], [120.54463420558322, 24.012370883819585], [120.5445156747675, 24.012514954615945], [120.54439714368966, 24.01265902441103], [120.54427861332626, 24.012803095013613], [120.54416008171462, 24.01294716551493], [120.54404155180673, 24.013091235020823], [120.54392301966763, 24.01323530442253], [120.54380448824615, 24.0133793737288], [120.54368595557322, 24.01352344383672], [120.54356742361792, 24.01366751384921], [120.54344889041751, 24.013811582857485], [120.54333035793152, 24.013955652673282], [120.54321182518342, 24.01409972148777], [120.54310420773622, 24.014230522485395], [120.5430932911838, 24.01424379110389], [120.542974757905, 24.01438785972166], [120.54285850703518, 24.014533814061092], [120.54209140163775, 24.01546583144111], [120.5415535758985, 24.016115991127755], [120.54126610948067, 24.016471719486603], [120.54109308045354, 24.01669188813908], [120.54092666200468, 24.01691355810377], [120.54072093077501, 24.017199000929697], [120.54057287566002, 24.017422784207394], [120.54042047665651, 24.01766247216445], [120.54026826742707, 24.01792327207496], [120.54013902468364, 24.018152473865833], [120.53997521432055, 24.018468966951794], [120.53982883519164, 24.01878146793477], [120.53971189868385, 24.01904085530611], [120.5395634492974, 24.01938805773192], [120.53939153805392, 24.019790036500304], [120.539376679911, 24.0198247819565], [120.53936155512577, 24.01986014602346], [120.5393349355528, 24.01992238934151], [120.53906771847184, 24.02054772750653], [120.53880042204284, 24.021177761052694], [120.53869129728639, 24.021433556573772], [120.53867706993, 24.021466905201915], [120.53853583383619, 24.02179796743146], [120.5382558553806, 24.02245458020431], [120.53820037238333, 24.022589618546956], [120.53818566912057, 24.02262540451559], [120.53817219252849, 24.02265820456069], [120.53812947099446, 24.022762181531824], [120.53793532387033, 24.023254727096816], [120.53791296812598, 24.023304915251313], [120.53790199231744, 24.0233324686294], [120.53790168889985, 24.023333198188976], [120.537901527272, 24.02333358776959], [120.53731639162254, 24.024742497429738], [120.53723462225547, 24.024945848105098], [120.53706407839044, 24.025369970381888], [120.53656580543155, 24.026397193085185], [120.53629228097914, 24.02701411098942], [120.5362765901045, 24.027049500975775], [120.53625954044314, 24.027087955019443], [120.5361918808452, 24.02724055564795], [120.53609029117173, 24.0274767672837], [120.53594726675772, 24.027809320163282], [120.53539187775014, 24.029115791174796], [120.53489595726948, 24.03029798805505], [120.53443207945557, 24.031369153623967], [120.53386130972281, 24.032690137485154], [120.53342649212667, 24.033679886394403], [120.53305848366088, 24.034604928363105], [120.53305555387858, 24.034612293689857], [120.53299827579175, 24.034756268791543], [120.53280947760798, 24.035201586878394], [120.53273476072437, 24.03537777409373], [120.53109954403658, 24.039214149301923], [120.53071041138887, 24.04013492936982], [120.53039589208423, 24.040858802531353], [120.53027379794732, 24.041142143033618], [120.5298348925065, 24.04217019419951], [120.52951039202436, 24.04293553515565], [120.5292399567952, 24.04358233483937], [120.52917231334928, 24.04374627090265], [120.5291648134471, 24.043764099713268], [120.52915724213813, 24.043782097152214], [120.52895350185399, 24.044281345482837], [120.52892663105041, 24.044336072600245], [120.52888811128278, 24.044414521820123], [120.52888634205492, 24.044419497852804], [120.52875994795419, 24.044774916504565], [120.52862409719941, 24.045273761033556], [120.52852018470672, 24.045756761582247], [120.52845599805771, 24.04626534072834], [120.52843776361969, 24.046471785974074], [120.52842594816893, 24.04686732218113], [120.52843555487927, 24.047366542079047], [120.52847321192773, 24.04777370777617], [120.5285374781305, 24.04817551793445], [120.52856858934678, 24.04833251886624], [120.52856872934164, 24.048333223583942], [120.52856880850163, 24.04833362472931], [120.52861779590626, 24.048580834797207], [120.52862730714008, 24.048629994392876], [120.53006192102808, 24.054958497578767], [120.53026521167733, 24.055843376242542], [120.53027343246833, 24.055879164755698], [120.53030958551032, 24.056036527423984], [120.53034837341201, 24.056205359067086], [120.53035297314136, 24.056225380321504], [120.53123505462507, 24.06006472425264], [120.53161153069085, 24.061703305924663], [120.53162515483912, 24.061762600615822], [120.53164070345073, 24.06183027316463], [120.53165710781752, 24.061901672014745], [120.53223030570038, 24.064396375569057], [120.53229725829473, 24.064698498340135], [120.5323168932712, 24.064787098762814], [120.53245271427788, 24.065399988355562], [120.53273502488712, 24.06663085335866], [120.53298986506965, 24.067751455679392], [120.53302083736307, 24.067887308396113], [120.53305554500683, 24.068052656769577], [120.53305843546413, 24.06806642623859], [120.5330603505137, 24.068075548963613], [120.53425875168662, 24.07326128971611], [120.53427514770179, 24.07333223401661], [120.53427531232468, 24.07333294241422], [120.53427541884635, 24.07333340052359], [120.53431766546201, 24.073515612916726], [120.53445392776636, 24.0741033135029], [120.53472711632804, 24.07530801718921], [120.53481022329592, 24.075647973477903], [120.53486757387941, 24.075882570790917], [120.53499697057556, 24.076290310625055], [120.53516144958162, 24.076716847578837], [120.53532288041512, 24.07708595694102], [120.53548530344379, 24.07737618205899], [120.53568667850709, 24.077722189901426], [120.5360181426413, 24.078246775193524], [120.53638738392613, 24.07880998508436], [120.53657906785051, 24.079117354043063], [120.53686197318147, 24.079533086787503], [120.53725724028193, 24.080086206403585], [120.53762116640364, 24.080657980469415], [120.53776618092267, 24.080872695488413], [120.53837341238368, 24.081814530463152], [120.53840197332002, 24.081859017128853], [120.538402, 24.081859], [120.53914821913835, 24.083070672692], [120.53934143053115, 24.08347545759591], [120.53953464192395, 24.083795291610386], [120.53972009908537, 24.08408696494303], [120.53990555624678, 24.084347183869603], [120.54061491272404, 24.08532898501354], [120.54091642767679, 24.085739552422694], [120.54101382876313, 24.085853647453362], [120.54112411729196, 24.085965781584918], [120.5413554338827, 24.086180245360932], [120.54156409878578, 24.086340553968526], [120.54192420941001, 24.086586807700968], [120.54220655060988, 24.08674711636522], [120.5425134505747, 24.086892478096935], [120.54435105065889, 24.087637269874133], [120.5449586470759, 24.087858719643933], [120.54722579835266, 24.088690589905916], [120.54815758439547, 24.089032210313455], [120.54911000800965, 24.089379064104914], [120.551031462895, 24.09006385831347], [120.55142411114117, 24.09020961235624], [120.55184627113834, 24.090367340350316], [120.5524897692477, 24.090613376120373], [120.55337756, 24.09094473], [120.55542387, 24.09169477], [120.55747019, 24.09244482], [120.55951650676926, 24.09319486881316], [120.56328755501511, 24.09462839448082], [120.56420504198292, 24.094974313500067], [120.56516296471689, 24.095317596018006], [120.56565608501845, 24.095519505741425], [120.56612675159701, 24.09572727181878], [120.56709038295904, 24.096095316106712], [120.56920529993872, 24.09686796316689], [120.57002374173747, 24.097203578843164], [120.57021932821687, 24.09729966296522], [120.57045421899423, 24.09741550083943], [120.57070542016665, 24.0975561536914], [120.57114216110924, 24.09781939362319], [120.57159895470184, 24.09809073712743], [120.57191425873542, 24.098304582934237], [120.57223284508424, 24.098536677137957], [120.57263298341553, 24.098877956266918], [120.57302468504142, 24.09921357979905], [120.57343443456888, 24.099602715846796], [120.57398797891997, 24.100243831746887], [120.5743639311603, 24.100706251229266], [120.57475452105967, 24.101213599399387], [120.57497828812411, 24.101567339932537], [120.57521545053888, 24.101993653644286], [120.5754069856226, 24.10233430447881], [120.57552855392028, 24.102596750061043], [120.57565891994, 24.102883845174645], [120.57577067083926, 24.103161191077533], [120.5759866460015, 24.103742035161993], [120.57675360734797, 24.106085431864898], [120.5779269004517, 24.109602584774805], [120.57836446420211, 24.11093070628816], [120.57858672212676, 24.111631715138863], [120.57871479612155, 24.11203204870261], [120.57881596885824, 24.11236098140014], [120.57887195909738, 24.11253824133844], [120.57892447277393, 24.112756753065618], [120.57896655676163, 24.113021276267656], [120.5789982110614, 24.11327627986138], [120.57901920631534, 24.113575611618668], [120.57901758307327, 24.113940318398114], [120.57900653545798, 24.114124384033758], [120.57898040884538, 24.11435662053739], [120.57894123180961, 24.114628092471385], [120.57884786241958, 24.11503720049045], [120.57876501190651, 24.115313687166392], [120.57867509282599, 24.115557915547196], [120.57856573518237, 24.11581881068099], [120.57846580229855, 24.116025942197858], [120.57833577118241, 24.11626922022799], [120.57819077991888, 24.116508401936763], [120.57785890897546, 24.116955360300743], [120.57767788640851, 24.117164469218757], [120.57747263561969, 24.11738279204554], [120.57723882622787, 24.1176040229253], [120.57708577758848, 24.117738643321424], [120.57698008018208, 24.117825521783015], [120.57686226866358, 24.117916085790014], [120.57678786604816, 24.117976244224597], [120.57662649508731, 24.11807819151494], [120.57635198380285, 24.118249866484216], [120.57623744212154, 24.118323726037488], [120.57606258641268, 24.118418762211512], [120.57575209464491, 24.118590853018063], [120.57542309680392, 24.118721119674237], [120.57522244858173, 24.11879799765517], [120.57503396520724, 24.118860997058086], [120.57491447326657, 24.118899612788546], [120.57471049587501, 24.118957035791464], [120.57399674786117, 24.11915407435737], [120.5726468014482, 24.119510882645955], [120.5716576208063, 24.11976958857385], [120.57079925854674, 24.120001818504036], [120.5703564146217, 24.120136638319803], [120.57013559112698, 24.12021846103429], [120.56700800116666, 24.12100887664008], [120.56633875711273, 24.121205755560485], [120.56617890952718, 24.121243961363646], [120.56609629828597, 24.121263706675045], [120.56585066101509, 24.121322417661236], [120.56310617213002, 24.122055744980706], [120.56259158554968, 24.12221197731266], [120.56192565828606, 24.122446299572232], [120.56124513571045, 24.122733490215914], [120.56070053208602, 24.12299788252466], [120.56058635873052, 24.123053310669402], [120.56056717429392, 24.123062624233818], [120.56011027014976, 24.123333004765563], [120.5601095564328, 24.123333427085065], [120.55995769627413, 24.12342328942853], [120.5594621978178, 24.12374223710256], [120.55876674993696, 24.124253326008365], [120.55826600183815, 24.12466963500603], [120.5580584044364, 24.124868725383877], [120.55805553404225, 24.12487148002914], [120.55775521854878, 24.125159490800225], [120.55734721801753, 24.125584986082167], [120.55686656429084, 24.12618273350351], [120.55624777194734, 24.12703564362412], [120.55516100836103, 24.128596921618403], [120.55507147, 24.12872556], [120.55357165, 24.13088011], [120.5520718375092, 24.13303466511562], [120.55199068271789, 24.13315124277547], [120.55117841962615, 24.134318033204398], [120.551129735876, 24.1343879650779], [120.55052533325089, 24.135256152797393], [120.55044894, 24.13536589], [120.54902035, 24.13741787], [120.54759175395901, 24.139469853618365], [120.54708569773888, 24.140171453423918], [120.54484740873266, 24.14341773563106], [120.54443996881622, 24.14410124731017], [120.54425361348336, 24.14451007209903], [120.54406125042574, 24.14499112685171], [120.543897826085, 24.145576538969], [120.54336950377149, 24.14833340191289], [120.54336942558358, 24.14833380618762], [120.54336496009343, 24.148357105347664], [120.54334578069816, 24.148457182817204], [120.54294625054317, 24.150541911239294], [120.54285339183829, 24.150994334120288], [120.54262398538235, 24.15195681031511], [120.54256657354516, 24.1523974422651], [120.54207673419921, 24.1550717433961], [120.54199749134655, 24.155491787828623], [120.54185822259159, 24.156054838850693], [120.54177240940226, 24.15649458133648], [120.54174506315006, 24.156617989775167], [120.54172621276174, 24.15673489741735], [120.54171103836718, 24.156803372633444], [120.54169218791779, 24.156920280267727], [120.54165188396838, 24.15710751509316], [120.54160379115731, 24.157390963317667], [120.54156728578828, 24.15756264859677], [120.54155092975898, 24.1576720911289], [120.5415390274863, 24.157728068902756], [120.54152267338392, 24.15783750962892], [120.54149585961726, 24.15796045910594], [120.54148307855358, 24.158089484056386], [120.54145626666032, 24.15821243352698], [120.54143766158079, 24.158385075466377], [120.54141084760931, 24.15850802491672], [120.54127866674855, 24.1590636997043], [120.54117480560231, 24.15946590175903], [120.54098019318785, 24.16023562053434], [120.54082546751697, 24.160856675946857], [120.54054848799765, 24.162005460642334], [120.54030323009177, 24.162949381164665], [120.5400706322617, 24.163899275092398], [120.53999562522384, 24.164193247025583], [120.53984110458798, 24.16477795191492], [120.53967094605177, 24.165454544588517], [120.53954909381436, 24.165977107638348], [120.5395186559495, 24.166117829541488], [120.53949443143529, 24.166277863759163], [120.53946399146527, 24.166418585637945], [120.53937360886223, 24.167018833069754], [120.5392658599322, 24.167779599348712], [120.53914151455925, 24.168628212614493], [120.53910953662786, 24.16885220136564], [120.53908811228192, 24.1690022657603], [120.53903865902225, 24.16934865093755], [120.53891972948605, 24.170161020792847], [120.53870730627447, 24.17164613376811], [120.53864621847528, 24.172057536914636], [120.53854014957903, 24.172815495474754], [120.53846571658265, 24.173333238057626], [120.53846565601943, 24.17333365863403], [120.53834572080474, 24.174167903988653], [120.53825646396294, 24.17480225301656], [120.53823789094928, 24.174922425670093], [120.53821955700865, 24.175056016397612], [120.53818240685042, 24.175296363474825], [120.53806847529547, 24.17614592917938], [120.53790123455899, 24.177278876257915], [120.53785959534832, 24.177550302425303], [120.53770519294514, 24.178643888257824], [120.53763530053705, 24.179155995078304], [120.53751259642465, 24.17996335619898], [120.5374295455111, 24.18057419658883], [120.53738848004663, 24.181000916882862], [120.5373655829001, 24.181464370550636], [120.53736313559207, 24.181615186330394], [120.53736572866988, 24.182115668263798], [120.5373671315205, 24.182218498471865], [120.53737422348038, 24.182335487421206], [120.53738570762148, 24.18247474117222], [120.53739280157026, 24.182591731929048], [120.53742832650278, 24.18297905909386], [120.53748298511834, 24.183354520365437], [120.53750167699388, 24.18347225959388], [120.53752919724185, 24.183628908794017], [120.53754775704881, 24.18372432751813], [120.53757761349202, 24.183857645207905], [120.5375961733651, 24.183953063924317], [120.53767427858905, 24.184289602855998], [120.53770990550284, 24.184415151261415], [120.53781533723848, 24.184772281810876], [120.53784795030556, 24.184877686007834], [120.53789662660313, 24.18502193539713], [120.5379292398036, 24.185127337769405], [120.53797791825124, 24.185271587136803], [120.53802712797122, 24.185406092018646], [120.53807646739334, 24.185524285190752], [120.53812567927788, 24.18565879004533], [120.53817501889088, 24.185776981378677], [120.53840848146105, 24.18627990853326], [120.53859741508636, 24.186652478363822], [120.53865278866435, 24.186760412613758], [120.53896689326325, 24.18727225633925], [120.5392086005349, 24.18765669582176], [120.53938447348801, 24.187940840529127], [120.53945634935077, 24.188049777826745], [120.53953993904139, 24.1881837829205], [120.53976489514233, 24.188529762671145], [120.53984609508868, 24.18865786795073], [120.539981167896, 24.18888536083342], [120.54005326506085, 24.18900149295158], [120.54012080176287, 24.18911524021933], [120.54034268867845, 24.189473671900917], [120.54041780244873, 24.189601332344765], [120.54049549470659, 24.189727498072], [120.54056151423008, 24.18984952753239], [120.54063662843355, 24.189977187868713], [120.54070264624809, 24.19009921726198], [120.5407777607286, 24.190226879334702], [120.54082386214286, 24.19031702810603], [120.54089532157806, 24.19044786279111], [120.54094142119008, 24.190538009714956], [120.54100648603193, 24.19068774659463], [120.54106894234856, 24.190824894361036], [120.54111427968657, 24.190940537281538], [120.54117659610239, 24.191070082029075], [120.54122193164571, 24.191185726716505], [120.54125478444908, 24.191279259333307], [120.54130634310197, 24.191435613530597], [120.54137267673444, 24.1916266064849], [120.54145771846672, 24.191880420982308], [120.54150265371273, 24.192029437950723], [120.54159164417518, 24.19230939282199], [120.54163658365623, 24.192458409758995], [120.54168681129694, 24.192609566240545], [120.54173412880758, 24.192758950559647], [120.54190527983481, 24.19329928497202], [120.54196141066357, 24.193476491962056], [120.54200522454052, 24.19362339798977], [120.54206113362751, 24.193778152371877], [120.54213537634888, 24.194020262918002], [120.54225375646064, 24.194386712870717], [120.54228626199625, 24.194518950387582], [120.54232630661839, 24.19465645466968], [120.54235881229896, 24.19478869036272], [120.54253246952796, 24.195386757614795], [120.5426024655933, 24.195613400855546], [120.54263348652803, 24.195758568996602], [120.54266946975, 24.195858729043998], [120.54270049279039, 24.196003895368857], [120.54273647613043, 24.19610405539903], [120.54276911298929, 24.19624554265411], [120.54282775910387, 24.196426671874356], [120.54286039415804, 24.196568162712378], [120.54290616476005, 24.196737228248164], [120.54293880194915, 24.19687871726621], [120.54298457275858, 24.197047782774778], [120.54302829679033, 24.19720066369283], [120.54308195886858, 24.197370184424166], [120.54312568508237, 24.197523067122912], [120.54317934938611, 24.19769258782264], [120.54331534400873, 24.19817294365528], [120.54336470010804, 24.19833337165498], [120.5433648382929, 24.198333819915018], [120.54336517498572, 24.19833491525717], [120.54341372083131, 24.198509505745058], [120.54355665918584, 24.198980408751016], [120.5438339135911, 24.199907873684374], [120.54399123470635, 24.20044415783362], [120.5440248258116, 24.20057874574264], [120.5440610014133, 24.200698553433952], [120.54409459265396, 24.20083314132519], [120.54424979688443, 24.20133360381109], [120.5443096600988, 24.20150254307051], [120.54437146785082, 24.201685553727856], [120.544414693407, 24.20182778914269], [120.54444194348255, 24.201907610643566], [120.54451060471372, 24.20207685963686], [120.54456368187603, 24.202248080935178], [120.54460321947292, 24.20236115917576], [120.54465027748195, 24.202524268721742], [120.5446898152365, 24.202637346938182], [120.54477943288387, 24.20294531002306], [120.5448096591374, 24.203041530053312], [120.54485221872774, 24.203186383599217], [120.54493316391887, 24.203446242268893], [120.54500848432099, 24.203711689388562], [120.54505920348463, 24.20387532438597], [120.54522356131184, 24.20442043514503], [120.54543201614231, 24.205152291669332], [120.54545663102799, 24.20523605445614], [120.54555447129857, 24.205568990891038], [120.54558691557847, 24.205679394928698], [120.54562812626382, 24.20580757820898], [120.54565870119144, 24.205916880516043], [120.54582047458305, 24.20646210021884], [120.54597660483844, 24.206998893164968], [120.54607666761332, 24.20732794969984], [120.54631867579961, 24.2081382651425], [120.54648348816677, 24.208697555086903], [120.54660552136606, 24.20909987950673], [120.54665770053792, 24.20928551685377], [120.54683353259007, 24.209879697068732], [120.54692962040933, 24.210194850716377], [120.54699259025823, 24.210427267501903], [120.54722385686962, 24.211207623189136], [120.54726138725538, 24.211328481432624], [120.54729431693535, 24.21145695200466], [120.54733184942569, 24.21157781023476], [120.54747031683931, 24.21205708569985], [120.54776783386134, 24.21304927125766], [120.5478508372266, 24.213339091172532], [120.5480135466852, 24.21389091131793], [120.54805819224518, 24.214031945295886], [120.5483794486995, 24.21510957405007], [120.54851977094452, 24.21557086428015], [120.54854867906285, 24.215680101391396], [120.54859655444608, 24.21583582072416], [120.54862546072331, 24.21594505600724], [120.54864324954082, 24.216007459423516], [120.5486916330317, 24.216177188932445], [120.54869708094223, 24.21619630169765], [120.54874342596587, 24.216348890556688], [120.54881016177006, 24.216586630379936], [120.5488446726249, 24.216697998647383], [120.54887804067654, 24.216816868538242], [120.54895178967988, 24.217054892714724], [120.54910478220378, 24.217561127165165], [120.54927009672163, 24.218123755959365], [120.54941175608268, 24.21856330164903], [120.5494579777724, 24.218703283422588], [120.54950281022302, 24.21883295341269], [120.54967123107079, 24.219279156627202], [120.54984050693903, 24.219690825738645], [120.55001188978562, 24.22009773891413], [120.55019296337905, 24.22051200674965], [120.55047949172443, 24.221158419474108], [120.55071625112954, 24.221711227886363], [120.55094141744968, 24.22223172439171], [120.55098508986684, 24.22233919508854], [120.55104275634268, 24.222472667587294], [120.55108642892404, 24.22258013825412], [120.55113573132287, 24.222676931401384], [120.55114737716531, 24.222711081394976], [120.55126133233759, 24.222984817504596], [120.55132711151306, 24.22312916861844], [120.55138033815875, 24.223255370287333], [120.55141557076024, 24.223333274483114], [120.5514157642163, 24.223333699422124], [120.55149996234881, 24.223519862637257], [120.55160945076292, 24.223768915931196], [120.55193029694257, 24.224512968551313], [120.5523383238801, 24.22544906271008], [120.552419686657, 24.2256409920909], [120.5524920044917, 24.225805529362717], [120.55276317811764, 24.226457129379895], [120.55305349983507, 24.227119764519806], [120.5532791840359, 24.227630381078733], [120.55333411882128, 24.227763055512412], [120.55339378975914, 24.227900218653033], [120.55344872674415, 24.228032893049857], [120.55365151305944, 24.228510465698733], [120.55365755107421, 24.228524191418543], [120.55368863696911, 24.228594852387307], [120.55404320242226, 24.229400799960597], [120.55430956486569, 24.230018404604778], [120.55448586665503, 24.230415187217215], [120.55471812230853, 24.230955087788573], [120.55483459734923, 24.231220252612786], [120.55488861797335, 24.231349974875137], [120.55493929370468, 24.231465312974866], [120.55512420190419, 24.231908340058382], [120.55517032327005, 24.232027039854106], [120.55537585471389, 24.23249349063648], [120.55556626202115, 24.23294278859547], [120.555641242541, 24.23310560752096], [120.5556950369267, 24.233230613816254], [120.5558232335588, 24.23351556417027], [120.55667440261982, 24.235571921185812], [120.5578097411345, 24.23813050401306], [120.55805553005445, 24.238683017955378], [120.55805841249546, 24.238689500201982], [120.55856872804598, 24.23983662436433], [120.55864016352623, 24.24000457626431], [120.5587724773391, 24.240325556729445], [120.55883564960729, 24.240486120429907], [120.55889871533374, 24.24063535947742], [120.5589326497071, 24.24073090099334], [120.55897268089932, 24.24082487826814], [120.55901982326859, 24.240947548995038], [120.5590598565659, 24.241041524446043], [120.55912919795745, 24.241194593668272], [120.55920541599335, 24.241374168780478], [120.55947142658188, 24.241974338596787], [120.55952870541685, 24.242107615204123], [120.5596120249301, 24.242278434359257], [120.55967530293974, 24.242413998189036], [120.55969086684654, 24.242447340786963], [120.55974904067037, 24.24258077790715], [120.55990353998229, 24.24293515971911], [120.56005033989939, 24.243276568651712], [120.56026438689433, 24.243766558017132], [120.56041081145636, 24.244096242102614], [120.56045316220548, 24.244198132465378], [120.56049252248643, 24.244292829714087], [120.56051408320843, 24.244344701933453], [120.56056700996947, 24.2444715837876], [120.56062916012014, 24.244606986842356], [120.56079783798698, 24.245008852113852], [120.5610202043233, 24.24551591315089], [120.5613420770602, 24.24626069384552], [120.56150042018525, 24.24661809083878], [120.56155523848982, 24.246746431471202], [120.56169584432162, 24.247087483209675], [120.56213397999528, 24.24808410648068], [120.5622042840636, 24.248249234488902], [120.56224138407075, 24.24833322346067], [120.5622415462727, 24.24833359412079], [120.56236704522716, 24.248617703913176], [120.56249646479647, 24.248922915062877], [120.56315926785469, 24.250442995373948], [120.56343333118869, 24.251079853720448], [120.56347037640609, 24.251165937878365], [120.56395325547685, 24.25228801979703], [120.56410684843338, 24.252632196185246], [120.56430107433766, 24.25308408321532], [120.56447687747014, 24.25347942394429], [120.56451316122063, 24.25356568533636], [120.56456629348054, 24.253684207178246], [120.56460257931708, 24.253770468553963], [120.56489209475741, 24.25443072125649], [120.56500070263257, 24.254703089588155], [120.56503944714457, 24.25479108424994], [120.56509087928323, 24.254920995768327], [120.56516736073667, 24.255094499150093], [120.56521771776939, 24.25520353768107], [120.56527362995365, 24.25532974917187], [120.56528423029187, 24.255354726876522], [120.56531565944321, 24.25542491503255], [120.56532613214752, 24.255445146672905], [120.5654717804865, 24.255796439138464], [120.56553362611135, 24.25594166832196], [120.56563219784408, 24.256167493190368], [120.56570097586398, 24.256320010525396], [120.56605739974633, 24.25714225885384], [120.5661182334636, 24.25728714179634], [120.56660012149455, 24.258388177016545], [120.56665869085299, 24.25853318149421], [120.56676458546548, 24.258780627678927], [120.56682680731379, 24.258921465630085], [120.56688814793253, 24.259055596035843], [120.56699038504946, 24.259291017521416], [120.56699846310295, 24.259307782274767], [120.56701120795493, 24.25933484084564], [120.56701953747657, 24.25935877903052], [120.56703051904904, 24.25938479603962], [120.56716646185603, 24.259708157453826], [120.56732082201944, 24.260062963505696], [120.56740488343927, 24.260246814760713], [120.56752176299926, 24.26051958756111], [120.56756720544251, 24.260632788170195], [120.56761844958056, 24.260746333917396], [120.56765114581839, 24.260846817798225], [120.56772120210698, 24.261023508711737], [120.56798698364855, 24.26153429054638], [120.56937242531944, 24.26482552777884], [120.57106112913013, 24.268680372685736], [120.5721762956864, 24.271135441034264], [120.57277356123514, 24.272319564854648], [120.57323885954389, 24.272839277913775], [120.57357468260066, 24.273149778340763], [120.57392637856643, 24.273373460687402], [120.57441636169231, 24.273683417697086], [120.57544602369643, 24.273993374706766], [120.57614339314242, 24.274081431503333], [120.57660266896552, 24.274111609989383], [120.57799740785774, 24.27415749741226], [120.58029482548682, 24.274205864989067], [120.58153877175143, 24.27436750950868], [120.58208138034277, 24.274614731396543], [120.5825287514838, 24.274876422797995], [120.58311273214966, 24.27528035068137], [120.58367891769902, 24.275943825394513], [120.58481128879512, 24.27756276183595], [120.58563675306664, 24.278654897502726], [120.58660457828077, 24.2797470331695], [120.58846905, 24.28194753], [120.5898236, 24.2835546], [120.59117815, 24.28516167], [120.59253270150987, 24.28676874795911], [120.59498693898561, 24.28965481567764], [120.59622156410367, 24.29111335512591], [120.59699708132578, 24.29205315266915], [120.59727893296167, 24.292445331741632], [120.59867709697264, 24.294229392438183], [120.60043015701802, 24.29795425370797], [120.60062908117213, 24.29833636552536], [120.6010542325535, 24.299362617242735], [120.60144262508662, 24.300525688008342], [120.60182932183066, 24.30168022835314], [120.60207741532068, 24.302433785815808], [120.60224580735549, 24.30296011417657], [120.60234872377976, 24.30326751357773], [120.60246594559311, 24.303632651105456], [120.60257294927146, 24.303974507014658], [120.60272853995731, 24.30424046864861], [120.60287347557181, 24.305422688664557], [120.6032269373092, 24.306307867388572], [120.60335690977125, 24.3067656340803], [120.60367969818532, 24.307663635905588], [120.60444834101189, 24.310174287241484], [120.60472390648259, 24.310927376190175], [120.60474012424994, 24.310971696045446], [120.60479210003534, 24.311102697715736], [120.60516898869652, 24.312052621271587], [120.60555068038742, 24.31321779297477], [120.60556067547435, 24.313250425601105], [120.60568981467888, 24.31368111873698], [120.60573133248073, 24.313824357082197], [120.60577445405447, 24.313963243957264], [120.60581597204992, 24.31410647866483], [120.6060423125518, 24.314836906984308], [120.60629883700929, 24.315682790167], [120.60651637538804, 24.31640844376953], [120.6066672730826, 24.316898264081114], [120.60676923020148, 24.317236644858284], [120.60714947454551, 24.318461242098206], [120.60729853759057, 24.31896348093903], [120.60742378418696, 24.319374392299213], [120.60755285868765, 24.319788457355394], [120.60772505995166, 24.320355437900716], [120.60788454324897, 24.32085543310609], [120.60805154211802, 24.32140214220093], [120.60805552174934, 24.3214153186469], [120.60805843038028, 24.321424952937218], [120.60837067741944, 24.32245895194057], [120.60861037543853, 24.323237838633148], [120.60864014816211, 24.32333296967716], [120.60864026524372, 24.323333347393525], [120.60884739721428, 24.32399519273448], [120.60887938704285, 24.324100690278996], [120.60897187241514, 24.324405690740182], [120.60903621886922, 24.32460583197751], [120.60908467229966, 24.32477044807409], [120.60938605040165, 24.3257281717741], [120.60943674764417, 24.32586762051696], [120.60950268134378, 24.326038379661284], [120.60955337686208, 24.32617782835761], [120.60962127861931, 24.326343772800712], [120.60978757220576, 24.32671034652783], [120.60986796264957, 24.32687774052114], [120.61003530796361, 24.32720698153883], [120.6100663850074, 24.327260020378954], [120.61015511690799, 24.327418866171026], [120.61016115764642, 24.327430015409632], [120.61023538008435, 24.327551170033136], [120.6103218213094, 24.327701341051217], [120.61052045332654, 24.32802071182696], [120.61061885105204, 24.32816017058846], [120.61081473871282, 24.328428732881306], [120.61088555114783, 24.328538202070607], [120.61097186551491, 24.328646470368838], [120.61106212056491, 24.32876798349877], [120.61127548504551, 24.329033288957465], [120.61148596967784, 24.329271264837256], [120.6118210091009, 24.329639790447143], [120.6120889134947, 24.329903419405348], [120.61243940523887, 24.330230523554942], [120.61251640524323, 24.33029435509894], [120.6125874225438, 24.330360594729846], [120.61309068137658, 24.330756590662848], [120.61324021183646, 24.33087293729492], [120.61338225225325, 24.330977353577996], [120.6134682108733, 24.331037491106144], [120.61349105235736, 24.331053471104678], [120.61357029482767, 24.3311073469804], [120.61375872386573, 24.331235455869326], [120.61385983835484, 24.33129657979755], [120.61395024283945, 24.33136053681927], [120.61414090878255, 24.331476521301465], [120.61441166357827, 24.331647730270284], [120.61482244272042, 24.331889758714247], [120.61579970786082, 24.332472274677254], [120.6159928754392, 24.332589158863847], [120.61605634517296, 24.332632637219355], [120.61621351083313, 24.33272700188133], [120.61637277500874, 24.33281962185656], [120.61658217226483, 24.33294608461171], [120.61691772544883, 24.333145294816344], [120.61708421852985, 24.333248145958848], [120.61722534691549, 24.333332692459155], [120.61731878010768, 24.333391950992407], [120.61743422192467, 24.333461023548647], [120.6175341568893, 24.333516424878017], [120.61764960091351, 24.33358549547129], [120.61774953607075, 24.33364089666031], [120.61803903190115, 24.333819145726338], [120.61815808857673, 24.33388574384536], [120.61831630536227, 24.33397763864142], [120.61843667989756, 24.334045207772117], [120.61880279121333, 24.334264159549797], [120.61909294136963, 24.33443349117319], [120.61920779452251, 24.33450563259466], [120.61922711158859, 24.3345245427506], [120.61944761968691, 24.33466243675914], [120.61969322149595, 24.33482008930841], [120.6198333053849, 24.334907763862617], [120.61994237864148, 24.33498062702244], [120.62030414805274, 24.335237748179587], [120.62038430954989, 24.335297237084315], [120.6206948316366, 24.3355438800103], [120.62081598849697, 24.335645519437676], [120.62101415638122, 24.335805931595544], [120.621020791278, 24.335814903177273], [120.62102742617571, 24.335823874758695], [120.62108695462379, 24.33586963817157], [120.62134964208806, 24.336118925008737], [120.62158499116056, 24.3363473746008], [120.62180720275084, 24.336577264627795], [120.62203781748906, 24.336832924303152], [120.62226317876299, 24.337093886854785], [120.62250036899013, 24.337389889539537], [120.62256409506664, 24.33747213475767], [120.62282834464416, 24.337840270486954], [120.6230554124295, 24.338168415832275], [120.62321079668973, 24.338407997496525], [120.62330015170414, 24.33854154769642], [120.6233733243604, 24.338649848575553], [120.62377763641736, 24.339241109343135], [120.62499417866361, 24.341033129098946], [120.6253340779285, 24.34148187632919], [120.62558278227206, 24.341798586344137], [120.62667259180583, 24.343299573361357], [120.62678324364988, 24.343411926750193], [120.62728414281143, 24.344114816029744], [120.62773357515545, 24.344849731588276], [120.62801671414304, 24.345312140691203], [120.62808734657591, 24.345470553265237], [120.62827783473818, 24.34580020099021], [120.6284240138581, 24.34605789946702], [120.62873990103064, 24.346560886273707], [120.62879930726496, 24.34662892463053], [120.6291176009336, 24.347151903216012], [120.62992769098473, 24.34832236965362], [120.62993498219666, 24.34833315366989], [120.62993524519086, 24.348333542560262], [120.63091312547466, 24.349779551285547], [120.63123604107824, 24.350281090839644], [120.6317971073622, 24.351092105872958], [120.6322016597809, 24.3515855745214], [120.63220956410105, 24.351594071052816], [120.63247833910064, 24.3518829899635], [120.63305552691425, 24.352503429166088], [120.63305847252863, 24.352506596455882], [120.63531211882767, 24.35492904414532], [120.63609369746669, 24.35579870046757], [120.63702569058067, 24.35703998859573], [120.6377227024952, 24.35801765969032], [120.63783552829007, 24.358193774149886], [120.6392129597912, 24.360084904912945], [120.64048747808357, 24.361876701725272], [120.64053623943461, 24.3619452528789], [120.64073468909763, 24.362224239953395], [120.64132129943097, 24.363012989189286], [120.64136309684389, 24.363064471372887], [120.64145681086242, 24.36317990073669], [120.64181871762972, 24.36362566522754], [120.64330396618034, 24.365326909744965], [120.64336578608557, 24.365394931809348], [120.64344357301563, 24.36548052306715], [120.64405735163871, 24.3661558731084], [120.64511353591458, 24.367358136450125], [120.64527165768475, 24.367548762591056], [120.6453117643915, 24.367594013309795], [120.64684043811556, 24.369318692767255], [120.64807327955263, 24.370728786102994], [120.64928052442731, 24.372095939460166], [120.65037846894036, 24.373333754889153], [120.6504236559363, 24.37338469703437], [120.6511293410328, 24.374193360615525], [120.65147396551801, 24.374585216736588], [120.65161575489606, 24.37474643810974], [120.65176792155621, 24.374917390296073], [120.65222670382975, 24.375437887019245], [120.65267431429248, 24.37590896077138], [120.65386317029831, 24.377250810155385], [120.65481372715739, 24.378334175556716], [120.6551560324779, 24.378779256730876], [120.65554816664527, 24.379275935674684], [120.655855176578, 24.379686611209504], [120.6559153357705, 24.379766836129193], [120.65603948753937, 24.379931866893074], [120.65646784097362, 24.38043172260239], [120.65691986248598, 24.38090902201849], [120.65693188584922, 24.380923402671346], [120.65702835782027, 24.381038786190278], [120.65743668091575, 24.381527153148767], [120.65805550972424, 24.38222724161208], [120.65805845816105, 24.382230578167583], [120.65888676149504, 24.383167631964955], [120.65917931858633, 24.38349859523798], [120.66063243585462, 24.385142440999548], [120.66112804342674, 24.38573962065548], [120.66152480081853, 24.386309815884335], [120.66180607813736, 24.38680677080409], [120.66205001133329, 24.38731654616303], [120.66221488991562, 24.387768252642203], [120.66237383097211, 24.38833124815937], [120.66248278601591, 24.388889252849896], [120.66255076786231, 24.38956226802875], [120.66255152469138, 24.390238791953767], [120.66252573951523, 24.390552402390597], [120.66246870470361, 24.3910001197113], [120.66241982943708, 24.39125306870364], [120.66221569497972, 24.39203085657278], [120.66145212521072, 24.394573995956087], [120.66128803836607, 24.395067129313713], [120.66029214300615, 24.3983330280134], [120.66029200776876, 24.398333458393417], [120.66021824800252, 24.398572456726285], [120.66020699635094, 24.398609021509202], [120.66019603908707, 24.39864462987746], [120.66017182706204, 24.398723312953948], [120.66014211000775, 24.39881988366601], [120.66013055695666, 24.398857426508997], [120.66011921474417, 24.39889428632867], [120.66005207934194, 24.399112457782227], [120.65979188311216, 24.39995615359532], [120.65895211145674, 24.402735134447436], [120.65855278427145, 24.404038134208847], [120.65829551028166, 24.404877601429348], [120.65818892313843, 24.405224027207723], [120.65817924683934, 24.405255477721305], [120.6581701484533, 24.405285047896843], [120.65811246555347, 24.40547252205508], [120.65805980526491, 24.405645652334332], [120.65805852996446, 24.40564983619764], [120.65805555553801, 24.405659613295512], [120.65772954506497, 24.4067314214652], [120.6577273244322, 24.406738069908016], [120.65771866754602, 24.406763986111844], [120.65771860985488, 24.40676417288152], [120.65771810288742, 24.406765697634746], [120.65770634576388, 24.40680378242189], [120.6576911072448, 24.406853145574324], [120.65767977785326, 24.406889831832444], [120.65759675159335, 24.407158762156936], [120.65742783728771, 24.40771537839431], [120.65719336433133, 24.40849021203121], [120.65676543422755, 24.409891723985773], [120.65654684851759, 24.410604319441266], [120.65651388806161, 24.410716429794654], [120.65650394624066, 24.41075022078426], [120.6564932379721, 24.410786673584337], [120.65645829706015, 24.41090549699262], [120.65630809603645, 24.41141159177529], [120.6562113320854, 24.411719197190045], [120.65609298849978, 24.412104971580387], [120.65596356698465, 24.412521319896907], [120.65583664037703, 24.41293726744017], [120.65571035071181, 24.413354372004942], [120.65557090207076, 24.41380937724005], [120.65545137555326, 24.414208095853184], [120.65531137562688, 24.414672959171522], [120.65517541053333, 24.41511497917053], [120.655063284089, 24.415478419970395], [120.65494462433098, 24.41587630937702], [120.65485443743479, 24.416166900026784], [120.65474527747895, 24.416522979643812], [120.65465812547072, 24.41681041692431], [120.65460736488832, 24.416976199506543], [120.65446114441937, 24.417459900120093], [120.65436948415274, 24.417747543591567], [120.65427294944486, 24.418068781700626], [120.65419563510315, 24.418313263192896], [120.65418333122899, 24.418352168017304], [120.65416969451162, 24.41839528632587], [120.65416587509793, 24.41840734030796], [120.65406769961852, 24.418733233450453], [120.65390540381826, 24.419263161092523], [120.65378431393195, 24.41966357188323], [120.65366411868307, 24.420061077267583], [120.65353825817017, 24.420470984395564], [120.6534081125215, 24.42091146269829], [120.65331582886462, 24.421216114508873], [120.6532784933689, 24.421339364707308], [120.65324073995977, 24.4214639592528], [120.65321383284176, 24.421552778776075], [120.6530894229142, 24.421946797763347], [120.65293493297612, 24.42245356459951], [120.65279028811315, 24.42292612500525], [120.65266894599688, 24.423333206475903], [120.65266881661033, 24.423333641375155], [120.65265614690256, 24.423376145953505], [120.65261332727816, 24.423513793585123], [120.6525288916824, 24.423785172994332], [120.65246525304761, 24.42398819665896], [120.65243077472505, 24.424097386021515], [120.65243077472505, 24.424097386021515], [120.65234379105804, 24.42427271834413], [120.65202231289453, 24.42518223456166], [120.6517954623724, 24.425832366967757], [120.65158983990113, 24.42647580319857], [120.65141348783202, 24.427085655566884], [120.65107735211471, 24.428192002994127], [120.65091950782858, 24.42871855998932], [120.65073039604125, 24.42933632737114], [120.65063917959469, 24.42963912862666], [120.65039767846805, 24.430457560464934], [120.65025409015284, 24.43095494985307], [120.64997248105199, 24.431853609691597], [120.64974437955036, 24.432627043779178], [120.64946404050893, 24.433545180798582], [120.64926938988192, 24.43423836989077], [120.64912848256579, 24.434722392224067], [120.64904533098375, 24.43499113567991], [120.64894576397433, 24.43542535066956], [120.64890262896239, 24.435641864103797], [120.64888081360306, 24.435841389373437], [120.64882495048465, 24.436334113921585], [120.64884821612604, 24.436686441383287], [120.64884821612604, 24.436686441383287], [120.64884371568613, 24.436783762999262], [120.64884315214486, 24.43705134359585], [120.64884968752064, 24.437251963927846], [120.64885970501834, 24.437427401573686], [120.64887669021935, 24.437622448203282], [120.6489005915575, 24.437855739440018], [120.64893221850474, 24.438077157473025], [120.6489748369568, 24.43832893825996], [120.6490093334531, 24.438511403020946], [120.64904488008834, 24.43867081930755], [120.64908973799963, 24.438844107586384], [120.64914293352953, 24.439033865926778], [120.64919690248372, 24.439204358268938], [120.64926499515133, 24.43939605621452], [120.64931956703744, 24.439548356581], [120.64940795208204, 24.439771825600424], [120.64947570351248, 24.43992058189264], [120.64953057470208, 24.44004719642537], [120.650311945246, 24.441713318203146], [120.65083085470326, 24.44279908352532], [120.65200079260255, 24.445332832308697], [120.65285219962063, 24.44698791557355], [120.6531640042724, 24.447480746955865], [120.65343072205873, 24.447918361729972], [120.65356362117706, 24.448130078813556], [120.65369944723642, 24.448332015112587], [120.65370025282878, 24.44833318169029], [120.65370053774872, 24.448333588644925], [120.65381361980211, 24.448495781546857], [120.6538903301109, 24.44859532058819], [120.65411822729297, 24.448899521280403], [120.6545078857921, 24.449387098803207], [120.6550791826396, 24.450091061888198], [120.65510338439695, 24.45012108412849], [120.65513617770382, 24.450161762045628], [120.65521230222382, 24.45025621578555], [120.65527148957597, 24.450329629571137], [120.6553240710778, 24.4503948661184], [120.65537192435785, 24.45045422306319], [120.65541374195678, 24.450506090280076], [120.65613344404088, 24.451398911653698], [120.6563288365048, 24.451643209347328], [120.65762658340964, 24.453251046482475], [120.65805549563217, 24.453833850602752], [120.65805852251616, 24.453837965612898], [120.65822691815826, 24.4540667693374], [120.65856205872183, 24.45456294409408], [120.65857521881539, 24.45458417374682], [120.65857544470497, 24.45458453541422], [120.65867359547093, 24.45474290781133], [120.65869111609899, 24.45477118083641], [120.65869137143414, 24.454771596743715], [120.65885333943251, 24.45503295261418], [120.65916992867044, 24.455574093372643], [120.65944103261336, 24.456091809273353], [120.65963993097131, 24.45647907465714], [120.65980239109014, 24.456823162693773], [120.65981200989526, 24.45684461902011], [120.65981930490462, 24.45686088751063], [120.65982607049624, 24.45687595396176], [120.66002029100717, 24.45730909332733], [120.660295514311, 24.458029480272295], [120.6605511887771, 24.458757786298335], [120.66070228212114, 24.45924138988694], [120.66082372750206, 24.459705722257674], [120.66093813977758, 24.460210912692936], [120.66115103961248, 24.46129012115652], [120.66115848647978, 24.46133458725531], [120.66115853502744, 24.461334876289783], [120.66116235066254, 24.46135767385355], [120.66116239918607, 24.46135797191689], [120.66116621477418, 24.461380787538246], [120.66116626334605, 24.461381067543844], [120.66149904543008, 24.4633689261499], [120.66159655266299, 24.464015624476755], [120.66169056182315, 24.46456525394066], [120.66169248489177, 24.46457651731211], [120.66169441782513, 24.464587780705617], [120.66170190630494, 24.464631578714446], [120.66170199368541, 24.46463210258756], [120.66170420817717, 24.464645055019645], [120.66170430532559, 24.464645615030307], [120.66170814186883, 24.464668042433004], [120.6617082292735, 24.46466855727724], [120.66183808962619, 24.465427728816753], [120.66201862478167, 24.466545750606993], [120.66202043944558, 24.46655699567161], [120.66202225410984, 24.466568240736162], [120.66216935118828, 24.467479190409588], [120.66232526126664, 24.468400578912004], [120.6623253195156, 24.468400931170002], [120.66232715506837, 24.46841176094502], [120.66232721331733, 24.468412113203012], [120.66232950526243, 24.46842566170231], [120.66232955374304, 24.468425977822797], [120.66243650892397, 24.469058051450208], [120.66268401750372, 24.470542398335915], [120.66268407585082, 24.470542714478235], [120.66268633820307, 24.470556289989663], [120.66268638668531, 24.470556606109973], [120.66269018321888, 24.47057936745392], [120.66269026095894, 24.47057981004434], [120.66271159320014, 24.470707788375762], [120.66286070478395, 24.471347386426363], [120.66286239217757, 24.47135461332347], [120.66286790292786, 24.47137825429011], [120.66286804924246, 24.471378877611713], [120.66287551066492, 24.471410901763566], [120.66287568633392, 24.471411615439795], [120.66288832690947, 24.471465853248443], [120.66298442362469, 24.471768978674714], [120.66311878268121, 24.472125712741846], [120.66322495035999, 24.472370371138023], [120.66328156839394, 24.47248810794936], [120.66328171555242, 24.472488415260365], [120.66328464902499, 24.47249449825635], [120.66328476668453, 24.472494769385953], [120.66328753338897, 24.472500499882603], [120.66328770010934, 24.4725008704396], [120.66335209823245, 24.47263478631587], [120.66349553872345, 24.472904808503724], [120.66365691803419, 24.473166112432917], [120.66376536519101, 24.47333325325001], [120.66376562062754, 24.473333651090588], [120.66380879129393, 24.473400181891133], [120.6639458482108, 24.473596883686486], [120.66420933131401, 24.473948378146925], [120.66467883460338, 24.47454797449379], [120.66503106733613, 24.47499347483652], [120.66570403515718, 24.475852775082096], [120.6657473162053, 24.475908100686876], [120.66584719114145, 24.47603577371305], [120.66584754512355, 24.476036216912565], [120.66589776780718, 24.476100415187734], [120.66589844624771, 24.476101274434512], [120.66594924905704, 24.476166223374893], [120.66594982913134, 24.47616697405702], [120.66596073304216, 24.476180902687396], [120.66596141145972, 24.47618177096274], [120.66597224653047, 24.476195618179887], [120.66597298392551, 24.476196567845765], [120.66603140680631, 24.476271239683776], [120.66622644839093, 24.476520561635915], [120.66638248043904, 24.47672218775705], [120.66783508110316, 24.478575105027247], [120.6678356514052, 24.478575828593865], [120.66784658525484, 24.478589784239805], [120.6678471456915, 24.478590507784688], [120.66785808943285, 24.47860445442261], [120.66785865973516, 24.478605177989138], [120.66785958398633, 24.478606362808176], [120.66966745094571, 24.480913032367035], [120.66966868991832, 24.480914606106143], [120.66968129579513, 24.48093068706778], [120.66968260356849, 24.4809323602752], [120.66969279053134, 24.48094535708932], [120.669694098305, 24.480947030296623], [120.66986640184841, 24.481166863561707], [120.67081064400794, 24.482372053084404], [120.67120410306178, 24.482861951677247], [120.6714881158712, 24.483194842365457], [120.67182164851643, 24.48355006927172], [120.67239618955878, 24.484129735174434], [120.67250614169359, 24.48423805862079], [120.6725251346278, 24.48425676254435], [120.67253975819479, 24.48427116826358], [120.67255475571238, 24.484285944977113], [120.67257523460802, 24.484306123827096], [120.6725843768106, 24.484315127404116], [120.67333914879823, 24.48505865762616], [120.6738010816977, 24.485558150755775], [120.6741598388076, 24.48600381533473], [120.67447215609552, 24.48641588174579], [120.67457742119733, 24.486579594942224], [120.67458656017111, 24.486593808069024], [120.67465637023037, 24.486702368504883], [120.67467366552692, 24.486729266746913], [120.67469096080758, 24.48675617401579], [120.67469563839315, 24.48676345235775], [120.67469795755835, 24.486767050856336], [120.67472831666886, 24.48681659463158], [120.67474049966816, 24.486836457369197], [120.67474893929739, 24.486850235592666], [120.6747568680251, 24.486863182056357], [120.6748676939056, 24.487043998736475], [120.674868037782, 24.487044559268725], [120.67494022213963, 24.48716233416405], [120.67514784418229, 24.487520623386427], [120.67514841394014, 24.487521590704517], [120.67520855978822, 24.48762485721551], [120.67596818591325, 24.488929016389154], [120.67625522273552, 24.489366538698018], [120.67634000037783, 24.489483856856157], [120.67668699259868, 24.489964027512166], [120.67705514795914, 24.490399798749436], [120.6780381752802, 24.49157743156574], [120.67910771930298, 24.492726483853914], [120.67957014623944, 24.493173233332513], [120.68102351328471, 24.494797613280898], [120.68168570239222, 24.495485637501552], [120.68259463021974, 24.496479744433024], [120.68321755042273, 24.497167679376783], [120.68399716300353, 24.498039279612136], [120.68431838472789, 24.498410227454183], [120.68461399837565, 24.49877715202181], [120.68472945327089, 24.498940313237195], [120.68489933245, 24.499226703261595], [120.68514397982443, 24.49969382692629], [120.68546803790306, 24.50027303780455], [120.68619957566132, 24.501632496614988], [120.68700204292523, 24.503132841200355], [120.68706591147102, 24.503249870664014], [120.68709539989474, 24.503303897471326], [120.68714211771976, 24.503389515954893], [120.68718032899054, 24.503459523901824], [120.68740115940689, 24.503864159644024], [120.68740140495494, 24.50386462062593], [120.6874143909877, 24.5038884115564], [120.68741463653586, 24.503888872538283], [120.68742762257355, 24.503912663467585], [120.6874278779893, 24.50391312446987], [120.68785959247765, 24.504704181093803], [120.68845183357337, 24.50584983436696], [120.68858370485108, 24.506162370606745], [120.68867929198993, 24.506383233818955], [120.68877844284054, 24.50665974032859], [120.68887962903455, 24.50699148970275], [120.68898742321637, 24.507340886032146], [120.68959015398823, 24.50958830613169], [120.68959024197895, 24.509588640381427], [120.68959722382544, 24.509614648901703], [120.68959731183836, 24.509614974122588], [120.68960428381979, 24.5096409826222], [120.68960437181055, 24.509641316871924], [120.6903680050584, 24.512488545900833], [120.69039802601073, 24.512600538546266], [120.69103694021776, 24.51498263750383], [120.69130353501282, 24.51603263683431], [120.69137746398502, 24.516547966845312], [120.69143733391402, 24.517114561101526], [120.69145675704482, 24.517796642236416], [120.69141904672618, 24.519276127108025], [120.69143326962528, 24.520030708311285], [120.6914825344929, 24.520572153260975], [120.69151390998876, 24.520801451485887], [120.69154411792927, 24.52099162520257], [120.69154573136807, 24.521001776954584], [120.69154577018183, 24.521002047900122], [120.69154766547268, 24.521013978916326], [120.69154857920581, 24.521019687032194], [120.69154861801957, 24.52101995797773], [120.69154968711813, 24.521026704731646], [120.69155139776862, 24.521037461616775], [120.69155144642914, 24.521037741611316], [120.69155195182411, 24.521040929836758], [120.69155409011019, 24.521054387229153], [120.6915692135347, 24.5211496095549], [120.69188951227135, 24.523154294360765], [120.69188985253129, 24.523156407811427], [120.69189243809738, 24.523172637972625], [120.69189520850959, 24.5231899610046], [120.69189532517524, 24.523190683552517], [120.69191812005052, 24.523333341115677], [120.69191818809828, 24.523333765611554], [120.69244302801498, 24.5266184194063], [120.69261485414899, 24.527684004320015], [120.69262273918278, 24.527732902666735], [120.69285008575294, 24.52914261809713], [120.69293502435386, 24.52968569661859], [120.69293517978437, 24.529686717196594], [120.69293766781428, 24.52970257694602], [120.69293782326676, 24.529703588495195], [120.69294072914185, 24.529722139696485], [120.69294088457242, 24.529723160274475], [120.69313704317632, 24.530977289314354], [120.69326051754385, 24.53170227817547], [120.69341113887745, 24.532401336993864], [120.6935650067374, 24.53297122630123], [120.6935829172987, 24.53303757063613], [120.69359172098567, 24.53307017367647], [120.69359232749754, 24.533072405037004], [120.69361033590802, 24.53313911072115], [120.69362768077484, 24.533202691069363], [120.69384770716813, 24.534000909799985], [120.69398883896658, 24.534512906777916], [120.6945694992579, 24.536763154111558], [120.69457520009699, 24.536785232181177], [120.69458090091615, 24.53680731927936], [120.69550457473488, 24.540386717102354], [120.69624858335845, 24.543511558948936], [120.69627447319722, 24.543606206351754], [120.69674718571446, 24.54540985761221], [120.69703004718407, 24.546513624903557], [120.69703025254134, 24.54651442888349], [120.69703349923022, 24.54652710287835], [120.69703370458751, 24.54652790685828], [120.69703695127704, 24.546540580853033], [120.69703715663442, 24.546541384832977], [120.69723523592984, 24.54731432686453], [120.69736489878787, 24.547693536837254], [120.69754884561132, 24.548153979757487], [120.69763439191806, 24.548333382930945], [120.69763458834169, 24.548333798651683], [120.69776139577095, 24.548599708588746], [120.69812329730088, 24.54922249389149], [120.69815630848672, 24.549279279180084], [120.69816370106156, 24.549292015620676], [120.6981776900321, 24.549316078407287], [120.69819166918008, 24.549340123115222], [120.69825872380049, 24.549455519546456], [120.6988026107741, 24.55030725954607], [120.69900321150071, 24.550634459133274], [120.6993016919311, 24.551100085276985], [120.69930949009093, 24.551112551603744], [120.69934176450755, 24.55116412551514], [120.70156786691528, 24.55472160518299], [120.70159275757847, 24.55476138134903], [120.70159295428135, 24.554761688718944], [120.70271876420824, 24.556560733239408], [120.702719108416, 24.556561284677333], [120.70275308696542, 24.556615587912063], [120.70275344104512, 24.556616139369364], [120.70278741962392, 24.55667044259624], [120.70278776383229, 24.556670994034015], [120.70329200760062, 24.557476763797656], [120.70343970531279, 24.55771309533484], [120.70352715577187, 24.55785305181162], [120.70353114869762, 24.557859434023722], [120.703531453553, 24.55785993120934], [120.70412146428417, 24.55880408023073], [120.70519562001698, 24.560508860766102], [120.70519796087731, 24.56051256716675], [120.70520070496633, 24.56051692443211], [120.7060436819265, 24.56185476605941], [120.70618002728217, 24.56207830593883], [120.7064211677851, 24.562419560121707], [120.70805552916671, 24.56506943764744], [120.70805853879114, 24.565074319046165], [120.70863562786164, 24.565991464878433], [120.70863794922077, 24.565995153129094], [120.70864060500855, 24.56599937472726], [120.70879644113866, 24.566247047812677], [120.70960587429202, 24.567500872253223], [120.70960914032284, 24.56750592566215], [120.70961214073336, 24.56751057226187], [120.71083674861268, 24.56940746416178], [120.71084382193848, 24.569418411644662], [120.71084885882135, 24.569426222216528], [120.7109171817282, 24.569532044753988], [120.71103023720656, 24.569741486603796], [120.71103136775764, 24.569743583459633], [120.71104327299696, 24.56976564565552], [120.71104441342109, 24.56976774253019], [120.7110574492169, 24.56979190158065], [120.71106609061462, 24.569807908202336], [120.71127033879519, 24.57018628249311], [120.7114304953194, 24.57056515893099], [120.71152464942962, 24.57085944417473], [120.7116299451105, 24.571294076665676], [120.71168013003496, 24.571560974464983], [120.71170435715041, 24.571828869915347], [120.71171898903305, 24.572139435270866], [120.7117202387961, 24.572365618713633], [120.711703606117, 24.572709440579118], [120.71164143949191, 24.57333358160412], [120.71163622514386, 24.573385967682984], [120.71162835327316, 24.573464972864187], [120.71161812684231, 24.573593514681395], [120.71161692728154, 24.573608608574936], [120.71152942350949, 24.574453538700517], [120.71148988110653, 24.57503593022542], [120.71148809847763, 24.575430648745684], [120.71151383506029, 24.57581124470108], [120.71154524859172, 24.57614453146668], [120.71159362718575, 24.576450755209486], [120.71166472450342, 24.57677415910858], [120.7117447326165, 24.577056652384524], [120.71180933097405, 24.577264863136957], [120.71187096569882, 24.577456617684174], [120.7120429892818, 24.57790530863804], [120.71280728979013, 24.579912040651454], [120.71393418179609, 24.58284586784114], [120.71444890673332, 24.58419229095096], [120.71491749094696, 24.58540823977352], [120.71492737591443, 24.585433891274125], [120.71497094709149, 24.585539664982335], [120.7149886907991, 24.585591903136788], [120.71549440373522, 24.586916238883806], [120.71606869728816, 24.58839202489189], [120.71632235286242, 24.5889668433448], [120.71642929335306, 24.589189144351376], [120.71655817097715, 24.589452603750455], [120.71675785063535, 24.58984198553672], [120.71707082491797, 24.59040904111153], [120.71743970789142, 24.591012505756957], [120.71782663505708, 24.59159828877907], [120.7183207469515, 24.59232357673596], [120.71879290341305, 24.593013573595712], [120.71917491673167, 24.593567842419922], [120.71970264053938, 24.5943449776532], [120.72003416068766, 24.59482916801227], [120.72028489693436, 24.595185179178884], [120.72061210654775, 24.59562920013263], [120.72090637036156, 24.596009081904786], [120.72112033017746, 24.596270446805466], [120.72139244605387, 24.596584213836856], [120.72154834878897, 24.59676302870947], [120.72178148858805, 24.597019724131876], [120.72200151047905, 24.59725188178047], [120.72216932985754, 24.597414619662743], [120.72246456338166, 24.597708058436623], [120.72247679131108, 24.597720215683363], [120.72247901816931, 24.5977224228152], [120.7224922905662, 24.597735611269083], [120.72249296060275, 24.597736271606454], [120.72250134574634, 24.597744611614775], [120.7230936992775, 24.598333350677805], [120.72309412296445, 24.59833377581061], [120.72351301172222, 24.59875009613717], [120.7246216494488, 24.59984024274208], [120.72541896017259, 24.600632910668697], [120.72593419406971, 24.601145502451548], [120.7262997554306, 24.60150749095059], [120.72631937779664, 24.601525484902147], [120.72632028452364, 24.601526308171078], [120.7263261781217, 24.60153171810596], [120.72632713410671, 24.601532595637174], [120.72634295225052, 24.601547097554167], [120.72634387866924, 24.60154794794515], [120.72634488395174, 24.60154886168106], [120.72636779809443, 24.601569868199494], [120.72636862597788, 24.60157061909445], [120.72637392824876, 24.60157548622481], [120.72637694403868, 24.601578254518206], [120.72688116572968, 24.602040433324564], [120.72743759568557, 24.602528166185603], [120.72810508514323, 24.603053630338717], [120.72879841908039, 24.603530969482527], [120.72960160249445, 24.604035751717838], [120.73017044466526, 24.60438572640873], [120.73062069480007, 24.604639303013816], [120.73100453453104, 24.604832727152687], [120.73145135467512, 24.605024574314488], [120.73204805024744, 24.60523785956693], [120.73244134443695, 24.605352547742843], [120.73288547865104, 24.605457835865927], [120.73305549227655, 24.605487192153223], [120.73305851307789, 24.605487712152073], [120.73329052227159, 24.60552777791862], [120.73366425635577, 24.605581240106574], [120.73394938661208, 24.605607160440748], [120.73417723204983, 24.605622343153936], [120.73440752561493, 24.60563334951059], [120.73458281761076, 24.605632611388245], [120.73487912578733, 24.60563112019507], [120.7352803467348, 24.605617795649184], [120.73604729258965, 24.605569141128452], [120.73739926093987, 24.60548367387325], [120.73876300004335, 24.605402530655937], [120.73978923836728, 24.605332890556834], [120.73979500645846, 24.605332503261657], [120.73981435526971, 24.60533119141955], [120.73983926476815, 24.605329500948365], [120.73986830280612, 24.605327528686942], [120.74007627041989, 24.605313414810926], [120.74046476913122, 24.605291070808832], [120.74083145879746, 24.605280172882903], [120.74121123546978, 24.605287489593902], [120.74158306835764, 24.605315955212056], [120.74197540184147, 24.605369040476877], [120.74231556666318, 24.605434982712012], [120.74272043409042, 24.605535759554108], [120.7431086183839, 24.605653020509365], [120.74338071018371, 24.605754020341873], [120.74366095040514, 24.60586923586251], [120.74387024022221, 24.6059723398954], [120.74413133652986, 24.606105082977077], [120.7444085648607, 24.606264695621466], [120.74472016072743, 24.6064584768529], [120.74475953438701, 24.606482966530457], [120.74487898701095, 24.60655725035054], [120.74546038445052, 24.60694704189087], [120.74547895507429, 24.60695948789461], [120.74550010960056, 24.606973671794655], [120.74586868242265, 24.607220771753536], [120.74592673187827, 24.60725969359284], [120.74602347311972, 24.607323600190256], [120.74650063199937, 24.60763884156781], [120.7465010758213, 24.60763913123689], [120.7469224641366, 24.607917512066066], [120.74692347998645, 24.607918181905312], [120.74702462093, 24.607985011560075], [120.74704572693393, 24.607998942355263], [120.74714000364393, 24.60806122793888], [120.74717373379805, 24.60808351350611], [120.74750958622752, 24.608305391221794], [120.74877935758565, 24.60914663454011], [120.7498649767581, 24.609860778824636], [120.75020906253772, 24.61006415517499], [120.75059322130618, 24.610274775051355], [120.75087452953606, 24.610407702474692], [120.75124126595719, 24.61056511224611], [120.75204277766386, 24.61085950975372], [120.75268095207865, 24.611074849375214], [120.75327232315479, 24.611276774036526], [120.75391196181506, 24.611492959559445], [120.75424028188816, 24.611597697445912], [120.7546187168583, 24.61170570350945], [120.75499775224635, 24.611794803300732], [120.75521251616527, 24.61184038707628], [120.75541161917411, 24.6118746320098], [120.75575885901844, 24.611925982978736], [120.75597990254556, 24.611952263256374], [120.7561902749551, 24.611970986875406], [120.75661559722667, 24.6119907171065], [120.75673902839864, 24.611990420103957], [120.75674173445678, 24.611990406420787], [120.75674223813262, 24.611990407234988], [120.75676704682942, 24.611990348019745], [120.75677024666994, 24.61199034416297], [120.75679258635004, 24.611990289981545], [120.75679574670403, 24.611990277031623], [120.75680095138944, 24.61199026738553], [120.75699502611087, 24.611989804432334], [120.75737377989388, 24.611975364574043], [120.75793349261897, 24.61193495921591], [120.75805551456351, 24.611922785996867], [120.7580585470838, 24.611922483893338], [120.75877497241979, 24.611850997346423], [120.7595013737174, 24.611778475985954], [120.7601079662315, 24.611717425378355], [120.76053711574387, 24.611672080068658], [120.76066242787562, 24.611658871655855], [120.76066630992369, 24.611658462505215], [120.76072988464269, 24.611651755887475], [120.76073376669034, 24.61165134673509], [120.76073957494782, 24.611650732982774], [120.7607950496959, 24.611644889252354], [120.76079893174314, 24.611644480098303], [120.76084188121195, 24.61163995270298], [120.76086415606208, 24.611637604498615], [120.76086804798487, 24.611637195358462], [120.76097990624834, 24.611625400880087], [120.76099687663314, 24.611623604016245], [120.76099778539408, 24.611623515171566], [120.7610007092821, 24.61162320380731], [120.76100132171243, 24.611623141578377], [120.7610051049815, 24.611622741290898], [120.76105955239898, 24.61161700417683], [120.76106338506472, 24.611616594937512], [120.76110416135576, 24.611612298765483], [120.76112587314609, 24.611610012830038], [120.7611297058114, 24.611609603589038], [120.761190149166, 24.61160322587151], [120.76119398181378, 24.61160282565764], [120.76121684932939, 24.61160041513985], [120.76145563293598, 24.611568281133902], [120.76179494086684, 24.611511819797173], [120.7620165198613, 24.61146420035845], [120.76233059818954, 24.611384683496286], [120.76260895774563, 24.611298329004104], [120.76283232845502, 24.611216717749596], [120.76301994624356, 24.611146462267698], [120.76325607079367, 24.611046713543473], [120.76344333878156, 24.610957397178883], [120.76360787254131, 24.61087309196875], [120.76373890163157, 24.61079685087204], [120.76392090658958, 24.610690921676174], [120.76407083258843, 24.610596408547465], [120.76407363078546, 24.61059464328906], [120.76409848824441, 24.61057897214081], [120.76410125676222, 24.61057723392177], [120.76412003332878, 24.61056539950749], [120.7641228117557, 24.61056364324597], [120.76414057977546, 24.61055244829325], [120.76429166149208, 24.610447093160367], [120.7644259285557, 24.6103500090222], [120.76453277088541, 24.610263030228232], [120.7646860038335, 24.6101423922938], [120.76478748396431, 24.610049725812686], [120.76492739448477, 24.60992346894504], [120.76505350421878, 24.60980460304642], [120.76521925672822, 24.609637395472312], [120.76586988192012, 24.608971821476484], [120.76665789459014, 24.608171513106637], [120.76718373682338, 24.607734520638502], [120.7675650005, 24.607476642276726], [120.76782491853528, 24.607321440994227], [120.768370638011, 24.60705325949115], [120.76882097004578, 24.60687988548229], [120.76904586819572, 24.606809751878377], [120.76905112503115, 24.606808116701746], [120.76905428702953, 24.60680713741357], [120.76906805166126, 24.606802842763525], [120.76907121367593, 24.6068018544462], [120.76908182616765, 24.60679854812736], [120.76908498818212, 24.606797559809745], [120.76908792292518, 24.606796643373848], [120.76922846433372, 24.60675282542999], [120.76984662202797, 24.606616254184388], [120.7707791790662, 24.60643034759726], [120.7713525243642, 24.60630664017245], [120.77203834454347, 24.606159463524705], [120.7722856121953, 24.606114188164646], [120.77229523419723, 24.606112424046213], [120.77229851397361, 24.606111824077786], [120.77234055833502, 24.606104131930806], [120.7723438578784, 24.606103522962464], [120.77237003681537, 24.606098732143682], [120.77237331659106, 24.606098132173596], [120.77237446253007, 24.606097926244022], [120.77255288432418, 24.606065249844914], [120.77257905337, 24.606060458974685], [120.77258253071987, 24.60605982318333], [120.77260058923406, 24.60605651883694], [120.77260403695709, 24.60605588300034], [120.77263092715842, 24.606050957778436], [120.77263436498929, 24.60605033095499], [120.77263937355345, 24.606049417582273], [120.77318616683223, 24.60594928240505], [120.7739894923324, 24.60586246895574], [120.77426125635535, 24.605857730374463], [120.77427034214894, 24.605857572453793], [120.77427393697074, 24.605857505614612], [120.77429160488974, 24.605857198044678], [120.77429519969533, 24.60585714023376], [120.77431312439417, 24.605856824017565], [120.77431672907525, 24.605856766220946], [120.77431899065215, 24.605856724467994], [120.77469305872485, 24.605850197275533], [120.77504755832811, 24.60586301573914], [120.77529468528594, 24.605884539398243], [120.77534717557896, 24.605889114103228], [120.77539344524206, 24.605893146807084], [120.77609213379564, 24.605991509408682], [120.77610381234929, 24.605993892330858], [120.77627876368284, 24.606029572516007], [120.77628212016326, 24.606030254666052], [120.77642940039254, 24.6060602956797], [120.77643292469473, 24.60606101419096], [120.77646990518912, 24.60606855400295], [120.77657899230749, 24.606095486404374], [120.77662370906337, 24.606106522784124], [120.77680374096906, 24.606150958819995], [120.77715137192386, 24.60625648805647], [120.7771638874507, 24.606260280630615], [120.77717261277753, 24.606262929961986], [120.77717504087043, 24.606263664890584], [120.77718646077099, 24.606267139832347], [120.77720607302389, 24.606273091766287], [120.77722241821002, 24.60627805472132], [120.7772277185575, 24.60627966066646], [120.77756329067094, 24.6064027682608], [120.77789979498151, 24.606540828198256], [120.77818210239265, 24.606667819454035], [120.77853158167649, 24.606846851798434], [120.7788847595925, 24.607051620882423], [120.77926405070454, 24.607278457741852], [120.77942019026334, 24.607376847910707], [120.77942271564363, 24.60737844068288], [120.77942440251188, 24.607379508555], [120.77944000860036, 24.607389336716427], [120.77944169546889, 24.607390404588354], [120.7794558317024, 24.607399309655246], [120.77945754816649, 24.607400395627998], [120.7794611586824, 24.60740266715057], [120.77961408262821, 24.60749902995239], [120.779792959157, 24.607612874238722], [120.78017551321456, 24.607856308533606], [120.78059058152206, 24.60813831520202], [120.78088358282295, 24.60836620493238], [120.78098467466434, 24.608449209486725], [120.781041744125, 24.608496070800438], [120.78110452354518, 24.608547617321975], [120.78133714080464, 24.608761550073535], [120.78163113574819, 24.609050140487373], [120.78183102828727, 24.609268647735526], [120.7818317084178, 24.60926939811281], [120.78190325156912, 24.609347601025462], [120.78211180186072, 24.609602804502302], [120.7823743610061, 24.609939733331295], [120.78243183944211, 24.610013482504154], [120.78267878161768, 24.610330362313466], [120.78280394383488, 24.610493431769616], [120.78281528548791, 24.61050821927133], [120.7828266370351, 24.610522997757634], [120.78305553049613, 24.610821231679203], [120.78305853589114, 24.610825156320935], [120.78321383704915, 24.611027486413047], [120.78328749946854, 24.611123454992235], [120.78333834537041, 24.611189700349872], [120.78346207060432, 24.61135090724578], [120.78351151556055, 24.61141641919451], [120.78385427162345, 24.611870546345713], [120.78385535551708, 24.611871983483148], [120.78386111987004, 24.61187962110599], [120.78387743741126, 24.611901250481285], [120.78387793009465, 24.611901901263103], [120.78389250357476, 24.611921207728084], [120.78389430678912, 24.61192359392316], [120.78390036674453, 24.611931629236548], [120.78395426598796, 24.612003043245753], [120.78429678821382, 24.612457169035377], [120.78445409887092, 24.61266199626855], [120.78449813686173, 24.61271934712867], [120.78449932922115, 24.61272089276241], [120.78451319397936, 24.61273893411816], [120.78528833940211, 24.613751277619414], [120.78530009548234, 24.613766625308024], [120.7853211528804, 24.613794743970313], [120.78534298870144, 24.61382392011046], [120.78534547183827, 24.6138272372249], [120.78535240886022, 24.61383650164769], [120.78537316078308, 24.613864231628117], [120.78538354660871, 24.61387810566011], [120.78538938001711, 24.613885896811578], [120.7855670430318, 24.61412323753434], [120.78584959728659, 24.614491013037625], [120.7861569382344, 24.614890405993016], [120.78619145762976, 24.614935797710842], [120.78623723059087, 24.61499599459245], [120.78625774717337, 24.615022956665843], [120.78625846652871, 24.615023905712317], [120.78627846081412, 24.615050198909284], [120.78627981083856, 24.615051979501576], [120.78663709812228, 24.61552175873288], [120.78665344646951, 24.615543252413435], [120.78763868345305, 24.61683867255095], [120.7876538890103, 24.616858665726436], [120.78767925461052, 24.616892017810557], [120.7876917013119, 24.616908142760785], [120.78771608227893, 24.61693972380361], [120.78773586101892, 24.61696534836786], [120.78810296659883, 24.61744091634286], [120.78832324279291, 24.61772762908684], [120.78907497724998, 24.61866668718263], [120.78933186703668, 24.61899661645644], [120.78965135994191, 24.61940694401872], [120.78980777603984, 24.61960781872193], [120.79040923598258, 24.620430068389656], [120.79040940350541, 24.620430297051705], [120.79058940271443, 24.620711244100352], [120.79073237418388, 24.620962886112224], [120.79092415869579, 24.62133241264288], [120.79115915660708, 24.621831986541956], [120.79125088571782, 24.622056136428043], [120.79137250453427, 24.622386190377522], [120.7914796428247, 24.622693417400956], [120.79158134743314, 24.62299583348953], [120.79164296210776, 24.62317904092904], [120.79169487618768, 24.623333424012998], [120.79169499511335, 24.623333777203687], [120.79171785522196, 24.623401767716487], [120.79200969409247, 24.624276285510973], [120.79233261357248, 24.62520858472146], [120.7923361229612, 24.625218710846692], [120.79264226282095, 24.626134941965997], [120.79292464825653, 24.626963740946344], [120.79319030191687, 24.627770558294976], [120.79332488429873, 24.628182329842065], [120.79343084692287, 24.62848955367462], [120.79367394259879, 24.62917270781084], [120.79393482145514, 24.62995755908724], [120.79419235873804, 24.63057732287331], [120.79426269181518, 24.63072494953388], [120.79457650001319, 24.631359696113474], [120.79473733293095, 24.631633948494287], [120.79489111877363, 24.63188708177734], [120.794947510269, 24.631977735485265], [120.79495226865268, 24.63198539838597], [120.7949524558555, 24.63198568756245], [120.7949617066515, 24.632000570590137], [120.79496959792132, 24.632013257768087], [120.79496978512422, 24.632013546944542], [120.79497492773514, 24.63202182432598], [120.79526612758498, 24.63248999353979], [120.79555687246997, 24.632953782591176], [120.79601183699084, 24.63368511824223], [120.7961561388891, 24.633917805179053], [120.79700778742368, 24.63528902134776], [120.79810069288163, 24.63704238394444], [120.79840693530329, 24.63753836670458], [120.79840712252228, 24.63753865587665], [120.7984168172826, 24.637554387985837], [120.7984263643384, 24.637569830975323], [120.79842654167943, 24.637570120134114], [120.79928824, 24.63896565], [120.80067391, 24.64120803], [120.8020595914938, 24.643450416859203], [120.8020597787157, 24.643450715055366], [120.80208406732409, 24.643490022215026], [120.80210817858978, 24.643529040216322], [120.8021083658119, 24.64352933841244], [120.8022413800748, 24.643744578920362], [120.80299351604975, 24.644894791581354], [120.80384869734202, 24.64625278675806], [120.80500417968275, 24.64814245139325], [120.80512095582499, 24.64833356138099], [120.80550788797235, 24.648966785364333], [120.80615177496051, 24.65001847315797], [120.80624207439932, 24.650162448608647], [120.80624660760648, 24.650169677469023], [120.80625052979114, 24.650175948491913], [120.80625600864158, 24.650184957238828], [120.80626587247491, 24.650201221740595], [120.8062712330299, 24.6502100678166], [120.80683652093072, 24.65114204080086], [120.80686025385945, 24.651178448213958], [120.80751732730604, 24.65223346317], [120.80805553527208, 24.653093924995368], [120.80805856081983, 24.653098759250277], [120.80842676232072, 24.65368741714314], [120.80847475458475, 24.653766109846266], [120.80855150224787, 24.653898867310385], [120.80870201990307, 24.654121934091464], [120.80871296129122, 24.654138145626078], [120.80872388295099, 24.65415433907723], [120.8087359086242, 24.654172159110654], [120.80891268666595, 24.654433947359447], [120.80896673723683, 24.654505063438958], [120.80909863477275, 24.65466243992242], [120.80931918319743, 24.65492219762957], [120.80951375460978, 24.655133076459872], [120.80965215935919, 24.6552740012576], [120.80978749346941, 24.655400855222766], [120.80993822276785, 24.65553897837812], [120.81024113767434, 24.6557805465818], [120.81026872565192, 24.655803758255118], [120.81027917475271, 24.655812547406768], [120.81029374825037, 24.65582479978129], [120.81030827240804, 24.65583701597705], [120.81031176530917, 24.655839954734656], [120.81034966431545, 24.65587181993595], [120.81115838479057, 24.656486225563153], [120.81171464403727, 24.656913577815388], [120.8122576053144, 24.65734346653015], [120.81298615139694, 24.657898181290825], [120.81378838066526, 24.658516934564968], [120.81485641602639, 24.6593546427694], [120.81507421609264, 24.65952199724643], [120.81548033356954, 24.65982516769722], [120.81577309421135, 24.660045900944056], [120.8157964637937, 24.66006351762279], [120.81581720824025, 24.660079162810018], [120.81581732667875, 24.660079244214046], [120.81582896211599, 24.660088025403628], [120.81611394062823, 24.66032090116024], [120.81680820956653, 24.66085435584682], [120.8169622808821, 24.66096660859521], [120.81698974540016, 24.66098804021331], [120.81710230755203, 24.661075900714533], [120.81731462087818, 24.6612225423045], [120.81740946943764, 24.661289560713648], [120.81764704630734, 24.661443130503947], [120.8178173421235, 24.661548477002405], [120.81804653089023, 24.661682299117583], [120.81808818636054, 24.6617084878177], [120.8183240195506, 24.66183920263076], [120.81843472885586, 24.661897752532486], [120.81856672539776, 24.66196606106257], [120.81882363449111, 24.66208931569577], [120.8188437647596, 24.662099732070974], [120.81967152469464, 24.66244060645503], [120.8200559935584, 24.662566215036374], [120.8201748287398, 24.662601966738016], [120.8204900472938, 24.662701407225445], [120.82053288631099, 24.6627158141291], [120.82080610027128, 24.662798049131744], [120.82084809220197, 24.662810685298282], [120.82084822059085, 24.662810721566387], [120.82086738952638, 24.662816495741428], [120.82088669673264, 24.662822306193892], [120.82088681524151, 24.6628223424502], [120.82090323871635, 24.66282728270188], [120.8209044435652, 24.662827645288427], [120.82092350387708, 24.662833383211794], [120.82094380872745, 24.662839366392397], [120.82094402598518, 24.66283943888139], [120.82094534934318, 24.662839837723897], [120.82247514773184, 24.66330035014189], [120.82355123231683, 24.66361335372637], [120.82440211445457, 24.66386277691697], [120.82452204779366, 24.663899257798217], [120.82551888246513, 24.66419917137417], [120.82667927936222, 24.664541395312792], [120.82749175169668, 24.66478236899757], [120.82763278270784, 24.664817661767415], [120.8279947365695, 24.664902540634852], [120.82831923710988, 24.66497143104783], [120.82901119135715, 24.665078226813115], [120.82963772334088, 24.665124235838597], [120.82984832320044, 24.665129584769502], [120.83040119029636, 24.66513055296796], [120.83087326257564, 24.665105271883142], [120.83097426562927, 24.66509985994424], [120.83102962857359, 24.665096897582643], [120.83161688912635, 24.665016532783675], [120.83213881916463, 24.66491531752778], [120.8326594349211, 24.66478400612551], [120.83300972279442, 24.664683914763796], [120.8330555277922, 24.664668779288018], [120.83305857223522, 24.664667771449373], [120.83321080406039, 24.664617487794654], [120.83742448240739, 24.66314496430298], [120.83876040080472, 24.662673829185795], [120.83879765557066, 24.662660696188986], [120.83907365103185, 24.662563354955395], [120.83907645823236, 24.66256236479759], [120.83908497868019, 24.662559358314606], [120.83912681004, 24.66254450564243], [120.83971026358186, 24.66233733211556], [120.84017097840879, 24.662182501000014], [120.84046263666502, 24.662081147029614], [120.84069113913934, 24.66199725038188], [120.84069203864166, 24.661996917271143], [120.84089950378282, 24.661915020442642], [120.84114309041264, 24.661817081282116], [120.84133530860667, 24.661728603812808], [120.84157310509731, 24.66161483943314], [120.84175988218193, 24.66151586424955], [120.84182874207485, 24.661479370236542], [120.84200458807256, 24.66137530004147], [120.84229346696772, 24.66119513647194], [120.84252805039863, 24.66104217330435], [120.84270678092854, 24.660913826937595], [120.84273023880804, 24.660895685606185], [120.842730980513, 24.660895117569982], [120.84279486661354, 24.66084570676199], [120.84280011791374, 24.66084165833807], [120.8429089417119, 24.660757506635317], [120.84292093764007, 24.660748228571368], [120.8429780196367, 24.66070408337289], [120.84297877123058, 24.660703506316995], [120.8430199904825, 24.6606716417103], [120.84322019852425, 24.66051982429759], [120.8433792027057, 24.660387312327835], [120.84352848251322, 24.66027245936507], [120.84524955746822, 24.658955598521025], [120.84545548176091, 24.658794691986152], [120.84555462054412, 24.658709986643558], [120.84650387560885, 24.65799095064712], [120.8470487825099, 24.657575008859478], [120.84720664549809, 24.65746459403806], [120.8483053615006, 24.65677682054702], [120.84966368630724, 24.655943384760832], [120.85003458259624, 24.655745465303458], [120.85030462562816, 24.655615720120725], [120.85044819294151, 24.655550639159326], [120.85056429045724, 24.655506089276727], [120.8505670184389, 24.655505044650933], [120.85086050316067, 24.655392973030107], [120.85129757512019, 24.655264583508927], [120.85182002832056, 24.655149657569247], [120.85210472083281, 24.655110978813834], [120.85254472184869, 24.65506915647369], [120.85286714807428, 24.655060353406252], [120.85320076913344, 24.655067198428682], [120.85366686439421, 24.655098964785328], [120.85400250095088, 24.655148335544137], [120.85437055472227, 24.655229671764083], [120.85464252468122, 24.655299501805196], [120.85507594972555, 24.655433988736824], [120.8557670739986, 24.65567452842226], [120.85783895052609, 24.656459551470448], [120.85805548503113, 24.656539764673745], [120.86086468859463, 24.65758037453404], [120.86174600266614, 24.657841609495875], [120.86197959364338, 24.65791352445631], [120.86263301977347, 24.658072379601542], [120.86290133816844, 24.658130426871736], [120.86342608929277, 24.65825663946404], [120.86345263898987, 24.6582630288796], [120.8634531229673, 24.658263146693486], [120.86348092706457, 24.65826983519354], [120.86350648906269, 24.65827597992527], [120.86350705205814, 24.658276115868315], [120.86355021508655, 24.65828650204673], [120.86373605326239, 24.658331200608668], [120.86473919418282, 24.65855630047528], [120.86580092104641, 24.65882264429775], [120.8664122466808, 24.659030327225956], [120.86691407329914, 24.659203953496473], [120.86691970260533, 24.65920599898578], [120.86692800829601, 24.65920902195301], [120.86720024946366, 24.659308145968055], [120.86753081082986, 24.65944535012637], [120.86760771301702, 24.659475510816574], [120.867702065645, 24.659512512588083], [120.86806240770566, 24.659685558955196], [120.86806290144938, 24.65968579413694], [120.86809001775187, 24.659698810354246], [120.8681183684103, 24.659712423549312], [120.86811887202454, 24.659712667768314], [120.86817444763037, 24.659739351427984], [120.86818148839122, 24.659742734367377], [120.86838661866767, 24.65984123756278], [120.86900159490612, 24.660166648417405], [120.86952418916768, 24.660490504873657], [120.870105638205, 24.660912264280505], [120.87025895576201, 24.661035513138714], [120.8702673171074, 24.66104223776784], [120.87026794889945, 24.661042743924817], [120.87028692234803, 24.661058000879965], [120.87030658682643, 24.661073809184515], [120.87030721861879, 24.66107431534132], [120.8703150172804, 24.661080588043294], [120.8705194413085, 24.66124491652344], [120.87093485667705, 24.661597134362356], [120.87127413045141, 24.661928898856832], [120.87140170869283, 24.662056331896643], [120.87146273433058, 24.662117292234825], [120.87147678909332, 24.66213132594605], [120.87151766043219, 24.662172143880046], [120.87155492927208, 24.66220936527054], [120.87165487223912, 24.66230919155683], [120.87193732279454, 24.662647677568266], [120.87220129048079, 24.66298494649185], [120.87248029382214, 24.66334488992688], [120.87259620878349, 24.663499073325255], [120.87260477315213, 24.663510474900345], [120.87261330793697, 24.663521822277204], [120.87266573010054, 24.663591713311174], [120.87268864076471, 24.663622259011582], [120.87276942021118, 24.663729932367573], [120.8729800898239, 24.66407605711765], [120.8735738670439, 24.66496935012155], [120.87357597821035, 24.66497253002605], [120.87358474845183, 24.6649857194139], [120.87359586663335, 24.665002441026793], [120.87360694536059, 24.66501909940424], [120.87361146366739, 24.665025892842344], [120.87380305788018, 24.665314162028743], [120.87387249018506, 24.66541860197071], [120.87387293411616, 24.66541927950132], [120.87389127381098, 24.66544686876699], [120.87390916957325, 24.665473789528626], [120.87390961351386, 24.66547445803035], [120.87392386897146, 24.66549589527021], [120.87397894824497, 24.665577850501993], [120.87406301261294, 24.6657029153124], [120.87454933829689, 24.666426409422563], [120.87484867380851, 24.66687173234583], [120.87515640725552, 24.667329539392533], [120.87564378144215, 24.66805457463383], [120.87588766782468, 24.668417525187493], [120.87589704050924, 24.668431473350164], [120.87590509115556, 24.6684434521485], [120.87591255970213, 24.668454572732504], [120.8759348270584, 24.668487898252955], [120.87610371355835, 24.66873914575622], [120.87621230917146, 24.66890070577997], [120.87643954494001, 24.669238767428972], [120.87675586708752, 24.669715926804926], [120.87678798091622, 24.669764347343552], [120.87682247246823, 24.669816363274297], [120.87693122558065, 24.669980414829936], [120.87768576744688, 24.67110770384748], [120.87828721124171, 24.6720196914393], [120.87834620319916, 24.672117827734276], [120.87839640562741, 24.6722013393189], [120.87842593128724, 24.67225044358613], [120.87844602609977, 24.67228387530845], [120.87844628258073, 24.67228430889673], [120.87870903539212, 24.67272137808288], [120.878875724297, 24.67304982555252], [120.87890269717295, 24.673102972549547], [120.87894156378329, 24.673179567799412], [120.87900822021615, 24.673333218840863], [120.8790083680985, 24.673333562053006], [120.87926602369097, 24.673927500875802], [120.87946548350448, 24.674458895431588], [120.87961174861125, 24.674925339291306], [120.8797216556031, 24.67539885047854], [120.8797895206443, 24.675747315687374], [120.87978959926883, 24.67574775815961], [120.87979857650595, 24.67579386619939], [120.87980774063352, 24.67584086823528], [120.87980782913927, 24.675841310715416], [120.8798128929604, 24.675867335657287], [120.87981819283088, 24.675894507440447], [120.87982665875505, 24.675938023814144], [120.87983686507431, 24.67599048005295], [120.87983704698092, 24.67599141286949], [120.87984092606146, 24.676011258480944], [120.87984840875257, 24.67604969990252], [120.87989455493333, 24.67642996501177], [120.87993882123939, 24.676905960528003], [120.87997255059292, 24.6773963574815], [120.87999578657823, 24.677855497477857], [120.88003731953484, 24.67844206589486], [120.88009522713962, 24.679255034390415], [120.88009672874216, 24.679276081622195], [120.88009677747549, 24.679276785904158], [120.88009778188975, 24.6792907632221], [120.88009894220428, 24.679307042997536], [120.88009899094625, 24.679307738250746], [120.8801022182484, 24.67935315547536], [120.88010264695022, 24.67935951206256], [120.88018522214658, 24.680593592261335], [120.88030638, 24.68191671], [120.88060819, 24.68419335], [120.88091, 24.68647]]}}]}