{
  "type": "FeatureCollection",
  "features": [
    {
      "type": "Feature",
      "properties": {
        "track_id": "LJ-HC-LJ",
        "origin": "新竹",
        "destination": "六家",
        "origin_station_id": "1210",
        "destination_station_id": "1194",
        "source_tracks": [
          "WL-N-0",
          "NW-0",
          "LJ-0"
        ],
        "stations": [
          {
            "station_id": "1210",
            "name": "新竹",
            "progress": 0.0
          },
          {
            "station_id": "1190",
            "name": "北新竹",
            "progress": 0.131885
          },
          {
            "station_id": "1191",
            "name": "千甲",
            "progress": 0.323232
          },
          {
            "station_id": "1192",
            "name": "新莊",
            "progress": 0.592297
          },
          {
            "station_id": "1193",
            "name": "竹中",
            "progress": 0.715592
          },
          {
            "station_id": "1194",
            "name": "六家",
            "progress": 1.0
          }
        ]
      },
      "geometry": {
        "type": "LineString",
        "coordinates": [
          [
            120.971676,
            24.801394
          ],
          [
            120.97450476647768,
            24.803096188933676
          ],
          [
            120.97881242681967,
            24.8056197098726
          ],
          [
            120.9830555121833,
            24.80793364479908
          ],
          [
            120.98398,
            24.808438
          ],
          [
            120.98995221749189,
            24.811380054247206
          ],
          [
            120.9899978180711,
            24.811389365800963
          ],
          [
            120.99024629831754,
            24.81142116291897
          ],
          [
            120.99047737016754,
            24.81143851273966
          ],
          [
            120.99076858539502,
            24.811442864727383
          ],
          [
            120.99107720182562,
            24.811426993098856
          ],
          [
            120.99136367217169,
            24.811385117157315
          ],
          [
            120.99157100743264,
            24.811347569962102
          ],
          [
            120.99176726439634,
            24.8112999007971
          ],
          [
            120.99183624140801,
            24.811279445744717
          ],
          [
            120.99188041912977,
            24.811266338605854
          ],
          [
            120.99192345926039,
            24.81125358350836
          ],
          [
            120.99208380864948,
            24.81120602032777
          ],
          [
            120.99276912920274,
            24.810935918973534
          ],
          [
            120.9933737286272,
            24.810690368739767
          ],
          [
            120.99464938394665,
            24.810174705482304
          ],
          [
            120.99562274455805,
            24.80977169986036
          ],
          [
            120.99668205812718,
            24.809344122956812
          ],
          [
            120.99682875304653,
            24.809284898434033
          ],
          [
            120.99774827891456,
            24.808903546455955
          ],
          [
            120.99850113464731,
            24.8085987589079
          ],
          [
            120.99895427071392,
            24.808415301315964
          ],
          [
            120.99989436800747,
            24.808031047087912
          ],
          [
            121.0008217885001,
            24.80765400086669
          ],
          [
            121.00176661231475,
            24.807269111834422
          ],
          [
            121.00223665303962,
            24.807077599570633
          ],
          [
            121.00316881706955,
            24.80669765855318
          ],
          [
            121.00508218863834,
            24.805918977856024
          ],
          [
            121.00701057064143,
            24.80513168569294
          ],
          [
            121.00731521637235,
            24.805007347030937
          ],
          [
            121.00788407841523,
            24.804776458160962
          ],
          [
            121.00805554263785,
            24.80470686365582
          ],
          [
            121.00805858907718,
            24.804705617542353
          ],
          [
            121.00806228832577,
            24.80470411859232
          ],
          [
            121.00854328877388,
            24.804508893156008
          ],
          [
            121.00930509255811,
            24.804203400496256
          ],
          [
            121.00984078615382,
            24.803988584388918
          ],
          [
            121.01009260898435,
            24.803887627644556
          ],
          [
            121.01176534931463,
            24.803198432132817
          ],
          [
            121.01209045899915,
            24.803060719748817
          ],
          [
            121.01241447795104,
            24.802903053494077
          ],
          [
            121.01273097591988,
            24.802717037303882
          ],
          [
            121.01304104059595,
            24.80250122654974
          ],
          [
            121.01344535631252,
            24.802191509040615
          ],
          [
            121.01364582857197,
            24.802005943681763
          ],
          [
            121.01415684595388,
            24.801522232904766
          ],
          [
            121.0142649325559,
            24.80141180258344
          ],
          [
            121.01435572272935,
            24.801328911142818
          ],
          [
            121.01457557688599,
            24.8011283641714
          ],
          [
            121.01498501749514,
            24.80073412500358
          ],
          [
            121.01596637943837,
            24.799794685453
          ],
          [
            121.01708999200744,
            24.798751393979156
          ],
          [
            121.01713074690096,
            24.798713550347873
          ],
          [
            121.01715490709365,
            24.798691111444587
          ],
          [
            121.01718108474846,
            24.798666812408758
          ],
          [
            121.01753974823399,
            24.798333777007727
          ],
          [
            121.01754007458696,
            24.798333469996177
          ],
          [
            121.01754209204566,
            24.79833160083404
          ],
          [
            121.01754911355515,
            24.798324828540967
          ],
          [
            121.01756266208312,
            24.798311645156904
          ],
          [
            121.01757630952888,
            24.79829855204625
          ],
          [
            121.01758985806387,
            24.798285458945937
          ],
          [
            121.01760340658328,
            24.79827227555814
          ],
          [
            121.01761705402045,
            24.798259182443694
          ],
          [
            121.01761774627344,
            24.798258460072077
          ],
          [
            121.01763109713723,
            24.79824645042643
          ],
          [
            121.01764523917174,
            24.798233808682458
          ],
          [
            121.01765938121618,
            24.798221257223357
          ],
          [
            121.01767352324497,
            24.79820861547665
          ],
          [
            121.01768766527091,
            24.798195973728586
          ],
          [
            121.01770170838617,
            24.79818333199087
          ],
          [
            121.01771585040638,
            24.79817069024011
          ],
          [
            121.01772999242372,
            24.798158048487977
          ],
          [
            121.01774413443819,
            24.798145406734502
          ],
          [
            121.01775827644978,
            24.798132764979663
          ],
          [
            121.01777241845853,
            24.798120123223484
          ],
          [
            121.0177865604644,
            24.798107481465934
          ],
          [
            121.01780060355968,
            24.798094839718793
          ],
          [
            121.01781474555982,
            24.798082197958536
          ],
          [
            121.01782888755709,
            24.79806955619693
          ],
          [
            121.0178430295515,
            24.798056914433975
          ],
          [
            121.01785717154304,
            24.798044272669664
          ],
          [
            121.01787131353171,
            24.79803163090398
          ],
          [
            121.01788535660985,
            24.798018989148773
          ],
          [
            121.0178994985928,
            24.798006347380387
          ],
          [
            121.01791373946756,
            24.797993615312542
          ],
          [
            121.01792748578823,
            24.79798079301631
          ],
          [
            121.01794123208009,
            24.797967790146256
          ],
          [
            121.0179550772897,
            24.797954877549323
          ],
          [
            121.01796892249644,
            24.797941964951082
          ],
          [
            121.0179826687927,
            24.79792905236343
          ],
          [
            121.01799651399374,
            24.797916139762577
          ],
          [
            121.01801026027125,
            24.79790313688608
          ],
          [
            121.01802410546657,
            24.797890224282657
          ],
          [
            121.01803795065896,
            24.79787731167793
          ],
          [
            121.01805169694096,
            24.797864399083835
          ],
          [
            121.01806554212767,
            24.797851486476507
          ],
          [
            121.0180793872984,
            24.797838483581604
          ],
          [
            121.01809313357181,
            24.797825570983633
          ],
          [
            121.01810697874993,
            24.797812658372422
          ],
          [
            121.01812072501764,
            24.79779974577188
          ],
          [
            121.01813457019,
            24.797786833158064
          ],
          [
            121.01814841534637,
            24.79777383025667
          ],
          [
            121.01816216160552,
            24.79776091765226
          ],
          [
            121.01817600676928,
            24.797748005034553
          ],
          [
            121.01818975302272,
            24.797735092427565
          ],
          [
            121.01820359818079,
            24.797722179807266
          ],
          [
            121.01821744332275,
            24.797709176899374
          ],
          [
            121.01823118956766,
            24.797696264288522
          ],
          [
            121.0182444413519,
            24.797683893454305
          ],
          [
            121.01824503471708,
            24.79768335166433
          ],
          [
            121.01825868202243,
            24.797670258490427
          ],
          [
            121.01827232933813,
            24.797657255601507
          ],
          [
            121.01828597663776,
            24.797644162425083
          ],
          [
            121.01829972284186,
            24.79763106923529
          ],
          [
            121.01831337014902,
            24.79761806634257
          ],
          [
            121.01832701744003,
            24.797604973162333
          ],
          [
            121.01834066474146,
            24.797591970267096
          ],
          [
            121.01835431202674,
            24.797578877084316
          ],
          [
            121.01836795930919,
            24.79756578390028
          ],
          [
            121.01838160660206,
            24.79755278100124
          ],
          [
            121.01839535278607,
            24.797539687802505
          ],
          [
            121.01840900007323,
            24.79752668490094
          ],
          [
            121.0184226473442,
            24.79751359171181
          ],
          [
            121.01843629461231,
            24.797500498521437
          ],
          [
            121.01844994189092,
            24.79748749561607
          ],
          [
            121.01846358915331,
            24.79747440242315
          ],
          [
            121.01847733533344,
            24.797461399503042
          ],
          [
            121.01849098259012,
            24.79744830630759
          ],
          [
            121.01850462984392,
            24.79743521311087
          ],
          [
            121.01851827710824,
            24.797422210199166
          ],
          [
            121.01853192435631,
            24.79740911699993
          ],
          [
            121.01854329707204,
            24.797398281238138
          ],
          [
            121.01854557160152,
            24.797396023799404
          ],
          [
            121.01855882317489,
            24.797382659787857
          ],
          [
            121.01857207473195,
            24.797369205488863
          ],
          [
            121.01858542520677,
            24.79735584146265
          ],
          [
            121.01859867677159,
            24.797342477447508
          ],
          [
            121.01861192833357,
            24.79732911343117
          ],
          [
            121.01862517987921,
            24.797315659127378
          ],
          [
            121.0186385303426,
            24.79730229509635
          ],
          [
            121.01865178189603,
            24.79728893107642
          ],
          [
            121.01866503344662,
            24.797275567055294
          ],
          [
            121.01867828499438,
            24.79726220303297
          ],
          [
            121.01869163543283,
            24.797248748710846
          ],
          [
            121.01870488697489,
            24.79723538468613
          ],
          [
            121.0187181385141,
            24.797222020660207
          ],
          [
            121.01873139005048,
            24.797208656633096
          ],
          [
            121.01874474047746,
            24.79719520230613
          ],
          [
            121.01875799200813,
            24.79718183827663
          ],
          [
            121.01877124353597,
            24.797168474245925
          ],
          [
            121.01878449506097,
            24.797155110214025
          ],
          [
            121.0187978454765,
            24.79714165588223
          ],
          [
            121.01880931694276,
            24.797130097797236
          ],
          [
            121.0188109980752,
            24.797128201574075
          ],
          [
            121.0188234582406,
            24.797114205634188
          ],
          [
            121.01883601731016,
            24.79710020968077
          ],
          [
            121.01884847746999,
            24.797086213738748
          ],
          [
            121.01886103653392,
            24.797072217783178
          ],
          [
            121.01887349668812,
            24.79705822183901
          ],
          [
            121.01888595683951,
            24.7970442258938
          ],
          [
            121.018898515895,
            24.79703022993501
          ],
          [
            121.0189109760408,
            24.797016233987666
          ],
          [
            121.01892343618384,
            24.797002238039237
          ],
          [
            121.01893599523089,
            24.79698824207723
          ],
          [
            121.01894845536827,
            24.79697424612669
          ],
          [
            121.01896101440974,
            24.796960250162535
          ],
          [
            121.01897347454015,
            24.796946245181235
          ],
          [
            121.01898593467052,
            24.796932258256106
          ],
          [
            121.01899849370352,
            24.79691826228873
          ],
          [
            121.01901095382694,
            24.79690426633287
          ],
          [
            121.0190235128543,
            24.79689027036335
          ],
          [
            121.01903597297209,
            24.79687627440535
          ],
          [
            121.01904843308708,
            24.79686227844627
          ],
          [
            121.01906099210602,
            24.796848282473533
          ],
          [
            121.01906890329126,
            24.79683942438147
          ],
          [
            121.01907295762652,
            24.79683392543023
          ],
          [
            121.01908403290088,
            24.796819026781783
          ],
          [
            121.01909520706545,
            24.796804037833596
          ],
          [
            121.01910628233449,
            24.79678913918344
          ],
          [
            121.01911735759948,
            24.796774231503804
          ],
          [
            121.01912853175743,
            24.79675925158167
          ],
          [
            121.01913960701711,
            24.79674434390033
          ],
          [
            121.01915068226307,
            24.796729363989126
          ],
          [
            121.01916185642548,
            24.796714465322058
          ],
          [
            121.01917293166473,
            24.796699476380542
          ],
          [
            121.01918400691517,
            24.796684577724438
          ],
          [
            121.01919518105433,
            24.796669579739884
          ],
          [
            121.01920625630088,
            24.796654690110714
          ],
          [
            121.01921733152946,
            24.796639701165773
          ],
          [
            121.01922850567449,
            24.796624793464932
          ],
          [
            121.01923958089915,
            24.79660981354692
          ],
          [
            121.01925065613369,
            24.796594914885727
          ],
          [
            121.0192617214596,
            24.79657991691004
          ],
          [
            121.0192729054874,
            24.796565027261757
          ],
          [
            121.01927864086521,
            24.796557261902517
          ],
          [
            121.01928358504608,
            24.79654985779014
          ],
          [
            121.01929386893427,
            24.796534417509864
          ],
          [
            121.01930405389943,
            24.796518886955344
          ],
          [
            121.01931433778115,
            24.79650343764497
          ],
          [
            121.01932462166171,
            24.79648799736251
          ],
          [
            121.01933480663466,
            24.796472566120705
          ],
          [
            121.01934509051014,
            24.796457125836763
          ],
          [
            121.01935527547525,
            24.79644167653626
          ],
          [
            121.01936555934704,
            24.796426245279477
          ],
          [
            121.01937584321489,
            24.796410804993346
          ],
          [
            121.0193860281738,
            24.796395364719274
          ],
          [
            121.0193963120352,
            24.796379915403048
          ],
          [
            121.01940659589542,
            24.79636447511469
          ],
          [
            121.01941677095611,
            24.796349034839732
          ],
          [
            121.01942705481267,
            24.796333603578546
          ],
          [
            121.01943733866385,
            24.79631815425937
          ],
          [
            121.01944753349966,
            24.796302723008278
          ],
          [
            121.01945781734717,
            24.79628728271627
          ],
          [
            121.01946800228586,
            24.796271842436376
          ],
          [
            121.0194782861269,
            24.79625639311427
          ],
          [
            121.01948115373187,
            24.79625205899915
          ],
          [
            121.01948767973988,
            24.796240501504535
          ],
          [
            121.01949667769728,
            24.79622442937312
          ],
          [
            121.01950577455855,
            24.79620835722826
          ],
          [
            121.01951477251127,
            24.796192285095714
          ],
          [
            121.01952376057105,
            24.796176212963868
          ],
          [
            121.01953276840976,
            24.796160140828878
          ],
          [
            121.01954185537112,
            24.796144068682985
          ],
          [
            121.01955085331456,
            24.79612799654812
          ],
          [
            121.01955985125565,
            24.796111924412692
          ],
          [
            121.0195689481006,
            24.796095852263754
          ],
          [
            121.01957794603709,
            24.79607978012717
          ],
          [
            121.01958694397125,
            24.796063707990022
          ],
          [
            121.0195960506998,
            24.796047635838033
          ],
          [
            121.01960503873869,
            24.796031563701018
          ],
          [
            121.01961403666587,
            24.796015491562144
          ],
          [
            121.01962313351102,
            24.79599950969599
          ],
          [
            121.01963213143357,
            24.79598343755596
          ],
          [
            121.01964113924441,
            24.795967365414054
          ],
          [
            121.01965022617773,
            24.79595129326117
          ],
          [
            121.01965923398392,
            24.795935221118103
          ],
          [
            121.01966772761894,
            24.795920051904965
          ],
          [
            121.01966822200657,
            24.79591914897707
          ],
          [
            121.01967623078636,
            24.79590262553273
          ],
          [
            121.01968423956401,
            24.79588610208794
          ],
          [
            121.01969234725976,
            24.795869668915948
          ],
          [
            121.01970035603316,
            24.795853145470215
          ],
          [
            121.01970837469503,
            24.795836622022716
          ],
          [
            121.01971647247954,
            24.79582009856433
          ],
          [
            121.01972448126085,
            24.795803665403493
          ],
          [
            121.01973258893167,
            24.795787141942863
          ],
          [
            121.01974059769444,
            24.795770618494803
          ],
          [
            121.01974860646942,
            24.795754185332562
          ],
          [
            121.01975671413379,
            24.795737661870522
          ],
          [
            121.01976472289022,
            24.79572113842106
          ],
          [
            121.01977273164594,
            24.795704623999775
          ],
          [
            121.01978083931681,
            24.795688181794
          ],
          [
            121.01978884806827,
            24.795671667371774
          ],
          [
            121.01979685681478,
            24.795655134891824
          ],
          [
            121.01980496448068,
            24.795638701713255
          ],
          [
            121.01981297322436,
            24.795622178261002
          ],
          [
            121.01982108087167,
            24.795605654795192
          ],
          [
            121.01982908962542,
            24.795589221628298
          ],
          [
            121.01983709836271,
            24.79557269817465
          ],
          [
            121.01983729611818,
            24.795572346031893
          ],
          [
            121.01984392015747,
            24.79555572344645
          ],
          [
            121.01984401902438,
            24.79555547966033
          ],
          [
            121.01985064304462,
            24.795538748731
          ],
          [
            121.01985736592994,
            24.795521774015224
          ],
          [
            121.01986408881342,
            24.795504799299106
          ],
          [
            121.01987081169511,
            24.795487824582633
          ],
          [
            121.01987753456056,
            24.795470759579548
          ],
          [
            121.01988425743858,
            24.795453784862403
          ],
          [
            121.01989098031477,
            24.795436810144935
          ],
          [
            121.01989770318909,
            24.795419835427108
          ],
          [
            121.01990442606164,
            24.79540286070894
          ],
          [
            121.01991114893234,
            24.795385885990456
          ],
          [
            121.01991396660831,
            24.795378789112434
          ],
          [
            121.01991787180118,
            24.79536891127161
          ],
          [
            121.01992459466824,
            24.795351936552443
          ],
          [
            121.01993131753343,
            24.795334961832925
          ],
          [
            121.01993804039682,
            24.795317987113084
          ],
          [
            121.0199420938633,
            24.795307603648514
          ],
          [
            121.01994426870192,
            24.795300831886184
          ],
          [
            121.01994970573239,
            24.795283496191885
          ],
          [
            121.01995514276133,
            24.795266160497334
          ],
          [
            121.01996057977435,
            24.795248734516253
          ],
          [
            121.01996601680027,
            24.795231398821233
          ],
          [
            121.01997155273017,
            24.79521406311278
          ],
          [
            121.01997698975306,
            24.795196727417277
          ],
          [
            121.01998242676,
            24.795179301435233
          ],
          [
            121.01998786377987,
            24.795161965739265
          ],
          [
            121.01999339970364,
            24.795144630029842
          ],
          [
            121.01999883672048,
            24.7951272943334
          ],
          [
            121.02000427373584,
            24.795109958636715
          ],
          [
            121.02000971073517,
            24.7950925326535
          ],
          [
            121.02001524665282,
            24.795075196943113
          ],
          [
            121.02002068366359,
            24.795057861245713
          ],
          [
            121.0200261206729,
            24.79504052554808
          ],
          [
            121.02003076684433,
            24.79502571797255
          ],
          [
            121.02003145876087,
            24.795023099577147
          ],
          [
            121.02003620340115,
            24.79500558339911
          ],
          [
            121.02004104694535,
            24.794988067207658
          ],
          [
            121.02004579158297,
            24.79497055102926
          ],
          [
            121.02005053621926,
            24.794953034850668
          ],
          [
            121.0200552808542,
            24.794935518671867
          ],
          [
            121.02006002548781,
            24.794918002492892
          ],
          [
            121.02006486901077,
            24.794900396014175
          ],
          [
            121.0200696136417,
            24.794882879834795
          ],
          [
            121.0200743582713,
            24.79486536365525
          ],
          [
            121.02007910289959,
            24.794847847475516
          ],
          [
            121.02008384752651,
            24.794830331295582
          ],
          [
            121.02008869105725,
            24.794812815102166
          ],
          [
            121.02009343568153,
            24.794795298921862
          ],
          [
            121.02009818030446,
            24.794777782741356
          ],
          [
            121.02010292492606,
            24.794760266560644
          ],
          [
            121.02010766953177,
            24.79474266009345
          ],
          [
            121.02011251305578,
            24.794725143899093
          ],
          [
            121.02011725767339,
            24.794707627717802
          ],
          [
            121.02012200228964,
            24.794690111536344
          ],
          [
            121.02012674690458,
            24.79467259535469
          ],
          [
            121.02013149151817,
            24.79465507917285
          ],
          [
            121.02013633503545,
            24.794637562977496
          ],
          [
            121.02014107964636,
            24.794620046795266
          ],
          [
            121.02014582425595,
            24.794602530612856
          ],
          [
            121.0201505688642,
            24.79458501443025
          ],
          [
            121.02015531345654,
            24.79456740796113
          ],
          [
            121.02016015696707,
            24.794549891764813
          ],
          [
            121.02016490157132,
            24.794532375581635
          ],
          [
            121.02016964617425,
            24.79451485939825
          ],
          [
            121.02017439077582,
            24.79449734321469
          ],
          [
            121.02017913537611,
            24.794479827030933
          ],
          [
            121.02018397887988,
            24.794462310833637
          ],
          [
            121.02018872347747,
            24.794444794649493
          ],
          [
            121.02019346807371,
            24.794427278465168
          ],
          [
            121.02019781728335,
            24.794411206914987
          ],
          [
            121.02019821265402,
            24.794409671994327
          ],
          [
            121.02020305616703,
            24.794392246082577
          ],
          [
            121.02020789966407,
            24.794374729884314
          ],
          [
            121.02020903640488,
            24.7943706307323
          ],
          [
            121.02021274315973,
            24.794357213685867
          ],
          [
            121.02021758665404,
            24.794339697487192
          ],
          [
            121.02021966245361,
            24.794332293729227
          ],
          [
            121.02022243014699,
            24.794322181288347
          ],
          [
            121.02022717473386,
            24.794304665102672
          ],
          [
            121.02023191931941,
            24.794287148916805
          ],
          [
            121.02023666388895,
            24.79426954244442
          ],
          [
            121.02024140847183,
            24.794252026258174
          ],
          [
            121.02024615305336,
            24.794234510071732
          ],
          [
            121.02025089763357,
            24.794216993885083
          ],
          [
            121.02025564221246,
            24.794199477698264
          ],
          [
            121.02026038678999,
            24.794181961511253
          ],
          [
            121.02026513136623,
            24.79416444532405
          ],
          [
            121.02026987592643,
            24.794146838850327
          ],
          [
            121.02027462049998,
            24.794129322662744
          ],
          [
            121.0202793650722,
            24.794111806474973
          ],
          [
            121.02028410964309,
            24.794094290286992
          ],
          [
            121.02028885421267,
            24.79407677409884
          ],
          [
            121.02029359878088,
            24.794059257910497
          ],
          [
            121.02029834334779,
            24.79404174172194
          ],
          [
            121.02030308789865,
            24.794024135246904
          ],
          [
            121.02030793136737,
            24.794006619044563
          ],
          [
            121.02031267593026,
            24.79398910285546
          ],
          [
            121.0203174204918,
            24.79397158666614
          ],
          [
            121.02032216505204,
            24.79395407047664
          ],
          [
            121.02032305463304,
            24.793950639475824
          ],
          [
            121.02032700851537,
            24.79393655427353
          ],
          [
            121.02033185197733,
            24.7939190380702
          ],
          [
            121.02033669543793,
            24.793901521866694
          ],
          [
            121.02034153889721,
            24.793884005662992
          ],
          [
            121.0203464812742,
            24.793866579731947
          ],
          [
            121.02035132473073,
            24.793849063527833
          ],
          [
            121.02035616818591,
            24.79383154732353
          ],
          [
            121.0203610116397,
            24.793814031119037
          ],
          [
            121.02036595399649,
            24.793796514900887
          ],
          [
            121.02037079744754,
            24.793778998695984
          ],
          [
            121.02037564089727,
            24.793761482490886
          ],
          [
            121.02038048436039,
            24.793744056571917
          ],
          [
            121.02038532780738,
            24.793726540366432
          ],
          [
            121.02039027015728,
            24.793709024147265
          ],
          [
            121.02039511360157,
            24.79369150794138
          ],
          [
            121.02039995704448,
            24.793673991735304
          ],
          [
            121.02040480048602,
            24.793656475529016
          ],
          [
            121.0204097428452,
            24.793639049595374
          ],
          [
            121.02041458628402,
            24.793621533388706
          ],
          [
            121.0204194297215,
            24.793604017181835
          ],
          [
            121.02042427315762,
            24.79358650097475
          ],
          [
            121.02042921549649,
            24.793568984753993
          ],
          [
            121.0204340589299,
            24.793551468546532
          ],
          [
            121.02043890236189,
            24.793533952338873
          ],
          [
            121.0204429550481,
            24.79351941568762
          ],
          [
            121.02044364688847,
            24.79351643614451
          ],
          [
            121.02044809468663,
            24.7934988297042
          ],
          [
            121.02045254249835,
            24.79348131355002
          ],
          [
            121.020456990294,
            24.79346370710935
          ],
          [
            121.02046133918437,
            24.793446100682036
          ],
          [
            121.02046578697752,
            24.79342849424101
          ],
          [
            121.02047023476946,
            24.793410887799833
          ],
          [
            121.02047458365611,
            24.793393281372012
          ],
          [
            121.02047903144552,
            24.793375674930477
          ],
          [
            121.02048347923369,
            24.793358068488782
          ],
          [
            121.02048782811664,
            24.79334046206044
          ],
          [
            121.02049226601191,
            24.793322855619756
          ],
          [
            121.02049672368673,
            24.793305249176193
          ],
          [
            121.0205011615795,
            24.793287642735148
          ],
          [
            121.0205055203479,
            24.793270036304797
          ],
          [
            121.02050995823818,
            24.793252429863404
          ],
          [
            121.02051441590949,
            24.793234832447794
          ],
          [
            121.02051876478377,
            24.793217226018278
          ],
          [
            121.02052321257557,
            24.793199709861344
          ],
          [
            121.02052766035125,
            24.793182103417937
          ],
          [
            121.02053200922182,
            24.7931644969879
          ],
          [
            121.020536456995,
            24.793146890544143
          ],
          [
            121.02054090476692,
            24.793129284100225
          ],
          [
            121.02054534263235,
            24.79311158737114
          ],
          [
            121.02055038385411,
            24.793094161418033
          ],
          [
            121.02055542507448,
            24.79307673546472
          ],
          [
            121.0205604761838,
            24.793059309509836
          ],
          [
            121.02056550749607,
            24.793041793271126
          ],
          [
            121.02057064761594,
            24.793024367303587
          ],
          [
            121.020575698721,
            24.793006941348075
          ],
          [
            121.02058073002904,
            24.79298942510875
          ],
          [
            121.0205857811313,
            24.792971999152815
          ],
          [
            121.02059081245145,
            24.792954573199374
          ],
          [
            121.0205959624396,
            24.79293705694309
          ],
          [
            121.02060099375689,
            24.79291963098924
          ],
          [
            121.02060603496317,
            24.792902205033826
          ],
          [
            121.02061107615306,
            24.79288468879188
          ],
          [
            121.02061612724687,
            24.79286726283466
          ],
          [
            121.02062126735245,
            24.792849836864992
          ],
          [
            121.02062630853814,
            24.79283232062241
          ],
          [
            121.02063134973733,
            24.792814894665945
          ],
          [
            121.02063639093511,
            24.792797468709267
          ],
          [
            121.02064143211656,
            24.792779952466034
          ],
          [
            121.02064656232467,
            24.792762526496666
          ],
          [
            121.02065161340857,
            24.792745100537996
          ],
          [
            121.02065665458576,
            24.79272758429415
          ],
          [
            121.02066168588615,
            24.792710158337783
          ],
          [
            121.02066672707548,
            24.792692732379837
          ],
          [
            121.02067186715186,
            24.792675216121694
          ],
          [
            121.02067691822869,
            24.79265779016198
          ],
          [
            121.02068195941378,
            24.792640364203407
          ],
          [
            121.0206870005825,
            24.792622847958302
          ],
          [
            121.02069203187442,
            24.792605422000666
          ],
          [
            121.02069718184899,
            24.792587996026427
          ],
          [
            121.02069766616086,
            24.792586099946476
          ],
          [
            121.02070202520675,
            24.79257047980805
          ],
          [
            121.02070695757615,
            24.79255296357716
          ],
          [
            121.02071189984949,
            24.792535537631025
          ],
          [
            121.02071674320315,
            24.792518021412032
          ],
          [
            121.02072168545872,
            24.79250050517917
          ],
          [
            121.02072662771295,
            24.7924829889461
          ],
          [
            121.0207314710775,
            24.792465563012858
          ],
          [
            121.02073641332895,
            24.792448046779374
          ],
          [
            121.02074135557902,
            24.792430530545698
          ],
          [
            121.02074619892446,
            24.792413014325522
          ],
          [
            121.0207511411868,
            24.79239558837778
          ],
          [
            121.0207560834327,
            24.79237807214348
          ],
          [
            121.02076092677407,
            24.792360555922716
          ],
          [
            121.02076586903227,
            24.79234312997437
          ],
          [
            121.02077081127405,
            24.79232561373948
          ],
          [
            121.0207756546113,
            24.792308097518102
          ],
          [
            121.02078059685033,
            24.792290581282813
          ],
          [
            121.020785539103,
            24.792273155333653
          ],
          [
            121.02079048133926,
            24.79225563909795
          ],
          [
            121.02079532467104,
            24.792238122875773
          ],
          [
            121.02080026690453,
            24.792220606639678
          ],
          [
            121.0208052091517,
            24.792203180689707
          ],
          [
            121.02081005247938,
            24.79218566446695
          ],
          [
            121.02081499470874,
            24.79216814823023
          ],
          [
            121.02081993693672,
            24.79215063199332
          ],
          [
            121.02082122189226,
            24.792145936925007
          ],
          [
            121.02082468135728,
            24.79213311578373
          ],
          [
            121.02082942577653,
            24.792115599573933
          ],
          [
            121.0208342690974,
            24.792098083350183
          ],
          [
            121.02083901351399,
            24.792080567140022
          ],
          [
            121.02084375792924,
            24.792063050929666
          ],
          [
            121.02084637724131,
            24.792053380897965
          ],
          [
            121.02084850234314,
            24.7920455347191
          ],
          [
            121.02085324675572,
            24.792028018508358
          ],
          [
            121.02085809006986,
            24.79201050228365
          ],
          [
            121.02086283447977,
            24.79199298607251
          ],
          [
            121.02086757888833,
            24.791975469861203
          ],
          [
            121.02087232328044,
            24.79195786336336
          ],
          [
            121.02087716658922,
            24.79194034713786
          ],
          [
            121.02088191099378,
            24.79192283092597
          ],
          [
            121.020886655397,
            24.79190531471389
          ],
          [
            121.0208913997989,
            24.791887798501623
          ],
          [
            121.02089614419947,
            24.791870282289146
          ],
          [
            121.02090098750149,
            24.791852766062686
          ],
          [
            121.02090573189939,
            24.79183524984985
          ],
          [
            121.02091047629597,
            24.791817733636805
          ],
          [
            121.0209152206912,
            24.791800217423575
          ],
          [
            121.02092005408238,
            24.79178261091138
          ],
          [
            121.02092480836522,
            24.791765094696387
          ],
          [
            121.02092955275644,
            24.791747578482568
          ],
          [
            121.02093429714633,
            24.791730062268577
          ],
          [
            121.02093904153489,
            24.7917125460544
          ],
          [
            121.02094388482479,
            24.791695029826176
          ],
          [
            121.02094862921066,
            24.79167751361161
          ],
          [
            121.02095337359523,
            24.79165999739686
          ],
          [
            121.02095811797845,
            24.79164248118191
          ],
          [
            121.02096296126295,
            24.791624964952906
          ],
          [
            121.02096770562834,
            24.791607358451238
          ],
          [
            121.02097245000753,
            24.791589842235716
          ],
          [
            121.02097719438542,
            24.791572326019992
          ],
          [
            121.02098193876198,
            24.79155480980409
          ],
          [
            121.02098678203973,
            24.79153729357413
          ],
          [
            121.02099152641361,
            24.79151977735785
          ],
          [
            121.02099627078617,
            24.79150226114136
          ],
          [
            121.0209975557284,
            24.791497566071133
          ],
          [
            121.02100101515737,
            24.791484744924695
          ],
          [
            121.02100585842973,
            24.79146722869395
          ],
          [
            121.0210106027983,
            24.79144971247689
          ],
          [
            121.02101533727526,
            24.791432196261034
          ],
          [
            121.02102018052835,
            24.791414589743372
          ],
          [
            121.02102492489288,
            24.79139707352573
          ],
          [
            121.02102966925608,
            24.791379557307923
          ],
          [
            121.0210345224106,
            24.791362041074628
          ],
          [
            121.02103926677113,
            24.791344524856427
          ],
          [
            121.02104401113033,
            24.79132700863802
          ],
          [
            121.0210488445003,
            24.79130949240692
          ],
          [
            121.02105358885682,
            24.791291976188152
          ],
          [
            121.02105833321203,
            24.79127445996917
          ],
          [
            121.0210631764682,
            24.791256943736094
          ],
          [
            121.0210679208207,
            24.791239427516746
          ],
          [
            121.02107266517191,
            24.79122191129721
          ],
          [
            121.02107740952175,
            24.791204395077465
          ],
          [
            121.02108225275727,
            24.791186788557273
          ],
          [
            121.02108699710445,
            24.79116927233715
          ],
          [
            121.02109174145029,
            24.791151756116832
          ],
          [
            121.02109658469703,
            24.7911342398824
          ],
          [
            121.02110132904019,
            24.79111672366171
          ],
          [
            121.02110607338204,
            24.791099207440833
          ],
          [
            121.02111091662474,
            24.791081691205804
          ],
          [
            121.0211156609639,
            24.79106417498454
          ],
          [
            121.02112040530173,
            24.791046658763083
          ],
          [
            121.02112524854034,
            24.79102914252747
          ],
          [
            121.02112999287553,
            24.791011626305625
          ],
          [
            121.02113473720935,
            24.790994110083602
          ],
          [
            121.02113958044393,
            24.79097659384741
          ],
          [
            121.0211443247598,
            24.790958987338634
          ],
          [
            121.0211490690896,
            24.790941471116035
          ],
          [
            121.02115391232016,
            24.790923954879265
          ],
          [
            121.0211586566473,
            24.79090643865627
          ],
          [
            121.02116310446618,
            24.790890096197607
          ],
          [
            121.02116340097311,
            24.790888922433084
          ],
          [
            121.02116835300714,
            24.7908714964667
          ],
          [
            121.02117328524403,
            24.790853980216554
          ],
          [
            121.02117822736977,
            24.790836463964787
          ],
          [
            121.02118307059213,
            24.79081894772683
          ],
          [
            121.02118801273043,
            24.790801521761033
          ],
          [
            121.02119295485201,
            24.79078400550868
          ],
          [
            121.02119789697223,
            24.790766489256107
          ],
          [
            121.02120274020446,
            24.790749063303707
          ],
          [
            121.02120768232191,
            24.790731547050747
          ],
          [
            121.02121262443795,
            24.790714030797588
          ],
          [
            121.02121756655265,
            24.7906965145442
          ],
          [
            121.02122240977944,
            24.790679088591006
          ],
          [
            121.02122735189135,
            24.790661572337232
          ],
          [
            121.02123229400186,
            24.790644056083266
          ],
          [
            121.02123723612637,
            24.790626630115423
          ],
          [
            121.02124207933235,
            24.79060911387508
          ],
          [
            121.02124702143874,
            24.7905915976205
          ],
          [
            121.02125196354373,
            24.790574081365722
          ],
          [
            121.02125690566275,
            24.790556655397076
          ],
          [
            121.02126174886322,
            24.790539139155936
          ],
          [
            121.0212666909641,
            24.790521622900542
          ],
          [
            121.02127163307897,
            24.790504196931305
          ],
          [
            121.02127657517707,
            24.7904866806755
          ],
          [
            121.02128141837208,
            24.79046916443356
          ],
          [
            121.02128636046743,
            24.790451648177363
          ],
          [
            121.02129130257677,
            24.790434222207313
          ],
          [
            121.02129624466934,
            24.7904167059507
          ],
          [
            121.02130108785889,
            24.790399189707962
          ],
          [
            121.02130602996411,
            24.790381763737322
          ],
          [
            121.02131097205253,
            24.790364247480102
          ],
          [
            121.02131591413956,
            24.790346731222673
          ],
          [
            121.02132075732366,
            24.790329214979142
          ],
          [
            121.02132569942336,
            24.790311789007685
          ],
          [
            121.02133064150627,
            24.79029427274967
          ],
          [
            121.02133558358778,
            24.790276756491426
          ],
          [
            121.02134052568336,
            24.790259330519355
          ],
          [
            121.02134536886061,
            24.790241814274825
          ],
          [
            121.02134546771576,
            24.790241543401656
          ],
          [
            121.02135031093798,
            24.790224298015996
          ],
          [
            121.0213553519309,
            24.790206872029223
          ],
          [
            121.02136029400548,
            24.79018935576996
          ],
          [
            121.02136523609413,
            24.790171929796877
          ],
          [
            121.02137017816597,
            24.790154413537234
          ],
          [
            121.02137381557608,
            24.790141790984507
          ],
          [
            121.02137521913782,
            24.790136897263267
          ],
          [
            121.02138016122234,
            24.79011947128955
          ],
          [
            121.02138510328997,
            24.790101955029293
          ],
          [
            121.02138878020037,
            24.79008899841092
          ],
          [
            121.02139004537172,
            24.790084529055196
          ],
          [
            121.02139498743661,
            24.790067012794527
          ],
          [
            121.02140002840146,
            24.790049496519508
          ],
          [
            121.02140467395785,
            24.79003313596629
          ],
          [
            121.02140497047904,
            24.790032070544793
          ],
          [
            121.02140991253977,
            24.79001455428351
          ],
          [
            121.02141485461458,
            24.789997128308396
          ],
          [
            121.02141989557384,
            24.789979612032564
          ],
          [
            121.02142483763038,
            24.789962095770658
          ],
          [
            121.02142977970105,
            24.789944669794924
          ],
          [
            121.02143472175483,
            24.78992715353263
          ],
          [
            121.02143966382275,
            24.78990972755649
          ],
          [
            121.02144470477498,
            24.789892211279607
          ],
          [
            121.02144964682458,
            24.78987469501669
          ],
          [
            121.02145458888833,
            24.789857269039945
          ],
          [
            121.02145953093518,
            24.789839752776633
          ],
          [
            121.02146457189734,
            24.78982232678529
          ],
          [
            121.02146951394138,
            24.789804810521556
          ],
          [
            121.02147445598406,
            24.789787294257632
          ],
          [
            121.0214793980409,
            24.789769868279862
          ],
          [
            121.0214843400808,
            24.789752352015533
          ],
          [
            121.02148938103599,
            24.789734926023144
          ],
          [
            121.02149432307465,
            24.78971741878704
          ],
          [
            121.02149926512595,
            24.78969999280845
          ],
          [
            121.0215042071603,
            24.789682476543305
          ],
          [
            121.02150924809432,
            24.78966496026373
          ],
          [
            121.02150944575631,
            24.789664147658012
          ],
          [
            121.02151399232383,
            24.7896474440266
          ],
          [
            121.02151873655198,
            24.789629927789278
          ],
          [
            121.02152348077882,
            24.78961241155175
          ],
          [
            121.02152822500433,
            24.78959489531405
          ],
          [
            121.02153296922853,
            24.789577379076164
          ],
          [
            121.02153771345137,
            24.78955986283808
          ],
          [
            121.0215424576573,
            24.789542256313432
          ],
          [
            121.02154720187748,
            24.78952474007496
          ],
          [
            121.02155204499728,
            24.78950722382207
          ],
          [
            121.02155678921477,
            24.789489707583208
          ],
          [
            121.02156153343097,
            24.78947219134417
          ],
          [
            121.02156627764579,
            24.78945467510495
          ],
          [
            121.02157102185933,
            24.78943715886553
          ],
          [
            121.02157576607152,
            24.789419642625898
          ],
          [
            121.02158051026676,
            24.789402036099737
          ],
          [
            121.02158525447629,
            24.78938451985975
          ],
          [
            121.02158999868448,
            24.789367003619553
          ],
          [
            121.02159474289134,
            24.789349487379187
          ],
          [
            121.02159948709688,
            24.789331971138626
          ],
          [
            121.02160433020187,
            24.78931445488358
          ],
          [
            121.02160907440471,
            24.789296938642643
          ],
          [
            121.0216138185906,
            24.789279332115136
          ],
          [
            121.02161856279079,
            24.789261815873797
          ],
          [
            121.02162330698967,
            24.789244299632273
          ],
          [
            121.0216280511872,
            24.789226783390568
          ],
          [
            121.02163279538338,
            24.78920926714867
          ],
          [
            121.02163753957826,
            24.789191750906568
          ],
          [
            121.02164169075944,
            24.789176491909366
          ],
          [
            121.02164228377183,
            24.789174234664294
          ],
          [
            121.0216469290477,
            24.789156628149758
          ],
          [
            121.02165167323861,
            24.78913911190708
          ],
          [
            121.02165631852755,
            24.789121595678548
          ],
          [
            121.02166096379952,
            24.789103989163458
          ],
          [
            121.02166560908586,
            24.78908647293453
          ],
          [
            121.02167035327147,
            24.789068956691125
          ],
          [
            121.0216749985395,
            24.78905135017547
          ],
          [
            121.02167964382193,
            24.789033833945993
          ],
          [
            121.02168428910302,
            24.78901631771635
          ],
          [
            121.02168893436713,
            24.788998711200147
          ],
          [
            121.02169367854613,
            24.7889811949558
          ],
          [
            121.02169832382332,
            24.78896367872558
          ],
          [
            121.0217029690835,
            24.788946072208823
          ],
          [
            121.02170761435806,
            24.78892855597825
          ],
          [
            121.0217123585318,
            24.788911039733133
          ],
          [
            121.02171700378804,
            24.788893433215815
          ],
          [
            121.0217216490587,
            24.78887591698469
          ],
          [
            121.02172629431233,
            24.788858310466992
          ],
          [
            121.02173103848075,
            24.788840794221137
          ],
          [
            121.0217356837475,
            24.788823277989447
          ],
          [
            121.02174032899717,
            24.78880567147119
          ],
          [
            121.02174497426128,
            24.788788155239143
          ],
          [
            121.02174961952412,
            24.788770639006902
          ],
          [
            121.02175436367021,
            24.788753032473718
          ],
          [
            121.0217590089304,
            24.78873551624111
          ],
          [
            121.02176365418929,
            24.788718000008316
          ],
          [
            121.02176829943113,
            24.78870039348895
          ],
          [
            121.02177304358766,
            24.788682877241403
          ],
          [
            121.0217758109513,
            24.788672313332466
          ],
          [
            121.02177778774289,
            24.788665360993672
          ],
          [
            121.02178272969726,
            24.788647844716944
          ],
          [
            121.02178777056623,
            24.78863041871201
          ],
          [
            121.02179271251782,
            24.78861290243489
          ],
          [
            121.021797753384,
            24.788595476429546
          ],
          [
            121.02180269533282,
            24.78857796015201
          ],
          [
            121.0218077361962,
            24.788560534146235
          ],
          [
            121.02181267814221,
            24.788543017868292
          ],
          [
            121.02181762010264,
            24.78852559187653
          ],
          [
            121.02182266094604,
            24.788508075583763
          ],
          [
            121.02182760290368,
            24.788490649591594
          ],
          [
            121.02183264374426,
            24.7884731332984
          ],
          [
            121.02183758569913,
            24.788455707305815
          ],
          [
            121.0218426265369,
            24.788438191012226
          ],
          [
            121.02184756847319,
            24.78842067473285
          ],
          [
            121.02185251042391,
            24.788403248739638
          ],
          [
            121.02185755125747,
            24.788385732445427
          ],
          [
            121.02186249320542,
            24.78836830645182
          ],
          [
            121.02186753403616,
            24.788350790157185
          ],
          [
            121.02187247598133,
            24.788333364163176
          ],
          [
            121.02187751680927,
            24.788315847868116
          ],
          [
            121.02188245875168,
            24.78829842187369
          ],
          [
            121.02188749957678,
            24.788280905578226
          ],
          [
            121.02189244151641,
            24.788263479583396
          ],
          [
            121.02189738343881,
            24.788245963301964
          ],
          [
            121.02190242427558,
            24.788228537292255
          ],
          [
            121.02190736619518,
            24.788211021010433
          ],
          [
            121.0219124070133,
            24.78819350471393
          ],
          [
            121.02191734894598,
            24.788176078718063
          ],
          [
            121.0219223897613,
            24.78815856242115
          ],
          [
            121.0219273316912,
            24.788141136424883
          ],
          [
            121.02193227360387,
            24.788123620142045
          ],
          [
            121.02193731443083,
            24.788106194130886
          ],
          [
            121.02194225634072,
            24.788088677847615
          ],
          [
            121.02194729716487,
            24.788071251836033
          ],
          [
            121.02194828552734,
            24.788067640235656
          ],
          [
            121.02195204127244,
            24.78805373558137
          ],
          [
            121.02195668646301,
            24.788036129054635
          ],
          [
            121.0219613316682,
            24.788018612814113
          ],
          [
            121.0219660757718,
            24.78800109655889
          ],
          [
            121.02197072095845,
            24.787983490031607
          ],
          [
            121.02197546505938,
            24.78796597377599
          ],
          [
            121.02198011025932,
            24.787948457534718
          ],
          [
            121.02198475544202,
            24.78793085100688
          ],
          [
            121.02198949953902,
            24.78791333475071
          ],
          [
            121.021994144735,
            24.787895818508876
          ],
          [
            121.0219987899138,
            24.787878211980484
          ],
          [
            121.02200353400683,
            24.787860695723733
          ],
          [
            121.02200817919889,
            24.787843179481357
          ],
          [
            121.02201292328927,
            24.78782566322425
          ],
          [
            121.02201756846279,
            24.787808056695088
          ],
          [
            121.02202221365094,
            24.787790540452153
          ],
          [
            121.02202695773735,
            24.787773024194482
          ],
          [
            121.02203160290694,
            24.787755417664773
          ],
          [
            121.02203624809117,
            24.787737901421284
          ],
          [
            121.0220409921736,
            24.78772038516304
          ],
          [
            121.02204277116827,
            24.787713613421772
          ],
          [
            121.02204583515419,
            24.787702868890044
          ],
          [
            121.02205077703292,
            24.78768535260227
          ],
          [
            121.02205571891022,
            24.787667836314306
          ],
          [
            121.02206066080215,
            24.787650410312533
          ],
          [
            121.02206560267669,
            24.78763289402416
          ],
          [
            121.02207044565046,
            24.78761537775015
          ],
          [
            121.02207538753824,
            24.787597951747774
          ],
          [
            121.02208032940865,
            24.787580435458796
          ],
          [
            121.02208527127767,
            24.78756291916962
          ],
          [
            121.0220902131613,
            24.78754549316661
          ],
          [
            121.02209515502759,
            24.787527976877026
          ],
          [
            121.02210009690685,
            24.78751054184499
          ],
          [
            121.02210503877195,
            24.78749303458364
          ],
          [
            121.02210998063406,
            24.78747551829343
          ],
          [
            121.0221149225108,
            24.787458092289427
          ],
          [
            121.02211986437014,
            24.787440575998822
          ],
          [
            121.0221248062281,
            24.787423059708022
          ],
          [
            121.02212974810068,
            24.78740563370341
          ],
          [
            121.02213468995589,
            24.78738811741219
          ],
          [
            121.02213963180967,
            24.787370601120777
          ],
          [
            121.02214457367813,
            24.78735317511555
          ],
          [
            121.02214951552916,
            24.787335658823732
          ],
          [
            121.02215435847963,
            24.787318142546336
          ],
          [
            121.02215930034394,
            24.787300716540507
          ],
          [
            121.02216424219083,
            24.787283200248076
          ],
          [
            121.02216918403634,
            24.78726568395545
          ],
          [
            121.02217412589651,
            24.787248257949
          ],
          [
            121.02217906773927,
            24.787230741655964
          ],
          [
            121.02218399969071,
            24.7872132253642
          ],
          [
            121.0221859863264,
            24.787206273017222
          ],
          [
            121.02218885252151,
            24.787195709083953
          ],
          [
            121.02219359656196,
            24.787178192819624
          ],
          [
            121.02219843950013,
            24.787160676540452
          ],
          [
            121.02220318353791,
            24.787143160275754
          ],
          [
            121.02220792757434,
            24.787125644010846
          ],
          [
            121.022208174658,
            24.78712472305293
          ],
          [
            121.02221277050847,
            24.78710812773109
          ],
          [
            121.02221751454226,
            24.78709061146582
          ],
          [
            121.0222222585747,
            24.78707309520036
          ],
          [
            121.02222710150478,
            24.787055578920008
          ],
          [
            121.02223184553455,
            24.787038062654158
          ],
          [
            121.022236589563,
            24.787020546388117
          ],
          [
            121.02224143248904,
            24.787003030107183
          ],
          [
            121.0222461764987,
            24.78698542355437
          ],
          [
            121.02225092052313,
            24.786967907287757
          ],
          [
            121.02225576344512,
            24.78695039100623
          ],
          [
            121.02225882729736,
            24.786939104750683
          ],
          [
            121.022260408568,
            24.78693287475394
          ],
          [
            121.0222649547746,
            24.786915268229787
          ],
          [
            121.02226950099603,
            24.786897751991848
          ],
          [
            121.02227404720006,
            24.786880145467304
          ],
          [
            121.0222785934028,
            24.786862538942607
          ],
          [
            121.02228313962043,
            24.78684502270412
          ],
          [
            121.0222876858206,
            24.78682741617907
          ],
          [
            121.02229223201951,
            24.786809809653832
          ],
          [
            121.02229676834341,
            24.78679229341628
          ],
          [
            121.02230132442962,
            24.786774686889213
          ],
          [
            121.02230587064085,
            24.78675717064985
          ],
          [
            121.02231041683464,
            24.786739564123888
          ],
          [
            121.0223149531373,
            24.78672195759924
          ],
          [
            121.02231949934628,
            24.786704450387973
          ],
          [
            121.02232020100858,
            24.78670155208982
          ],
          [
            121.02232415432479,
            24.78668684384526
          ],
          [
            121.02232898733577,
            24.786669327562212
          ],
          [
            121.02233373133659,
            24.786651811292256
          ],
          [
            121.02233847533607,
            24.786634295022097
          ],
          [
            121.02234321933423,
            24.786616778751753
          ],
          [
            121.02234796333106,
            24.78659926248122
          ],
          [
            121.02235280622516,
            24.786581746195715
          ],
          [
            121.0223575502177,
            24.78656422089616
          ],
          [
            121.02236229421213,
            24.7865467136537
          ],
          [
            121.02236703818583,
            24.78652909806736
          ],
          [
            121.0223717821776,
            24.7865115908245
          ],
          [
            121.02237662506498,
            24.78649407453804
          ],
          [
            121.02238136905245,
            24.786476558266173
          ],
          [
            121.02238611303862,
            24.7864590419941
          ],
          [
            121.02239085702182,
            24.786441516693206
          ],
          [
            121.02239560100693,
            24.786424009449412
          ],
          [
            121.02240044388758,
            24.78640649316198
          ],
          [
            121.02240518786839,
            24.786388976889135
          ],
          [
            121.02240775750926,
            24.786379406145418
          ],
          [
            121.02240993184625,
            24.786371451587485
          ],
          [
            121.02241487362288,
            24.786353944313305
          ],
          [
            121.02241971649649,
            24.786336418996434
          ],
          [
            121.02242456926177,
            24.786318911735183
          ],
          [
            121.02242940224284,
            24.78630138641942
          ],
          [
            121.02243424511559,
            24.786283879159253
          ],
          [
            121.02243908798536,
            24.786266362870236
          ],
          [
            121.02244393085218,
            24.786248837552396
          ],
          [
            121.02244877373708,
            24.786231420578055
          ],
          [
            121.0224536166012,
            24.786213895259827
          ],
          [
            121.02245845946716,
            24.786196387998668
          ],
          [
            121.02246340122845,
            24.786178871693842
          ],
          [
            121.02246824409006,
            24.78616135540366
          ],
          [
            121.02247308695033,
            24.786143839113265
          ],
          [
            121.02247792980761,
            24.786126313794046
          ],
          [
            121.02248277266678,
            24.786108806531917
          ],
          [
            121.02248761553925,
            24.78609138052736
          ],
          [
            121.02249245839243,
            24.786073855207544
          ],
          [
            121.02249730124757,
            24.78605634794481
          ],
          [
            121.02250214409969,
            24.78603883165325
          ],
          [
            121.02250708584698,
            24.786021306317988
          ],
          [
            121.02251192869637,
            24.78600379002601
          ],
          [
            121.02251677154604,
            24.7859862827625
          ],
          [
            121.0225216143927,
            24.785968766470155
          ],
          [
            121.02252645725432,
            24.785951340464013
          ],
          [
            121.0225313000983,
            24.785933824171252
          ],
          [
            121.02253614293927,
            24.785916298849678
          ],
          [
            121.02253900912574,
            24.785906014795792
          ],
          [
            121.02254068907001,
            24.785898692314806
          ],
          [
            121.022544938507,
            24.785881094853064
          ],
          [
            121.02254908902678,
            24.78586339809102
          ],
          [
            121.02255323956172,
            24.785845791615213
          ],
          [
            121.02255739007914,
            24.785828094852857
          ],
          [
            121.02256163950973,
            24.785810488361836
          ],
          [
            121.02256470297982,
            24.785797396370132
          ],
          [
            121.02256608673345,
            24.785792872812216
          ],
          [
            121.02257122627758,
            24.785775455788148
          ],
          [
            121.02257636581861,
            24.785758029735224
          ],
          [
            121.02258150535823,
            24.785740603682086
          ],
          [
            121.02258664489642,
            24.78572317762871
          ],
          [
            121.02259178443317,
            24.785705751575136
          ],
          [
            121.02259702285004,
            24.785688235220007
          ],
          [
            121.02260216238228,
            24.785670800137357
          ],
          [
            121.02260730191472,
            24.785653374083136
          ],
          [
            121.02261244144573,
            24.785635948028695
          ],
          [
            121.02261758097528,
            24.78561852197402
          ],
          [
            121.02262281940288,
            24.785601104932844
          ],
          [
            121.02262795892956,
            24.78558367887776
          ],
          [
            121.02263309845482,
            24.78556625282245
          ],
          [
            121.02263823797864,
            24.78554882676692
          ],
          [
            121.02264337749939,
            24.785531391682532
          ],
          [
            121.02264851702033,
            24.785513965626567
          ],
          [
            121.0226537554376,
            24.785496539555428
          ],
          [
            121.02265889495568,
            24.785479113499044
          ],
          [
            121.02265988331149,
            24.785475691494202
          ],
          [
            121.02266373776439,
            24.78546160622958
          ],
          [
            121.02266858057015,
            24.785444089931254
          ],
          [
            121.02267332447684,
            24.785426573647744
          ],
          [
            121.02267816727823,
            24.7854090483204
          ],
          [
            121.02268291118224,
            24.7853915320365
          ],
          [
            121.02268775398421,
            24.785374024766046
          ],
          [
            121.02269249788394,
            24.78535649945312
          ],
          [
            121.02269734068156,
            24.785338983153643
          ],
          [
            121.02270208458023,
            24.78532146686897
          ],
          [
            121.02270692737682,
            24.785303959597737
          ],
          [
            121.02271167127117,
            24.78528643428404
          ],
          [
            121.02271651406339,
            24.785268917983785
          ],
          [
            121.02272125795672,
            24.78525140169833
          ],
          [
            121.0227261007479,
            24.785233894426334
          ],
          [
            121.02273094351797,
            24.78521627881043
          ],
          [
            121.02273568740728,
            24.7851987625244
          ],
          [
            121.02274053019273,
            24.78518124622317
          ],
          [
            121.02274527407936,
            24.78516372993677
          ],
          [
            121.02275011686214,
            24.785146213635155
          ],
          [
            121.02275486074609,
            24.78512869734835
          ],
          [
            121.02275970352615,
            24.78511118104634
          ],
          [
            121.02276444740743,
            24.78509366475917
          ],
          [
            121.02276929018478,
            24.78507614845677
          ],
          [
            121.02277403406339,
            24.78505863216921
          ],
          [
            121.02277887683806,
            24.785041115866417
          ],
          [
            121.022783620714,
            24.785023599578476
          ],
          [
            121.02278836465455,
            24.78500644443603
          ],
          [
            121.02278846348597,
            24.78500608327528
          ],
          [
            121.02279478980077,
            24.784989027206798
          ],
          [
            121.02280101719671,
            24.784971862809343
          ],
          [
            121.02280734349156,
            24.784954716453814
          ],
          [
            121.0228135709006,
            24.78493764234219
          ],
          [
            121.02281979829304,
            24.784920486972496
          ],
          [
            121.02282612458106,
            24.784903331587422
          ],
          [
            121.02283235198826,
            24.784886275532184
          ],
          [
            121.02283867827117,
            24.784869111117857
          ],
          [
            121.02284490565677,
            24.784851955746976
          ],
          [
            121.02285124184412,
            24.784834890645584
          ],
          [
            121.02285745933658,
            24.784817735275595
          ],
          [
            121.02286379550392,
            24.784800579887193
          ],
          [
            121.02287002289921,
            24.784783514801532
          ],
          [
            121.02287624038651,
            24.78476635943065
          ],
          [
            121.02288256666063,
            24.78474921307149
          ],
          [
            121.02288879404914,
            24.78473213895628
          ],
          [
            121.02289512031813,
            24.78471498356788
          ],
          [
            121.02290135757801,
            24.784697828192776
          ],
          [
            121.0229076739704,
            24.784680763091696
          ],
          [
            121.02291391122685,
            24.78466360771599
          ],
          [
            121.02292013859186,
            24.78464645234151
          ],
          [
            121.02292379597534,
            24.784636610560916
          ],
          [
            121.02292705828432,
            24.784629567719996
          ],
          [
            121.02293485820833,
            24.78461295382256
          ],
          [
            121.02294257901269,
            24.78459633993681
          ],
          [
            121.02295028003556,
            24.784579726053654
          ],
          [
            121.02295809973278,
            24.78456311215187
          ],
          [
            121.02296580075156,
            24.784546498267858
          ],
          [
            121.02297362044462,
            24.784529884365185
          ],
          [
            121.02298132145928,
            24.78451327048028
          ],
          [
            121.02298903236158,
            24.78449665659344
          ],
          [
            121.02299685204844,
            24.784480042689456
          ],
          [
            121.02300455305694,
            24.784463428803264
          ],
          [
            121.02301227384274,
            24.784446814913593
          ],
          [
            121.02302008363371,
            24.78443020100981
          ],
          [
            121.0230277945257,
            24.784413587120795
          ],
          [
            121.02303560431254,
            24.784396973216133
          ],
          [
            121.02304331520043,
            24.78438035932625
          ],
          [
            121.02305101619659,
            24.784363745437457
          ],
          [
            121.02305882597722,
            24.78434713153148
          ],
          [
            121.02306654674861,
            24.784330517638768
          ],
          [
            121.02307425762828,
            24.784313903747126
          ],
          [
            121.02307849863125,
            24.784304874450267
          ],
          [
            121.02308305645411,
            24.784297741119502
          ],
          [
            121.02309304213927,
            24.784282120026838
          ],
          [
            121.02310302783862,
            24.78426658921992
          ],
          [
            121.02311301351878,
            24.78425096812586
          ],
          [
            121.0231229002997,
            24.784235347046383
          ],
          [
            121.02313288597485,
            24.784219725950937
          ],
          [
            121.02314287166428,
            24.78420419514124
          ],
          [
            121.02315284744478,
            24.784188574045928
          ],
          [
            121.02316283311247,
            24.7841729529484
          ],
          [
            121.02317282868408,
            24.784157422135078
          ],
          [
            121.02318281434677,
            24.784141801036153
          ],
          [
            121.0231927011103,
            24.784126179951848
          ],
          [
            121.023202686768,
            24.78411055885153
          ],
          [
            121.02321267244,
            24.784095028036965
          ],
          [
            121.0232226580927,
            24.784079406935255
          ],
          [
            121.02323263385328,
            24.784063785834384
          ],
          [
            121.02324262940748,
            24.78404825501618
          ],
          [
            121.02325250626646,
            24.784032633929293
          ],
          [
            121.02325301050442,
            24.784031911559495
          ],
          [
            121.02326398539887,
            24.784017825170654
          ],
          [
            121.02327545465575,
            24.784003106699068
          ],
          [
            121.02328692392678,
            24.783988478513034
          ],
          [
            121.02329829428173,
            24.783973760055037
          ],
          [
            121.0233097635305,
            24.783959041580765
          ],
          [
            121.02332123277658,
            24.78394432310557
          ],
          [
            121.02333270201997,
            24.783929604629485
          ],
          [
            121.02334417126063,
            24.78391488615248
          ],
          [
            121.02335564049861,
            24.78390016767458
          ],
          [
            121.02336710973385,
            24.783885449195765
          ],
          [
            121.02337857896642,
            24.783870730716067
          ],
          [
            121.02339004819626,
            24.783856012235436
          ],
          [
            121.0234015174251,
            24.78384130278255
          ],
          [
            121.02341298664787,
            24.78382657527148
          ],
          [
            121.0234244558696,
            24.783811856788134
          ],
          [
            121.02343592508862,
            24.7837971383039
          ],
          [
            121.02344739430497,
            24.783782419818742
          ],
          [
            121.02345886351857,
            24.7837677013327
          ],
          [
            121.02347033272949,
            24.783752982845737
          ],
          [
            121.02348170304136,
            24.783738264373373
          ],
          [
            121.023487734274,
            24.783730589080037
          ],
          [
            121.02349386460621,
            24.783723997208174
          ],
          [
            121.02350671854462,
            24.783710271651856
          ],
          [
            121.0235195724802,
            24.783696546094426
          ],
          [
            121.02353242641294,
            24.783682820535873
          ],
          [
            121.02354528034287,
            24.783669094976187
          ],
          [
            121.02355813426999,
            24.78365536941536
          ],
          [
            121.02357098819424,
            24.783641643853425
          ],
          [
            121.02358384211568,
            24.783627918290367
          ],
          [
            121.02359669603432,
            24.78361419272618
          ],
          [
            121.0236095499501,
            24.783600467160845
          ],
          [
            121.02362240386307,
            24.7835867415944
          ],
          [
            121.0236352577732,
            24.78357301602684
          ],
          [
            121.0236481116805,
            24.78355929045814
          ],
          [
            121.02366096558498,
            24.783545564888303
          ],
          [
            121.02367381948663,
            24.783531839317355
          ],
          [
            121.02368667338546,
            24.783518113745277
          ],
          [
            121.02369952728147,
            24.78350438817208
          ],
          [
            121.02371238119177,
            24.783490752884184
          ],
          [
            121.02372523508213,
            24.783477027308717
          ],
          [
            121.02373808896965,
            24.783463301732134
          ],
          [
            121.02374659230142,
            24.783454181453056
          ],
          [
            121.02375133849038,
            24.783449846950983
          ],
          [
            121.02376547822797,
            24.7834372046053
          ],
          [
            121.02377951906661,
            24.783424562273986
          ],
          [
            121.02379365878129,
            24.78341182963917
          ],
          [
            121.0238076996142,
            24.783399187305164
          ],
          [
            121.02382174042705,
            24.783386454683377
          ],
          [
            121.02383588015034,
            24.783373812330957
          ],
          [
            121.0238499209747,
            24.78336116999293
          ],
          [
            121.023864060675,
            24.783348437351364
          ],
          [
            121.02387810149365,
            24.783335795010675
          ],
          [
            121.02389224118821,
            24.783323062366406
          ],
          [
            121.02390628200116,
            24.783310420023017
          ],
          [
            121.02392042170726,
            24.783297777662494
          ],
          [
            121.0239344624972,
            24.78328504502998
          ],
          [
            121.02394850330157,
            24.783272402682577
          ],
          [
            121.0239602698946,
            24.783261837286023
          ],
          [
            121.0239628408257,
            24.783259940859246
          ],
          [
            121.02397816749738,
            24.783248472026987
          ],
          [
            121.02399339527032,
            24.78323700320897
          ],
          [
            121.02400872195375,
            24.783225624659988
          ],
          [
            121.02402404861701,
            24.78321415582299
          ],
          [
            121.02403927638152,
            24.78320268700028
          ],
          [
            121.02405460303915,
            24.783191218160116
          ],
          [
            121.02406992971136,
            24.783179839604788
          ],
          [
            121.02408525636336,
            24.783168370761455
          ],
          [
            121.02410048411666,
            24.783156901932465
          ],
          [
            121.02411581076305,
            24.78314543308597
          ],
          [
            121.02413113742406,
            24.783134054524336
          ],
          [
            121.02414646406483,
            24.783122585674658
          ],
          [
            121.0241616918069,
            24.783111116839372
          ],
          [
            121.02417701844203,
            24.783099647986557
          ],
          [
            121.02419234509182,
            24.7830882694186
          ],
          [
            121.0242075728255,
            24.783076800578584
          ],
          [
            121.02422280057391,
            24.783065422023462
          ],
          [
            121.02423911636629,
            24.78305503644155
          ],
          [
            121.02425533327774,
            24.783044741160293
          ],
          [
            121.02427155016893,
            24.783034355590825
          ],
          [
            121.02428786597078,
            24.783024060289986
          ],
          [
            121.02430408287417,
            24.78301376500343
          ],
          [
            121.02432029975724,
            24.78300337942865
          ],
          [
            121.02433651665528,
            24.782993084138536
          ],
          [
            121.0243527335506,
            24.782982788846677
          ],
          [
            121.02436895042564,
            24.782972403266587
          ],
          [
            121.02438516731561,
            24.782962107971166
          ],
          [
            121.02440138418525,
            24.782951722387537
          ],
          [
            121.02441760106986,
            24.7829414270886
          ],
          [
            121.0244338179518,
            24.782931131787873
          ],
          [
            121.02445003481336,
            24.782920746198947
          ],
          [
            121.02446625168992,
            24.78291045089468
          ],
          [
            121.02447139362842,
            24.782907199742205
          ],
          [
            121.02448306209732,
            24.78290096806964
          ],
          [
            121.02450016926012,
            24.78289184633993
          ],
          [
            121.024517177507,
            24.782882634337987
          ],
          [
            121.02453428466478,
            24.782873512604358
          ],
          [
            121.02455129292439,
            24.782864390884978
          ],
          [
            121.02456840007716,
            24.78285526914743
          ],
          [
            121.02458550722744,
            24.782846147407923
          ],
          [
            121.0246025154796,
            24.782837025682696
          ],
          [
            121.02461962262487,
            24.782827903939268
          ],
          [
            121.02463663087204,
            24.782818782210146
          ],
          [
            121.02465373801233,
            24.782809660462803
          ],
          [
            121.02467074623665,
            24.782800448443336
          ],
          [
            121.02468785337194,
            24.782791326692074
          ],
          [
            121.02470486160911,
            24.782782204955165
          ],
          [
            121.0247219687394,
            24.782773083199988
          ],
          [
            121.02472889069652,
            24.782769380312438
          ],
          [
            121.02473957052405,
            24.782764864225612
          ],
          [
            121.02475746911844,
            24.782757277205214
          ],
          [
            121.02477546660626,
            24.782749690166312
          ],
          [
            121.02479336519633,
            24.782742103141615
          ],
          [
            121.02481136267974,
            24.78273451609839
          ],
          [
            121.02482926126544,
            24.782726929069387
          ],
          [
            121.0248472587445,
            24.782719342021835
          ],
          [
            121.02486515732583,
            24.782711754988515
          ],
          [
            121.02488315480052,
            24.782704167936625
          ],
          [
            121.02490105337749,
            24.782696580899024
          ],
          [
            121.0249190508478,
            24.782688993842815
          ],
          [
            121.02493694942038,
            24.782681406800904
          ],
          [
            121.02495494688633,
            24.78267381974037
          ],
          [
            121.02497284545456,
            24.782666232694154
          ],
          [
            121.02499084291614,
            24.782658645629297
          ],
          [
            121.02500874148,
            24.782651058578775
          ],
          [
            121.02502357455346,
            24.782644826335268
          ],
          [
            121.0250268378689,
            24.782643652065943
          ],
          [
            121.02504503324168,
            24.782636696966623
          ],
          [
            121.02506332752607,
            24.782629832134976
          ],
          [
            121.02508162179026,
            24.782622877014624
          ],
          [
            121.02509991607063,
            24.7826160121785
          ],
          [
            121.02511821033076,
            24.782609057053694
          ],
          [
            121.0251364057116,
            24.782602192229685
          ],
          [
            121.0251546999677,
            24.782595237100406
          ],
          [
            121.02517299423994,
            24.78258837225533
          ],
          [
            121.02519128849195,
            24.782581417121552
          ],
          [
            121.02520958276017,
            24.782574552272
          ],
          [
            121.0252277781127,
            24.782567597150415
          ],
          [
            121.02524607237686,
            24.782560732296396
          ],
          [
            121.02526110332818,
            24.78255504171462
          ],
          [
            121.025264465571,
            24.782554047996342
          ],
          [
            121.02528335349626,
            24.782548627620802
          ],
          [
            121.02530224141988,
            24.78254320724288
          ],
          [
            121.02532103044646,
            24.782537786879285
          ],
          [
            121.02533991836681,
            24.782532366496607
          ],
          [
            121.02535880626715,
            24.782526855825097
          ],
          [
            121.02537759528882,
            24.782521435454406
          ],
          [
            121.0253964832042,
            24.782516015064573
          ],
          [
            121.02541537111797,
            24.78251059467236
          ],
          [
            121.02543425903009,
            24.782505174277762
          ],
          [
            121.02545304802679,
            24.782499663611155
          ],
          [
            121.02547193593563,
            24.78249424321178
          ],
          [
            121.0254908238428,
            24.78248882281005
          ],
          [
            121.02550971174833,
            24.782483402405916
          ],
          [
            121.02552850075689,
            24.78247798201627
          ],
          [
            121.02553532412936,
            24.782475994550726
          ],
          [
            121.02554748759145,
            24.782472742163417
          ],
          [
            121.02556647444291,
            24.782467592594593
          ],
          [
            121.025585362416,
            24.782462533326708
          ],
          [
            121.02560434926248,
            24.782457374724448
          ],
          [
            121.02562333612781,
            24.782452315434853
          ],
          [
            121.02562392946268,
            24.7824521347604
          ],
          [
            121.02564261991873,
            24.78244842981589
          ],
          [
            121.02566200260378,
            24.782444544177487
          ],
          [
            121.02568128639231,
            24.78244065855353
          ],
          [
            121.02570057017961,
            24.7824367729271
          ],
          [
            121.02571995286102,
            24.782432887281196
          ],
          [
            121.02573923666456,
            24.78242909193623
          ],
          [
            121.02575861934359,
            24.78242520628532
          ],
          [
            121.02577790312608,
            24.782421320648925
          ],
          [
            121.02579718690741,
            24.782417435010046
          ],
          [
            121.02581656960146,
            24.782413639638076
          ],
          [
            121.0258358533804,
            24.7824097539942
          ],
          [
            121.02585513715809,
            24.782405868347855
          ],
          [
            121.02587451982988,
            24.782401982681936
          ],
          [
            121.02588688123501,
            24.782399542810904
          ],
          [
            121.02589390257542,
            24.782398458159296
          ],
          [
            121.0259133842901,
            24.782395294762843
          ],
          [
            121.02593286600381,
            24.78239213136385
          ],
          [
            121.02595234773531,
            24.782389058248768
          ],
          [
            121.02597182944706,
            24.782385894844705
          ],
          [
            121.02599131115781,
            24.782382731438094
          ],
          [
            121.02601079288638,
            24.782379658315406
          ],
          [
            121.02603027459517,
            24.782376494903733
          ],
          [
            121.02604975632181,
            24.78237342177598
          ],
          [
            121.02606923802865,
            24.782370258359244
          ],
          [
            121.02608871973446,
            24.78236709493996
          ],
          [
            121.0261082014582,
            24.7823640218046
          ],
          [
            121.02612768316206,
            24.782360858380233
          ],
          [
            121.02614716486492,
            24.782357694953355
          ],
          [
            121.02616664658576,
            24.782354621810384
          ],
          [
            121.02618059034228,
            24.78235236221145
          ],
          [
            121.02618612832455,
            24.782351638951326
          ],
          [
            121.02620570901453,
            24.782348926931785
          ],
          [
            121.02622519082742,
            24.782346305213448
          ],
          [
            121.0262447715157,
            24.7823435931888
          ],
          [
            121.02626435222217,
            24.782340971448022
          ],
          [
            121.02628393290875,
            24.782338259418232
          ],
          [
            121.02630351361354,
            24.782335637672354
          ],
          [
            121.02632299540322,
            24.782332925654828
          ],
          [
            121.02634257610636,
            24.782330303903837
          ],
          [
            121.02636215678956,
            24.78232759186382
          ],
          [
            121.02638173749104,
            24.782324970107705
          ],
          [
            121.02640131817256,
            24.782322258062567
          ],
          [
            121.02642089887236,
            24.782319636301334
          ],
          [
            121.0264403806761,
            24.782317014554977
          ],
          [
            121.02645996135509,
            24.782314302502183
          ],
          [
            121.02647954205239,
            24.782311680733265
          ],
          [
            121.02649912272969,
            24.782308968675345
          ],
          [
            121.02651870342534,
            24.782306346901304
          ],
          [
            121.02653818520574,
            24.782303634855783
          ],
          [
            121.02655776589974,
            24.782301013076648
          ],
          [
            121.02657734657365,
            24.782298301008478
          ],
          [
            121.02659692726597,
            24.78229567922422
          ],
          [
            121.02661650793817,
            24.782292967150934
          ],
          [
            121.0266360886269,
            24.78229033633291
          ],
          [
            121.02665379034659,
            24.78228789544838
          ],
          [
            121.02665557040224,
            24.782287624272104
          ],
          [
            121.02667515101405,
            24.782284641331795
          ],
          [
            121.02669463273162,
            24.782281667435218
          ],
          [
            121.02671411446374,
            24.78227876576527
          ],
          [
            121.02673359617947,
            24.78227579186362
          ],
          [
            121.0267531767856,
            24.78227279988446
          ],
          [
            121.02677265849945,
            24.782269825977725
          ],
          [
            121.02679214020851,
            24.78226683401115
          ],
          [
            121.0268117208351,
            24.782263950368083
          ],
          [
            121.02683120254423,
            24.78226096742508
          ],
          [
            121.0268506842505,
            24.78225797545089
          ],
          [
            121.02687026485295,
            24.78225499248507
          ],
          [
            121.02688974657875,
            24.782252099820898
          ],
          [
            121.02690922828612,
            24.782249125896385
          ],
          [
            121.02692870998865,
            24.782246133912036
          ],
          [
            121.02694829058929,
            24.782243159964658
          ],
          [
            121.02696777228996,
            24.782240167975235
          ],
          [
            121.02698725401311,
            24.782237284327017
          ],
          [
            121.02700683460904,
            24.782234301343333
          ],
          [
            121.02702631630886,
            24.782231318374926
          ],
          [
            121.0270457980058,
            24.782228326375375
          ],
          [
            121.02706537861847,
            24.782225433670472
          ],
          [
            121.02708486031747,
            24.78222245972311
          ],
          [
            121.02710434201357,
            24.782219476744554
          ],
          [
            121.02712382370677,
            24.782216484734825
          ],
          [
            121.02714340429614,
            24.782213501733274
          ],
          [
            121.02716288600908,
            24.782210609033555
          ],
          [
            121.02718236770147,
            24.782207626044848
          ],
          [
            121.02719838818145,
            24.78220518540115
          ],
          [
            121.02720194828804,
            24.782204643035637
          ],
          [
            121.02722133104402,
            24.782201479486936
          ],
          [
            121.02724081269415,
            24.782198315917725
          ],
          [
            121.02724879324086,
            24.782196987254615
          ],
          [
            121.02726029432358,
            24.78219506205951
          ],
          [
            121.02727977597172,
            24.78219189848523
          ],
          [
            121.02729925761884,
            24.782188734908416
          ],
          [
            121.02731873926498,
            24.782185571329055
          ],
          [
            121.02732182468382,
            24.78218507419055
          ],
          [
            121.02732577045849,
            24.782184432436626
          ],
          [
            121.0273266110373,
            24.78218429685352
          ],
          [
            121.02732663872614,
            24.78218428872268
          ],
          [
            121.02733385979198,
            24.782183121806412
          ],
          [
            121.02733822091017,
            24.78218240774717
          ],
          [
            121.02735770255632,
            24.782179253191384
          ],
          [
            121.0273771841995,
            24.78217608960442
          ],
          [
            121.02739666583972,
            24.78217291698628
          ],
          [
            121.0274160485858,
            24.782169753412358
          ],
          [
            121.0274217645203,
            24.782168831443748
          ],
          [
            121.02743553022601,
            24.78216658981781
          ],
          [
            121.027441068155,
            24.782165694967002
          ],
          [
            121.02745501188511,
            24.782163516507172
          ],
          [
            121.02747459245819,
            24.782160533462303
          ],
          [
            121.02749407411537,
            24.782157460146582
          ],
          [
            121.02751355579149,
            24.782154477114776
          ],
          [
            121.02753303746667,
            24.782151494080434
          ],
          [
            121.02755251912099,
            24.782148420757107
          ],
          [
            121.02757209968937,
            24.782145437699484
          ],
          [
            121.02759158136175,
            24.78214245465752
          ],
          [
            121.0276110630132,
            24.782139381326576
          ],
          [
            121.02763054468367,
            24.782136398279548
          ],
          [
            121.02765002633323,
            24.782133324943526
          ],
          [
            121.02766960689691,
            24.782130341873152
          ],
          [
            121.02768908856456,
            24.782127358818506
          ],
          [
            121.02770857021126,
            24.78212428547487
          ],
          [
            121.02772805187703,
            24.78212130241515
          ],
          [
            121.02772864522736,
            24.782121212018787
          ],
          [
            121.02774753354188,
            24.78211831935289
          ],
          [
            121.02776711408077,
            24.782115245983313
          ],
          [
            121.02778659574375,
            24.78211226291597
          ],
          [
            121.02780607740574,
            24.782109279846097
          ],
          [
            121.02782555904673,
            24.78210620648724
          ],
          [
            121.02784504070688,
            24.782103223412285
          ],
          [
            121.02786462126113,
            24.782100240316403
          ],
          [
            121.02788410289925,
            24.782097166949924
          ],
          [
            121.02790358455657,
            24.782094183867358
          ],
          [
            121.02792306621298,
            24.78209120078226
          ],
          [
            121.02794254784821,
            24.78208812740817
          ],
          [
            121.02795965610284,
            24.782085505907055
          ],
          [
            121.02796212839776,
            24.782085144299536
          ],
          [
            121.02796724109699,
            24.782084366881065
          ],
          [
            121.02798161005134,
            24.782082161206816
          ],
          [
            121.02800109170398,
            24.782079178111562
          ],
          [
            121.028020672271,
            24.78207628528172
          ],
          [
            121.0280401539218,
            24.782073302181377
          ],
          [
            121.02805963557162,
            24.782070319078507
          ],
          [
            121.02807911721852,
            24.782067326944457
          ],
          [
            121.02809869776152,
            24.782064343817954
          ],
          [
            121.02811817942893,
            24.78206145099391
          ],
          [
            121.02813766107505,
            24.782058467880887
          ],
          [
            121.02814824247481,
            24.78205684073571
          ],
          [
            121.02815724163561,
            24.782055575033173
          ],
          [
            121.02817672330029,
            24.782052682201535
          ],
          [
            121.02819630387943,
            24.782049879635167
          ],
          [
            121.02821578556271,
            24.782047077084883
          ],
          [
            121.02823536611967,
            24.782044184226947
          ],
          [
            121.02825484780116,
            24.782041381671593
          ],
          [
            121.02827442837679,
            24.782038579095005
          ],
          [
            121.02829391005653,
            24.782035776534546
          ],
          [
            121.02831349060992,
            24.782032883666403
          ],
          [
            121.0283211052784,
            24.78203179878875
          ],
          [
            121.02833297226738,
            24.782029990814408
          ],
          [
            121.02835255281893,
            24.782027097941167
          ],
          [
            121.0283720344746,
            24.782024205084095
          ],
          [
            121.02839161502432,
            24.782021312205732
          ],
          [
            121.02841109667818,
            24.782018419343572
          ],
          [
            121.0284305783311,
            24.78201552647888
          ],
          [
            121.0284501588781,
            24.78201263359286
          ],
          [
            121.02846964050863,
            24.78200965043663
          ],
          [
            121.0284892210538,
            24.782006757545513
          ],
          [
            121.02850148361782,
            24.782004949482545
          ],
          [
            121.02850870274435,
            24.782004045243553
          ],
          [
            121.02852828334967,
            24.782001423206687
          ],
          [
            121.0285478639748,
            24.781998891453693
          ],
          [
            121.02856744459913,
            24.781996359698148
          ],
          [
            121.02858702520199,
            24.78199373765358
          ],
          [
            121.02860660582472,
            24.781991205892915
          ],
          [
            121.02862618644664,
            24.78198867412969
          ],
          [
            121.0286457670678,
            24.781986142363895
          ],
          [
            121.02866534766738,
            24.781983520309094
          ],
          [
            121.0286849282869,
            24.781980988538173
          ],
          [
            121.02870450890563,
            24.781978456764712
          ],
          [
            121.02872408950279,
            24.781975834702227
          ],
          [
            121.02874367011991,
            24.78197330292362
          ],
          [
            121.02876325073623,
            24.781970771142475
          ],
          [
            121.02876868979155,
            24.78197004780582
          ],
          [
            121.02878273233188,
            24.781967697659052
          ],
          [
            121.02880221388487,
            24.781964443600174
          ],
          [
            121.02882169543686,
            24.781961189538777
          ],
          [
            121.02884107809287,
            24.781957935493896
          ],
          [
            121.02886055964282,
            24.781954681427425
          ],
          [
            121.02888004119174,
            24.781951427358443
          ],
          [
            121.02889952273966,
            24.781948173286914
          ],
          [
            121.02891890539163,
            24.781944919231954
          ],
          [
            121.02893838693751,
            24.781941665155358
          ],
          [
            121.02895786848234,
            24.781938411076244
          ],
          [
            121.02897725113128,
            24.781935157013734
          ],
          [
            121.0289967326741,
            24.781931902929536
          ],
          [
            121.02900533619564,
            24.781930456679724
          ],
          [
            121.0290162142369,
            24.781928739129274
          ],
          [
            121.02903569584072,
            24.781925755899383
          ],
          [
            121.02905527633851,
            24.781922772647764
          ],
          [
            121.02907475791942,
            24.781919699126338
          ],
          [
            121.0290942395204,
            24.78191671588883
          ],
          [
            121.0291137210994,
            24.781913642362333
          ],
          [
            121.02913320269855,
            24.781910659119752
          ],
          [
            121.02915278319162,
            24.781907675855376
          ],
          [
            121.02917226476775,
            24.781904602321262
          ],
          [
            121.02919174636406,
            24.781901619071068
          ],
          [
            121.02921122793828,
            24.781898545531877
          ],
          [
            121.0292307095327,
            24.781895562276613
          ],
          [
            121.02925029002105,
            24.781892578999482
          ],
          [
            121.02925345453025,
            24.781892036662473
          ],
          [
            121.02926977163477,
            24.781889686025583
          ],
          [
            121.02928935216367,
            24.781886883316247
          ],
          [
            121.02930883381799,
            24.78188417091019
          ],
          [
            121.02932841434513,
            24.781881368195744
          ],
          [
            121.02934789597651,
            24.781878565498136
          ],
          [
            121.02936747650189,
            24.781875762778597
          ],
          [
            121.02938705702637,
            24.781872960056493
          ],
          [
            121.0294065386764,
            24.78187024763769
          ],
          [
            121.02942611919914,
            24.78186744491049
          ],
          [
            121.02944569972098,
            24.781864642180714
          ],
          [
            121.0294651813471,
            24.781861839467837
          ],
          [
            121.02948476186722,
            24.781859036732968
          ],
          [
            121.02949573883315,
            24.78185749970108
          ],
          [
            121.02950434242914,
            24.781856414568416
          ],
          [
            121.0295239229902,
            24.781853792401325
          ],
          [
            121.02954350357183,
            24.781851260518117
          ],
          [
            121.02956308415267,
            24.78184872863235
          ],
          [
            121.0295826647327,
            24.781846196744016
          ],
          [
            121.02960224529052,
            24.78184357456668
          ],
          [
            121.02962182586894,
            24.781841042673243
          ],
          [
            121.02964140644657,
            24.78183851077722
          ],
          [
            121.0296609870234,
            24.781835978878654
          ],
          [
            121.02968056759943,
            24.781833446977533
          ],
          [
            121.0297001481532,
            24.781830824787377
          ],
          [
            121.0297197287276,
            24.781828292881134
          ],
          [
            121.03059869502464,
            24.78162218144368
          ],
          [
            121.031412,
            24.781459
          ],
          [
            121.03188970275077,
            24.781533657023537
          ],
          [
            121.03235789216252,
            24.781505558740868
          ],
          [
            121.03258763859722,
            24.781522582082456
          ],
          [
            121.03281299210211,
            24.78156933736545
          ],
          [
            121.0330102632942,
            24.781629713700905
          ],
          [
            121.0330555220024,
            24.7816467227132
          ],
          [
            121.03320350302515,
            24.781702315456307
          ],
          [
            121.03329751667751,
            24.781755572616454
          ],
          [
            121.03341074845628,
            24.781819226429626
          ],
          [
            121.0334435184045,
            24.781841962271766
          ],
          [
            121.0334848247324,
            24.78187118779394
          ],
          [
            121.03353538886348,
            24.781904961668637
          ],
          [
            121.03361428259022,
            24.781961246610265
          ],
          [
            121.03362043518786,
            24.781966192926532
          ],
          [
            121.03362933766383,
            24.78197335967169
          ],
          [
            121.0337125560822,
            24.782040360591548
          ],
          [
            121.03379616803178,
            24.78213598218112
          ],
          [
            121.03383286947972,
            24.782177939035062
          ],
          [
            121.0339299355385,
            24.78228893328967
          ],
          [
            121.03400717589709,
            24.78240958360543
          ],
          [
            121.03402613231104,
            24.78243920228234
          ],
          [
            121.03403933056777,
            24.782459811678436
          ],
          [
            121.03404807664414,
            24.782473479058
          ],
          [
            121.03409260844036,
            24.782543034632287
          ],
          [
            121.03413576670113,
            24.782652623516036
          ],
          [
            121.0341591321685,
            24.782711963467584
          ],
          [
            121.03418586244746,
            24.78277984374437
          ],
          [
            121.03419452183986,
            24.78280184457334
          ],
          [
            121.03425225624555,
            24.783014934466983
          ],
          [
            121.03429582494407,
            24.783285413638076
          ],
          [
            121.03441070435558,
            24.783973451162964
          ],
          [
            121.03441796398512,
            24.784011568424773
          ],
          [
            121.03467868657154,
            24.785582943394715
          ],
          [
            121.03515499147335,
            24.788507398151758
          ],
          [
            121.03527687521692,
            24.789344071322027
          ],
          [
            121.03563889024834,
            24.791070025910855
          ],
          [
            121.03586722246224,
            24.792159582997787
          ],
          [
            121.03600652667687,
            24.792808166518636
          ],
          [
            121.03606545144578,
            24.793143448639075
          ],
          [
            121.03612119481448,
            24.79352321555566
          ],
          [
            121.03621831794068,
            24.794236047639
          ],
          [
            121.03626374981313,
            24.794593263423334
          ],
          [
            121.03626746891686,
            24.79462823040628
          ],
          [
            121.03627441419687,
            24.79470363584061
          ],
          [
            121.03634546767759,
            24.795247006674416
          ],
          [
            121.0363904898813,
            24.79555356283431
          ],
          [
            121.03648423000239,
            24.796051423735197
          ],
          [
            121.0365453605359,
            24.79627632097593
          ],
          [
            121.03657338570378,
            24.796394607213013
          ],
          [
            121.03666095459309,
            24.79668782658584
          ],
          [
            121.03678800654203,
            24.797044832474278
          ],
          [
            121.03686651287151,
            24.79722540375171
          ],
          [
            121.03718458295747,
            24.798070873970428
          ],
          [
            121.03728602212932,
            24.798333590765555
          ],
          [
            121.03731964720164,
            24.79842064541886
          ],
          [
            121.0374316205296,
            24.798682908043844
          ],
          [
            121.03759414740848,
            24.79914531346266
          ],
          [
            121.03769411160518,
            24.799463628579705
          ],
          [
            121.03784110343959,
            24.800029054186204
          ],
          [
            121.03878584908162,
            24.80373002328927
          ],
          [
            121.03908387718684,
            24.80488387536618
          ],
          [
            121.03931824425958,
            24.805800778349127
          ],
          [
            121.03939895801919,
            24.8061452439642
          ],
          [
            121.0394082565077,
            24.806209597489197
          ],
          [
            121.03941011123017,
            24.806319357882472
          ],
          [
            121.03942041241278,
            24.806489057027346
          ],
          [
            121.03942500313195,
            24.80680524695409
          ],
          [
            121.039399,
            24.807638
          ]
        ]
      }
    }
  ]
}