{
  "type": "FeatureCollection",
  "features": [
    {
      "type": "Feature",
      "properties": {
        "track_id": "NW-HC-JD",
        "origin": "新竹",
        "destination": "竹東",
        "origin_station_id": "1210",
        "destination_station_id": "1203",
        "source_tracks": [
          "WL-N-0",
          "NW-0"
        ],
        "stations": [
          {
            "station_id": "1210",
            "name": "新竹",
            "progress": 0.0
          },
          {
            "station_id": "1190",
            "name": "北新竹",
            "progress": 0.08917
          },
          {
            "station_id": "1191",
            "name": "千甲",
            "progress": 0.219881
          },
          {
            "station_id": "1192",
            "name": "新莊",
            "progress": 0.39758
          },
          {
            "station_id": "1193",
            "name": "竹中",
            "progress": 0.478796
          },
          {
            "station_id": "1201",
            "name": "上員",
            "progress": 0.640637
          },
          {
            "station_id": "1202",
            "name": "榮華",
            "progress": 0.902845
          },
          {
            "station_id": "1203",
            "name": "竹東",
            "progress": 1.0
          }
        ]
      },
      "geometry": {
        "type": "LineString",
        "coordinates": [
          [
            120.971676,
            24.801394
          ],
          [
            120.97450476647768,
            24.803096188933676
          ],
          [
            120.97881242681967,
            24.8056197098726
          ],
          [
            120.9830555121833,
            24.80793364479908
          ],
          [
            120.98398,
            24.808438
          ],
          [
            120.98995221749189,
            24.811380054247206
          ],
          [
            120.9899978180711,
            24.811389365800963
          ],
          [
            120.99024629831754,
            24.81142116291897
          ],
          [
            120.99047737016754,
            24.81143851273966
          ],
          [
            120.99076858539502,
            24.811442864727383
          ],
          [
            120.99107720182562,
            24.811426993098856
          ],
          [
            120.99136367217169,
            24.811385117157315
          ],
          [
            120.99157100743264,
            24.811347569962102
          ],
          [
            120.99176726439634,
            24.8112999007971
          ],
          [
            120.99183624140801,
            24.811279445744717
          ],
          [
            120.99188041912977,
            24.811266338605854
          ],
          [
            120.99192345926039,
            24.81125358350836
          ],
          [
            120.99208380864948,
            24.81120602032777
          ],
          [
            120.99276912920274,
            24.810935918973534
          ],
          [
            120.9933737286272,
            24.810690368739767
          ],
          [
            120.99464938394665,
            24.810174705482304
          ],
          [
            120.99562274455805,
            24.80977169986036
          ],
          [
            120.99668205812718,
            24.809344122956812
          ],
          [
            120.99682875304653,
            24.809284898434033
          ],
          [
            120.99774827891456,
            24.808903546455955
          ],
          [
            120.99850113464731,
            24.8085987589079
          ],
          [
            120.99895427071392,
            24.808415301315964
          ],
          [
            120.99989436800747,
            24.808031047087912
          ],
          [
            121.0008217885001,
            24.80765400086669
          ],
          [
            121.00176661231475,
            24.807269111834422
          ],
          [
            121.00223665303962,
            24.807077599570633
          ],
          [
            121.00316881706955,
            24.80669765855318
          ],
          [
            121.00508218863834,
            24.805918977856024
          ],
          [
            121.00701057064143,
            24.80513168569294
          ],
          [
            121.00731521637235,
            24.805007347030937
          ],
          [
            121.00788407841523,
            24.804776458160962
          ],
          [
            121.00805554263785,
            24.80470686365582
          ],
          [
            121.00805858907718,
            24.804705617542353
          ],
          [
            121.00806228832577,
            24.80470411859232
          ],
          [
            121.00854328877388,
            24.804508893156008
          ],
          [
            121.00930509255811,
            24.804203400496256
          ],
          [
            121.00984078615382,
            24.803988584388918
          ],
          [
            121.01009260898435,
            24.803887627644556
          ],
          [
            121.01176534931463,
            24.803198432132817
          ],
          [
            121.01209045899915,
            24.803060719748817
          ],
          [
            121.01241447795104,
            24.802903053494077
          ],
          [
            121.01273097591988,
            24.802717037303882
          ],
          [
            121.01304104059595,
            24.80250122654974
          ],
          [
            121.01344535631252,
            24.802191509040615
          ],
          [
            121.01364582857197,
            24.802005943681763
          ],
          [
            121.01415684595388,
            24.801522232904766
          ],
          [
            121.0142649325559,
            24.80141180258344
          ],
          [
            121.01435572272935,
            24.801328911142818
          ],
          [
            121.01457557688599,
            24.8011283641714
          ],
          [
            121.01498501749514,
            24.80073412500358
          ],
          [
            121.01596637943837,
            24.799794685453
          ],
          [
            121.01708999200744,
            24.798751393979156
          ],
          [
            121.01713074690096,
            24.798713550347873
          ],
          [
            121.01715490709365,
            24.798691111444587
          ],
          [
            121.01718108474846,
            24.798666812408758
          ],
          [
            121.01753974823399,
            24.798333777007727
          ],
          [
            121.01754007458696,
            24.798333469996177
          ],
          [
            121.01754209204566,
            24.79833160083404
          ],
          [
            121.01754911355515,
            24.798324828540967
          ],
          [
            121.01756266208312,
            24.798311645156904
          ],
          [
            121.01757630952888,
            24.79829855204625
          ],
          [
            121.01758985806387,
            24.798285458945937
          ],
          [
            121.01760340658328,
            24.79827227555814
          ],
          [
            121.01761705402045,
            24.798259182443694
          ],
          [
            121.01761774627344,
            24.798258460072077
          ],
          [
            121.01763109713723,
            24.79824645042643
          ],
          [
            121.01764523917174,
            24.798233808682458
          ],
          [
            121.01765938121618,
            24.798221257223357
          ],
          [
            121.01767352324497,
            24.79820861547665
          ],
          [
            121.01768766527091,
            24.798195973728586
          ],
          [
            121.01770170838617,
            24.79818333199087
          ],
          [
            121.01771585040638,
            24.79817069024011
          ],
          [
            121.01772999242372,
            24.798158048487977
          ],
          [
            121.01774413443819,
            24.798145406734502
          ],
          [
            121.01775827644978,
            24.798132764979663
          ],
          [
            121.01777241845853,
            24.798120123223484
          ],
          [
            121.0177865604644,
            24.798107481465934
          ],
          [
            121.01780060355968,
            24.798094839718793
          ],
          [
            121.01781474555982,
            24.798082197958536
          ],
          [
            121.01782888755709,
            24.79806955619693
          ],
          [
            121.0178430295515,
            24.798056914433975
          ],
          [
            121.01785717154304,
            24.798044272669664
          ],
          [
            121.01787131353171,
            24.79803163090398
          ],
          [
            121.01788535660985,
            24.798018989148773
          ],
          [
            121.0178994985928,
            24.798006347380387
          ],
          [
            121.01791373946756,
            24.797993615312542
          ],
          [
            121.01792748578823,
            24.79798079301631
          ],
          [
            121.01794123208009,
            24.797967790146256
          ],
          [
            121.0179550772897,
            24.797954877549323
          ],
          [
            121.01796892249644,
            24.797941964951082
          ],
          [
            121.0179826687927,
            24.79792905236343
          ],
          [
            121.01799651399374,
            24.797916139762577
          ],
          [
            121.01801026027125,
            24.79790313688608
          ],
          [
            121.01802410546657,
            24.797890224282657
          ],
          [
            121.01803795065896,
            24.79787731167793
          ],
          [
            121.01805169694096,
            24.797864399083835
          ],
          [
            121.01806554212767,
            24.797851486476507
          ],
          [
            121.0180793872984,
            24.797838483581604
          ],
          [
            121.01809313357181,
            24.797825570983633
          ],
          [
            121.01810697874993,
            24.797812658372422
          ],
          [
            121.01812072501764,
            24.79779974577188
          ],
          [
            121.01813457019,
            24.797786833158064
          ],
          [
            121.01814841534637,
            24.79777383025667
          ],
          [
            121.01816216160552,
            24.79776091765226
          ],
          [
            121.01817600676928,
            24.797748005034553
          ],
          [
            121.01818975302272,
            24.797735092427565
          ],
          [
            121.01820359818079,
            24.797722179807266
          ],
          [
            121.01821744332275,
            24.797709176899374
          ],
          [
            121.01823118956766,
            24.797696264288522
          ],
          [
            121.0182444413519,
            24.797683893454305
          ],
          [
            121.01824503471708,
            24.79768335166433
          ],
          [
            121.01825868202243,
            24.797670258490427
          ],
          [
            121.01827232933813,
            24.797657255601507
          ],
          [
            121.01828597663776,
            24.797644162425083
          ],
          [
            121.01829972284186,
            24.79763106923529
          ],
          [
            121.01831337014902,
            24.79761806634257
          ],
          [
            121.01832701744003,
            24.797604973162333
          ],
          [
            121.01834066474146,
            24.797591970267096
          ],
          [
            121.01835431202674,
            24.797578877084316
          ],
          [
            121.01836795930919,
            24.79756578390028
          ],
          [
            121.01838160660206,
            24.79755278100124
          ],
          [
            121.01839535278607,
            24.797539687802505
          ],
          [
            121.01840900007323,
            24.79752668490094
          ],
          [
            121.0184226473442,
            24.79751359171181
          ],
          [
            121.01843629461231,
            24.797500498521437
          ],
          [
            121.01844994189092,
            24.79748749561607
          ],
          [
            121.01846358915331,
            24.79747440242315
          ],
          [
            121.01847733533344,
            24.797461399503042
          ],
          [
            121.01849098259012,
            24.79744830630759
          ],
          [
            121.01850462984392,
            24.79743521311087
          ],
          [
            121.01851827710824,
            24.797422210199166
          ],
          [
            121.01853192435631,
            24.79740911699993
          ],
          [
            121.01854329707204,
            24.797398281238138
          ],
          [
            121.01854557160152,
            24.797396023799404
          ],
          [
            121.01855882317489,
            24.797382659787857
          ],
          [
            121.01857207473195,
            24.797369205488863
          ],
          [
            121.01858542520677,
            24.79735584146265
          ],
          [
            121.01859867677159,
            24.797342477447508
          ],
          [
            121.01861192833357,
            24.79732911343117
          ],
          [
            121.01862517987921,
            24.797315659127378
          ],
          [
            121.0186385303426,
            24.79730229509635
          ],
          [
            121.01865178189603,
            24.79728893107642
          ],
          [
            121.01866503344662,
            24.797275567055294
          ],
          [
            121.01867828499438,
            24.79726220303297
          ],
          [
            121.01869163543283,
            24.797248748710846
          ],
          [
            121.01870488697489,
            24.79723538468613
          ],
          [
            121.0187181385141,
            24.797222020660207
          ],
          [
            121.01873139005048,
            24.797208656633096
          ],
          [
            121.01874474047746,
            24.79719520230613
          ],
          [
            121.01875799200813,
            24.79718183827663
          ],
          [
            121.01877124353597,
            24.797168474245925
          ],
          [
            121.01878449506097,
            24.797155110214025
          ],
          [
            121.0187978454765,
            24.79714165588223
          ],
          [
            121.01880931694276,
            24.797130097797236
          ],
          [
            121.0188109980752,
            24.797128201574075
          ],
          [
            121.0188234582406,
            24.797114205634188
          ],
          [
            121.01883601731016,
            24.79710020968077
          ],
          [
            121.01884847746999,
            24.797086213738748
          ],
          [
            121.01886103653392,
            24.797072217783178
          ],
          [
            121.01887349668812,
            24.79705822183901
          ],
          [
            121.01888595683951,
            24.7970442258938
          ],
          [
            121.018898515895,
            24.79703022993501
          ],
          [
            121.0189109760408,
            24.797016233987666
          ],
          [
            121.01892343618384,
            24.797002238039237
          ],
          [
            121.01893599523089,
            24.79698824207723
          ],
          [
            121.01894845536827,
            24.79697424612669
          ],
          [
            121.01896101440974,
            24.796960250162535
          ],
          [
            121.01897347454015,
            24.796946245181235
          ],
          [
            121.01898593467052,
            24.796932258256106
          ],
          [
            121.01899849370352,
            24.79691826228873
          ],
          [
            121.01901095382694,
            24.79690426633287
          ],
          [
            121.0190235128543,
            24.79689027036335
          ],
          [
            121.01903597297209,
            24.79687627440535
          ],
          [
            121.01904843308708,
            24.79686227844627
          ],
          [
            121.01906099210602,
            24.796848282473533
          ],
          [
            121.01906890329126,
            24.79683942438147
          ],
          [
            121.01907295762652,
            24.79683392543023
          ],
          [
            121.01908403290088,
            24.796819026781783
          ],
          [
            121.01909520706545,
            24.796804037833596
          ],
          [
            121.01910628233449,
            24.79678913918344
          ],
          [
            121.01911735759948,
            24.796774231503804
          ],
          [
            121.01912853175743,
            24.79675925158167
          ],
          [
            121.01913960701711,
            24.79674434390033
          ],
          [
            121.01915068226307,
            24.796729363989126
          ],
          [
            121.01916185642548,
            24.796714465322058
          ],
          [
            121.01917293166473,
            24.796699476380542
          ],
          [
            121.01918400691517,
            24.796684577724438
          ],
          [
            121.01919518105433,
            24.796669579739884
          ],
          [
            121.01920625630088,
            24.796654690110714
          ],
          [
            121.01921733152946,
            24.796639701165773
          ],
          [
            121.01922850567449,
            24.796624793464932
          ],
          [
            121.01923958089915,
            24.79660981354692
          ],
          [
            121.01925065613369,
            24.796594914885727
          ],
          [
            121.0192617214596,
            24.79657991691004
          ],
          [
            121.0192729054874,
            24.796565027261757
          ],
          [
            121.01927864086521,
            24.796557261902517
          ],
          [
            121.01928358504608,
            24.79654985779014
          ],
          [
            121.01929386893427,
            24.796534417509864
          ],
          [
            121.01930405389943,
            24.796518886955344
          ],
          [
            121.01931433778115,
            24.79650343764497
          ],
          [
            121.01932462166171,
            24.79648799736251
          ],
          [
            121.01933480663466,
            24.796472566120705
          ],
          [
            121.01934509051014,
            24.796457125836763
          ],
          [
            121.01935527547525,
            24.79644167653626
          ],
          [
            121.01936555934704,
            24.796426245279477
          ],
          [
            121.01937584321489,
            24.796410804993346
          ],
          [
            121.0193860281738,
            24.796395364719274
          ],
          [
            121.0193963120352,
            24.796379915403048
          ],
          [
            121.01940659589542,
            24.79636447511469
          ],
          [
            121.01941677095611,
            24.796349034839732
          ],
          [
            121.01942705481267,
            24.796333603578546
          ],
          [
            121.01943733866385,
            24.79631815425937
          ],
          [
            121.01944753349966,
            24.796302723008278
          ],
          [
            121.01945781734717,
            24.79628728271627
          ],
          [
            121.01946800228586,
            24.796271842436376
          ],
          [
            121.0194782861269,
            24.79625639311427
          ],
          [
            121.01948115373187,
            24.79625205899915
          ],
          [
            121.01948767973988,
            24.796240501504535
          ],
          [
            121.01949667769728,
            24.79622442937312
          ],
          [
            121.01950577455855,
            24.79620835722826
          ],
          [
            121.01951477251127,
            24.796192285095714
          ],
          [
            121.01952376057105,
            24.796176212963868
          ],
          [
            121.01953276840976,
            24.796160140828878
          ],
          [
            121.01954185537112,
            24.796144068682985
          ],
          [
            121.01955085331456,
            24.79612799654812
          ],
          [
            121.01955985125565,
            24.796111924412692
          ],
          [
            121.0195689481006,
            24.796095852263754
          ],
          [
            121.01957794603709,
            24.79607978012717
          ],
          [
            121.01958694397125,
            24.796063707990022
          ],
          [
            121.0195960506998,
            24.796047635838033
          ],
          [
            121.01960503873869,
            24.796031563701018
          ],
          [
            121.01961403666587,
            24.796015491562144
          ],
          [
            121.01962313351102,
            24.79599950969599
          ],
          [
            121.01963213143357,
            24.79598343755596
          ],
          [
            121.01964113924441,
            24.795967365414054
          ],
          [
            121.01965022617773,
            24.79595129326117
          ],
          [
            121.01965923398392,
            24.795935221118103
          ],
          [
            121.01966772761894,
            24.795920051904965
          ],
          [
            121.01966822200657,
            24.79591914897707
          ],
          [
            121.01967623078636,
            24.79590262553273
          ],
          [
            121.01968423956401,
            24.79588610208794
          ],
          [
            121.01969234725976,
            24.795869668915948
          ],
          [
            121.01970035603316,
            24.795853145470215
          ],
          [
            121.01970837469503,
            24.795836622022716
          ],
          [
            121.01971647247954,
            24.79582009856433
          ],
          [
            121.01972448126085,
            24.795803665403493
          ],
          [
            121.01973258893167,
            24.795787141942863
          ],
          [
            121.01974059769444,
            24.795770618494803
          ],
          [
            121.01974860646942,
            24.795754185332562
          ],
          [
            121.01975671413379,
            24.795737661870522
          ],
          [
            121.01976472289022,
            24.79572113842106
          ],
          [
            121.01977273164594,
            24.795704623999775
          ],
          [
            121.01978083931681,
            24.795688181794
          ],
          [
            121.01978884806827,
            24.795671667371774
          ],
          [
            121.01979685681478,
            24.795655134891824
          ],
          [
            121.01980496448068,
            24.795638701713255
          ],
          [
            121.01981297322436,
            24.795622178261002
          ],
          [
            121.01982108087167,
            24.795605654795192
          ],
          [
            121.01982908962542,
            24.795589221628298
          ],
          [
            121.01983709836271,
            24.79557269817465
          ],
          [
            121.01983729611818,
            24.795572346031893
          ],
          [
            121.01984392015747,
            24.79555572344645
          ],
          [
            121.01984401902438,
            24.79555547966033
          ],
          [
            121.01985064304462,
            24.795538748731
          ],
          [
            121.01985736592994,
            24.795521774015224
          ],
          [
            121.01986408881342,
            24.795504799299106
          ],
          [
            121.01987081169511,
            24.795487824582633
          ],
          [
            121.01987753456056,
            24.795470759579548
          ],
          [
            121.01988425743858,
            24.795453784862403
          ],
          [
            121.01989098031477,
            24.795436810144935
          ],
          [
            121.01989770318909,
            24.795419835427108
          ],
          [
            121.01990442606164,
            24.79540286070894
          ],
          [
            121.01991114893234,
            24.795385885990456
          ],
          [
            121.01991396660831,
            24.795378789112434
          ],
          [
            121.01991787180118,
            24.79536891127161
          ],
          [
            121.01992459466824,
            24.795351936552443
          ],
          [
            121.01993131753343,
            24.795334961832925
          ],
          [
            121.01993804039682,
            24.795317987113084
          ],
          [
            121.0199420938633,
            24.795307603648514
          ],
          [
            121.01994426870192,
            24.795300831886184
          ],
          [
            121.01994970573239,
            24.795283496191885
          ],
          [
            121.01995514276133,
            24.795266160497334
          ],
          [
            121.01996057977435,
            24.795248734516253
          ],
          [
            121.01996601680027,
            24.795231398821233
          ],
          [
            121.01997155273017,
            24.79521406311278
          ],
          [
            121.01997698975306,
            24.795196727417277
          ],
          [
            121.01998242676,
            24.795179301435233
          ],
          [
            121.01998786377987,
            24.795161965739265
          ],
          [
            121.01999339970364,
            24.795144630029842
          ],
          [
            121.01999883672048,
            24.7951272943334
          ],
          [
            121.02000427373584,
            24.795109958636715
          ],
          [
            121.02000971073517,
            24.7950925326535
          ],
          [
            121.02001524665282,
            24.795075196943113
          ],
          [
            121.02002068366359,
            24.795057861245713
          ],
          [
            121.0200261206729,
            24.79504052554808
          ],
          [
            121.02003076684433,
            24.79502571797255
          ],
          [
            121.02003145876087,
            24.795023099577147
          ],
          [
            121.02003620340115,
            24.79500558339911
          ],
          [
            121.02004104694535,
            24.794988067207658
          ],
          [
            121.02004579158297,
            24.79497055102926
          ],
          [
            121.02005053621926,
            24.794953034850668
          ],
          [
            121.0200552808542,
            24.794935518671867
          ],
          [
            121.02006002548781,
            24.794918002492892
          ],
          [
            121.02006486901077,
            24.794900396014175
          ],
          [
            121.0200696136417,
            24.794882879834795
          ],
          [
            121.0200743582713,
            24.79486536365525
          ],
          [
            121.02007910289959,
            24.794847847475516
          ],
          [
            121.02008384752651,
            24.794830331295582
          ],
          [
            121.02008869105725,
            24.794812815102166
          ],
          [
            121.02009343568153,
            24.794795298921862
          ],
          [
            121.02009818030446,
            24.794777782741356
          ],
          [
            121.02010292492606,
            24.794760266560644
          ],
          [
            121.02010766953177,
            24.79474266009345
          ],
          [
            121.02011251305578,
            24.794725143899093
          ],
          [
            121.02011725767339,
            24.794707627717802
          ],
          [
            121.02012200228964,
            24.794690111536344
          ],
          [
            121.02012674690458,
            24.79467259535469
          ],
          [
            121.02013149151817,
            24.79465507917285
          ],
          [
            121.02013633503545,
            24.794637562977496
          ],
          [
            121.02014107964636,
            24.794620046795266
          ],
          [
            121.02014582425595,
            24.794602530612856
          ],
          [
            121.0201505688642,
            24.79458501443025
          ],
          [
            121.02015531345654,
            24.79456740796113
          ],
          [
            121.02016015696707,
            24.794549891764813
          ],
          [
            121.02016490157132,
            24.794532375581635
          ],
          [
            121.02016964617425,
            24.79451485939825
          ],
          [
            121.02017439077582,
            24.79449734321469
          ],
          [
            121.02017913537611,
            24.794479827030933
          ],
          [
            121.02018397887988,
            24.794462310833637
          ],
          [
            121.02018872347747,
            24.794444794649493
          ],
          [
            121.02019346807371,
            24.794427278465168
          ],
          [
            121.02019781728335,
            24.794411206914987
          ],
          [
            121.02019821265402,
            24.794409671994327
          ],
          [
            121.02020305616703,
            24.794392246082577
          ],
          [
            121.02020789966407,
            24.794374729884314
          ],
          [
            121.02020903640488,
            24.7943706307323
          ],
          [
            121.02021274315973,
            24.794357213685867
          ],
          [
            121.02021758665404,
            24.794339697487192
          ],
          [
            121.02021966245361,
            24.794332293729227
          ],
          [
            121.02022243014699,
            24.794322181288347
          ],
          [
            121.02022717473386,
            24.794304665102672
          ],
          [
            121.02023191931941,
            24.794287148916805
          ],
          [
            121.02023666388895,
            24.79426954244442
          ],
          [
            121.02024140847183,
            24.794252026258174
          ],
          [
            121.02024615305336,
            24.794234510071732
          ],
          [
            121.02025089763357,
            24.794216993885083
          ],
          [
            121.02025564221246,
            24.794199477698264
          ],
          [
            121.02026038678999,
            24.794181961511253
          ],
          [
            121.02026513136623,
            24.79416444532405
          ],
          [
            121.02026987592643,
            24.794146838850327
          ],
          [
            121.02027462049998,
            24.794129322662744
          ],
          [
            121.0202793650722,
            24.794111806474973
          ],
          [
            121.02028410964309,
            24.794094290286992
          ],
          [
            121.02028885421267,
            24.79407677409884
          ],
          [
            121.02029359878088,
            24.794059257910497
          ],
          [
            121.02029834334779,
            24.79404174172194
          ],
          [
            121.02030308789865,
            24.794024135246904
          ],
          [
            121.02030793136737,
            24.794006619044563
          ],
          [
            121.02031267593026,
            24.79398910285546
          ],
          [
            121.0203174204918,
            24.79397158666614
          ],
          [
            121.02032216505204,
            24.79395407047664
          ],
          [
            121.02032305463304,
            24.793950639475824
          ],
          [
            121.02032700851537,
            24.79393655427353
          ],
          [
            121.02033185197733,
            24.7939190380702
          ],
          [
            121.02033669543793,
            24.793901521866694
          ],
          [
            121.02034153889721,
            24.793884005662992
          ],
          [
            121.0203464812742,
            24.793866579731947
          ],
          [
            121.02035132473073,
            24.793849063527833
          ],
          [
            121.02035616818591,
            24.79383154732353
          ],
          [
            121.0203610116397,
            24.793814031119037
          ],
          [
            121.02036595399649,
            24.793796514900887
          ],
          [
            121.02037079744754,
            24.793778998695984
          ],
          [
            121.02037564089727,
            24.793761482490886
          ],
          [
            121.02038048436039,
            24.793744056571917
          ],
          [
            121.02038532780738,
            24.793726540366432
          ],
          [
            121.02039027015728,
            24.793709024147265
          ],
          [
            121.02039511360157,
            24.79369150794138
          ],
          [
            121.02039995704448,
            24.793673991735304
          ],
          [
            121.02040480048602,
            24.793656475529016
          ],
          [
            121.0204097428452,
            24.793639049595374
          ],
          [
            121.02041458628402,
            24.793621533388706
          ],
          [
            121.0204194297215,
            24.793604017181835
          ],
          [
            121.02042427315762,
            24.79358650097475
          ],
          [
            121.02042921549649,
            24.793568984753993
          ],
          [
            121.0204340589299,
            24.793551468546532
          ],
          [
            121.02043890236189,
            24.793533952338873
          ],
          [
            121.0204429550481,
            24.79351941568762
          ],
          [
            121.02044364688847,
            24.79351643614451
          ],
          [
            121.02044809468663,
            24.7934988297042
          ],
          [
            121.02045254249835,
            24.79348131355002
          ],
          [
            121.020456990294,
            24.79346370710935
          ],
          [
            121.02046133918437,
            24.793446100682036
          ],
          [
            121.02046578697752,
            24.79342849424101
          ],
          [
            121.02047023476946,
            24.793410887799833
          ],
          [
            121.02047458365611,
            24.793393281372012
          ],
          [
            121.02047903144552,
            24.793375674930477
          ],
          [
            121.02048347923369,
            24.793358068488782
          ],
          [
            121.02048782811664,
            24.79334046206044
          ],
          [
            121.02049226601191,
            24.793322855619756
          ],
          [
            121.02049672368673,
            24.793305249176193
          ],
          [
            121.0205011615795,
            24.793287642735148
          ],
          [
            121.0205055203479,
            24.793270036304797
          ],
          [
            121.02050995823818,
            24.793252429863404
          ],
          [
            121.02051441590949,
            24.793234832447794
          ],
          [
            121.02051876478377,
            24.793217226018278
          ],
          [
            121.02052321257557,
            24.793199709861344
          ],
          [
            121.02052766035125,
            24.793182103417937
          ],
          [
            121.02053200922182,
            24.7931644969879
          ],
          [
            121.020536456995,
            24.793146890544143
          ],
          [
            121.02054090476692,
            24.793129284100225
          ],
          [
            121.02054534263235,
            24.79311158737114
          ],
          [
            121.02055038385411,
            24.793094161418033
          ],
          [
            121.02055542507448,
            24.79307673546472
          ],
          [
            121.0205604761838,
            24.793059309509836
          ],
          [
            121.02056550749607,
            24.793041793271126
          ],
          [
            121.02057064761594,
            24.793024367303587
          ],
          [
            121.020575698721,
            24.793006941348075
          ],
          [
            121.02058073002904,
            24.79298942510875
          ],
          [
            121.0205857811313,
            24.792971999152815
          ],
          [
            121.02059081245145,
            24.792954573199374
          ],
          [
            121.0205959624396,
            24.79293705694309
          ],
          [
            121.02060099375689,
            24.79291963098924
          ],
          [
            121.02060603496317,
            24.792902205033826
          ],
          [
            121.02061107615306,
            24.79288468879188
          ],
          [
            121.02061612724687,
            24.79286726283466
          ],
          [
            121.02062126735245,
            24.792849836864992
          ],
          [
            121.02062630853814,
            24.79283232062241
          ],
          [
            121.02063134973733,
            24.792814894665945
          ],
          [
            121.02063639093511,
            24.792797468709267
          ],
          [
            121.02064143211656,
            24.792779952466034
          ],
          [
            121.02064656232467,
            24.792762526496666
          ],
          [
            121.02065161340857,
            24.792745100537996
          ],
          [
            121.02065665458576,
            24.79272758429415
          ],
          [
            121.02066168588615,
            24.792710158337783
          ],
          [
            121.02066672707548,
            24.792692732379837
          ],
          [
            121.02067186715186,
            24.792675216121694
          ],
          [
            121.02067691822869,
            24.79265779016198
          ],
          [
            121.02068195941378,
            24.792640364203407
          ],
          [
            121.0206870005825,
            24.792622847958302
          ],
          [
            121.02069203187442,
            24.792605422000666
          ],
          [
            121.02069718184899,
            24.792587996026427
          ],
          [
            121.02069766616086,
            24.792586099946476
          ],
          [
            121.02070202520675,
            24.79257047980805
          ],
          [
            121.02070695757615,
            24.79255296357716
          ],
          [
            121.02071189984949,
            24.792535537631025
          ],
          [
            121.02071674320315,
            24.792518021412032
          ],
          [
            121.02072168545872,
            24.79250050517917
          ],
          [
            121.02072662771295,
            24.7924829889461
          ],
          [
            121.0207314710775,
            24.792465563012858
          ],
          [
            121.02073641332895,
            24.792448046779374
          ],
          [
            121.02074135557902,
            24.792430530545698
          ],
          [
            121.02074619892446,
            24.792413014325522
          ],
          [
            121.0207511411868,
            24.79239558837778
          ],
          [
            121.0207560834327,
            24.79237807214348
          ],
          [
            121.02076092677407,
            24.792360555922716
          ],
          [
            121.02076586903227,
            24.79234312997437
          ],
          [
            121.02077081127405,
            24.79232561373948
          ],
          [
            121.0207756546113,
            24.792308097518102
          ],
          [
            121.02078059685033,
            24.792290581282813
          ],
          [
            121.020785539103,
            24.792273155333653
          ],
          [
            121.02079048133926,
            24.79225563909795
          ],
          [
            121.02079532467104,
            24.792238122875773
          ],
          [
            121.02080026690453,
            24.792220606639678
          ],
          [
            121.0208052091517,
            24.792203180689707
          ],
          [
            121.02081005247938,
            24.79218566446695
          ],
          [
            121.02081499470874,
            24.79216814823023
          ],
          [
            121.02081993693672,
            24.79215063199332
          ],
          [
            121.02082122189226,
            24.792145936925007
          ],
          [
            121.02082468135728,
            24.79213311578373
          ],
          [
            121.02082942577653,
            24.792115599573933
          ],
          [
            121.0208342690974,
            24.792098083350183
          ],
          [
            121.02083901351399,
            24.792080567140022
          ],
          [
            121.02084375792924,
            24.792063050929666
          ],
          [
            121.02084637724131,
            24.792053380897965
          ],
          [
            121.02084850234314,
            24.7920455347191
          ],
          [
            121.02085324675572,
            24.792028018508358
          ],
          [
            121.02085809006986,
            24.79201050228365
          ],
          [
            121.02086283447977,
            24.79199298607251
          ],
          [
            121.02086757888833,
            24.791975469861203
          ],
          [
            121.02087232328044,
            24.79195786336336
          ],
          [
            121.02087716658922,
            24.79194034713786
          ],
          [
            121.02088191099378,
            24.79192283092597
          ],
          [
            121.020886655397,
            24.79190531471389
          ],
          [
            121.0208913997989,
            24.791887798501623
          ],
          [
            121.02089614419947,
            24.791870282289146
          ],
          [
            121.02090098750149,
            24.791852766062686
          ],
          [
            121.02090573189939,
            24.79183524984985
          ],
          [
            121.02091047629597,
            24.791817733636805
          ],
          [
            121.0209152206912,
            24.791800217423575
          ],
          [
            121.02092005408238,
            24.79178261091138
          ],
          [
            121.02092480836522,
            24.791765094696387
          ],
          [
            121.02092955275644,
            24.791747578482568
          ],
          [
            121.02093429714633,
            24.791730062268577
          ],
          [
            121.02093904153489,
            24.7917125460544
          ],
          [
            121.02094388482479,
            24.791695029826176
          ],
          [
            121.02094862921066,
            24.79167751361161
          ],
          [
            121.02095337359523,
            24.79165999739686
          ],
          [
            121.02095811797845,
            24.79164248118191
          ],
          [
            121.02096296126295,
            24.791624964952906
          ],
          [
            121.02096770562834,
            24.791607358451238
          ],
          [
            121.02097245000753,
            24.791589842235716
          ],
          [
            121.02097719438542,
            24.791572326019992
          ],
          [
            121.02098193876198,
            24.79155480980409
          ],
          [
            121.02098678203973,
            24.79153729357413
          ],
          [
            121.02099152641361,
            24.79151977735785
          ],
          [
            121.02099627078617,
            24.79150226114136
          ],
          [
            121.0209975557284,
            24.791497566071133
          ],
          [
            121.02100101515737,
            24.791484744924695
          ],
          [
            121.02100585842973,
            24.79146722869395
          ],
          [
            121.0210106027983,
            24.79144971247689
          ],
          [
            121.02101533727526,
            24.791432196261034
          ],
          [
            121.02102018052835,
            24.791414589743372
          ],
          [
            121.02102492489288,
            24.79139707352573
          ],
          [
            121.02102966925608,
            24.791379557307923
          ],
          [
            121.0210345224106,
            24.791362041074628
          ],
          [
            121.02103926677113,
            24.791344524856427
          ],
          [
            121.02104401113033,
            24.79132700863802
          ],
          [
            121.0210488445003,
            24.79130949240692
          ],
          [
            121.02105358885682,
            24.791291976188152
          ],
          [
            121.02105833321203,
            24.79127445996917
          ],
          [
            121.0210631764682,
            24.791256943736094
          ],
          [
            121.0210679208207,
            24.791239427516746
          ],
          [
            121.02107266517191,
            24.79122191129721
          ],
          [
            121.02107740952175,
            24.791204395077465
          ],
          [
            121.02108225275727,
            24.791186788557273
          ],
          [
            121.02108699710445,
            24.79116927233715
          ],
          [
            121.02109174145029,
            24.791151756116832
          ],
          [
            121.02109658469703,
            24.7911342398824
          ],
          [
            121.02110132904019,
            24.79111672366171
          ],
          [
            121.02110607338204,
            24.791099207440833
          ],
          [
            121.02111091662474,
            24.791081691205804
          ],
          [
            121.0211156609639,
            24.79106417498454
          ],
          [
            121.02112040530173,
            24.791046658763083
          ],
          [
            121.02112524854034,
            24.79102914252747
          ],
          [
            121.02112999287553,
            24.791011626305625
          ],
          [
            121.02113473720935,
            24.790994110083602
          ],
          [
            121.02113958044393,
            24.79097659384741
          ],
          [
            121.0211443247598,
            24.790958987338634
          ],
          [
            121.0211490690896,
            24.790941471116035
          ],
          [
            121.02115391232016,
            24.790923954879265
          ],
          [
            121.0211586566473,
            24.79090643865627
          ],
          [
            121.02116310446618,
            24.790890096197607
          ],
          [
            121.02116340097311,
            24.790888922433084
          ],
          [
            121.02116835300714,
            24.7908714964667
          ],
          [
            121.02117328524403,
            24.790853980216554
          ],
          [
            121.02117822736977,
            24.790836463964787
          ],
          [
            121.02118307059213,
            24.79081894772683
          ],
          [
            121.02118801273043,
            24.790801521761033
          ],
          [
            121.02119295485201,
            24.79078400550868
          ],
          [
            121.02119789697223,
            24.790766489256107
          ],
          [
            121.02120274020446,
            24.790749063303707
          ],
          [
            121.02120768232191,
            24.790731547050747
          ],
          [
            121.02121262443795,
            24.790714030797588
          ],
          [
            121.02121756655265,
            24.7906965145442
          ],
          [
            121.02122240977944,
            24.790679088591006
          ],
          [
            121.02122735189135,
            24.790661572337232
          ],
          [
            121.02123229400186,
            24.790644056083266
          ],
          [
            121.02123723612637,
            24.790626630115423
          ],
          [
            121.02124207933235,
            24.79060911387508
          ],
          [
            121.02124702143874,
            24.7905915976205
          ],
          [
            121.02125196354373,
            24.790574081365722
          ],
          [
            121.02125690566275,
            24.790556655397076
          ],
          [
            121.02126174886322,
            24.790539139155936
          ],
          [
            121.0212666909641,
            24.790521622900542
          ],
          [
            121.02127163307897,
            24.790504196931305
          ],
          [
            121.02127657517707,
            24.7904866806755
          ],
          [
            121.02128141837208,
            24.79046916443356
          ],
          [
            121.02128636046743,
            24.790451648177363
          ],
          [
            121.02129130257677,
            24.790434222207313
          ],
          [
            121.02129624466934,
            24.7904167059507
          ],
          [
            121.02130108785889,
            24.790399189707962
          ],
          [
            121.02130602996411,
            24.790381763737322
          ],
          [
            121.02131097205253,
            24.790364247480102
          ],
          [
            121.02131591413956,
            24.790346731222673
          ],
          [
            121.02132075732366,
            24.790329214979142
          ],
          [
            121.02132569942336,
            24.790311789007685
          ],
          [
            121.02133064150627,
            24.79029427274967
          ],
          [
            121.02133558358778,
            24.790276756491426
          ],
          [
            121.02134052568336,
            24.790259330519355
          ],
          [
            121.02134536886061,
            24.790241814274825
          ],
          [
            121.02134546771576,
            24.790241543401656
          ],
          [
            121.02135031093798,
            24.790224298015996
          ],
          [
            121.0213553519309,
            24.790206872029223
          ],
          [
            121.02136029400548,
            24.79018935576996
          ],
          [
            121.02136523609413,
            24.790171929796877
          ],
          [
            121.02137017816597,
            24.790154413537234
          ],
          [
            121.02137381557608,
            24.790141790984507
          ],
          [
            121.02137521913782,
            24.790136897263267
          ],
          [
            121.02138016122234,
            24.79011947128955
          ],
          [
            121.02138510328997,
            24.790101955029293
          ],
          [
            121.02138878020037,
            24.79008899841092
          ],
          [
            121.02139004537172,
            24.790084529055196
          ],
          [
            121.02139498743661,
            24.790067012794527
          ],
          [
            121.02140002840146,
            24.790049496519508
          ],
          [
            121.02140467395785,
            24.79003313596629
          ],
          [
            121.02140497047904,
            24.790032070544793
          ],
          [
            121.02140991253977,
            24.79001455428351
          ],
          [
            121.02141485461458,
            24.789997128308396
          ],
          [
            121.02141989557384,
            24.789979612032564
          ],
          [
            121.02142483763038,
            24.789962095770658
          ],
          [
            121.02142977970105,
            24.789944669794924
          ],
          [
            121.02143472175483,
            24.78992715353263
          ],
          [
            121.02143966382275,
            24.78990972755649
          ],
          [
            121.02144470477498,
            24.789892211279607
          ],
          [
            121.02144964682458,
            24.78987469501669
          ],
          [
            121.02145458888833,
            24.789857269039945
          ],
          [
            121.02145953093518,
            24.789839752776633
          ],
          [
            121.02146457189734,
            24.78982232678529
          ],
          [
            121.02146951394138,
            24.789804810521556
          ],
          [
            121.02147445598406,
            24.789787294257632
          ],
          [
            121.0214793980409,
            24.789769868279862
          ],
          [
            121.0214843400808,
            24.789752352015533
          ],
          [
            121.02148938103599,
            24.789734926023144
          ],
          [
            121.02149432307465,
            24.78971741878704
          ],
          [
            121.02149926512595,
            24.78969999280845
          ],
          [
            121.0215042071603,
            24.789682476543305
          ],
          [
            121.02150924809432,
            24.78966496026373
          ],
          [
            121.02150944575631,
            24.789664147658012
          ],
          [
            121.02151399232383,
            24.7896474440266
          ],
          [
            121.02151873655198,
            24.789629927789278
          ],
          [
            121.02152348077882,
            24.78961241155175
          ],
          [
            121.02152822500433,
            24.78959489531405
          ],
          [
            121.02153296922853,
            24.789577379076164
          ],
          [
            121.02153771345137,
            24.78955986283808
          ],
          [
            121.0215424576573,
            24.789542256313432
          ],
          [
            121.02154720187748,
            24.78952474007496
          ],
          [
            121.02155204499728,
            24.78950722382207
          ],
          [
            121.02155678921477,
            24.789489707583208
          ],
          [
            121.02156153343097,
            24.78947219134417
          ],
          [
            121.02156627764579,
            24.78945467510495
          ],
          [
            121.02157102185933,
            24.78943715886553
          ],
          [
            121.02157576607152,
            24.789419642625898
          ],
          [
            121.02158051026676,
            24.789402036099737
          ],
          [
            121.02158525447629,
            24.78938451985975
          ],
          [
            121.02158999868448,
            24.789367003619553
          ],
          [
            121.02159474289134,
            24.789349487379187
          ],
          [
            121.02159948709688,
            24.789331971138626
          ],
          [
            121.02160433020187,
            24.78931445488358
          ],
          [
            121.02160907440471,
            24.789296938642643
          ],
          [
            121.0216138185906,
            24.789279332115136
          ],
          [
            121.02161856279079,
            24.789261815873797
          ],
          [
            121.02162330698967,
            24.789244299632273
          ],
          [
            121.0216280511872,
            24.789226783390568
          ],
          [
            121.02163279538338,
            24.78920926714867
          ],
          [
            121.02163753957826,
            24.789191750906568
          ],
          [
            121.02164169075944,
            24.789176491909366
          ],
          [
            121.02164228377183,
            24.789174234664294
          ],
          [
            121.0216469290477,
            24.789156628149758
          ],
          [
            121.02165167323861,
            24.78913911190708
          ],
          [
            121.02165631852755,
            24.789121595678548
          ],
          [
            121.02166096379952,
            24.789103989163458
          ],
          [
            121.02166560908586,
            24.78908647293453
          ],
          [
            121.02167035327147,
            24.789068956691125
          ],
          [
            121.0216749985395,
            24.78905135017547
          ],
          [
            121.02167964382193,
            24.789033833945993
          ],
          [
            121.02168428910302,
            24.78901631771635
          ],
          [
            121.02168893436713,
            24.788998711200147
          ],
          [
            121.02169367854613,
            24.7889811949558
          ],
          [
            121.02169832382332,
            24.78896367872558
          ],
          [
            121.0217029690835,
            24.788946072208823
          ],
          [
            121.02170761435806,
            24.78892855597825
          ],
          [
            121.0217123585318,
            24.788911039733133
          ],
          [
            121.02171700378804,
            24.788893433215815
          ],
          [
            121.0217216490587,
            24.78887591698469
          ],
          [
            121.02172629431233,
            24.788858310466992
          ],
          [
            121.02173103848075,
            24.788840794221137
          ],
          [
            121.0217356837475,
            24.788823277989447
          ],
          [
            121.02174032899717,
            24.78880567147119
          ],
          [
            121.02174497426128,
            24.788788155239143
          ],
          [
            121.02174961952412,
            24.788770639006902
          ],
          [
            121.02175436367021,
            24.788753032473718
          ],
          [
            121.0217590089304,
            24.78873551624111
          ],
          [
            121.02176365418929,
            24.788718000008316
          ],
          [
            121.02176829943113,
            24.78870039348895
          ],
          [
            121.02177304358766,
            24.788682877241403
          ],
          [
            121.0217758109513,
            24.788672313332466
          ],
          [
            121.02177778774289,
            24.788665360993672
          ],
          [
            121.02178272969726,
            24.788647844716944
          ],
          [
            121.02178777056623,
            24.78863041871201
          ],
          [
            121.02179271251782,
            24.78861290243489
          ],
          [
            121.021797753384,
            24.788595476429546
          ],
          [
            121.02180269533282,
            24.78857796015201
          ],
          [
            121.0218077361962,
            24.788560534146235
          ],
          [
            121.02181267814221,
            24.788543017868292
          ],
          [
            121.02181762010264,
            24.78852559187653
          ],
          [
            121.02182266094604,
            24.788508075583763
          ],
          [
            121.02182760290368,
            24.788490649591594
          ],
          [
            121.02183264374426,
            24.7884731332984
          ],
          [
            121.02183758569913,
            24.788455707305815
          ],
          [
            121.0218426265369,
            24.788438191012226
          ],
          [
            121.02184756847319,
            24.78842067473285
          ],
          [
            121.02185251042391,
            24.788403248739638
          ],
          [
            121.02185755125747,
            24.788385732445427
          ],
          [
            121.02186249320542,
            24.78836830645182
          ],
          [
            121.02186753403616,
            24.788350790157185
          ],
          [
            121.02187247598133,
            24.788333364163176
          ],
          [
            121.02187751680927,
            24.788315847868116
          ],
          [
            121.02188245875168,
            24.78829842187369
          ],
          [
            121.02188749957678,
            24.788280905578226
          ],
          [
            121.02189244151641,
            24.788263479583396
          ],
          [
            121.02189738343881,
            24.788245963301964
          ],
          [
            121.02190242427558,
            24.788228537292255
          ],
          [
            121.02190736619518,
            24.788211021010433
          ],
          [
            121.0219124070133,
            24.78819350471393
          ],
          [
            121.02191734894598,
            24.788176078718063
          ],
          [
            121.0219223897613,
            24.78815856242115
          ],
          [
            121.0219273316912,
            24.788141136424883
          ],
          [
            121.02193227360387,
            24.788123620142045
          ],
          [
            121.02193731443083,
            24.788106194130886
          ],
          [
            121.02194225634072,
            24.788088677847615
          ],
          [
            121.02194729716487,
            24.788071251836033
          ],
          [
            121.02194828552734,
            24.788067640235656
          ],
          [
            121.02195204127244,
            24.78805373558137
          ],
          [
            121.02195668646301,
            24.788036129054635
          ],
          [
            121.0219613316682,
            24.788018612814113
          ],
          [
            121.0219660757718,
            24.78800109655889
          ],
          [
            121.02197072095845,
            24.787983490031607
          ],
          [
            121.02197546505938,
            24.78796597377599
          ],
          [
            121.02198011025932,
            24.787948457534718
          ],
          [
            121.02198475544202,
            24.78793085100688
          ],
          [
            121.02198949953902,
            24.78791333475071
          ],
          [
            121.021994144735,
            24.787895818508876
          ],
          [
            121.0219987899138,
            24.787878211980484
          ],
          [
            121.02200353400683,
            24.787860695723733
          ],
          [
            121.02200817919889,
            24.787843179481357
          ],
          [
            121.02201292328927,
            24.78782566322425
          ],
          [
            121.02201756846279,
            24.787808056695088
          ],
          [
            121.02202221365094,
            24.787790540452153
          ],
          [
            121.02202695773735,
            24.787773024194482
          ],
          [
            121.02203160290694,
            24.787755417664773
          ],
          [
            121.02203624809117,
            24.787737901421284
          ],
          [
            121.0220409921736,
            24.78772038516304
          ],
          [
            121.02204277116827,
            24.787713613421772
          ],
          [
            121.02204583515419,
            24.787702868890044
          ],
          [
            121.02205077703292,
            24.78768535260227
          ],
          [
            121.02205571891022,
            24.787667836314306
          ],
          [
            121.02206066080215,
            24.787650410312533
          ],
          [
            121.02206560267669,
            24.78763289402416
          ],
          [
            121.02207044565046,
            24.78761537775015
          ],
          [
            121.02207538753824,
            24.787597951747774
          ],
          [
            121.02208032940865,
            24.787580435458796
          ],
          [
            121.02208527127767,
            24.78756291916962
          ],
          [
            121.0220902131613,
            24.78754549316661
          ],
          [
            121.02209515502759,
            24.787527976877026
          ],
          [
            121.02210009690685,
            24.78751054184499
          ],
          [
            121.02210503877195,
            24.78749303458364
          ],
          [
            121.02210998063406,
            24.78747551829343
          ],
          [
            121.0221149225108,
            24.787458092289427
          ],
          [
            121.02211986437014,
            24.787440575998822
          ],
          [
            121.0221248062281,
            24.787423059708022
          ],
          [
            121.02212974810068,
            24.78740563370341
          ],
          [
            121.02213468995589,
            24.78738811741219
          ],
          [
            121.02213963180967,
            24.787370601120777
          ],
          [
            121.02214457367813,
            24.78735317511555
          ],
          [
            121.02214951552916,
            24.787335658823732
          ],
          [
            121.02215435847963,
            24.787318142546336
          ],
          [
            121.02215930034394,
            24.787300716540507
          ],
          [
            121.02216424219083,
            24.787283200248076
          ],
          [
            121.02216918403634,
            24.78726568395545
          ],
          [
            121.02217412589651,
            24.787248257949
          ],
          [
            121.02217906773927,
            24.787230741655964
          ],
          [
            121.02218399969071,
            24.7872132253642
          ],
          [
            121.0221859863264,
            24.787206273017222
          ],
          [
            121.02218885252151,
            24.787195709083953
          ],
          [
            121.02219359656196,
            24.787178192819624
          ],
          [
            121.02219843950013,
            24.787160676540452
          ],
          [
            121.02220318353791,
            24.787143160275754
          ],
          [
            121.02220792757434,
            24.787125644010846
          ],
          [
            121.022208174658,
            24.78712472305293
          ],
          [
            121.02221277050847,
            24.78710812773109
          ],
          [
            121.02221751454226,
            24.78709061146582
          ],
          [
            121.0222222585747,
            24.78707309520036
          ],
          [
            121.02222710150478,
            24.787055578920008
          ],
          [
            121.02223184553455,
            24.787038062654158
          ],
          [
            121.022236589563,
            24.787020546388117
          ],
          [
            121.02224143248904,
            24.787003030107183
          ],
          [
            121.0222461764987,
            24.78698542355437
          ],
          [
            121.02225092052313,
            24.786967907287757
          ],
          [
            121.02225576344512,
            24.78695039100623
          ],
          [
            121.02225882729736,
            24.786939104750683
          ],
          [
            121.022260408568,
            24.78693287475394
          ],
          [
            121.0222649547746,
            24.786915268229787
          ],
          [
            121.02226950099603,
            24.786897751991848
          ],
          [
            121.02227404720006,
            24.786880145467304
          ],
          [
            121.0222785934028,
            24.786862538942607
          ],
          [
            121.02228313962043,
            24.78684502270412
          ],
          [
            121.0222876858206,
            24.78682741617907
          ],
          [
            121.02229223201951,
            24.786809809653832
          ],
          [
            121.02229676834341,
            24.78679229341628
          ],
          [
            121.02230132442962,
            24.786774686889213
          ],
          [
            121.02230587064085,
            24.78675717064985
          ],
          [
            121.02231041683464,
            24.786739564123888
          ],
          [
            121.0223149531373,
            24.78672195759924
          ],
          [
            121.02231949934628,
            24.786704450387973
          ],
          [
            121.02232020100858,
            24.78670155208982
          ],
          [
            121.02232415432479,
            24.78668684384526
          ],
          [
            121.02232898733577,
            24.786669327562212
          ],
          [
            121.02233373133659,
            24.786651811292256
          ],
          [
            121.02233847533607,
            24.786634295022097
          ],
          [
            121.02234321933423,
            24.786616778751753
          ],
          [
            121.02234796333106,
            24.78659926248122
          ],
          [
            121.02235280622516,
            24.786581746195715
          ],
          [
            121.0223575502177,
            24.78656422089616
          ],
          [
            121.02236229421213,
            24.7865467136537
          ],
          [
            121.02236703818583,
            24.78652909806736
          ],
          [
            121.0223717821776,
            24.7865115908245
          ],
          [
            121.02237662506498,
            24.78649407453804
          ],
          [
            121.02238136905245,
            24.786476558266173
          ],
          [
            121.02238611303862,
            24.7864590419941
          ],
          [
            121.02239085702182,
            24.786441516693206
          ],
          [
            121.02239560100693,
            24.786424009449412
          ],
          [
            121.02240044388758,
            24.78640649316198
          ],
          [
            121.02240518786839,
            24.786388976889135
          ],
          [
            121.02240775750926,
            24.786379406145418
          ],
          [
            121.02240993184625,
            24.786371451587485
          ],
          [
            121.02241487362288,
            24.786353944313305
          ],
          [
            121.02241971649649,
            24.786336418996434
          ],
          [
            121.02242456926177,
            24.786318911735183
          ],
          [
            121.02242940224284,
            24.78630138641942
          ],
          [
            121.02243424511559,
            24.786283879159253
          ],
          [
            121.02243908798536,
            24.786266362870236
          ],
          [
            121.02244393085218,
            24.786248837552396
          ],
          [
            121.02244877373708,
            24.786231420578055
          ],
          [
            121.0224536166012,
            24.786213895259827
          ],
          [
            121.02245845946716,
            24.786196387998668
          ],
          [
            121.02246340122845,
            24.786178871693842
          ],
          [
            121.02246824409006,
            24.78616135540366
          ],
          [
            121.02247308695033,
            24.786143839113265
          ],
          [
            121.02247792980761,
            24.786126313794046
          ],
          [
            121.02248277266678,
            24.786108806531917
          ],
          [
            121.02248761553925,
            24.78609138052736
          ],
          [
            121.02249245839243,
            24.786073855207544
          ],
          [
            121.02249730124757,
            24.78605634794481
          ],
          [
            121.02250214409969,
            24.78603883165325
          ],
          [
            121.02250708584698,
            24.786021306317988
          ],
          [
            121.02251192869637,
            24.78600379002601
          ],
          [
            121.02251677154604,
            24.7859862827625
          ],
          [
            121.0225216143927,
            24.785968766470155
          ],
          [
            121.02252645725432,
            24.785951340464013
          ],
          [
            121.0225313000983,
            24.785933824171252
          ],
          [
            121.02253614293927,
            24.785916298849678
          ],
          [
            121.02253900912574,
            24.785906014795792
          ],
          [
            121.02254068907001,
            24.785898692314806
          ],
          [
            121.022544938507,
            24.785881094853064
          ],
          [
            121.02254908902678,
            24.78586339809102
          ],
          [
            121.02255323956172,
            24.785845791615213
          ],
          [
            121.02255739007914,
            24.785828094852857
          ],
          [
            121.02256163950973,
            24.785810488361836
          ],
          [
            121.02256470297982,
            24.785797396370132
          ],
          [
            121.02256608673345,
            24.785792872812216
          ],
          [
            121.02257122627758,
            24.785775455788148
          ],
          [
            121.02257636581861,
            24.785758029735224
          ],
          [
            121.02258150535823,
            24.785740603682086
          ],
          [
            121.02258664489642,
            24.78572317762871
          ],
          [
            121.02259178443317,
            24.785705751575136
          ],
          [
            121.02259702285004,
            24.785688235220007
          ],
          [
            121.02260216238228,
            24.785670800137357
          ],
          [
            121.02260730191472,
            24.785653374083136
          ],
          [
            121.02261244144573,
            24.785635948028695
          ],
          [
            121.02261758097528,
            24.78561852197402
          ],
          [
            121.02262281940288,
            24.785601104932844
          ],
          [
            121.02262795892956,
            24.78558367887776
          ],
          [
            121.02263309845482,
            24.78556625282245
          ],
          [
            121.02263823797864,
            24.78554882676692
          ],
          [
            121.02264337749939,
            24.785531391682532
          ],
          [
            121.02264851702033,
            24.785513965626567
          ],
          [
            121.0226537554376,
            24.785496539555428
          ],
          [
            121.02265889495568,
            24.785479113499044
          ],
          [
            121.02265988331149,
            24.785475691494202
          ],
          [
            121.02266373776439,
            24.78546160622958
          ],
          [
            121.02266858057015,
            24.785444089931254
          ],
          [
            121.02267332447684,
            24.785426573647744
          ],
          [
            121.02267816727823,
            24.7854090483204
          ],
          [
            121.02268291118224,
            24.7853915320365
          ],
          [
            121.02268775398421,
            24.785374024766046
          ],
          [
            121.02269249788394,
            24.78535649945312
          ],
          [
            121.02269734068156,
            24.785338983153643
          ],
          [
            121.02270208458023,
            24.78532146686897
          ],
          [
            121.02270692737682,
            24.785303959597737
          ],
          [
            121.02271167127117,
            24.78528643428404
          ],
          [
            121.02271651406339,
            24.785268917983785
          ],
          [
            121.02272125795672,
            24.78525140169833
          ],
          [
            121.0227261007479,
            24.785233894426334
          ],
          [
            121.02273094351797,
            24.78521627881043
          ],
          [
            121.02273568740728,
            24.7851987625244
          ],
          [
            121.02274053019273,
            24.78518124622317
          ],
          [
            121.02274527407936,
            24.78516372993677
          ],
          [
            121.02275011686214,
            24.785146213635155
          ],
          [
            121.02275486074609,
            24.78512869734835
          ],
          [
            121.02275970352615,
            24.78511118104634
          ],
          [
            121.02276444740743,
            24.78509366475917
          ],
          [
            121.02276929018478,
            24.78507614845677
          ],
          [
            121.02277403406339,
            24.78505863216921
          ],
          [
            121.02277887683806,
            24.785041115866417
          ],
          [
            121.022783620714,
            24.785023599578476
          ],
          [
            121.02278836465455,
            24.78500644443603
          ],
          [
            121.02278846348597,
            24.78500608327528
          ],
          [
            121.02279478980077,
            24.784989027206798
          ],
          [
            121.02280101719671,
            24.784971862809343
          ],
          [
            121.02280734349156,
            24.784954716453814
          ],
          [
            121.0228135709006,
            24.78493764234219
          ],
          [
            121.02281979829304,
            24.784920486972496
          ],
          [
            121.02282612458106,
            24.784903331587422
          ],
          [
            121.02283235198826,
            24.784886275532184
          ],
          [
            121.02283867827117,
            24.784869111117857
          ],
          [
            121.02284490565677,
            24.784851955746976
          ],
          [
            121.02285124184412,
            24.784834890645584
          ],
          [
            121.02285745933658,
            24.784817735275595
          ],
          [
            121.02286379550392,
            24.784800579887193
          ],
          [
            121.02287002289921,
            24.784783514801532
          ],
          [
            121.02287624038651,
            24.78476635943065
          ],
          [
            121.02288256666063,
            24.78474921307149
          ],
          [
            121.02288879404914,
            24.78473213895628
          ],
          [
            121.02289512031813,
            24.78471498356788
          ],
          [
            121.02290135757801,
            24.784697828192776
          ],
          [
            121.0229076739704,
            24.784680763091696
          ],
          [
            121.02291391122685,
            24.78466360771599
          ],
          [
            121.02292013859186,
            24.78464645234151
          ],
          [
            121.02292379597534,
            24.784636610560916
          ],
          [
            121.02292705828432,
            24.784629567719996
          ],
          [
            121.02293485820833,
            24.78461295382256
          ],
          [
            121.02294257901269,
            24.78459633993681
          ],
          [
            121.02295028003556,
            24.784579726053654
          ],
          [
            121.02295809973278,
            24.78456311215187
          ],
          [
            121.02296580075156,
            24.784546498267858
          ],
          [
            121.02297362044462,
            24.784529884365185
          ],
          [
            121.02298132145928,
            24.78451327048028
          ],
          [
            121.02298903236158,
            24.78449665659344
          ],
          [
            121.02299685204844,
            24.784480042689456
          ],
          [
            121.02300455305694,
            24.784463428803264
          ],
          [
            121.02301227384274,
            24.784446814913593
          ],
          [
            121.02302008363371,
            24.78443020100981
          ],
          [
            121.0230277945257,
            24.784413587120795
          ],
          [
            121.02303560431254,
            24.784396973216133
          ],
          [
            121.02304331520043,
            24.78438035932625
          ],
          [
            121.02305101619659,
            24.784363745437457
          ],
          [
            121.02305882597722,
            24.78434713153148
          ],
          [
            121.02306654674861,
            24.784330517638768
          ],
          [
            121.02307425762828,
            24.784313903747126
          ],
          [
            121.02307849863125,
            24.784304874450267
          ],
          [
            121.02308305645411,
            24.784297741119502
          ],
          [
            121.02309304213927,
            24.784282120026838
          ],
          [
            121.02310302783862,
            24.78426658921992
          ],
          [
            121.02311301351878,
            24.78425096812586
          ],
          [
            121.0231229002997,
            24.784235347046383
          ],
          [
            121.02313288597485,
            24.784219725950937
          ],
          [
            121.02314287166428,
            24.78420419514124
          ],
          [
            121.02315284744478,
            24.784188574045928
          ],
          [
            121.02316283311247,
            24.7841729529484
          ],
          [
            121.02317282868408,
            24.784157422135078
          ],
          [
            121.02318281434677,
            24.784141801036153
          ],
          [
            121.0231927011103,
            24.784126179951848
          ],
          [
            121.023202686768,
            24.78411055885153
          ],
          [
            121.02321267244,
            24.784095028036965
          ],
          [
            121.0232226580927,
            24.784079406935255
          ],
          [
            121.02323263385328,
            24.784063785834384
          ],
          [
            121.02324262940748,
            24.78404825501618
          ],
          [
            121.02325250626646,
            24.784032633929293
          ],
          [
            121.02325301050442,
            24.784031911559495
          ],
          [
            121.02326398539887,
            24.784017825170654
          ],
          [
            121.02327545465575,
            24.784003106699068
          ],
          [
            121.02328692392678,
            24.783988478513034
          ],
          [
            121.02329829428173,
            24.783973760055037
          ],
          [
            121.0233097635305,
            24.783959041580765
          ],
          [
            121.02332123277658,
            24.78394432310557
          ],
          [
            121.02333270201997,
            24.783929604629485
          ],
          [
            121.02334417126063,
            24.78391488615248
          ],
          [
            121.02335564049861,
            24.78390016767458
          ],
          [
            121.02336710973385,
            24.783885449195765
          ],
          [
            121.02337857896642,
            24.783870730716067
          ],
          [
            121.02339004819626,
            24.783856012235436
          ],
          [
            121.0234015174251,
            24.78384130278255
          ],
          [
            121.02341298664787,
            24.78382657527148
          ],
          [
            121.0234244558696,
            24.783811856788134
          ],
          [
            121.02343592508862,
            24.7837971383039
          ],
          [
            121.02344739430497,
            24.783782419818742
          ],
          [
            121.02345886351857,
            24.7837677013327
          ],
          [
            121.02347033272949,
            24.783752982845737
          ],
          [
            121.02348170304136,
            24.783738264373373
          ],
          [
            121.023487734274,
            24.783730589080037
          ],
          [
            121.02349386460621,
            24.783723997208174
          ],
          [
            121.02350671854462,
            24.783710271651856
          ],
          [
            121.0235195724802,
            24.783696546094426
          ],
          [
            121.02353242641294,
            24.783682820535873
          ],
          [
            121.02354528034287,
            24.783669094976187
          ],
          [
            121.02355813426999,
            24.78365536941536
          ],
          [
            121.02357098819424,
            24.783641643853425
          ],
          [
            121.02358384211568,
            24.783627918290367
          ],
          [
            121.02359669603432,
            24.78361419272618
          ],
          [
            121.0236095499501,
            24.783600467160845
          ],
          [
            121.02362240386307,
            24.7835867415944
          ],
          [
            121.0236352577732,
            24.78357301602684
          ],
          [
            121.0236481116805,
            24.78355929045814
          ],
          [
            121.02366096558498,
            24.783545564888303
          ],
          [
            121.02367381948663,
            24.783531839317355
          ],
          [
            121.02368667338546,
            24.783518113745277
          ],
          [
            121.02369952728147,
            24.78350438817208
          ],
          [
            121.02371238119177,
            24.783490752884184
          ],
          [
            121.02372523508213,
            24.783477027308717
          ],
          [
            121.02373808896965,
            24.783463301732134
          ],
          [
            121.02374659230142,
            24.783454181453056
          ],
          [
            121.02375133849038,
            24.783449846950983
          ],
          [
            121.02376547822797,
            24.7834372046053
          ],
          [
            121.02377951906661,
            24.783424562273986
          ],
          [
            121.02379365878129,
            24.78341182963917
          ],
          [
            121.0238076996142,
            24.783399187305164
          ],
          [
            121.02382174042705,
            24.783386454683377
          ],
          [
            121.02383588015034,
            24.783373812330957
          ],
          [
            121.0238499209747,
            24.78336116999293
          ],
          [
            121.023864060675,
            24.783348437351364
          ],
          [
            121.02387810149365,
            24.783335795010675
          ],
          [
            121.02389224118821,
            24.783323062366406
          ],
          [
            121.02390628200116,
            24.783310420023017
          ],
          [
            121.02392042170726,
            24.783297777662494
          ],
          [
            121.0239344624972,
            24.78328504502998
          ],
          [
            121.02394850330157,
            24.783272402682577
          ],
          [
            121.0239602698946,
            24.783261837286023
          ],
          [
            121.0239628408257,
            24.783259940859246
          ],
          [
            121.02397816749738,
            24.783248472026987
          ],
          [
            121.02399339527032,
            24.78323700320897
          ],
          [
            121.02400872195375,
            24.783225624659988
          ],
          [
            121.02402404861701,
            24.78321415582299
          ],
          [
            121.02403927638152,
            24.78320268700028
          ],
          [
            121.02405460303915,
            24.783191218160116
          ],
          [
            121.02406992971136,
            24.783179839604788
          ],
          [
            121.02408525636336,
            24.783168370761455
          ],
          [
            121.02410048411666,
            24.783156901932465
          ],
          [
            121.02411581076305,
            24.78314543308597
          ],
          [
            121.02413113742406,
            24.783134054524336
          ],
          [
            121.02414646406483,
            24.783122585674658
          ],
          [
            121.0241616918069,
            24.783111116839372
          ],
          [
            121.02417701844203,
            24.783099647986557
          ],
          [
            121.02419234509182,
            24.7830882694186
          ],
          [
            121.0242075728255,
            24.783076800578584
          ],
          [
            121.02422280057391,
            24.783065422023462
          ],
          [
            121.02423911636629,
            24.78305503644155
          ],
          [
            121.02425533327774,
            24.783044741160293
          ],
          [
            121.02427155016893,
            24.783034355590825
          ],
          [
            121.02428786597078,
            24.783024060289986
          ],
          [
            121.02430408287417,
            24.78301376500343
          ],
          [
            121.02432029975724,
            24.78300337942865
          ],
          [
            121.02433651665528,
            24.782993084138536
          ],
          [
            121.0243527335506,
            24.782982788846677
          ],
          [
            121.02436895042564,
            24.782972403266587
          ],
          [
            121.02438516731561,
            24.782962107971166
          ],
          [
            121.02440138418525,
            24.782951722387537
          ],
          [
            121.02441760106986,
            24.7829414270886
          ],
          [
            121.0244338179518,
            24.782931131787873
          ],
          [
            121.02445003481336,
            24.782920746198947
          ],
          [
            121.02446625168992,
            24.78291045089468
          ],
          [
            121.02447139362842,
            24.782907199742205
          ],
          [
            121.02448306209732,
            24.78290096806964
          ],
          [
            121.02450016926012,
            24.78289184633993
          ],
          [
            121.024517177507,
            24.782882634337987
          ],
          [
            121.02453428466478,
            24.782873512604358
          ],
          [
            121.02455129292439,
            24.782864390884978
          ],
          [
            121.02456840007716,
            24.78285526914743
          ],
          [
            121.02458550722744,
            24.782846147407923
          ],
          [
            121.0246025154796,
            24.782837025682696
          ],
          [
            121.02461962262487,
            24.782827903939268
          ],
          [
            121.02463663087204,
            24.782818782210146
          ],
          [
            121.02465373801233,
            24.782809660462803
          ],
          [
            121.02467074623665,
            24.782800448443336
          ],
          [
            121.02468785337194,
            24.782791326692074
          ],
          [
            121.02470486160911,
            24.782782204955165
          ],
          [
            121.0247219687394,
            24.782773083199988
          ],
          [
            121.02472889069652,
            24.782769380312438
          ],
          [
            121.02473957052405,
            24.782764864225612
          ],
          [
            121.02475746911844,
            24.782757277205214
          ],
          [
            121.02477546660626,
            24.782749690166312
          ],
          [
            121.02479336519633,
            24.782742103141615
          ],
          [
            121.02481136267974,
            24.78273451609839
          ],
          [
            121.02482926126544,
            24.782726929069387
          ],
          [
            121.0248472587445,
            24.782719342021835
          ],
          [
            121.02486515732583,
            24.782711754988515
          ],
          [
            121.02488315480052,
            24.782704167936625
          ],
          [
            121.02490105337749,
            24.782696580899024
          ],
          [
            121.0249190508478,
            24.782688993842815
          ],
          [
            121.02493694942038,
            24.782681406800904
          ],
          [
            121.02495494688633,
            24.78267381974037
          ],
          [
            121.02497284545456,
            24.782666232694154
          ],
          [
            121.02499084291614,
            24.782658645629297
          ],
          [
            121.02500874148,
            24.782651058578775
          ],
          [
            121.02502357455346,
            24.782644826335268
          ],
          [
            121.0250268378689,
            24.782643652065943
          ],
          [
            121.02504503324168,
            24.782636696966623
          ],
          [
            121.02506332752607,
            24.782629832134976
          ],
          [
            121.02508162179026,
            24.782622877014624
          ],
          [
            121.02509991607063,
            24.7826160121785
          ],
          [
            121.02511821033076,
            24.782609057053694
          ],
          [
            121.0251364057116,
            24.782602192229685
          ],
          [
            121.0251546999677,
            24.782595237100406
          ],
          [
            121.02517299423994,
            24.78258837225533
          ],
          [
            121.02519128849195,
            24.782581417121552
          ],
          [
            121.02520958276017,
            24.782574552272
          ],
          [
            121.0252277781127,
            24.782567597150415
          ],
          [
            121.02524607237686,
            24.782560732296396
          ],
          [
            121.02526110332818,
            24.78255504171462
          ],
          [
            121.025264465571,
            24.782554047996342
          ],
          [
            121.02528335349626,
            24.782548627620802
          ],
          [
            121.02530224141988,
            24.78254320724288
          ],
          [
            121.02532103044646,
            24.782537786879285
          ],
          [
            121.02533991836681,
            24.782532366496607
          ],
          [
            121.02535880626715,
            24.782526855825097
          ],
          [
            121.02537759528882,
            24.782521435454406
          ],
          [
            121.0253964832042,
            24.782516015064573
          ],
          [
            121.02541537111797,
            24.78251059467236
          ],
          [
            121.02543425903009,
            24.782505174277762
          ],
          [
            121.02545304802679,
            24.782499663611155
          ],
          [
            121.02547193593563,
            24.78249424321178
          ],
          [
            121.0254908238428,
            24.78248882281005
          ],
          [
            121.02550971174833,
            24.782483402405916
          ],
          [
            121.02552850075689,
            24.78247798201627
          ],
          [
            121.02553532412936,
            24.782475994550726
          ],
          [
            121.02554748759145,
            24.782472742163417
          ],
          [
            121.02556647444291,
            24.782467592594593
          ],
          [
            121.025585362416,
            24.782462533326708
          ],
          [
            121.02560434926248,
            24.782457374724448
          ],
          [
            121.02562333612781,
            24.782452315434853
          ],
          [
            121.02562392946268,
            24.7824521347604
          ],
          [
            121.02564261991873,
            24.78244842981589
          ],
          [
            121.02566200260378,
            24.782444544177487
          ],
          [
            121.02568128639231,
            24.78244065855353
          ],
          [
            121.02570057017961,
            24.7824367729271
          ],
          [
            121.02571995286102,
            24.782432887281196
          ],
          [
            121.02573923666456,
            24.78242909193623
          ],
          [
            121.02575861934359,
            24.78242520628532
          ],
          [
            121.02577790312608,
            24.782421320648925
          ],
          [
            121.02579718690741,
            24.782417435010046
          ],
          [
            121.02581656960146,
            24.782413639638076
          ],
          [
            121.0258358533804,
            24.7824097539942
          ],
          [
            121.02585513715809,
            24.782405868347855
          ],
          [
            121.02587451982988,
            24.782401982681936
          ],
          [
            121.02588688123501,
            24.782399542810904
          ],
          [
            121.02589390257542,
            24.782398458159296
          ],
          [
            121.0259133842901,
            24.782395294762843
          ],
          [
            121.02593286600381,
            24.78239213136385
          ],
          [
            121.02595234773531,
            24.782389058248768
          ],
          [
            121.02597182944706,
            24.782385894844705
          ],
          [
            121.02599131115781,
            24.782382731438094
          ],
          [
            121.02601079288638,
            24.782379658315406
          ],
          [
            121.02603027459517,
            24.782376494903733
          ],
          [
            121.02604975632181,
            24.78237342177598
          ],
          [
            121.02606923802865,
            24.782370258359244
          ],
          [
            121.02608871973446,
            24.78236709493996
          ],
          [
            121.0261082014582,
            24.7823640218046
          ],
          [
            121.02612768316206,
            24.782360858380233
          ],
          [
            121.02614716486492,
            24.782357694953355
          ],
          [
            121.02616664658576,
            24.782354621810384
          ],
          [
            121.02618059034228,
            24.78235236221145
          ],
          [
            121.02618612832455,
            24.782351638951326
          ],
          [
            121.02620570901453,
            24.782348926931785
          ],
          [
            121.02622519082742,
            24.782346305213448
          ],
          [
            121.0262447715157,
            24.7823435931888
          ],
          [
            121.02626435222217,
            24.782340971448022
          ],
          [
            121.02628393290875,
            24.782338259418232
          ],
          [
            121.02630351361354,
            24.782335637672354
          ],
          [
            121.02632299540322,
            24.782332925654828
          ],
          [
            121.02634257610636,
            24.782330303903837
          ],
          [
            121.02636215678956,
            24.78232759186382
          ],
          [
            121.02638173749104,
            24.782324970107705
          ],
          [
            121.02640131817256,
            24.782322258062567
          ],
          [
            121.02642089887236,
            24.782319636301334
          ],
          [
            121.0264403806761,
            24.782317014554977
          ],
          [
            121.02645996135509,
            24.782314302502183
          ],
          [
            121.02647954205239,
            24.782311680733265
          ],
          [
            121.02649912272969,
            24.782308968675345
          ],
          [
            121.02651870342534,
            24.782306346901304
          ],
          [
            121.02653818520574,
            24.782303634855783
          ],
          [
            121.02655776589974,
            24.782301013076648
          ],
          [
            121.02657734657365,
            24.782298301008478
          ],
          [
            121.02659692726597,
            24.78229567922422
          ],
          [
            121.02661650793817,
            24.782292967150934
          ],
          [
            121.0266360886269,
            24.78229033633291
          ],
          [
            121.02665379034659,
            24.78228789544838
          ],
          [
            121.02665557040224,
            24.782287624272104
          ],
          [
            121.02667515101405,
            24.782284641331795
          ],
          [
            121.02669463273162,
            24.782281667435218
          ],
          [
            121.02671411446374,
            24.78227876576527
          ],
          [
            121.02673359617947,
            24.78227579186362
          ],
          [
            121.0267531767856,
            24.78227279988446
          ],
          [
            121.02677265849945,
            24.782269825977725
          ],
          [
            121.02679214020851,
            24.78226683401115
          ],
          [
            121.0268117208351,
            24.782263950368083
          ],
          [
            121.02683120254423,
            24.78226096742508
          ],
          [
            121.0268506842505,
            24.78225797545089
          ],
          [
            121.02687026485295,
            24.78225499248507
          ],
          [
            121.02688974657875,
            24.782252099820898
          ],
          [
            121.02690922828612,
            24.782249125896385
          ],
          [
            121.02692870998865,
            24.782246133912036
          ],
          [
            121.02694829058929,
            24.782243159964658
          ],
          [
            121.02696777228996,
            24.782240167975235
          ],
          [
            121.02698725401311,
            24.782237284327017
          ],
          [
            121.02700683460904,
            24.782234301343333
          ],
          [
            121.02702631630886,
            24.782231318374926
          ],
          [
            121.0270457980058,
            24.782228326375375
          ],
          [
            121.02706537861847,
            24.782225433670472
          ],
          [
            121.02708486031747,
            24.78222245972311
          ],
          [
            121.02710434201357,
            24.782219476744554
          ],
          [
            121.02712382370677,
            24.782216484734825
          ],
          [
            121.02714340429614,
            24.782213501733274
          ],
          [
            121.02716288600908,
            24.782210609033555
          ],
          [
            121.02718236770147,
            24.782207626044848
          ],
          [
            121.02719838818145,
            24.78220518540115
          ],
          [
            121.02720194828804,
            24.782204643035637
          ],
          [
            121.02722133104402,
            24.782201479486936
          ],
          [
            121.02724081269415,
            24.782198315917725
          ],
          [
            121.02724879324086,
            24.782196987254615
          ],
          [
            121.02726029432358,
            24.78219506205951
          ],
          [
            121.02727977597172,
            24.78219189848523
          ],
          [
            121.02729925761884,
            24.782188734908416
          ],
          [
            121.02731873926498,
            24.782185571329055
          ],
          [
            121.02732182468382,
            24.78218507419055
          ],
          [
            121.02732577045849,
            24.782184432436626
          ],
          [
            121.0273266110373,
            24.78218429685352
          ],
          [
            121.02732663872614,
            24.78218428872268
          ],
          [
            121.02733385979198,
            24.782183121806412
          ],
          [
            121.02733822091017,
            24.78218240774717
          ],
          [
            121.02735770255632,
            24.782179253191384
          ],
          [
            121.0273771841995,
            24.78217608960442
          ],
          [
            121.02739666583972,
            24.78217291698628
          ],
          [
            121.0274160485858,
            24.782169753412358
          ],
          [
            121.0274217645203,
            24.782168831443748
          ],
          [
            121.02743553022601,
            24.78216658981781
          ],
          [
            121.027441068155,
            24.782165694967002
          ],
          [
            121.02745501188511,
            24.782163516507172
          ],
          [
            121.02747459245819,
            24.782160533462303
          ],
          [
            121.02749407411537,
            24.782157460146582
          ],
          [
            121.02751355579149,
            24.782154477114776
          ],
          [
            121.02753303746667,
            24.782151494080434
          ],
          [
            121.02755251912099,
            24.782148420757107
          ],
          [
            121.02757209968937,
            24.782145437699484
          ],
          [
            121.02759158136175,
            24.78214245465752
          ],
          [
            121.0276110630132,
            24.782139381326576
          ],
          [
            121.02763054468367,
            24.782136398279548
          ],
          [
            121.02765002633323,
            24.782133324943526
          ],
          [
            121.02766960689691,
            24.782130341873152
          ],
          [
            121.02768908856456,
            24.782127358818506
          ],
          [
            121.02770857021126,
            24.78212428547487
          ],
          [
            121.02772805187703,
            24.78212130241515
          ],
          [
            121.02772864522736,
            24.782121212018787
          ],
          [
            121.02774753354188,
            24.78211831935289
          ],
          [
            121.02776711408077,
            24.782115245983313
          ],
          [
            121.02778659574375,
            24.78211226291597
          ],
          [
            121.02780607740574,
            24.782109279846097
          ],
          [
            121.02782555904673,
            24.78210620648724
          ],
          [
            121.02784504070688,
            24.782103223412285
          ],
          [
            121.02786462126113,
            24.782100240316403
          ],
          [
            121.02788410289925,
            24.782097166949924
          ],
          [
            121.02790358455657,
            24.782094183867358
          ],
          [
            121.02792306621298,
            24.78209120078226
          ],
          [
            121.02794254784821,
            24.78208812740817
          ],
          [
            121.02795965610284,
            24.782085505907055
          ],
          [
            121.02796212839776,
            24.782085144299536
          ],
          [
            121.02796724109699,
            24.782084366881065
          ],
          [
            121.02798161005134,
            24.782082161206816
          ],
          [
            121.02800109170398,
            24.782079178111562
          ],
          [
            121.028020672271,
            24.78207628528172
          ],
          [
            121.0280401539218,
            24.782073302181377
          ],
          [
            121.02805963557162,
            24.782070319078507
          ],
          [
            121.02807911721852,
            24.782067326944457
          ],
          [
            121.02809869776152,
            24.782064343817954
          ],
          [
            121.02811817942893,
            24.78206145099391
          ],
          [
            121.02813766107505,
            24.782058467880887
          ],
          [
            121.02814824247481,
            24.78205684073571
          ],
          [
            121.02815724163561,
            24.782055575033173
          ],
          [
            121.02817672330029,
            24.782052682201535
          ],
          [
            121.02819630387943,
            24.782049879635167
          ],
          [
            121.02821578556271,
            24.782047077084883
          ],
          [
            121.02823536611967,
            24.782044184226947
          ],
          [
            121.02825484780116,
            24.782041381671593
          ],
          [
            121.02827442837679,
            24.782038579095005
          ],
          [
            121.02829391005653,
            24.782035776534546
          ],
          [
            121.02831349060992,
            24.782032883666403
          ],
          [
            121.0283211052784,
            24.78203179878875
          ],
          [
            121.02833297226738,
            24.782029990814408
          ],
          [
            121.02835255281893,
            24.782027097941167
          ],
          [
            121.0283720344746,
            24.782024205084095
          ],
          [
            121.02839161502432,
            24.782021312205732
          ],
          [
            121.02841109667818,
            24.782018419343572
          ],
          [
            121.0284305783311,
            24.78201552647888
          ],
          [
            121.0284501588781,
            24.78201263359286
          ],
          [
            121.02846964050863,
            24.78200965043663
          ],
          [
            121.0284892210538,
            24.782006757545513
          ],
          [
            121.02850148361782,
            24.782004949482545
          ],
          [
            121.02850870274435,
            24.782004045243553
          ],
          [
            121.02852828334967,
            24.782001423206687
          ],
          [
            121.0285478639748,
            24.781998891453693
          ],
          [
            121.02856744459913,
            24.781996359698148
          ],
          [
            121.02858702520199,
            24.78199373765358
          ],
          [
            121.02860660582472,
            24.781991205892915
          ],
          [
            121.02862618644664,
            24.78198867412969
          ],
          [
            121.0286457670678,
            24.781986142363895
          ],
          [
            121.02866534766738,
            24.781983520309094
          ],
          [
            121.0286849282869,
            24.781980988538173
          ],
          [
            121.02870450890563,
            24.781978456764712
          ],
          [
            121.02872408950279,
            24.781975834702227
          ],
          [
            121.02874367011991,
            24.78197330292362
          ],
          [
            121.02876325073623,
            24.781970771142475
          ],
          [
            121.02876868979155,
            24.78197004780582
          ],
          [
            121.02878273233188,
            24.781967697659052
          ],
          [
            121.02880221388487,
            24.781964443600174
          ],
          [
            121.02882169543686,
            24.781961189538777
          ],
          [
            121.02884107809287,
            24.781957935493896
          ],
          [
            121.02886055964282,
            24.781954681427425
          ],
          [
            121.02888004119174,
            24.781951427358443
          ],
          [
            121.02889952273966,
            24.781948173286914
          ],
          [
            121.02891890539163,
            24.781944919231954
          ],
          [
            121.02893838693751,
            24.781941665155358
          ],
          [
            121.02895786848234,
            24.781938411076244
          ],
          [
            121.02897725113128,
            24.781935157013734
          ],
          [
            121.0289967326741,
            24.781931902929536
          ],
          [
            121.02900533619564,
            24.781930456679724
          ],
          [
            121.0290162142369,
            24.781928739129274
          ],
          [
            121.02903569584072,
            24.781925755899383
          ],
          [
            121.02905527633851,
            24.781922772647764
          ],
          [
            121.02907475791942,
            24.781919699126338
          ],
          [
            121.0290942395204,
            24.78191671588883
          ],
          [
            121.0291137210994,
            24.781913642362333
          ],
          [
            121.02913320269855,
            24.781910659119752
          ],
          [
            121.02915278319162,
            24.781907675855376
          ],
          [
            121.02917226476775,
            24.781904602321262
          ],
          [
            121.02919174636406,
            24.781901619071068
          ],
          [
            121.02921122793828,
            24.781898545531877
          ],
          [
            121.0292307095327,
            24.781895562276613
          ],
          [
            121.02925029002105,
            24.781892578999482
          ],
          [
            121.02925345453025,
            24.781892036662473
          ],
          [
            121.02926977163477,
            24.781889686025583
          ],
          [
            121.02928935216367,
            24.781886883316247
          ],
          [
            121.02930883381799,
            24.78188417091019
          ],
          [
            121.02932841434513,
            24.781881368195744
          ],
          [
            121.02934789597651,
            24.781878565498136
          ],
          [
            121.02936747650189,
            24.781875762778597
          ],
          [
            121.02938705702637,
            24.781872960056493
          ],
          [
            121.0294065386764,
            24.78187024763769
          ],
          [
            121.02942611919914,
            24.78186744491049
          ],
          [
            121.02944569972098,
            24.781864642180714
          ],
          [
            121.0294651813471,
            24.781861839467837
          ],
          [
            121.02948476186722,
            24.781859036732968
          ],
          [
            121.02949573883315,
            24.78185749970108
          ],
          [
            121.02950434242914,
            24.781856414568416
          ],
          [
            121.0295239229902,
            24.781853792401325
          ],
          [
            121.02954350357183,
            24.781851260518117
          ],
          [
            121.02956308415267,
            24.78184872863235
          ],
          [
            121.0295826647327,
            24.781846196744016
          ],
          [
            121.02960224529052,
            24.78184357456668
          ],
          [
            121.02962182586894,
            24.781841042673243
          ],
          [
            121.02964140644657,
            24.78183851077722
          ],
          [
            121.0296609870234,
            24.781835978878654
          ],
          [
            121.02968056759943,
            24.781833446977533
          ],
          [
            121.0297001481532,
            24.781830824787377
          ],
          [
            121.0297197287276,
            24.781828292881134
          ],
          [
            121.03059869502464,
            24.78162218144368
          ],
          [
            121.03124118020176,
            24.781488406743073
          ],
          [
            121.03185262793657,
            24.781381694743203
          ],
          [
            121.0322214689101,
            24.781321078748228
          ],
          [
            121.0326207874611,
            24.781255444308655
          ],
          [
            121.03304139063401,
            24.78120108088768
          ],
          [
            121.03305552238965,
            24.7812001568465
          ],
          [
            121.03305857817175,
            24.78119995754162
          ],
          [
            121.03319626634952,
            24.781190925517166
          ],
          [
            121.03352429678169,
            24.781183304480752
          ],
          [
            121.03356774085223,
            24.781182545369504
          ],
          [
            121.03388549668648,
            24.781177011462244
          ],
          [
            121.03419085941275,
            24.781165556919188
          ],
          [
            121.03423341296595,
            24.78116312751857
          ],
          [
            121.0343461507079,
            24.781156718446773
          ],
          [
            121.03458942175222,
            24.781124502406062
          ],
          [
            121.03489160934792,
            24.78107613806083
          ],
          [
            121.03556960576597,
            24.780962678044055
          ],
          [
            121.03557524247438,
            24.78096177384022
          ],
          [
            121.03559462479802,
            24.780958518920972
          ],
          [
            121.03561410601479,
            24.78095526397567
          ],
          [
            121.03563358725633,
            24.780952099314305
          ],
          [
            121.03565306847105,
            24.78094884436395
          ],
          [
            121.0356725497106,
            24.78094567969752
          ],
          [
            121.0356920309233,
            24.780942424742083
          ],
          [
            121.03571141326671,
            24.780939260094172
          ],
          [
            121.03573089447741,
            24.780936005133686
          ],
          [
            121.03575037571294,
            24.780932840457126
          ],
          [
            121.03576896692637,
            24.78092976627712
          ],
          [
            121.03576985692162,
            24.780929585491556
          ],
          [
            121.03578933818105,
            24.78092651109638
          ],
          [
            121.03580881943952,
            24.78092343669868
          ],
          [
            121.03582830067111,
            24.780920272011976
          ],
          [
            121.03584778192763,
            24.7809171976092
          ],
          [
            121.03586726315726,
            24.78091403291743
          ],
          [
            121.03588674441184,
            24.780910958509583
          ],
          [
            121.03590622566547,
            24.780907884099186
          ],
          [
            121.03592570689214,
            24.780904719399814
          ],
          [
            121.03594518814383,
            24.780901644984365
          ],
          [
            121.03596466936852,
            24.780898480279916
          ],
          [
            121.03596832829356,
            24.78089793768219
          ],
          [
            121.03598415061828,
            24.7808954058594
          ],
          [
            121.036003631841,
            24.780892241149886
          ],
          [
            121.0360231130888,
            24.780889166724297
          ],
          [
            121.03604259430956,
            24.780886002009687
          ],
          [
            121.03606207555544,
            24.780882927579036
          ],
          [
            121.03608155677423,
            24.780879762859374
          ],
          [
            121.03610103801815,
            24.78087668842365
          ],
          [
            121.036120519235,
            24.780873523698922
          ],
          [
            121.03614000047696,
            24.780870449258128
          ],
          [
            121.03615948169183,
            24.78086728452833
          ],
          [
            121.03617896293187,
            24.780864210082463
          ],
          [
            121.03619794970068,
            24.780861135753582
          ],
          [
            121.03619844414474,
            24.78086104534758
          ],
          [
            121.03621802446034,
            24.780858602877945
          ],
          [
            121.03623760474892,
            24.780856070119285
          ],
          [
            121.03625718506292,
            24.780853627644507
          ],
          [
            121.03627676537617,
            24.780851185167183
          ],
          [
            121.03629644455644,
            24.78084865237688
          ],
          [
            121.03631602486814,
            24.780846209894417
          ],
          [
            121.03633560515279,
            24.78084367712293
          ],
          [
            121.03635518546292,
            24.78084123463535
          ],
          [
            121.03637476574333,
            24.780838692830113
          ],
          [
            121.03639434605455,
            24.780836259366044
          ],
          [
            121.03641392633601,
            24.780833726584323
          ],
          [
            121.03643350664305,
            24.780831284086506
          ],
          [
            121.03645308692293,
            24.78082875129965
          ],
          [
            121.03647276612244,
            24.78082630877262
          ],
          [
            121.03648344628152,
            24.780824951873626
          ],
          [
            121.03649224740113,
            24.78082341485891
          ],
          [
            121.03651162965278,
            24.780820069534485
          ],
          [
            121.03653111079743,
            24.780816724183413
          ],
          [
            121.03655059194102,
            24.780813378829805
          ],
          [
            121.03656997418958,
            24.78081003349782
          ],
          [
            121.03658945533108,
            24.78080668813915
          ],
          [
            121.03660883757752,
            24.78080334280214
          ],
          [
            121.03662831871695,
            24.780799997438407
          ],
          [
            121.0366477009348,
            24.780796561809908
          ],
          [
            121.03666718207211,
            24.780793216441122
          ],
          [
            121.03668656431437,
            24.780789871094044
          ],
          [
            121.03670604544958,
            24.78078652572021
          ],
          [
            121.03672542768975,
            24.780783180368104
          ],
          [
            121.03673076769967,
            24.780782276193538
          ],
          [
            121.03674500784977,
            24.78078028639724
          ],
          [
            121.0367644891415,
            24.780777482734557
          ],
          [
            121.03678406932633,
            24.780774679045063
          ],
          [
            121.03680355061631,
            24.780771875377294
          ],
          [
            121.03682313079938,
            24.780769071682673
          ],
          [
            121.03684271097892,
            24.780766258956863
          ],
          [
            121.0368621922689,
            24.780763464310116
          ],
          [
            121.03688177244665,
            24.78076065157918
          ],
          [
            121.0369012537349,
            24.78075785692735
          ],
          [
            121.03692083391087,
            24.78075504419132
          ],
          [
            121.03694041408865,
            24.780752240481362
          ],
          [
            121.03695989537158,
            24.780749436793258
          ],
          [
            121.03696810322579,
            24.780748270071538
          ],
          [
            121.03697947554757,
            24.780746633078206
          ],
          [
            121.03699895680465,
            24.780743748127207
          ],
          [
            121.0370185369521,
            24.780740854120573
          ],
          [
            121.0370380182047,
            24.780737960135845
          ],
          [
            121.03705749945637,
            24.780735066148576
          ],
          [
            121.03707707960109,
            24.78073217213429
          ],
          [
            121.03709656087511,
            24.78072935939977
          ],
          [
            121.03710767606923,
            24.780727722460412
          ],
          [
            121.03711624979867,
            24.780726456324764
          ],
          [
            121.03712553552947,
            24.780725072639665
          ],
          [
            121.03713562226875,
            24.78072358041159
          ],
          [
            121.03715520240716,
            24.780720677358435
          ],
          [
            121.0371746836534,
            24.780717783355925
          ],
          [
            121.03719426379539,
            24.78071489835496
          ],
          [
            121.0372136362834,
            24.780712094660874
          ],
          [
            121.03723332522844,
            24.780709281856925
          ],
          [
            121.03725280652765,
            24.780706577445816
          ],
          [
            121.03727238669032,
            24.780703773692466
          ],
          [
            121.03729195696,
            24.780700960910345
          ],
          [
            121.03731143825395,
            24.780698247462954
          ],
          [
            121.03733101841397,
            24.780695443701934
          ],
          [
            121.0373506084895,
            24.780692730222327
          ],
          [
            121.03737008975386,
            24.780689926480857
          ],
          [
            121.03738966991126,
            24.780687122712155
          ],
          [
            121.03740915120089,
            24.780684409252057
          ],
          [
            121.03742873135653,
            24.780681605478236
          ],
          [
            121.03744830164898,
            24.780678891990803
          ],
          [
            121.03746778290896,
            24.780676088236625
          ],
          [
            121.03748736306196,
            24.780673284455137
          ],
          [
            121.03750694324121,
            24.780670570957565
          ],
          [
            121.0375183254409,
            24.78066894294948
          ],
          [
            121.03752642449855,
            24.780667767195744
          ],
          [
            121.03754600462175,
            24.780664873120138
          ],
          [
            121.03756548587732,
            24.780662069353237
          ],
          [
            121.03758506599874,
            24.78065917527253
          ],
          [
            121.03760454725254,
            24.780656371500545
          ],
          [
            121.03762412737213,
            24.78065347741472
          ],
          [
            121.03764360862415,
            24.780650673637656
          ],
          [
            121.03766318874193,
            24.780647779546715
          ],
          [
            121.03768266996491,
            24.78064488547812
          ],
          [
            121.03770225010815,
            24.780642081668542
          ],
          [
            121.03772173132934,
            24.780639187594854
          ],
          [
            121.03774131147081,
            24.780636383780166
          ],
          [
            121.03776079269021,
            24.780633489701408
          ],
          [
            121.03778037282986,
            24.780630685881604
          ],
          [
            121.03778076837803,
            24.780630595495328
          ],
          [
            121.03779995299601,
            24.780627972345698
          ],
          [
            121.0378194342948,
            24.78062534911869
          ],
          [
            121.03783901445927,
            24.78062263557768
          ],
          [
            121.03785859462285,
            24.780619922034123
          ],
          [
            121.03787817481299,
            24.78061729877445
          ],
          [
            121.03789775497489,
            24.780614585225763
          ],
          [
            121.0379172362695,
            24.78061196198603
          ],
          [
            121.03793681642972,
            24.780609248432228
          ],
          [
            121.03795639661654,
            24.780606625162342
          ],
          [
            121.03797597677504,
            24.780603911603425
          ],
          [
            121.03799555696017,
            24.780601288328416
          ],
          [
            121.03801503822316,
            24.78059857478948
          ],
          [
            121.0380346183791,
            24.780595861222903
          ],
          [
            121.03804223290233,
            24.78059486613728
          ],
          [
            121.03805409950273,
            24.780592696246575
          ],
          [
            121.03807348162134,
            24.780589170147046
          ],
          [
            121.03809286373885,
            24.78058564404498
          ],
          [
            121.03811224585525,
            24.780582117940405
          ],
          [
            121.03813162794299,
            24.780578501546884
          ],
          [
            121.03815110895098,
            24.780574975412094
          ],
          [
            121.03817049106408,
            24.780571449299984
          ],
          [
            121.0381898731761,
            24.78056792318538
          ],
          [
            121.03820925528699,
            24.780564397068243
          ],
          [
            121.03822863736913,
            24.780560780662142
          ],
          [
            121.03824801947782,
            24.780557254539993
          ],
          [
            121.0382674015854,
            24.78055372841535
          ],
          [
            121.03827738930634,
            24.780551920132996
          ],
          [
            121.03828688269648,
            24.780550563408735
          ],
          [
            121.03830646281124,
            24.780547759520147
          ],
          [
            121.0383259440313,
            24.780544955654303
          ],
          [
            121.03834552414429,
            24.78054215176059
          ],
          [
            121.0383651042564,
            24.780539347864337
          ],
          [
            121.03838458547384,
            24.780536543990863
          ],
          [
            121.03840416558418,
            24.78053374008949
          ],
          [
            121.03842364679984,
            24.78053093621093
          ],
          [
            121.03844322690843,
            24.78052813230446
          ],
          [
            121.03846280704394,
            24.78052541868188
          ],
          [
            121.03848228825699,
            24.780522614795693
          ],
          [
            121.03848960606292,
            24.780521529477117
          ],
          [
            121.03850186833508,
            24.78051972059509
          ],
          [
            121.03852134951846,
            24.78051682641736
          ],
          [
            121.03854092962263,
            24.780514022498107
          ],
          [
            121.03856041080422,
            24.780511128315293
          ],
          [
            121.03857999087869,
            24.780508234104463
          ],
          [
            121.03859947205845,
            24.78050533991656
          ],
          [
            121.03861895326524,
            24.780502536012612
          ],
          [
            121.038638533337,
            24.78049964179413
          ],
          [
            121.03865801451408,
            24.780496747598615
          ],
          [
            121.038677594584,
            24.78049385337502
          ],
          [
            121.03869707578724,
            24.780491049460906
          ],
          [
            121.03871665585538,
            24.780488155232202
          ],
          [
            121.03873613702882,
            24.78048526102653
          ],
          [
            121.0387557170951,
            24.78048236679273
          ],
          [
            121.0387751982948,
            24.780479562868422
          ],
          [
            121.03879092167149,
            24.780477211347545
          ],
          [
            121.03879477835928,
            24.780476668629504
          ],
          [
            121.03881425947296,
            24.780473593840746
          ],
          [
            121.03883374061375,
            24.78047060933591
          ],
          [
            121.03885322175361,
            24.780467624828535
          ],
          [
            121.03887270289253,
            24.78046464031863
          ],
          [
            121.03889228292428,
            24.780461655780528
          ],
          [
            121.03891176406134,
            24.780458671265535
          ],
          [
            121.0389312451693,
            24.78045559646154
          ],
          [
            121.03895072630446,
            24.780452611941502
          ],
          [
            121.03897030633243,
            24.780449627393175
          ],
          [
            121.03898978746572,
            24.780446642868032
          ],
          [
            121.03900926859808,
            24.780443658340356
          ],
          [
            121.03902874972951,
            24.780440673810148
          ],
          [
            121.03903863862132,
            24.780439136362187
          ],
          [
            121.03904832972549,
            24.780437598965147
          ],
          [
            121.03906781082675,
            24.780434524143402
          ],
          [
            121.03908729192706,
            24.7804314493191
          ],
          [
            121.03910677302642,
            24.78042837449228
          ],
          [
            121.0391262541248,
            24.780425299662927
          ],
          [
            121.03914573522222,
            24.78042222483104
          ],
          [
            121.03916521631866,
            24.78041914999661
          ],
          [
            121.03918469741417,
            24.78041607515965
          ],
          [
            121.03920417850871,
            24.780413000320156
          ],
          [
            121.03922365960227,
            24.780409925478132
          ],
          [
            121.03924313080552,
            24.780406850636158
          ],
          [
            121.03926262178652,
            24.78040377578647
          ],
          [
            121.03928220177089,
            24.780400700910896
          ],
          [
            121.0393016828606,
            24.780397626058708
          ],
          [
            121.03932116394934,
            24.78039455120398
          ],
          [
            121.03932165838931,
            24.78039446078766
          ],
          [
            121.03934064512251,
            24.78039174720613
          ],
          [
            121.03936022518847,
            24.780388943179723
          ],
          [
            121.03937980528204,
            24.780386229437227
          ],
          [
            121.03939928645258,
            24.780383425431747
          ],
          [
            121.0394188665159,
            24.780380621397672
          ],
          [
            121.0394383476847,
            24.780377817387095
          ],
          [
            121.03945792777482,
            24.780375103634398
          ],
          [
            121.0394775078355,
            24.78037229959266
          ],
          [
            121.03949698900163,
            24.780369495574448
          ],
          [
            121.03951656908916,
            24.78036678181408
          ],
          [
            121.03953614914722,
            24.780363977764676
          ],
          [
            121.03955563031077,
            24.780361173738836
          ],
          [
            121.03957521036705,
            24.78035836968432
          ],
          [
            121.03959469155747,
            24.78035565593988
          ],
          [
            121.03960537158473,
            24.78035411824527
          ],
          [
            121.03961427164067,
            24.780352942166715
          ],
          [
            121.03963385178038,
            24.780350408963933
          ],
          [
            121.03965343191925,
            24.78034787575859
          ],
          [
            121.03967301205736,
            24.780345342550667
          ],
          [
            121.03969259219465,
            24.780342809340205
          ],
          [
            121.03971217233116,
            24.780340276127163
          ],
          [
            121.03973175246685,
            24.780337742911573
          ],
          [
            121.0397514314954,
            24.780335209667175
          ],
          [
            121.0397710116295,
            24.780332676446438
          ],
          [
            121.03979059176282,
            24.78033014322316
          ],
          [
            121.0398101719241,
            24.78032770028378
          ],
          [
            121.03982975205585,
            24.780325167055363
          ],
          [
            121.03984270657331,
            24.780323448165838
          ],
          [
            121.03984923320665,
            24.780322362991345
          ],
          [
            121.03986871424122,
            24.780319197778923
          ],
          [
            121.03988819527478,
            24.78031603256396
          ],
          [
            121.03990767630737,
            24.78031286734648
          ],
          [
            121.03992715733895,
            24.780309702126456
          ],
          [
            121.03994663836956,
            24.780306536903897
          ],
          [
            121.03996611939914,
            24.780303371678805
          ],
          [
            121.03998560042776,
            24.78030020645117
          ],
          [
            121.04000508145538,
            24.78029704122101
          ],
          [
            121.040024562482,
            24.780293875988317
          ],
          [
            121.04004394461406,
            24.780290710779536
          ],
          [
            121.04006342563869,
            24.780287545541785
          ],
          [
            121.04008290666235,
            24.78028438030148
          ],
          [
            121.04009299328688,
            24.780282752444478
          ],
          [
            121.04010238774302,
            24.780281395631583
          ],
          [
            121.04012196777441,
            24.780278591505596
          ],
          [
            121.04014154780492,
            24.780275787377025
          ],
          [
            121.04016102894096,
            24.780272983272415
          ],
          [
            121.0401806089697,
            24.780270179138736
          ],
          [
            121.040200090104,
            24.780267375029062
          ],
          [
            121.04021967013097,
            24.780264570890278
          ],
          [
            121.04023915123436,
            24.780261676489044
          ],
          [
            121.04025873125957,
            24.78025887234515
          ],
          [
            121.0402783112839,
            24.780256068198714
          ],
          [
            121.04029779241375,
            24.780253264076315
          ],
          [
            121.04031114243318,
            24.78025136446687
          ],
          [
            121.04031737246545,
            24.78025055021121
          ],
          [
            121.04033695251631,
            24.780247836343563
          ],
          [
            121.04035653259552,
            24.780245212759805
          ],
          [
            121.04037601378035,
            24.780242589200164
          ],
          [
            121.04039559382865,
            24.78023987532483
          ],
          [
            121.04041517390537,
            24.780237251733418
          ],
          [
            121.040434753952,
            24.780234537852966
          ],
          [
            121.04045433402703,
            24.78023191425643
          ],
          [
            121.0404738152077,
            24.780229290684055
          ],
          [
            121.0404933952518,
            24.780226576795954
          ],
          [
            121.04051297532433,
            24.780223953191733
          ],
          [
            121.04052157868175,
            24.78022277713954
          ],
          [
            121.04053255539606,
            24.78022132958497
          ],
          [
            121.04055213546694,
            24.780218705975635
          ],
          [
            121.04057171556637,
            24.78021617265021
          ],
          [
            121.04059129563564,
            24.78021354903575
          ],
          [
            121.04061087570405,
            24.780210925418746
          ],
          [
            121.04063045580104,
            24.780208392085637
          ],
          [
            121.04065003586783,
            24.7802057684635
          ],
          [
            121.04066961596322,
            24.780203235125278
          ],
          [
            121.04068919602835,
            24.780200611498014
          ],
          [
            121.04070877609267,
            24.780197987868206
          ],
          [
            121.04072824740275,
            24.780195454551876
          ],
          [
            121.04073834398937,
            24.78019409750811
          ],
          [
            121.04074793633673,
            24.780193101746743
          ],
          [
            121.04076761549861,
            24.780191110087575
          ],
          [
            121.04078719576633,
            24.780189118452746
          ],
          [
            121.04080686503758,
            24.780187126791095
          ],
          [
            121.04082655408689,
            24.78018513512148
          ],
          [
            121.04084623324623,
            24.78018314345197
          ],
          [
            121.04086590251558,
            24.780181151782564
          ],
          [
            121.04088548280971,
            24.78017925042136
          ],
          [
            121.04090517185654,
            24.780177258741396
          ],
          [
            121.04092485101334,
            24.780175267061566
          ],
          [
            121.04094453016955,
            24.780173275379134
          ],
          [
            121.0409642093251,
            24.78017128369411
          ],
          [
            121.04098378958653,
            24.780169292033595
          ],
          [
            121.04099694197444,
            24.780167925107268
          ],
          [
            121.04100346882981,
            24.780167571202796
          ],
          [
            121.04102324723317,
            24.7801666629205
          ],
          [
            121.04104301571716,
            24.78016566435184
          ],
          [
            121.04106279411991,
            24.780164756064323
          ],
          [
            121.04108247359915,
            24.78016375751485
          ],
          [
            121.04110225197157,
            24.78016275893566
          ],
          [
            121.04112203037339,
            24.780161850640322
          ],
          [
            121.04114170985167,
            24.78016085208308
          ],
          [
            121.04116148822315,
            24.78015985349605
          ],
          [
            121.04118126662408,
            24.78015894519288
          ],
          [
            121.04120104499492,
            24.780157946600646
          ],
          [
            121.04122072447196,
            24.780156948033003
          ],
          [
            121.041232789296,
            24.780156393963615
          ],
          [
            121.04124050287197,
            24.780156039722012
          ],
          [
            121.04126028121202,
            24.780154950835485
          ],
          [
            121.04126833100779,
            24.780154542327928
          ],
          [
            121.0412782300789,
            24.780154033995007
          ],
          [
            121.04127996068809,
            24.780153952260058
          ],
          [
            121.04129164970436,
            24.780153362174946
          ],
          [
            121.04129973905732,
            24.78015295365479
          ],
          [
            121.04131951739636,
            24.78015186476044
          ],
          [
            121.04133919687145,
            24.780150866177227
          ],
          [
            121.04134463592348,
            24.780150593816053
          ],
          [
            121.04135897541923,
            24.78015040928291
          ],
          [
            121.04137875402672,
            24.780150132958887
          ],
          [
            121.04139853263415,
            24.78014985663227
          ],
          [
            121.04141831121152,
            24.78014949001658
          ],
          [
            121.04143808981873,
            24.780149213684716
          ],
          [
            121.04145786842584,
            24.78014893735026
          ],
          [
            121.04147764703288,
            24.78014866101317
          ],
          [
            121.04149742563683,
            24.780148375644846
          ],
          [
            121.04151720424667,
            24.780148108331193
          ],
          [
            121.04153698285343,
            24.780147831986273
          ],
          [
            121.0415567614601,
            24.780147555638756
          ],
          [
            121.0415765400366,
            24.780147189002168
          ],
          [
            121.04157950684109,
            24.78014718817833
          ],
          [
            121.04159631903427,
            24.780148086373423
          ],
          [
            121.04161599919894,
            24.780149164342475
          ],
          [
            121.04163577825743,
            24.78015024228147
          ],
          [
            121.04165555728613,
            24.780151229931356
          ],
          [
            121.04167523745183,
            24.78015230789263
          ],
          [
            121.04169501650829,
            24.78015337679514
          ],
          [
            121.04171479557117,
            24.78015446375231
          ],
          [
            121.04173447573481,
            24.78015553267716
          ],
          [
            121.04175425476815,
            24.78015652934267
          ],
          [
            121.04177403382896,
            24.780157607263366
          ],
          [
            121.04179054934441,
            24.780158505519445
          ],
          [
            121.04179370413752,
            24.780158775498293
          ],
          [
            121.04181339434616,
            24.780160304870954
          ],
          [
            121.04183317358967,
            24.78016192450262
          ],
          [
            121.0418528539069,
            24.780163444844206
          ],
          [
            121.04187253425789,
            24.780165064498313
          ],
          [
            121.04189221458215,
            24.78016660289202
          ],
          [
            121.04191199382767,
            24.780168222513282
          ],
          [
            121.04193167414986,
            24.780169751873153
          ],
          [
            121.04195135447252,
            24.780171281230444
          ],
          [
            121.04197103482603,
            24.780172900871598
          ],
          [
            121.04198804496126,
            24.780174241370926
          ],
          [
            121.04199081407357,
            24.78017452048243
          ],
          [
            121.04201048459647,
            24.780176311665443
          ],
          [
            121.04203017487434,
            24.780178030611165
          ],
          [
            121.04204985529076,
            24.78017983081488
          ],
          [
            121.04206953570774,
            24.780181631015996
          ],
          [
            121.0420892161253,
            24.780183431214553
          ],
          [
            121.0421088965434,
            24.780185231410492
          ],
          [
            121.04212857696209,
            24.78018703160387
          ],
          [
            121.04214825737827,
            24.780188822765993
          ],
          [
            121.04216793776756,
            24.78019053266772
          ],
          [
            121.04218761819098,
            24.78019234188197
          ],
          [
            121.04220729860884,
            24.780194133036332
          ],
          [
            121.04220818868104,
            24.7801942230719
          ],
          [
            121.04222688038425,
            24.780196664564997
          ],
          [
            121.04224646215432,
            24.78019917803379
          ],
          [
            121.0422660439313,
            24.780201709557307
          ],
          [
            121.04228562570295,
            24.78020422302099
          ],
          [
            121.04230520747845,
            24.78020674551074
          ],
          [
            121.04232478928536,
            24.7802093582844
          ],
          [
            121.04234437106246,
            24.78021188076902
          ],
          [
            121.0423639528403,
            24.78021440325108
          ],
          [
            121.04238353461896,
            24.780216925730596
          ],
          [
            121.04240311639842,
            24.78021944820753
          ],
          [
            121.04242269817865,
            24.780221970681904
          ],
          [
            121.04244227999345,
            24.780224592468834
          ],
          [
            121.04246186177222,
            24.780227105909436
          ],
          [
            121.04246690555813,
            24.780227736484278
          ],
          [
            121.04248124601361,
            24.780230350723915
          ],
          [
            121.04250072921103,
            24.780233776080756
          ],
          [
            121.04252011354671,
            24.7802372917496
          ],
          [
            121.04253949785273,
            24.780240717129445
          ],
          [
            121.04255888219059,
            24.780244232793258
          ],
          [
            121.04257836539232,
            24.78024765813998
          ],
          [
            121.04259774973235,
            24.78025117379874
          ],
          [
            121.04261713407345,
            24.780254689455003
          ],
          [
            121.04263651838481,
            24.78025811482228
          ],
          [
            121.04265600162167,
            24.78026163044535
          ],
          [
            121.04267538593517,
            24.7802650558076
          ],
          [
            121.04269477028059,
            24.780268571453785
          ],
          [
            121.04270288004834,
            24.78027001372461
          ],
          [
            121.04271415468895,
            24.780272267670387
          ],
          [
            121.04273180838341,
            24.780275738662244
          ],
          [
            121.04273344023576,
            24.780276054199156
          ],
          [
            121.04275282467732,
            24.78027984069721
          ],
          [
            121.04277211025742,
            24.780283717507466
          ],
          [
            121.04279149470133,
            24.78028750400051
          ],
          [
            121.04281078025284,
            24.780291290519298
          ],
          [
            121.04283016473006,
            24.780295167293776
          ],
          [
            121.04284945028392,
            24.78029895380759
          ],
          [
            121.04285498869767,
            24.780300035660126
          ],
          [
            121.04286873596297,
            24.78030310146474
          ],
          [
            121.04288792281176,
            24.780307429720665
          ],
          [
            121.04290710969292,
            24.780311848260578
          ],
          [
            121.04292629654438,
            24.780316176511572
          ],
          [
            121.04294548339716,
            24.780320504760084
          ],
          [
            121.04296467025125,
            24.780324833006155
          ],
          [
            121.04298395600033,
            24.78032916122137
          ],
          [
            121.0430031428571,
            24.780333489462503
          ],
          [
            121.0430223297152,
            24.78033781770117
          ],
          [
            121.04304151657462,
            24.780342145937357
          ],
          [
            121.04306070343536,
            24.780346474171093
          ],
          [
            121.04306812105033,
            24.780348187480563
          ],
          [
            121.04307979152846,
            24.780351163576658
          ],
          [
            121.04309887965417,
            24.780355943266247
          ],
          [
            121.04311796778133,
            24.780360722953386
          ],
          [
            121.04313705590994,
            24.780365502638087
          ],
          [
            121.04315614404003,
            24.780370282320362
          ],
          [
            121.04317513330915,
            24.780375152315155
          ],
          [
            121.04319422144216,
            24.780379931992574
          ],
          [
            121.04321330957663,
            24.780384711667526
          ],
          [
            121.04323239771254,
            24.780389491340046
          ],
          [
            121.04325148584994,
            24.78039427101015
          ],
          [
            121.04327047509508,
            24.780399050706368
          ],
          [
            121.0432895632667,
            24.780403920658042
          ],
          [
            121.04329154129698,
            24.78040437151848
          ],
          [
            121.04330855257746,
            24.78040888092235
          ],
          [
            121.04332754192104,
            24.780413931470704
          ],
          [
            121.04334653126617,
            24.780418982016638
          ],
          [
            121.04336561947515,
            24.780423942245047
          ],
          [
            121.04338460882333,
            24.780428992786142
          ],
          [
            121.04340359817304,
            24.780434043324824
          ],
          [
            121.04342258752429,
            24.78043909386108
          ],
          [
            121.0434415768771,
            24.780444144394945
          ],
          [
            121.04346056619997,
            24.78044910463993
          ],
          [
            121.04347955555582,
            24.78045415516894
          ],
          [
            121.04349854491318,
            24.780459205695553
          ],
          [
            121.04351654524031,
            24.7804639856478
          ],
          [
            121.04351753427208,
            24.780464256219755
          ],
          [
            121.0435364248018,
            24.78046948734321
          ],
          [
            121.0435554142268,
            24.780474718435503
          ],
          [
            121.04357430475967,
            24.780479949554163
          ],
          [
            121.04359319529408,
            24.78048518067044
          ],
          [
            121.0436121847554,
            24.780490502041964
          ],
          [
            121.04363107529302,
            24.780495733153447
          ],
          [
            121.04365006472598,
            24.780500964233713
          ],
          [
            121.04366895526678,
            24.780506195340397
          ],
          [
            121.04368784580913,
            24.780511426444697
          ],
          [
            121.04370683524684,
            24.780516657517726
          ],
          [
            121.04372572579237,
            24.780521888617237
          ],
          [
            121.04374461633948,
            24.780527119714357
          ],
          [
            121.04376360578195,
            24.78053235078018
          ],
          [
            121.04378249633221,
            24.78053758187252
          ],
          [
            121.04379476036617,
            24.780541009171525
          ],
          [
            121.04380148577786,
            24.78054281293353
          ],
          [
            121.04382047512998,
            24.780547773132763
          ],
          [
            121.04383946448361,
            24.78055273332957
          ],
          [
            121.04385855273256,
            24.78055769349501
          ],
          [
            121.0438775420892,
            24.780562653686992
          ],
          [
            121.04389653147909,
            24.780567704162998
          ],
          [
            121.0439155208388,
            24.78057266435016
          ],
          [
            121.04393451019996,
            24.780577624534896
          ],
          [
            121.04395359845648,
            24.78058258468818
          ],
          [
            121.0439725878525,
            24.780587635154532
          ],
          [
            121.0439915772182,
            24.780592595332017
          ],
          [
            121.04401056658541,
            24.78059755550708
          ],
          [
            121.04402965484798,
            24.78060251565066
          ],
          [
            121.04404864421822,
            24.78060747582088
          ],
          [
            121.04405052339247,
            24.780608016986815
          ],
          [
            121.04406753482363,
            24.780612797163617
          ],
          [
            121.04408642539876,
            24.78061802821751
          ],
          [
            121.0441054148693,
            24.780623259239885
          ],
          [
            121.04412430547953,
            24.780628580575435
          ],
          [
            121.04414319605941,
            24.78063381162215
          ],
          [
            121.0441621855667,
            24.780639132923756
          ],
          [
            121.04418107614978,
            24.780644363965685
          ],
          [
            121.04419996676639,
            24.780649685291664
          ],
          [
            121.04421885735262,
            24.78065491632881
          ],
          [
            121.04423784683432,
            24.780660147334345
          ],
          [
            121.04425673745575,
            24.780665468653154
          ],
          [
            121.04425772649071,
            24.78066573922021
          ],
          [
            121.04427572684453,
            24.780670428794522
          ],
          [
            121.04429481509669,
            24.780675298617766
          ],
          [
            121.0443138044885,
            24.780680258754273
          ],
          [
            121.04433279384972,
            24.78068512860194
          ],
          [
            121.04435188213843,
            24.78069008870433
          ],
          [
            121.04437087153474,
            24.7806950488336
          ],
          [
            121.04438995979433,
            24.780699918644675
          ],
          [
            121.04440894919365,
            24.78070487876911
          ],
          [
            121.04442803745626,
            24.780709748575315
          ],
          [
            121.04444702685853,
            24.780714708694912
          ],
          [
            121.04446601623019,
            24.780719578525623
          ],
          [
            121.04447046687545,
            24.780720750927824
          ],
          [
            121.04448510452944,
            24.78072453861101
          ],
          [
            121.04450409393625,
            24.78072949872335
          ],
          [
            121.04452308334457,
            24.780734458833255
          ],
          [
            121.04454217164835,
            24.780739418911352
          ],
          [
            121.04456116105968,
            24.78074437901642
          ],
          [
            121.04458015047253,
            24.780749339119094
          ],
          [
            121.04459913988687,
            24.780754299219353
          ],
          [
            121.0446182281967,
            24.780759259287713
          ],
          [
            121.04463721761405,
            24.780764219383123
          ],
          [
            121.04465620703293,
            24.780769179476117
          ],
          [
            121.04467529534726,
            24.7807741395372
          ],
          [
            121.04468627361318,
            24.780777025427895
          ],
          [
            121.04469428476915,
            24.78077909962536
          ],
          [
            121.04471327422489,
            24.780784149997544
          ],
          [
            121.04473226368216,
            24.780789200367334
          ],
          [
            121.04475125314097,
            24.780794250734708
          ],
          [
            121.04477024260132,
            24.780799301099663
          ],
          [
            121.04478923206318,
            24.78080435146219
          ],
          [
            121.04480822152658,
            24.780809401822324
          ],
          [
            121.04482721099151,
            24.78081445218004
          ],
          [
            121.04484620042555,
            24.780819412248878
          ],
          [
            121.04486518989354,
            24.780824462601764
          ],
          [
            121.04488417936305,
            24.780829512952234
          ],
          [
            121.04490316883413,
            24.78083456330029
          ],
          [
            121.04492215830672,
            24.78083961364593
          ],
          [
            121.0449263122459,
            24.780840695837117
          ],
          [
            121.04494114778083,
            24.780844663989164
          ],
          [
            121.04496013728902,
            24.780849804616437
          ],
          [
            121.04497912676622,
            24.78085485495482
          ],
          [
            121.04499811627751,
            24.78085999557726
          ],
          [
            121.0450171057578,
            24.780865045910836
          ],
          [
            121.04503609523961,
            24.780870096242005
          ],
          [
            121.04505498586151,
            24.78087523688696
          ],
          [
            121.0450739753464,
            24.780880287213282
          ],
          [
            121.04509296486545,
            24.780885427823662
          ],
          [
            121.0451119543534,
            24.78089047814519
          ],
          [
            121.04513094387556,
            24.780895618750744
          ],
          [
            121.04514182326857,
            24.78089850463777
          ],
          [
            121.04514993336663,
            24.780900669067414
          ],
          [
            121.04516882403048,
            24.780905899984415
          ],
          [
            121.04518781355732,
            24.78091104058274
          ],
          [
            121.04520670419163,
            24.78091618120851
          ],
          [
            121.04522569375429,
            24.780921412088464
          ],
          [
            121.04524468328582,
            24.780926552679563
          ],
          [
            121.0452635739248,
            24.780931693298136
          ],
          [
            121.04528255360279,
            24.780936924173847
          ],
          [
            121.04530155302844,
            24.78094206475472
          ],
          [
            121.04532043378266,
            24.78094720536908
          ],
          [
            121.04533943324424,
            24.780952436231583
          ],
          [
            121.04534783017492,
            24.780954690850102
          ],
          [
            121.04535842275233,
            24.78095748652177
          ],
          [
            121.04537731340065,
            24.780962627125962
          ],
          [
            121.04539630291183,
            24.78096767741133
          ],
          [
            121.0454152825351,
            24.780972727697268
          ],
          [
            121.04543428197164,
            24.780977868261257
          ],
          [
            121.0454532714874,
            24.78098291853939
          ],
          [
            121.04547226100472,
            24.780987968815104
          ],
          [
            121.04549124066706,
            24.78099310937784
          ],
          [
            121.04551024007688,
            24.78099815964572
          ],
          [
            121.0455292295988,
            24.781003209914196
          ],
          [
            121.04554821915524,
            24.7810083504667
          ],
          [
            121.04556710978606,
            24.781013400760422
          ],
          [
            121.04557591222404,
            24.78101574552919
          ],
          [
            121.04558609931262,
            24.781018451021666
          ],
          [
            121.04560508887369,
            24.781023591566942
          ],
          [
            121.04562407840329,
            24.781028641823355
          ],
          [
            121.04564306793446,
            24.781033692077347
          ],
          [
            121.04566205746713,
            24.781038742328924
          ],
          [
            121.04568104703439,
            24.781043882864548
          ],
          [
            121.04570002668075,
            24.78104893311433
          ],
          [
            121.04571901621804,
            24.781053983358653
          ],
          [
            121.04573801567939,
            24.781059123884013
          ],
          [
            121.04575700521977,
            24.781064174123532
          ],
          [
            121.04577598487225,
            24.78106922436365
          ],
          [
            121.04579488540759,
            24.781074265596917
          ],
          [
            121.04581387498571,
            24.78107940611564
          ],
          [
            121.04581940370282,
            24.781080849007143
          ],
          [
            121.04583295350386,
            24.78108436603182
          ],
          [
            121.04585194301875,
            24.781089325972825
          ],
          [
            121.04587093253511,
            24.781094285911394
          ],
          [
            121.04589002091402,
            24.78109915553082
          ],
          [
            121.0459090104334,
            24.78110411546455
          ],
          [
            121.04592799995429,
            24.781109075395886
          ],
          [
            121.04594708837092,
            24.781114035294443
          ],
          [
            121.04596607789482,
            24.781118995220943
          ],
          [
            121.0459850674202,
            24.78112395514502
          ],
          [
            121.0460041558081,
            24.781128824749842
          ],
          [
            121.04602314533649,
            24.781133784669084
          ],
          [
            121.04604213486641,
            24.7811387445859
          ],
          [
            121.04605805837564,
            24.781142892865397
          ],
          [
            121.04606122329209,
            24.781143704469887
          ],
          [
            121.046080212825,
            24.781148664381874
          ],
          [
            121.0460992023261,
            24.781153534004986
          ],
          [
            121.04611829075631,
            24.781158493881684
          ],
          [
            121.04613728029373,
            24.7811634537864
          ],
          [
            121.04615626983265,
            24.78116841368872
          ],
          [
            121.04617535823398,
            24.781173283271666
          ],
          [
            121.04619434777594,
            24.781178243169148
          ],
          [
            121.04621343621368,
            24.78118320303367
          ],
          [
            121.04623242575863,
            24.781188162926313
          ],
          [
            121.04625141527163,
            24.781193032530094
          ],
          [
            121.04627050371387,
            24.78119799238733
          ],
          [
            121.04627841602878,
            24.781200066530406
          ],
          [
            121.04628939443602,
            24.781203132876172
          ],
          [
            121.04630838408751,
            24.781208363618482
          ],
          [
            121.04632727484626,
            24.781213594388973
          ],
          [
            121.04634616564014,
            24.781218915443517
          ],
          [
            121.04636515529641,
            24.781224146178616
          ],
          [
            121.04638404605993,
            24.781229376941926
          ],
          [
            121.04640293685861,
            24.78123469798929
          ],
          [
            121.04642192651964,
            24.781239928717167
          ],
          [
            121.04644081728792,
            24.7812451594733
          ],
          [
            121.04645970808802,
            24.781250471484835
          ],
          [
            121.04647869775721,
            24.781255711234138
          ],
          [
            121.04648423641284,
            24.78125724438441
          ],
          [
            121.0464976872564,
            24.781260490520157
          ],
          [
            121.04651687451212,
            24.781265179455882
          ],
          [
            121.04653596284125,
            24.78126977813343
          ],
          [
            121.04655505117177,
            24.781274376808536
          ],
          [
            121.04657413953738,
            24.781279065767652
          ],
          [
            121.04659332676512,
            24.7812836644071
          ],
          [
            121.04661241509986,
            24.781288263074877
          ],
          [
            121.04663150346974,
            24.78129295202668
          ],
          [
            121.04665069070171,
            24.78129755065877
          ],
          [
            121.04666977904067,
            24.781302149319217
          ],
          [
            121.04668886741486,
            24.781306838263674
          ],
          [
            121.04670805465102,
            24.781311436888398
          ],
          [
            121.04671735156955,
            24.781313691149187
          ],
          [
            121.04672714292663,
            24.781315854968636
          ],
          [
            121.04674642895854,
            24.78132018269825
          ],
          [
            121.04676561609742,
            24.781324510456262
          ],
          [
            121.04678480320375,
            24.781328747925354
          ],
          [
            121.04680399034524,
            24.78133307567844
          ],
          [
            121.04682327638248,
            24.781337403398137
          ],
          [
            121.04684246349275,
            24.78134164085982
          ],
          [
            121.04686165063822,
            24.781345968605503
          ],
          [
            121.04688083775109,
            24.781350206062285
          ],
          [
            121.0469001237936,
            24.78135453377205
          ],
          [
            121.04691931094304,
            24.781358861510334
          ],
          [
            121.04693849805645,
            24.781363089931062
          ],
          [
            121.0469557071532,
            24.781366975881152
          ],
          [
            121.04695768517794,
            24.78136733640662
          ],
          [
            121.0469770699129,
            24.781371113328156
          ],
          [
            121.04699645462183,
            24.78137481801802
          ],
          [
            121.04701574046807,
            24.78137860399424
          ],
          [
            121.0470351251725,
            24.781382290621814
          ],
          [
            121.04705450991892,
            24.78138608559058
          ],
          [
            121.04707379573118,
            24.781389772244214
          ],
          [
            121.04709318047651,
            24.78139355817936
          ],
          [
            121.04711256519236,
            24.781397262854163
          ],
          [
            121.04713185104555,
            24.781401048815393
          ],
          [
            121.04715123576028,
            24.781404744456555
          ],
          [
            121.04716082924065,
            24.78140663745057
          ],
          [
            121.04717062033964,
            24.78140807894945
          ],
          [
            121.04719020257241,
            24.781411052231718
          ],
          [
            121.04720968591167,
            24.78141402554261
          ],
          [
            121.04722916921766,
            24.781416908564523
          ],
          [
            121.0472487514532,
            24.781419881839113
          ],
          [
            121.04726823479517,
            24.78142285514237
          ],
          [
            121.04728771810048,
            24.781425729128017
          ],
          [
            121.0473073003388,
            24.78142870239495
          ],
          [
            121.04732678368698,
            24.781431684719237
          ],
          [
            121.0473462669984,
            24.781434567725896
          ],
          [
            121.04736584923606,
            24.781437531956524
          ],
          [
            121.0473853325493,
            24.781440414958094
          ],
          [
            121.0474048158977,
            24.781443388243567
          ],
          [
            121.04740540929902,
            24.78144347834214
          ],
          [
            121.04742449665865,
            24.78144536831302
          ],
          [
            121.04744417742022,
            24.781447348379867
          ],
          [
            121.04746385814805,
            24.78144923815771
          ],
          [
            121.04748344001634,
            24.78145121825074
          ],
          [
            121.04750312074536,
            24.781453108023417
          ],
          [
            121.04752280150937,
            24.781455088079927
          ],
          [
            121.047542482274,
            24.781457068133854
          ],
          [
            121.04756216300483,
            24.78145895789877
          ],
          [
            121.0475818437707,
            24.781460937947507
          ],
          [
            121.04760142560822,
            24.78146282773869
          ],
          [
            121.04762110637529,
            24.781464807782264
          ],
          [
            121.047640787143,
            24.781466787823266
          ],
          [
            121.04766046787682,
            24.78146867757525
          ],
          [
            121.04767114889914,
            24.781469757612275
          ],
          [
            121.04768014854227,
            24.78147038675175
          ],
          [
            121.04769982910472,
            24.78147182506635
          ],
          [
            121.04771960856213,
            24.78147326334685
          ],
          [
            121.04773928912546,
            24.78147470165626
          ],
          [
            121.04775896965471,
            24.781476049676634
          ],
          [
            121.04777874911345,
            24.78147748794931
          ],
          [
            121.04779842967812,
            24.781478926250944
          ],
          [
            121.04781820913777,
            24.781480364518412
          ],
          [
            121.04783788970336,
            24.78148180281486
          ],
          [
            121.04785757026939,
            24.78148324110872
          ],
          [
            121.04787734969575,
            24.781484589081927
          ],
          [
            121.04789703026266,
            24.7814860273706
          ],
          [
            121.04791671083001,
            24.78148746565669
          ],
          [
            121.0479243259174,
            24.781488004938105
          ],
          [
            121.04793649001492,
            24.781488181617007
          ],
          [
            121.04795626899184,
            24.78148835585608
          ],
          [
            121.04797604800353,
            24.781488620378976
          ],
          [
            121.04799582701533,
            24.78148888489928
          ],
          [
            121.0480156060272,
            24.781489149416945
          ],
          [
            121.04803538500438,
            24.781489323645573
          ],
          [
            121.04805516401639,
            24.781489588158035
          ],
          [
            121.04807494302848,
            24.781489852667864
          ],
          [
            121.04809472204064,
            24.781490117175085
          ],
          [
            121.04811450101808,
            24.781490291393265
          ],
          [
            121.04813428003038,
            24.78149055589526
          ],
          [
            121.04815405904276,
            24.781490820394644
          ],
          [
            121.04817383802039,
            24.78149099460497
          ],
          [
            121.04819361703291,
            24.781491259099145
          ],
          [
            121.04821339604553,
            24.78149152359068
          ],
          [
            121.04822842808538,
            24.781491699322306
          ],
          [
            121.04823317502331,
            24.78149169779317
          ],
          [
            121.04825295393134,
            24.78149169142018
          ],
          [
            121.04827273287427,
            24.78149177533103
          ],
          [
            121.04829251178231,
            24.781491768952808
          ],
          [
            121.04831229069032,
            24.781491762571974
          ],
          [
            121.04833206959832,
            24.78149175618853
          ],
          [
            121.04835184850634,
            24.78149174980247
          ],
          [
            121.04837162744931,
            24.781491833700237
          ],
          [
            121.04839140635734,
            24.781491827308958
          ],
          [
            121.04841118526532,
            24.781491820915058
          ],
          [
            121.04843096417332,
            24.78149181451855
          ],
          [
            121.04845074311635,
            24.78149189840586
          ],
          [
            121.04847052202435,
            24.78149189200413
          ],
          [
            121.04848001590017,
            24.781491888930372
          ],
          [
            121.04849030065166,
            24.781491163308278
          ],
          [
            121.04850998017366,
            24.781489892923222
          ],
          [
            121.04852975858977,
            24.781488622503524
          ],
          [
            121.0485494380758,
            24.781487261826868
          ],
          [
            121.04856921649109,
            24.781485991401965
          ],
          [
            121.04858889597627,
            24.7814846307201
          ],
          [
            121.0486086743907,
            24.781483360289997
          ],
          [
            121.04862835387505,
            24.781481999602956
          ],
          [
            121.04864803339414,
            24.781480729199757
          ],
          [
            121.04866781177567,
            24.781479377504038
          ],
          [
            121.04868749129395,
            24.78147810709565
          ],
          [
            121.0487072696711,
            24.7814767463661
          ],
          [
            121.04872694918853,
            24.78147547595253
          ],
          [
            121.04874672756485,
            24.78147411521774
          ],
          [
            121.04876640708144,
            24.781472844799
          ],
          [
            121.04878618545688,
            24.781471484058997
          ],
          [
            121.04878658103499,
            24.78147148393011
          ],
          [
            121.0488058647255,
            24.781469581629995
          ],
          [
            121.04882544506368,
            24.781467588944235
          ],
          [
            121.04884512429574,
            24.781465596223633
          ],
          [
            121.04886480356252,
            24.781463693786886
          ],
          [
            121.04888448279333,
            24.78146170106113
          ],
          [
            121.0489041620235,
            24.781459708332775
          ],
          [
            121.04892384128844,
            24.781457805888277
          ],
          [
            121.04894342162285,
            24.78145581318707
          ],
          [
            121.04896310085114,
            24.781453820450974
          ],
          [
            121.04898278007879,
            24.781451827712292
          ],
          [
            121.04900245934125,
            24.781449925257455
          ],
          [
            121.04902213856766,
            24.781447932513608
          ],
          [
            121.04904171889895,
            24.78144593979955
          ],
          [
            121.04906139815958,
            24.781444037336964
          ],
          [
            121.0490810773841,
            24.78144204458537
          ],
          [
            121.04908196739908,
            24.78144195400717
          ],
          [
            121.04910055839271,
            24.781438968458797
          ],
          [
            121.04912003940034,
            24.78143589232969
          ],
          [
            121.04913952040705,
            24.781432816198027
          ],
          [
            121.04915900141276,
            24.781429740063846
          ],
          [
            121.04917858131199,
            24.78142666389465
          ],
          [
            121.04919806231578,
            24.781423587755384
          ],
          [
            121.04921754331859,
            24.781420511613586
          ],
          [
            121.04923702432045,
            24.781417435469265
          ],
          [
            121.04925650532135,
            24.7814143593224
          ],
          [
            121.04927598632126,
            24.781411283172993
          ],
          [
            121.0492954673202,
            24.78140820702106
          ],
          [
            121.04931494831821,
            24.78140513086659
          ],
          [
            121.04933442931525,
            24.781402054709584
          ],
          [
            121.0493539102756,
            24.781398888263602
          ],
          [
            121.04937339127068,
            24.781395812101525
          ],
          [
            121.04937477572172,
            24.781395631072087
          ],
          [
            121.04939277319166,
            24.781392284537365
          ],
          [
            121.0494121550758,
            24.78138866668424
          ],
          [
            121.04943153695882,
            24.781385048828604
          ],
          [
            121.0494509188407,
            24.78138143097047
          ],
          [
            121.04947030072147,
            24.781377813109835
          ],
          [
            121.04948968256527,
            24.781374104960236
          ],
          [
            121.04950906444375,
            24.781370487094573
          ],
          [
            121.04952844632112,
            24.7813668692264
          ],
          [
            121.04954782819735,
            24.78136325135571
          ],
          [
            121.04956721007242,
            24.781359633482516
          ],
          [
            121.04958659194641,
            24.781356015606825
          ],
          [
            121.04960597381925,
            24.78135239772861
          ],
          [
            121.04962535569096,
            24.781348779847892
          ],
          [
            121.04964473756154,
            24.781345161964655
          ],
          [
            121.049664119431,
            24.781341544078916
          ],
          [
            121.04968350129933,
            24.781337926190687
          ],
          [
            121.0496848857133,
            24.78133765487193
          ],
          [
            121.04970258608773,
            24.781333315247586
          ],
          [
            121.04972167087475,
            24.78132870430207
          ],
          [
            121.04974075562434,
            24.781324003067684
          ],
          [
            121.04975993926689,
            24.781319301797986
          ],
          [
            121.04977902404961,
            24.78131469084516
          ],
          [
            121.04979810879492,
            24.781309989603464
          ],
          [
            121.04981719353873,
            24.781305288359313
          ],
          [
            121.04983637721159,
            24.78130067736626
          ],
          [
            121.04985546195256,
            24.781295976117246
          ],
          [
            121.04987454672815,
            24.78129136515224
          ],
          [
            121.04989363146625,
            24.78128666389836
          ],
          [
            121.04991271620288,
            24.781281962642034
          ],
          [
            121.04991400172139,
            24.78128169135414
          ],
          [
            121.04993150389376,
            24.781276358617845
          ],
          [
            121.04995029151067,
            24.781270574018407
          ],
          [
            121.04996907916198,
            24.781264879703063
          ],
          [
            121.04998776788103,
            24.781259095131926
          ],
          [
            121.05000655552888,
            24.781253400811856
          ],
          [
            121.05002534313884,
            24.781247616203014
          ],
          [
            121.0500440318889,
            24.78124192191129
          ],
          [
            121.0500628195316,
            24.781236227584174
          ],
          [
            121.05008160713635,
            24.781230442968244
          ],
          [
            121.05010029588126,
            24.781224748669487
          ],
          [
            121.05011908348253,
            24.78121896404887
          ],
          [
            121.05013787111834,
            24.78121326971232
          ],
          [
            121.0501565598218,
            24.781207485120092
          ],
          [
            121.05017534745416,
            24.781201790778855
          ],
          [
            121.05019412519536,
            24.781196096438546
          ],
          [
            121.05020372663358,
            24.781193113766566
          ],
          [
            121.05021261588709,
            24.781189770187005
          ],
          [
            121.05023091842341,
            24.781182811991144
          ],
          [
            121.05024921110459,
            24.78117594408279
          ],
          [
            121.0502674048531,
            24.78116898591895
          ],
          [
            121.05028569749388,
            24.7811620277197
          ],
          [
            121.05030399016898,
            24.781155159804644
          ],
          [
            121.05032228280567,
            24.781148201600917
          ],
          [
            121.05034047658248,
            24.781141333714636
          ],
          [
            121.05035875932569,
            24.78113437550975
          ],
          [
            121.05037705199273,
            24.78112750758576
          ],
          [
            121.0503953545107,
            24.78112054936977
          ],
          [
            121.05041364717367,
            24.7811136814413
          ],
          [
            121.0504318409039,
            24.781106723257466
          ],
          [
            121.05045012363694,
            24.78109976504141
          ],
          [
            121.0504507268187,
            24.781099584265267
          ],
          [
            121.05046842621977,
            24.781092987389346
          ],
          [
            121.05048671887468,
            24.78108611945194
          ],
          [
            121.05050501152756,
            24.781079251512292
          ],
          [
            121.05052330417844,
            24.781072383570404
          ],
          [
            121.05054169575804,
            24.781065605879334
          ],
          [
            121.0505599884049,
            24.781058737932966
          ],
          [
            121.0505782711603,
            24.781051869987696
          ],
          [
            121.05059657372914,
            24.781045092319946
          ],
          [
            121.05061486636995,
            24.78103822436686
          ],
          [
            121.05063315900874,
            24.781031356411535
          ],
          [
            121.0506514516455,
            24.78102448845396
          ],
          [
            121.0506697344275,
            24.781017710783942
          ],
          [
            121.05068802706026,
            24.781010842821903
          ],
          [
            121.05070632958042,
            24.78100397485428
          ],
          [
            121.05072472110326,
            24.78099710685426
          ],
          [
            121.05074301376668,
            24.780990329171935
          ],
          [
            121.05076130639137,
            24.780983461200936
          ],
          [
            121.05077138216087,
            24.780979665753613
          ],
          [
            121.0507792921851,
            24.78097596132658
          ],
          [
            121.05079679310145,
            24.78096773932293
          ],
          [
            121.05081439287284,
            24.78095942699723
          ],
          [
            121.05083200256809,
            24.78095120495253
          ],
          [
            121.0508495924454,
            24.780942892626037
          ],
          [
            121.05086719224656,
            24.78093467058056
          ],
          [
            121.05088480189802,
            24.7809263582432
          ],
          [
            121.05090240169454,
            24.78091813619356
          ],
          [
            121.05091990255784,
            24.780909823889044
          ],
          [
            121.0509375023497,
            24.780901601835275
          ],
          [
            121.05095510210235,
            24.780893289492987
          ],
          [
            121.05097270188956,
            24.78088506743507
          ],
          [
            121.05099029174816,
            24.780876755092006
          ],
          [
            121.05100789153072,
            24.78086853302994
          ],
          [
            121.05102549127403,
            24.780860220679358
          ],
          [
            121.0510429921579,
            24.78085199864686
          ],
          [
            121.05106059189654,
            24.780843686292137
          ],
          [
            121.05106820529907,
            24.78084017155252
          ],
          [
            121.05107799370069,
            24.780835021885704
          ],
          [
            121.0510950987058,
            24.780826077690502
          ],
          [
            121.05111230256547,
            24.78081704317314
          ],
          [
            121.05112940756565,
            24.780808098974006
          ],
          [
            121.05114651252637,
            24.780799064486473
          ],
          [
            121.0511637163786,
            24.780790029963182
          ],
          [
            121.05118082137139,
            24.78078108575815
          ],
          [
            121.05119802521862,
            24.780772051230905
          ],
          [
            121.05121513020649,
            24.780763107021944
          ],
          [
            121.05123233404879,
            24.780754072490744
          ],
          [
            121.05124943899092,
            24.780745028962766
          ],
          [
            121.0512665439751,
            24.780736093776557
          ],
          [
            121.05128374780622,
            24.78072705021078
          ],
          [
            121.05130085278175,
            24.78071810599201
          ],
          [
            121.05131805661163,
            24.780709071450925
          ],
          [
            121.0513351615451,
            24.78070003694176
          ],
          [
            121.05135236540711,
            24.780691092683163
          ],
          [
            121.05136947033935,
            24.780682067198715
          ],
          [
            121.05138430122271,
            24.780674288445816
          ],
          [
            121.0513865752245,
            24.780672933368567
          ],
          [
            121.05140318538112,
            24.780663176729753
          ],
          [
            121.05141989446626,
            24.780653510341573
          ],
          [
            121.0514365046177,
            24.780643753699042
          ],
          [
            121.05145311477027,
            24.78063400608332
          ],
          [
            121.05146982381036,
            24.78062424940309
          ],
          [
            121.05148643395401,
            24.780614492755003
          ],
          [
            121.05150304409504,
            24.780604736105065
          ],
          [
            121.05151975312731,
            24.780594979419234
          ],
          [
            121.05153636326315,
            24.780585222765588
          ],
          [
            121.0515530722902,
            24.78057546607603
          ],
          [
            121.05156968242083,
            24.780565709418667
          ],
          [
            121.05158629254889,
            24.78055595275945
          ],
          [
            121.0516027049614,
            24.78054637673943
          ],
          [
            121.0516030015681,
            24.7805461960643
          ],
          [
            121.05161911696061,
            24.780535807566714
          ],
          [
            121.0516353312405,
            24.780525410004653
          ],
          [
            121.05165144662764,
            24.78051502150357
          ],
          [
            121.0516676609096,
            24.780504641995268
          ],
          [
            121.05168377629138,
            24.780494253490687
          ],
          [
            121.05169999056045,
            24.78048385592157
          ],
          [
            121.05171610589943,
            24.780473377127045
          ],
          [
            121.05173232016685,
            24.780462988583068
          ],
          [
            121.05174853443157,
            24.780452600037314
          ],
          [
            121.05176464979989,
            24.78044221152398
          ],
          [
            121.0517808640592,
            24.78043182297469
          ],
          [
            121.05179697942215,
            24.78042143445786
          ],
          [
            121.05181319367982,
            24.780411054933722
          ],
          [
            121.05182930903364,
            24.780400657384735
          ],
          [
            121.05184552328215,
            24.78039026882842
          ],
          [
            121.05185471792053,
            24.780384315766717
          ],
          [
            121.05186490107431,
            24.780377351153682
          ],
          [
            121.05188071959216,
            24.780366601584774
          ],
          [
            121.05189653806973,
            24.780355761727712
          ],
          [
            121.05191235654453,
            24.78034492186899
          ],
          [
            121.05192827394778,
            24.780334172260734
          ],
          [
            121.0519440924171,
            24.78032333239862
          ],
          [
            121.05195991088367,
            24.78031249253484
          ],
          [
            121.05197572938508,
            24.78030174295581
          ],
          [
            121.05199154784619,
            24.780290903088666
          ],
          [
            121.05200746519807,
            24.78028006318549
          ],
          [
            121.05202328369128,
            24.780269313601394
          ],
          [
            121.05203910214412,
            24.780258473729198
          ],
          [
            121.0520549205942,
            24.780247633855314
          ],
          [
            121.05207083793509,
            24.780236793945345
          ],
          [
            121.05208665641736,
            24.78022604435453
          ],
          [
            121.0521024748592,
            24.780215204475567
          ],
          [
            121.05211829329829,
            24.780204364594944
          ],
          [
            121.05213421066587,
            24.780193614964652
          ],
          [
            121.05215002909947,
            24.78018277508064
          ],
          [
            121.0521658475303,
            24.780171935194957
          ],
          [
            121.05218166599617,
            24.780161185594043
          ],
          [
            121.05218680698471,
            24.78015766263028
          ],
          [
            121.05219301582993,
            24.78015367883316
          ],
          [
            121.05219778121523,
            24.78015061646091
          ],
          [
            121.0522138965071,
            24.78014022789893
          ],
          [
            121.05221419310817,
            24.780140038193938
          ],
          [
            121.05223011068976,
            24.780129839300713
          ],
          [
            121.05223614155042,
            24.780125918764398
          ],
          [
            121.05224622593843,
            24.78011936044878
          ],
          [
            121.05226244011568,
            24.78010897184704
          ],
          [
            121.05227855539681,
            24.780098583278075
          ],
          [
            121.05229476956865,
            24.780088194672814
          ],
          [
            121.05231088481031,
            24.78007772484253
          ],
          [
            121.05232709897676,
            24.780067336233742
          ],
          [
            121.0523432142471,
            24.78005694765777
          ],
          [
            121.05235932951477,
            24.780046559080045
          ],
          [
            121.05237554367314,
            24.780036170466
          ],
          [
            121.05239165889752,
            24.780025691598333
          ],
          [
            121.05240787305046,
            24.780015302980747
          ],
          [
            121.05242398830734,
            24.780004914396017
          ],
          [
            121.0524402024549,
            24.779994525774917
          ],
          [
            121.05245631770642,
            24.77998413718669
          ],
          [
            121.05247253181064,
            24.779973658275647
          ],
          [
            121.05248864705675,
            24.77996326968392
          ],
          [
            121.0525048611935,
            24.77995288105578
          ],
          [
            121.0525136603051,
            24.779947189922765
          ],
          [
            121.05252097639627,
            24.779942402174104
          ],
          [
            121.052536992703,
            24.77993192332539
          ],
          [
            121.05255310786235,
            24.77992135415378
          ],
          [
            121.05256912412565,
            24.779910785015172
          ],
          [
            121.05258523931758,
            24.779900306126546
          ],
          [
            121.05260125557547,
            24.779889736984458
          ],
          [
            121.05261737076196,
            24.779879258092354
          ],
          [
            121.05263348590768,
            24.779868688912053
          ],
          [
            121.05264950219551,
            24.77985821005123
          ],
          [
            121.05266561733578,
            24.779847640867445
          ],
          [
            121.0526816336182,
            24.779837162003176
          ],
          [
            121.05269774875303,
            24.779826592815912
          ],
          [
            121.05271376499192,
            24.779816023661724
          ],
          [
            121.05272988015943,
            24.779805544757437
          ],
          [
            121.05274589639292,
            24.779794975599795
          ],
          [
            121.05276201155502,
            24.779784496692027
          ],
          [
            121.05277802778305,
            24.779773927530922
          ],
          [
            121.05279414293973,
            24.779763448619683
          ],
          [
            121.05281015916235,
            24.779752879455124
          ],
          [
            121.05281490473475,
            24.779749808041448
          ],
          [
            121.05282617538225,
            24.779742310288835
          ],
          [
            121.05284219156121,
            24.779731650834375
          ],
          [
            121.05285820773743,
            24.77972099137819
          ],
          [
            121.0528741250178,
            24.779710331955208
          ],
          [
            121.05289014122681,
            24.779699762782037
          ],
          [
            121.05290615739483,
            24.779689103320695
          ],
          [
            121.05292207466704,
            24.779678443892564
          ],
          [
            121.05293809082958,
            24.779667784427787
          ],
          [
            121.05295410702773,
            24.779657215247735
          ],
          [
            121.05297002429177,
            24.779646555814494
          ],
          [
            121.05298604044613,
            24.779635896344555
          ],
          [
            121.05299256554812,
            24.779631560284926
          ],
          [
            121.0530020566361,
            24.77962532715934
          ],
          [
            121.05301817175476,
            24.779614848223837
          ],
          [
            121.05303418797769,
            24.77960436932162
          ],
          [
            121.05305030305256,
            24.779593800096194
          ],
          [
            121.05306641816308,
            24.779583321155464
          ],
          [
            121.0530824343395,
            24.77957275196161
          ],
          [
            121.05309854944463,
            24.7795622730174
          ],
          [
            121.05311466454702,
            24.77955179407146
          ],
          [
            121.0531306807153,
            24.779541224872403
          ],
          [
            121.05314679581228,
            24.779530745922983
          ],
          [
            121.05316291090658,
            24.779520266971804
          ],
          [
            121.0531789270667,
            24.77950969776757
          ],
          [
            121.053182585106,
            24.779507349020147
          ],
          [
            121.0531950421171,
            24.779499128526464
          ],
          [
            121.05321105827181,
            24.77948855931876
          ],
          [
            121.0532270744238,
            24.779477990109328
          ],
          [
            121.05324309053454,
            24.77946733061173
          ],
          [
            121.05325910668108,
            24.779456761398855
          ],
          [
            121.05327512282493,
            24.779446192184263
          ],
          [
            121.05329113896606,
            24.77943562296794
          ],
          [
            121.05330715506588,
            24.77942496346345
          ],
          [
            121.05332317120155,
            24.77941439424368
          ],
          [
            121.05333918733454,
            24.779403825022182
          ],
          [
            121.05335520346478,
            24.779393255798976
          ],
          [
            121.05337121959234,
            24.779382686574017
          ],
          [
            121.05338723567853,
            24.779372027060905
          ],
          [
            121.05340325180062,
            24.779361457832515
          ],
          [
            121.05340572342631,
            24.77935983179452
          ],
          [
            121.05341956475309,
            24.779351249642403
          ],
          [
            121.05343587774153,
            24.77934113173694
          ],
          [
            121.0534522895815,
            24.779330923507946
          ],
          [
            121.05346860256464,
            24.779320805598893
          ],
          [
            121.05348501439926,
            24.779310597366297
          ],
          [
            121.05350132737706,
            24.779300479453664
          ],
          [
            121.05351773924892,
            24.779290370532564
          ],
          [
            121.05353405218271,
            24.779280162329893
          ],
          [
            121.05355036515257,
            24.779270044411906
          ],
          [
            121.05356677701255,
            24.779259926456746
          ],
          [
            121.05358308993834,
            24.779249718248714
          ],
          [
            121.05358882420626,
            24.77924619502418
          ],
          [
            121.05359920495965,
            24.77923923925032
          ],
          [
            121.05361522100796,
            24.77922857971268
          ],
          [
            121.05363113816081,
            24.779217920208733
          ],
          [
            121.05364715420365,
            24.779207260667633
          ],
          [
            121.05366307135102,
            24.779196601160272
          ],
          [
            121.05367908738837,
            24.779185941615765
          ],
          [
            121.05369500456914,
            24.77917537239144
          ],
          [
            121.05371102060106,
            24.779164712843492
          ],
          [
            121.05372693773755,
            24.779154053329297
          ],
          [
            121.05374295376399,
            24.779143393777908
          ],
          [
            121.05375896978771,
            24.779132734224785
          ],
          [
            121.053774886916,
            24.77912207470546
          ],
          [
            121.05378556424886,
            24.77911493823914
          ],
          [
            121.05379090297316,
            24.779111505435367
          ],
          [
            121.05380711689072,
            24.779101116665394
          ],
          [
            121.05382323187402,
            24.779090637642742
          ],
          [
            121.05383944578618,
            24.779080248869263
          ],
          [
            121.05385556080302,
            24.77906986012957
          ],
          [
            121.05387167577823,
            24.779059381101668
          ],
          [
            121.05388788968226,
            24.779048992322906
          ],
          [
            121.05390400469103,
            24.77903860357797
          ],
          [
            121.05392021858968,
            24.77902821479569
          ],
          [
            121.05393633355408,
            24.7790177357608
          ],
          [
            121.05395254744734,
            24.77900734697499
          ],
          [
            121.05396866244534,
            24.77899695822306
          ],
          [
            121.05396965109757,
            24.778996325861392
          ],
          [
            121.05398487633317,
            24.778986569433727
          ],
          [
            121.05400099128676,
            24.778976090391833
          ],
          [
            121.05401710627669,
            24.778965701634654
          ],
          [
            121.05403332015644,
            24.778955312840065
          ],
          [
            121.05404943514098,
            24.77894492407939
          ],
          [
            121.05406564897625,
            24.778934444994807
          ],
          [
            121.05408176395542,
            24.77892405623063
          ],
          [
            121.05409797782438,
            24.77891366742898
          ],
          [
            121.05411409279816,
            24.778903278661325
          ],
          [
            121.05413030662257,
            24.778892799569697
          ],
          [
            121.05414642159099,
            24.778882410798523
          ],
          [
            121.05415650576234,
            24.77887581623892
          ],
          [
            121.05417252175553,
            24.77886524692776
          ],
          [
            121.05418863663844,
            24.7788546775791
          ],
          [
            121.05420465262621,
            24.778844108264497
          ],
          [
            121.05422066861126,
            24.778833538948167
          ],
          [
            121.05423678348599,
            24.77882296959429
          ],
          [
            121.0542527994656,
            24.778812400274496
          ],
          [
            121.05426881548176,
            24.778801921239452
          ],
          [
            121.05428493034832,
            24.77879135188036
          ],
          [
            121.0543009463198,
            24.778780782555394
          ],
          [
            121.05431696228854,
            24.778770213228704
          ],
          [
            121.05433307714696,
            24.7787596438644
          ],
          [
            121.05434909311028,
            24.778749074534257
          ],
          [
            121.05436510907084,
            24.778738505202387
          ],
          [
            121.05438122396043,
            24.77872802611933
          ],
          [
            121.05439723991562,
            24.778717456784005
          ],
          [
            121.05441325586807,
            24.77870688744695
          ],
          [
            121.0544292718178,
            24.778696318108178
          ],
          [
            121.05444538665715,
            24.778685748731714
          ],
          [
            121.05446140260146,
            24.778675179389484
          ],
          [
            121.05447741858247,
            24.778664700331987
          ],
          [
            121.05449353341363,
            24.77865413095032
          ],
          [
            121.0545095493498,
            24.778643561602905
          ],
          [
            121.05452556528324,
            24.77863299225377
          ],
          [
            121.05454168010624,
            24.778622422866867
          ],
          [
            121.05455769603427,
            24.778611853514274
          ],
          [
            121.05457371195958,
            24.77860128415996
          ],
          [
            121.05458053358947,
            24.778596857636142
          ],
          [
            121.05458982685339,
            24.778590895340802
          ],
          [
            121.0546060405972,
            24.778580416197364
          ],
          [
            121.05462215548562,
            24.77857002737469
          ],
          [
            121.05463836926356,
            24.7785596385142
          ],
          [
            121.05465448414661,
            24.778549249688027
          ],
          [
            121.05467069791914,
            24.778538860824018
          ],
          [
            121.05468691168899,
            24.77852847195825
          ],
          [
            121.05470302656394,
            24.778518083126826
          ],
          [
            121.0547192403284,
            24.77850769425752
          ],
          [
            121.05473535515837,
            24.778497215136138
          ],
          [
            121.05475156892138,
            24.77848683529196
          ],
          [
            121.05476768378558,
            24.77847644645354
          ],
          [
            121.05478389753924,
            24.778466057577212
          ],
          [
            121.05480001239806,
            24.778455668735297
          ],
          [
            121.0548162261463,
            24.778445279855436
          ],
          [
            121.05483234099977,
            24.778434891010022
          ],
          [
            121.05484855474262,
            24.77842450212664
          ],
          [
            121.05486466955098,
            24.77841402299127
          ],
          [
            121.05488088328845,
            24.778403634104368
          ],
          [
            121.05488246512505,
            24.778402640373304
          ],
          [
            121.05489709706289,
            24.778393335502166
          ],
          [
            121.05491331079496,
            24.778382946611732
          ],
          [
            121.05492952456407,
            24.778372648006012
          ],
          [
            121.05494573833049,
            24.778362349398506
          ],
          [
            121.05496195205447,
            24.77835196050278
          ],
          [
            121.05497816581554,
            24.778341661891744
          ],
          [
            121.05499437957391,
            24.778331363278962
          ],
          [
            121.05501069218184,
            24.778320974341614
          ],
          [
            121.05502690593482,
            24.778310675725272
          ],
          [
            121.05504311964533,
            24.778300286820702
          ],
          [
            121.05505933339298,
            24.778289988200857
          ],
          [
            121.05507554713792,
            24.778279689579218
          ],
          [
            121.05509176084034,
            24.778269300669354
          ],
          [
            121.05510796469075,
            24.778259002047843
          ],
          [
            121.05512418831685,
            24.778248703417272
          ],
          [
            121.05514040201122,
            24.778238314502122
          ],
          [
            121.05515661574275,
            24.778228015871658
          ],
          [
            121.05516442601153,
            24.778223047238015
          ],
          [
            121.05517273045994,
            24.77821744641648
          ],
          [
            121.05518864735065,
            24.778206786745987
          ],
          [
            121.05520456419869,
            24.778196036787314
          ],
          [
            121.05522048104399,
            24.77818528682694
          ],
          [
            121.05523639792649,
            24.77817462715134
          ],
          [
            121.05525231476632,
            24.778163877187545
          ],
          [
            121.0552682316034,
            24.77815312722207
          ],
          [
            121.05528414847771,
            24.778142467541365
          ],
          [
            121.05530006530932,
            24.778131717572474
          ],
          [
            121.05531598213818,
            24.778120967601875
          ],
          [
            121.05533188911514,
            24.77811030791971
          ],
          [
            121.05534781582772,
            24.778099557942067
          ],
          [
            121.05536373268842,
            24.778088898252847
          ],
          [
            121.0553698226029,
            24.778084787966062
          ],
          [
            121.05572226258467,
            24.77786178504043
          ],
          [
            121.05574314173545,
            24.77784662719693
          ],
          [
            121.05597269007974,
            24.777694562324722
          ],
          [
            121.05597717847924,
            24.77769171662255
          ],
          [
            121.05599349096617,
            24.777681426892656
          ],
          [
            121.05600970455085,
            24.77767111914066
          ],
          [
            121.05601440056002,
            24.777668137929957
          ],
          [
            121.05602591814096,
            24.77766082944421
          ],
          [
            121.05603580448525,
            24.777654577919897
          ],
          [
            121.05604223061579,
            24.777650530680322
          ],
          [
            121.0560579696512,
            24.777640530074734
          ],
          [
            121.05605844419645,
            24.777640231951665
          ],
          [
            121.05606535473964,
            24.777635841441086
          ],
          [
            121.05632235934306,
            24.77747248896457
          ],
          [
            121.05655566262091,
            24.777317027008582
          ],
          [
            121.05700555361966,
            24.777025050469852
          ],
          [
            121.05739259173654,
            24.776763712825126
          ],
          [
            121.05742213113044,
            24.776743766242024
          ],
          [
            121.0574380376687,
            24.776732925761824
          ],
          [
            121.05745396402389,
            24.776722175558827
          ],
          [
            121.05746978159655,
            24.776711425395877
          ],
          [
            121.05748569805718,
            24.776700675193283
          ],
          [
            121.05750150573529,
            24.776689925030734
          ],
          [
            121.05751742219047,
            24.77667917482475
          ],
          [
            121.05753334853196,
            24.776668424613263
          ],
          [
            121.05754915616025,
            24.776657584159175
          ],
          [
            121.05756507260719,
            24.77664683394809
          ],
          [
            121.05758098905139,
            24.77663608373531
          ],
          [
            121.05759680660216,
            24.77662533355883
          ],
          [
            121.05761272304086,
            24.776614583342656
          ],
          [
            121.05762863947685,
            24.776603833124767
          ],
          [
            121.05764445701942,
            24.776593082943258
          ],
          [
            121.0576603734082,
            24.77658224243548
          ],
          [
            121.05767619094532,
            24.776571492250593
          ],
          [
            121.05769210737031,
            24.776560742025918
          ],
          [
            121.05770802379259,
            24.776549991799534
          ],
          [
            121.0577238413215,
            24.776539241609573
          ],
          [
            121.05773975773829,
            24.77652849137981
          ],
          [
            121.0577556741523,
            24.776517741148343
          ],
          [
            121.05777149163126,
            24.776506900666828
          ],
          [
            121.05777277683264,
            24.776506087592495
          ],
          [
            121.05778760598814,
            24.77649651150157
          ],
          [
            121.05780381919108,
            24.77648603200991
          ],
          [
            121.05781993354258,
            24.77647564284117
          ],
          [
            121.05783604784953,
            24.7764651633842
          ],
          [
            121.05785216219564,
            24.77645477421195
          ],
          [
            121.05786837538773,
            24.77644429471327
          ],
          [
            121.05788448972845,
            24.776433905537527
          ],
          [
            121.05790060402461,
            24.77642342607356
          ],
          [
            121.05791681725046,
            24.77641303685609
          ],
          [
            121.0579329315412,
            24.77640255738864
          ],
          [
            121.05794904587114,
            24.776392168205913
          ],
          [
            121.05796516015647,
            24.776381688734965
          ],
          [
            121.05798137337153,
            24.776371299510465
          ],
          [
            121.05799748765145,
            24.776360820036007
          ],
          [
            121.05801360197064,
            24.7763504308463
          ],
          [
            121.05802971624516,
            24.776339951368364
          ],
          [
            121.05804592944938,
            24.776329562136855
          ],
          [
            121.05805551892404,
            24.776323328650747
          ],
          [
            121.05805851439696,
            24.776321377300953
          ],
          [
            121.05806204371851,
            24.776319082655412
          ],
          [
            121.05807212751763,
            24.77631257811707
          ],
          [
            121.05808824182436,
            24.77630218891929
          ],
          [
            121.0581044549768,
            24.776291709394904
          ],
          [
            121.05812056927815,
            24.77628132019362
          ],
          [
            121.05813668353474,
            24.776270840704125
          ],
          [
            121.05815289672108,
            24.776260451460953
          ],
          [
            121.05816901097229,
            24.77624997196794
          ],
          [
            121.05818472982766,
            24.776239853772818
          ],
          [
            121.05818512526287,
            24.776239582759676
          ],
          [
            121.05820123950865,
            24.776229103263177
          ],
          [
            121.05821735375174,
            24.776218623764933
          ],
          [
            121.05823346799212,
            24.77620814426495
          ],
          [
            121.05824958222979,
            24.77619766476322
          ],
          [
            121.05826569646474,
            24.776187185259744
          ],
          [
            121.058281810697,
            24.776176705754548
          ],
          [
            121.05829792492656,
            24.776166226247586
          ],
          [
            121.05831403915339,
            24.77615574673888
          ],
          [
            121.05833015337753,
            24.776145267228433
          ],
          [
            121.05834626759898,
            24.776134787716238
          ],
          [
            121.05836238181769,
            24.77612430820231
          ],
          [
            121.05837849607592,
            24.776113918973117
          ],
          [
            121.05839461028923,
            24.776103439455692
          ],
          [
            121.05841062560958,
            24.7760929599751
          ],
          [
            121.05842673981752,
            24.776082480454203
          ],
          [
            121.0584428540227,
            24.776072000931553
          ],
          [
            121.05845896822518,
            24.77606152140719
          ],
          [
            121.05847508242496,
            24.77605104188106
          ],
          [
            121.05849119662206,
            24.776040562353188
          ],
          [
            121.05850731082067,
            24.77603009185222
          ],
          [
            121.05852342501232,
            24.776019612320855
          ],
          [
            121.05853953920126,
            24.776009132787756
          ],
          [
            121.05855565338751,
            24.775998653252902
          ],
          [
            121.05857176757107,
            24.775988173716318
          ],
          [
            121.05858768384446,
            24.775977423395897
          ],
          [
            121.05860360015748,
            24.775966763360266
          ],
          [
            121.05861951642542,
            24.77595601303642
          ],
          [
            121.05863543273301,
            24.775945352997383
          ],
          [
            121.05865134899545,
            24.77593460267016
          ],
          [
            121.05866726525515,
            24.775923852341233
          ],
          [
            121.05868318155457,
            24.77591319229707
          ],
          [
            121.0586990978088,
            24.77590244196474
          ],
          [
            121.05871501410275,
            24.775891781917192
          ],
          [
            121.0587309303515,
            24.77588103158146
          ],
          [
            121.0587468465975,
            24.775870281244
          ],
          [
            121.05876286177335,
            24.77585962115254
          ],
          [
            121.05877877801386,
            24.775848870811686
          ],
          [
            121.05879469429416,
            24.77583821075562
          ],
          [
            121.05881061052924,
            24.775827460411367
          ],
          [
            121.05882652676152,
            24.775816710065392
          ],
          [
            121.05884244303364,
            24.775806050004217
          ],
          [
            121.05885835926048,
            24.775795299654863
          ],
          [
            121.05887427552716,
            24.775784639590277
          ],
          [
            121.0588901917485,
            24.7757738892375
          ],
          [
            121.05890610796713,
            24.775763138883026
          ],
          [
            121.05892202422561,
            24.77575247881335
          ],
          [
            121.05893220665357,
            24.7757456130319
          ],
          [
            121.05893754466574,
            24.77574127717869
          ],
          [
            121.05895227359966,
            24.775729263275437
          ],
          [
            121.0589670024881,
            24.775717159084216
          ],
          [
            121.05898173141632,
            24.77570514517804
          ],
          [
            121.05899646034176,
            24.775693131270387
          ],
          [
            121.05901118922164,
            24.775681027074786
          ],
          [
            121.05902591814134,
            24.775669013164222
          ],
          [
            121.05904064705823,
            24.77565699925218
          ],
          [
            121.05905537592959,
            24.775644895052196
          ],
          [
            121.05907010484079,
            24.77563288113723
          ],
          [
            121.05908493263902,
            24.775620867181786
          ],
          [
            121.05909966150179,
            24.775608762977406
          ],
          [
            121.05911439040447,
            24.775596749058046
          ],
          [
            121.0591291193043,
            24.775584735137226
          ],
          [
            121.05914384820132,
            24.775572721214942
          ],
          [
            121.0591585770527,
            24.775560617004704
          ],
          [
            121.059173305944,
            24.775548603079493
          ],
          [
            121.05918803483249,
            24.775536589152818
          ],
          [
            121.05920276367533,
            24.7755244849382
          ],
          [
            121.05921175917763,
            24.77551716817425
          ],
          [
            121.0592172946929,
            24.775512290513827
          ],
          [
            121.0592315288241,
            24.77549964477289
          ],
          [
            121.0592456641055,
            24.775487089356204
          ],
          [
            121.05925989827382,
            24.775474533899057
          ],
          [
            121.05927413243927,
            24.77546197844052
          ],
          [
            121.05928826771213,
            24.77544942301977
          ],
          [
            121.05930250187187,
            24.775436867558522
          ],
          [
            121.05931673598585,
            24.775424221809395
          ],
          [
            121.05933087125013,
            24.77541166638457
          ],
          [
            121.05934510540128,
            24.775399110919214
          ],
          [
            121.05935933954957,
            24.775386555452496
          ],
          [
            121.0593734748053,
            24.775374000023607
          ],
          [
            121.05938770894787,
            24.77536144455415
          ],
          [
            121.05940184415493,
            24.77534879883607
          ],
          [
            121.05941607829178,
            24.775336243363892
          ],
          [
            121.05943031242575,
            24.77532368789033
          ],
          [
            121.05944444766723,
            24.775311132454686
          ],
          [
            121.0594586817955,
            24.775298576978404
          ],
          [
            121.05947291592089,
            24.77528602150075
          ],
          [
            121.05948705111078,
            24.775273375774525
          ],
          [
            121.0594941681925,
            24.77526714317776
          ],
          [
            121.05950079061039,
            24.775260459344626
          ],
          [
            121.05951413433361,
            24.775247091638175
          ],
          [
            121.05952737916445,
            24.775233723969812
          ],
          [
            121.05954072288625,
            24.77522036528959
          ],
          [
            121.05955396771141,
            24.775206997618845
          ],
          [
            121.05956731142322,
            24.775193629907566
          ],
          [
            121.05958055619958,
            24.775180171947945
          ],
          [
            121.05959389990568,
            24.775166804234264
          ],
          [
            121.05960714471944,
            24.775153436558732
          ],
          [
            121.05962038953037,
            24.775140068882017
          ],
          [
            121.05963373322793,
            24.775126701164734
          ],
          [
            121.05964697803316,
            24.775113333485635
          ],
          [
            121.05966032172502,
            24.77509996576594
          ],
          [
            121.05967356652455,
            24.77508659808445
          ],
          [
            121.05968691021071,
            24.775073230362352
          ],
          [
            121.05970015500459,
            24.775059862678482
          ],
          [
            121.05971349868503,
            24.77504649495398
          ],
          [
            121.05972674347322,
            24.7750331272677
          ],
          [
            121.05973998825858,
            24.77501975958024
          ],
          [
            121.05975333193047,
            24.775006391852152
          ],
          [
            121.05975777979167,
            24.775001875751506
          ],
          [
            121.05976558742736,
            24.77499221197846
          ],
          [
            121.05977724941239,
            24.7749776711946
          ],
          [
            121.05978891135146,
            24.774963040123314
          ],
          [
            121.05980067222039,
            24.77494849929811
          ],
          [
            121.05981233419723,
            24.77493395851144
          ],
          [
            121.05982399612812,
            24.774919327437352
          ],
          [
            121.05983565809952,
            24.774904786648836
          ],
          [
            121.05984741895753,
            24.77489024581985
          ],
          [
            121.05985908092349,
            24.774875705029466
          ],
          [
            121.05987074284346,
            24.774861073951648
          ],
          [
            121.05988250369325,
            24.77484653311984
          ],
          [
            121.05989416565106,
            24.774831992326646
          ],
          [
            121.05990582760184,
            24.77481744250388
          ],
          [
            121.05991758840443,
            24.7748028204114
          ],
          [
            121.05992925035407,
            24.774788279615407
          ],
          [
            121.05994091230102,
            24.77477373881849
          ],
          [
            121.05995257424522,
            24.774759198020618
          ],
          [
            121.05996433503252,
            24.77474456689573
          ],
          [
            121.05997599697127,
            24.77473002609599
          ],
          [
            121.05998765890735,
            24.77471548529534
          ],
          [
            121.05999941972983,
            24.774700944454136
          ],
          [
            121.06001108161705,
            24.774686313365095
          ],
          [
            121.06002274354492,
            24.774671772561643
          ],
          [
            121.06002501664881,
            24.774668972768417
          ],
          [
            121.06003391085086,
            24.774656870809444
          ],
          [
            121.06004478140005,
            24.77464178860234
          ],
          [
            121.0600557508791,
            24.77462679664127
          ],
          [
            121.06006672031208,
            24.77461171439286
          ],
          [
            121.06007768978586,
            24.77459672243013
          ],
          [
            121.06008865921356,
            24.774581640180074
          ],
          [
            121.06009962868207,
            24.774566648215686
          ],
          [
            121.06011059810446,
            24.774551565963964
          ],
          [
            121.06012156756769,
            24.77453657399792
          ],
          [
            121.0601324381393,
            24.77452158207075
          ],
          [
            121.0601434075538,
            24.77450649981656
          ],
          [
            121.06015437700914,
            24.774491507848058
          ],
          [
            121.06016534641397,
            24.774476416563555
          ],
          [
            121.06017631586406,
            24.774461424593365
          ],
          [
            121.06018728527229,
            24.774446351364507
          ],
          [
            121.06019825471711,
            24.77443135939267
          ],
          [
            121.06020922411136,
            24.774416268104844
          ],
          [
            121.06022009466199,
            24.774401276171112
          ],
          [
            121.06023106405968,
            24.774386202938945
          ],
          [
            121.06024203349395,
            24.7743712109638
          ],
          [
            121.06025300292123,
            24.774356209959173
          ],
          [
            121.06026318171882,
            24.774342211452286
          ],
          [
            121.06026387337856,
            24.774341046477815
          ],
          [
            121.06027345796879,
            24.774325242478845
          ],
          [
            121.06028294366774,
            24.774309438519037
          ],
          [
            121.0602925282488,
            24.77429362549014
          ],
          [
            121.06030201394732,
            24.77427783055772
          ],
          [
            121.06031159852786,
            24.77426202655619
          ],
          [
            121.06032108421725,
            24.77424622259386
          ],
          [
            121.06033066879296,
            24.774230418591056
          ],
          [
            121.06034025332261,
            24.774214524301087
          ],
          [
            121.06034973900474,
            24.77419872033685
          ],
          [
            121.0603593235732,
            24.774182916332123
          ],
          [
            121.06036880925487,
            24.774167121395276
          ],
          [
            121.06037839381413,
            24.77415130836062
          ],
          [
            121.06038797837972,
            24.774135513382628
          ],
          [
            121.06039746404544,
            24.774119700386578
          ],
          [
            121.06040704860617,
            24.7741039054073
          ],
          [
            121.06041653422339,
            24.774088002123474
          ],
          [
            121.06042611877493,
            24.774072198114272
          ],
          [
            121.0604357033284,
            24.774056403133084
          ],
          [
            121.06044518898645,
            24.77404059916251
          ],
          [
            121.06045477353071,
            24.774024795151394
          ],
          [
            121.06045655208268,
            24.774021814978003
          ],
          [
            121.0604636656775,
            24.774008630273077
          ],
          [
            121.06047245893342,
            24.77399246543412
          ],
          [
            121.06048115329848,
            24.773976300634565
          ],
          [
            121.06048994654549,
            24.77396012676587
          ],
          [
            121.0604987397552,
            24.773943880667442
          ],
          [
            121.0605074341135,
            24.773927715866254
          ],
          [
            121.06051622735806,
            24.773911551024582
          ],
          [
            121.0605249216637,
            24.773895286907162
          ],
          [
            121.06053371490808,
            24.773879131093057
          ],
          [
            121.06054250814583,
            24.773862966249748
          ],
          [
            121.06055120248845,
            24.77384679241723
          ],
          [
            121.06055999567786,
            24.773830537286322
          ],
          [
            121.06056878890878,
            24.77381437244139
          ],
          [
            121.06057748324902,
            24.77379820763589
          ],
          [
            121.06058627643161,
            24.773781952503352
          ],
          [
            121.06059506965572,
            24.773765787656767
          ],
          [
            121.06060376398918,
            24.773749622849664
          ],
          [
            121.06060909918409,
            24.773739779458705
          ],
          [
            121.06061206263976,
            24.77373319637123
          ],
          [
            121.06061957008484,
            24.7737165715822
          ],
          [
            121.06062717637681,
            24.773699865494866
          ],
          [
            121.06063468377843,
            24.77368315944713
          ],
          [
            121.06064229006635,
            24.773666453358967
          ],
          [
            121.06064979746394,
            24.773649747310433
          ],
          [
            121.06065740374781,
            24.773633041221427
          ],
          [
            121.06066491118523,
            24.773616425458577
          ],
          [
            121.06067241857679,
            24.7735997194088
          ],
          [
            121.0606800248546,
            24.773583013318536
          ],
          [
            121.06068753224213,
            24.773566307267938
          ],
          [
            121.06069513851591,
            24.773549601176853
          ],
          [
            121.06070264589941,
            24.773532895125427
          ],
          [
            121.06071015332483,
            24.773516279360113
          ],
          [
            121.06071775959252,
            24.773499573267767
          ],
          [
            121.06072526697,
            24.773482867215105
          ],
          [
            121.06073287323368,
            24.773466161121938
          ],
          [
            121.06074038060713,
            24.773449455068462
          ],
          [
            121.06074798691066,
            24.773432839260966
          ],
          [
            121.06075549428452,
            24.773416142235302
          ],
          [
            121.06076300164754,
            24.773399427151933
          ],
          [
            121.06076813833562,
            24.77338813925086
          ],
          [
            121.06077041008095,
            24.77338263085042
          ],
          [
            121.06077752184811,
            24.773365834668905
          ],
          [
            121.06078453468135,
            24.773348948240624
          ],
          [
            121.06079103400262,
            24.773333515633663
          ],
          [
            121.06079113277634,
            24.77333328084857
          ],
          [
            121.06079164640072,
            24.77333206177185
          ],
          [
            121.060791843957,
            24.773331610258975
          ],
          [
            121.06079895567441,
            24.773314723789817
          ],
          [
            121.06080596854585,
            24.773297927646937
          ],
          [
            121.06081308025945,
            24.773281041177047
          ],
          [
            121.06082009308312,
            24.773264154746943
          ],
          [
            121.0608272047929,
            24.773247268276297
          ],
          [
            121.06083431654474,
            24.773230472091804
          ],
          [
            121.06084132936272,
            24.77321358566058
          ],
          [
            121.06084844106675,
            24.773196699188837
          ],
          [
            121.06085555276886,
            24.773179812716723
          ],
          [
            121.06086256562514,
            24.773163016570926
          ],
          [
            121.06086967732342,
            24.773146130098073
          ],
          [
            121.0608766901319,
            24.773129243665025
          ],
          [
            121.06088380182636,
            24.773112357191426
          ],
          [
            121.06089091356294,
            24.773095561003984
          ],
          [
            121.06089792636573,
            24.773078674569838
          ],
          [
            121.06090503805444,
            24.773061788095127
          ],
          [
            121.0609121497853,
            24.773044991906556
          ],
          [
            121.06091916258237,
            24.773028105471326
          ],
          [
            121.06092459511144,
            24.77301519228633
          ],
          [
            121.06092627426536,
            24.773011218995496
          ],
          [
            121.06093358376606,
            24.77299442272535
          ],
          [
            121.06094089330888,
            24.772977716741337
          ],
          [
            121.06094489377243,
            24.772968514915046
          ],
          [
            121.06094510120313,
            24.772968036311962
          ],
          [
            121.06094820280566,
            24.772960920470425
          ],
          [
            121.06095551230048,
            24.772944124199093
          ],
          [
            121.06096282179776,
            24.772927336956045
          ],
          [
            121.06097013128866,
            24.772910540683956
          ],
          [
            121.06097734188988,
            24.772893744451718
          ],
          [
            121.06098465137688,
            24.77287694817885
          ],
          [
            121.06099196086188,
            24.772860151905594
          ],
          [
            121.06099472662915,
            24.772853830721306
          ],
          [
            121.06099927038906,
            24.772843445918443
          ],
          [
            121.0610065798702,
            24.77282664964441
          ],
          [
            121.06101388934934,
            24.77280985336997
          ],
          [
            121.0610211988265,
            24.772793057095136
          ],
          [
            121.06102840941409,
            24.772776260860226
          ],
          [
            121.06102872549256,
            24.772775520381774
          ],
          [
            121.06102891316716,
            24.77277508692991
          ],
          [
            121.06103571888738,
            24.772759464584624
          ],
          [
            121.06104302835867,
            24.77274266830864
          ],
          [
            121.06105033787216,
            24.772725962318766
          ],
          [
            121.06105764733958,
            24.772709166041995
          ],
          [
            121.06106495680498,
            24.772692369764833
          ],
          [
            121.0610721673809,
            24.772675573527586
          ],
          [
            121.06107947684241,
            24.772658777249653
          ],
          [
            121.06108678630198,
            24.772641980971322
          ],
          [
            121.06109409575959,
            24.772625184692593
          ],
          [
            121.06110140525938,
            24.772608478700004
          ],
          [
            121.06110871471306,
            24.772591682420508
          ],
          [
            121.06111602416475,
            24.772574886140617
          ],
          [
            121.06112323472706,
            24.772558089900684
          ],
          [
            121.0611268894954,
            24.77254978204693
          ],
          [
            121.06113064306227,
            24.77254129357965
          ],
          [
            121.06113815032715,
            24.77252458750438
          ],
          [
            121.06114565759,
            24.772507881428695
          ],
          [
            121.06115316485085,
            24.772491175352584
          ],
          [
            121.06116067210971,
            24.772474469276084
          ],
          [
            121.06116817936656,
            24.77245776319917
          ],
          [
            121.06117558773403,
            24.772441057162247
          ],
          [
            121.06118309498689,
            24.772424351084517
          ],
          [
            121.06119060223773,
            24.77240764500636
          ],
          [
            121.06119810948655,
            24.772390938927813
          ],
          [
            121.06120561673337,
            24.772374232848858
          ],
          [
            121.06121311408948,
            24.772357526773536
          ],
          [
            121.06122052244505,
            24.772340820734183
          ],
          [
            121.06122802968586,
            24.77232411465399
          ],
          [
            121.0612355369247,
            24.772307408573397
          ],
          [
            121.06124304416153,
            24.7722907024924
          ],
          [
            121.06125055135203,
            24.77227390612446
          ],
          [
            121.06125805858487,
            24.772257200042628
          ],
          [
            121.06126546692848,
            24.77224049400085
          ],
          [
            121.06127297415728,
            24.772223787918218
          ],
          [
            121.06128048138407,
            24.772207081835166
          ],
          [
            121.06128798860888,
            24.772190375751716
          ],
          [
            121.06129549583169,
            24.772173669667843
          ],
          [
            121.06130300305249,
            24.77215696358357
          ],
          [
            121.06131051027127,
            24.772140257498886
          ],
          [
            121.06131791860095,
            24.772123551454282
          ],
          [
            121.06132542581574,
            24.77210684536879
          ],
          [
            121.06133293302851,
            24.772090139282867
          ],
          [
            121.0613404402393,
            24.77207343319655
          ],
          [
            121.06134794744808,
            24.772056727109828
          ],
          [
            121.06135545465486,
            24.772040021022693
          ],
          [
            121.06136207276396,
            24.772025121030435
          ],
          [
            121.06136286292822,
            24.77202322468911
          ],
          [
            121.0613699745386,
            24.77200642847672
          ],
          [
            121.06137708610268,
            24.771989541977426
          ],
          [
            121.06138409877785,
            24.771972655518265
          ],
          [
            121.0613912103825,
            24.771955859304754
          ],
          [
            121.06139832194084,
            24.77193897280435
          ],
          [
            121.06140543349727,
            24.771922086303547
          ],
          [
            121.06141254509618,
            24.77190529008893
          ],
          [
            121.06141965664878,
            24.771888403587386
          ],
          [
            121.06142676819944,
            24.77187151708549
          ],
          [
            121.06143378090573,
            24.771854720910316
          ],
          [
            121.06144089245257,
            24.771837834407663
          ],
          [
            121.06144800404195,
            24.771821038191185
          ],
          [
            121.06145511558495,
            24.77180415168779
          ],
          [
            121.06146222712606,
            24.771787265184035
          ],
          [
            121.06146933870967,
            24.77177046896644
          ],
          [
            121.06147635136014,
            24.77175358250252
          ],
          [
            121.0614834628955,
            24.77173669599766
          ],
          [
            121.06149057447341,
            24.771719899778937
          ],
          [
            121.06149768600493,
            24.77170301327333
          ],
          [
            121.06150479753454,
            24.77168612676735
          ],
          [
            121.06151190911115,
            24.77166933957617
          ],
          [
            121.06151892175019,
            24.77165245311006
          ],
          [
            121.06152603327405,
            24.771635566602956
          ],
          [
            121.06153314484051,
            24.771618770382027
          ],
          [
            121.06154025636053,
            24.771601883874176
          ],
          [
            121.06154736787865,
            24.771584997365977
          ],
          [
            121.06154815803733,
            24.771583101023577
          ],
          [
            121.06155497396168,
            24.77156838151379
          ],
          [
            121.06156257999814,
            24.771551675374656
          ],
          [
            121.06157028496374,
            24.77153505948098
          ],
          [
            121.06157789104067,
            24.77151844362753
          ],
          [
            121.06158559595767,
            24.77150173744645
          ],
          [
            121.06159320203052,
            24.771485121592164
          ],
          [
            121.06160090698796,
            24.77146850569678
          ],
          [
            121.06160851301225,
            24.771451799555113
          ],
          [
            121.06161621796558,
            24.77143518365888
          ],
          [
            121.0616238239858,
            24.771418477516367
          ],
          [
            121.06163152893507,
            24.771401861619275
          ],
          [
            121.06163913499576,
            24.771385245762456
          ],
          [
            121.06164683989637,
            24.77136853957796
          ],
          [
            121.06165454483947,
            24.771351923679585
          ],
          [
            121.0616621508941,
            24.771335307821495
          ],
          [
            121.06166985578855,
            24.771318601635734
          ],
          [
            121.0616774618391,
            24.771301985776805
          ],
          [
            121.06168516677408,
            24.77128536987673
          ],
          [
            121.06169277277596,
            24.77126866373041
          ],
          [
            121.06170047770685,
            24.771252047829485
          ],
          [
            121.06170808374928,
            24.771235431968847
          ],
          [
            121.06171578863145,
            24.77121872578052
          ],
          [
            121.06172339466984,
            24.771202109919063
          ],
          [
            121.0617310995479,
            24.771185403729877
          ],
          [
            121.06173870558221,
            24.771168787867577
          ],
          [
            121.0617420641459,
            24.77116156355821
          ],
          [
            121.06174631156986,
            24.771152081718313
          ],
          [
            121.06175371978287,
            24.77113537565017
          ],
          [
            121.06176112799389,
            24.771118669581618
          ],
          [
            121.06176853615825,
            24.771101873226137
          ],
          [
            121.06177604325157,
            24.771085167116016
          ],
          [
            121.06178345145666,
            24.77106846104627
          ],
          [
            121.06179085961506,
            24.77105166468957
          ],
          [
            121.06179826781614,
            24.77103495861903
          ],
          [
            121.06180567601528,
            24.771018252548085
          ],
          [
            121.06181318305391,
            24.77100145614939
          ],
          [
            121.06182059124909,
            24.770984750077623
          ],
          [
            121.06182799944223,
            24.770968044005475
          ],
          [
            121.06183540758872,
            24.770951247646387
          ],
          [
            121.06184291466407,
            24.77093454153261
          ],
          [
            121.0618503228513,
            24.77091783545924
          ],
          [
            121.06185773103654,
            24.77090112938549
          ],
          [
            121.06186513917507,
            24.770884333024796
          ],
          [
            121.06187264624242,
            24.77086762690939
          ],
          [
            121.0618800544217,
            24.770850920834434
          ],
          [
            121.06188746255428,
            24.770834124472522
          ],
          [
            121.0618948707296,
            24.770817418396767
          ],
          [
            121.061902377789,
            24.77080071227974
          ],
          [
            121.06190978591559,
            24.770783915916613
          ],
          [
            121.06191719408496,
            24.770767209839658
          ],
          [
            121.06191877451506,
            24.770763688010252
          ],
          [
            121.06192470113834,
            24.77075050372141
          ],
          [
            121.06193210930377,
            24.770733797643647
          ],
          [
            121.06193961635316,
            24.770717091524585
          ],
          [
            121.06194712335576,
            24.77070029511856
          ],
          [
            121.06195453151521,
            24.77068358903958
          ],
          [
            121.0619620385586,
            24.7706668829193
          ],
          [
            121.06196944671407,
            24.770650176839517
          ],
          [
            121.06197695375347,
            24.770633470718423
          ],
          [
            121.06198446079088,
            24.770616764596898
          ],
          [
            121.06199186894037,
            24.77060005851591
          ],
          [
            121.06199937592893,
            24.77058326210704
          ],
          [
            121.06200688296035,
            24.770566555984306
          ],
          [
            121.06201429110388,
            24.770549849902096
          ],
          [
            121.06202179813127,
            24.77053314377855
          ],
          [
            121.06202920627086,
            24.770516437695544
          ],
          [
            121.06203671329426,
            24.77049973157119
          ],
          [
            121.06204422027078,
            24.770482935159873
          ],
          [
            121.06205162840439,
            24.77046622907564
          ],
          [
            121.06205913542179,
            24.770449522950056
          ],
          [
            121.06206654355142,
            24.770432816865046
          ],
          [
            121.06207405056482,
            24.770416110738644
          ],
          [
            121.06208155758071,
            24.770399413640476
          ],
          [
            121.06208896570438,
            24.770382707554248
          ],
          [
            121.06209647266688,
            24.770365911140082
          ],
          [
            121.06210397967226,
            24.770349205012053
          ],
          [
            121.06210911597941,
            24.770337646201202
          ],
          [
            121.06211128890429,
            24.77033249896562
          ],
          [
            121.06211849915887,
            24.770315612386703
          ],
          [
            121.06212561057079,
            24.770298816134986
          ],
          [
            121.06213282086641,
            24.770282019841854
          ],
          [
            121.06213993222957,
            24.770265133302843
          ],
          [
            121.06214714252134,
            24.770248337008976
          ],
          [
            121.06215425388065,
            24.77023145046919
          ],
          [
            121.06216146416854,
            24.77021465417457
          ],
          [
            121.06216857556895,
            24.770197857920607
          ],
          [
            121.06217578580804,
            24.770180971338657
          ],
          [
            121.06218289720461,
            24.77016417508394
          ],
          [
            121.06219010743983,
            24.770147288501242
          ],
          [
            121.06219721883258,
            24.770130492245777
          ],
          [
            121.0622044291089,
            24.77011369594889
          ],
          [
            121.06221154045282,
            24.77009680940611
          ],
          [
            121.0622187507253,
            24.770080013108455
          ],
          [
            121.06222586206538,
            24.77006312656495
          ],
          [
            121.06223307233395,
            24.770046330266524
          ],
          [
            121.0622401837152,
            24.770029534008824
          ],
          [
            121.06224739393494,
            24.770012647423084
          ],
          [
            121.06225450531231,
            24.769995851164634
          ],
          [
            121.0622617155282,
            24.769978964578154
          ],
          [
            121.06226882690174,
            24.76996216831894
          ],
          [
            121.06227603715877,
            24.769945372018256
          ],
          [
            121.06228314848346,
            24.769928485471752
          ],
          [
            121.06229035873662,
            24.769911689170296
          ],
          [
            121.06229747010252,
            24.76989489290961
          ],
          [
            121.06230468030675,
            24.769878006320855
          ],
          [
            121.06231189055411,
            24.769861210018252
          ],
          [
            121.06231900186918,
            24.769844323469883
          ],
          [
            121.06232581697721,
            24.769828339910156
          ],
          [
            121.06232621211268,
            24.76982752716653
          ],
          [
            121.06233352123952,
            24.76981073082166
          ],
          [
            121.06234092929472,
            24.76979402472179
          ],
          [
            121.06234833730284,
            24.769777228334974
          ],
          [
            121.06235564646883,
            24.769760522275455
          ],
          [
            121.06236305447301,
            24.769743725887846
          ],
          [
            121.06237046252029,
            24.76972701978638
          ],
          [
            121.06237787052049,
            24.769710223397965
          ],
          [
            121.06238517967866,
            24.769693517336876
          ],
          [
            121.06239258767489,
            24.769676720947665
          ],
          [
            121.06239999571427,
            24.769660014844614
          ],
          [
            121.0624073048214,
            24.769643218495805
          ],
          [
            121.06241471285684,
            24.769626512391937
          ],
          [
            121.06242212084514,
            24.769609716001128
          ],
          [
            121.06242952887662,
            24.769593009896486
          ],
          [
            121.06243683797585,
            24.7695762135461
          ],
          [
            121.06244424600338,
            24.769559507440636
          ],
          [
            121.06245165398374,
            24.769542711048235
          ],
          [
            121.06245896312227,
            24.769526004983227
          ],
          [
            121.06246637109871,
            24.769509208590005
          ],
          [
            121.0624737791183,
            24.769492502482972
          ],
          [
            121.06248118709075,
            24.76947570608898
          ],
          [
            121.06248849617621,
            24.76945890973583
          ],
          [
            121.06249590418992,
            24.769442203627587
          ],
          [
            121.06250331215641,
            24.76942540723239
          ],
          [
            121.06251062128118,
            24.769408701164625
          ],
          [
            121.06251802924373,
            24.769391904768643
          ],
          [
            121.06252543724949,
            24.769375198658803
          ],
          [
            121.06253274632314,
            24.769358402303293
          ],
          [
            121.06254015432496,
            24.769341696192672
          ],
          [
            121.06254756227958,
            24.769324899795095
          ],
          [
            121.06255497027743,
            24.76930819368365
          ],
          [
            121.06256227934324,
            24.76929139732657
          ],
          [
            121.06256968733713,
            24.769274691214353
          ],
          [
            121.06257709528383,
            24.769257894815173
          ],
          [
            121.06258440438897,
            24.76924118874346
          ],
          [
            121.0625918123317,
            24.769224392343485
          ],
          [
            121.06259922031771,
            24.769207686229677
          ],
          [
            121.0626031711824,
            24.76919865592006
          ],
          [
            121.06260643048691,
            24.769190889911552
          ],
          [
            121.06261354172416,
            24.76917400334784
          ],
          [
            121.06262065295948,
            24.769157116783756
          ],
          [
            121.06262776423816,
            24.76914032050584
          ],
          [
            121.06263487547417,
            24.76912344296967
          ],
          [
            121.06264188781905,
            24.769106556445806
          ],
          [
            121.06264899909203,
            24.769089760166807
          ],
          [
            121.06265611031779,
            24.769072873600866
          ],
          [
            121.06266322154161,
            24.769055987034537
          ],
          [
            121.06267033280884,
            24.76903919075442
          ],
          [
            121.06267744402885,
            24.76902230418735
          ],
          [
            121.0626844563623,
            24.769005417661305
          ],
          [
            121.06269156762383,
            24.768988621380075
          ],
          [
            121.06269867883809,
            24.76897173481189
          ],
          [
            121.06270579005043,
            24.768954848243354
          ],
          [
            121.06271290130621,
            24.768938051960994
          ],
          [
            121.06272001251472,
            24.768921165391706
          ],
          [
            121.06272702483678,
            24.768904278863467
          ],
          [
            121.06273413608682,
            24.76888748258
          ],
          [
            121.06274124728961,
            24.768870596009602
          ],
          [
            121.06274835849045,
            24.76885370943882
          ],
          [
            121.06275546973478,
            24.768836913154257
          ],
          [
            121.0627625809318,
            24.76882002658274
          ],
          [
            121.06276959328783,
            24.768803230338857
          ],
          [
            121.06277670448104,
            24.768786343766614
          ],
          [
            121.06278381567232,
            24.768769457193965
          ],
          [
            121.06279092690708,
            24.768752660907552
          ],
          [
            121.06279803809454,
            24.768735774334196
          ],
          [
            121.06280505039568,
            24.7687188878019
          ],
          [
            121.06281058138205,
            24.76870588421379
          ],
          [
            121.0628122605091,
            24.768702091472903
          ],
          [
            121.0628194706206,
            24.768685295143516
          ],
          [
            121.06282677961454,
            24.76866849877226
          ],
          [
            121.0628340886065,
            24.76865170240063
          ],
          [
            121.06284129871214,
            24.768634906070098
          ],
          [
            121.0628486077002,
            24.768618109697673
          ],
          [
            121.06285591668629,
            24.768601313324872
          ],
          [
            121.06286312678611,
            24.768584516993183
          ],
          [
            121.06287043576828,
            24.768567720619597
          ],
          [
            121.0628777447485,
            24.768550924245634
          ],
          [
            121.06288495484249,
            24.768534127912794
          ],
          [
            121.06289226381881,
            24.76851733153804
          ],
          [
            121.06289947390893,
            24.768500535204428
          ],
          [
            121.06290678288131,
            24.768483738828916
          ],
          [
            121.06291409185174,
            24.768466942452996
          ],
          [
            121.06292130198153,
            24.768450236404806
          ],
          [
            121.06292861094805,
            24.768433440028122
          ],
          [
            121.06293591991262,
            24.76841664365105
          ],
          [
            121.06294312999108,
            24.768399847315123
          ],
          [
            121.06295043895172,
            24.768383050937278
          ],
          [
            121.06295774791043,
            24.76836625455904
          ],
          [
            121.06296495798304,
            24.768349458221966
          ],
          [
            121.06297226693782,
            24.768332661842948
          ],
          [
            121.06297957589065,
            24.76831586546354
          ],
          [
            121.06298678595743,
            24.76829906912531
          ],
          [
            121.06299409490633,
            24.76828227274513
          ],
          [
            121.06300130496925,
            24.768265476406153
          ],
          [
            121.06300861391426,
            24.768248680025174
          ],
          [
            121.06301592285729,
            24.76823188364383
          ],
          [
            121.06302313291438,
            24.768215087303698
          ],
          [
            121.0630304418535,
            24.768198290921557
          ],
          [
            121.06303775079067,
            24.768181494539036
          ],
          [
            121.0630449608419,
            24.768164698197754
          ],
          [
            121.06305226977517,
            24.768147901814444
          ],
          [
            121.06305957870646,
            24.768131105430765
          ],
          [
            121.06306678879747,
            24.768114399374905
          ],
          [
            121.06307409772488,
            24.768097602990448
          ],
          [
            121.0630813077664,
            24.768080806647234
          ],
          [
            121.06308861668988,
            24.768064010261998
          ],
          [
            121.0630959256114,
            24.768047213876375
          ],
          [
            121.0631031356471,
            24.768030417532003
          ],
          [
            121.06311044456471,
            24.768013621145602
          ],
          [
            121.06311646945097,
            24.767999714470985
          ],
          [
            121.06311775348036,
            24.767996824758818
          ],
          [
            121.0631251613235,
            24.76798011861653
          ],
          [
            121.063132569119,
            24.767963322187263
          ],
          [
            121.06313997695818,
            24.767946616044192
          ],
          [
            121.06314738474971,
            24.76792981961414
          ],
          [
            121.06315479258494,
            24.76791311347025
          ],
          [
            121.06316220041819,
            24.76789640732597
          ],
          [
            121.06316960820376,
            24.76787961089472
          ],
          [
            121.06317701603304,
            24.767862904749638
          ],
          [
            121.06318442381466,
            24.76784610831757
          ],
          [
            121.06319183164455,
            24.767829411200353
          ],
          [
            121.06319923946789,
            24.76781270505408
          ],
          [
            121.06320664724355,
            24.76779590862083
          ],
          [
            121.06321405506291,
            24.76777920247374
          ],
          [
            121.06322146283462,
            24.76776240603969
          ],
          [
            121.06322887065004,
            24.76774569989181
          ],
          [
            121.06323627846346,
            24.767728993743546
          ],
          [
            121.0632436862292,
            24.767712197308274
          ],
          [
            121.06325109403868,
            24.7676954911592
          ],
          [
            121.06325850180045,
            24.767678694723145
          ],
          [
            121.06326590960597,
            24.767661988573277
          ],
          [
            121.06327331740953,
            24.767645282422986
          ],
          [
            121.06328072516531,
            24.767628485985732
          ],
          [
            121.06328813296491,
            24.76761177983466
          ],
          [
            121.06329554071674,
            24.767594983396613
          ],
          [
            121.06330294851237,
            24.767578277244723
          ],
          [
            121.06331035626025,
            24.767561480805867
          ],
          [
            121.06331776405189,
            24.767544774653203
          ],
          [
            121.06332516195323,
            24.767528068504312
          ],
          [
            121.06333256969515,
            24.76751127206424
          ],
          [
            121.06333997748088,
            24.767494565910376
          ],
          [
            121.06334738521882,
            24.767477769469522
          ],
          [
            121.06335479300058,
            24.767461063314858
          ],
          [
            121.06336220078036,
            24.767444357159768
          ],
          [
            121.06336960851236,
            24.76742756071772
          ],
          [
            121.06337701628817,
            24.76741085456185
          ],
          [
            121.0633844240162,
            24.767394058119
          ],
          [
            121.06339183178808,
            24.767377351962317
          ],
          [
            121.06339923955797,
            24.767360645805255
          ],
          [
            121.06340664728,
            24.767343849361204
          ],
          [
            121.06341405504595,
            24.767327143203335
          ],
          [
            121.06342146276403,
            24.76731034675847
          ],
          [
            121.063428870526,
            24.7672936405998
          ],
          [
            121.06343627828599,
            24.767276934440734
          ],
          [
            121.06344368599814,
            24.76726013799469
          ],
          [
            121.06345109375415,
            24.767243431834814
          ],
          [
            121.06345850146232,
            24.767226635387956
          ],
          [
            121.06345919286485,
            24.767225100222735
          ],
          [
            121.0634660080976,
            24.76720992918539
          ],
          [
            121.06347351477673,
            24.767193313269008
          ],
          [
            121.0634811202912,
            24.76717660702372
          ],
          [
            121.06348862692043,
            24.76715990081991
          ],
          [
            121.06349613354769,
            24.767143194615713
          ],
          [
            121.06350364017293,
            24.767126488411098
          ],
          [
            121.06351114679615,
            24.767109782206074
          ],
          [
            121.06351875230051,
            24.767093075958705
          ],
          [
            121.06352625891972,
            24.767076369752843
          ],
          [
            121.06353376553692,
            24.767059663546586
          ],
          [
            121.06354127215214,
            24.767042957339918
          ],
          [
            121.06354887769436,
            24.76702634137748
          ],
          [
            121.06355638430553,
            24.76700963516999
          ],
          [
            121.06356389091471,
            24.766992928962097
          ],
          [
            121.06357139752191,
            24.76697622275377
          ],
          [
            121.06357900301008,
            24.76695951650308
          ],
          [
            121.06358650961323,
            24.76694281029395
          ],
          [
            121.06359401621441,
            24.76692610408441
          ],
          [
            121.06360152281357,
            24.766909397874453
          ],
          [
            121.06360912829365,
            24.76689269162209
          ],
          [
            121.06361663488879,
            24.766875985411318
          ],
          [
            121.06362414152792,
            24.766859369486724
          ],
          [
            121.06363164811904,
            24.766842663275128
          ],
          [
            121.06363915470817,
            24.76682595706313
          ],
          [
            121.06364676017819,
            24.76680925080868
          ],
          [
            121.0636542667633,
            24.76679254459586
          ],
          [
            121.06366177334637,
            24.766775838382618
          ],
          [
            121.06366927992747,
            24.766759132168975
          ],
          [
            121.06367688538941,
            24.766742425912884
          ],
          [
            121.06368439196649,
            24.766725719698396
          ],
          [
            121.06369189854155,
            24.766709013483517
          ],
          [
            121.06369940511462,
            24.766692307268237
          ],
          [
            121.06370701061451,
            24.766675691297067
          ],
          [
            121.06371451718357,
            24.76665898508096
          ],
          [
            121.06372202375061,
            24.766642278864435
          ],
          [
            121.06372953031567,
            24.76662557264749
          ],
          [
            121.0637370368787,
            24.766608866430158
          ],
          [
            121.06374148162418,
            24.76659911358458
          ],
          [
            121.06374454343975,
            24.766592160212404
          ],
          [
            121.06375204999875,
            24.766575453994246
          ],
          [
            121.06375945762701,
            24.766558657531164
          ],
          [
            121.06376686529937,
            24.766541951354288
          ],
          [
            121.06377427296974,
            24.766525245177007
          ],
          [
            121.06378168059666,
            24.7665084577414
          ],
          [
            121.06378918714572,
            24.766491751521194
          ],
          [
            121.06379659481016,
            24.766475045342712
          ],
          [
            121.0638040024265,
            24.76645824887724
          ],
          [
            121.06381141008234,
            24.766441533669305
          ],
          [
            121.06381881774546,
            24.766424836518286
          ],
          [
            121.06382632423838,
            24.76640804000946
          ],
          [
            121.0638337318929,
            24.766391333828974
          ],
          [
            121.06384113954543,
            24.766374627648087
          ],
          [
            121.06384854714986,
            24.766357831180198
          ],
          [
            121.06385605368095,
            24.766341124956362
          ],
          [
            121.06386346132753,
            24.766324418774275
          ],
          [
            121.06387086896753,
            24.766307703563125
          ],
          [
            121.06387827656862,
            24.7662909161223
          ],
          [
            121.06388568420927,
            24.766274209939
          ],
          [
            121.06389319072578,
            24.766257494684474
          ],
          [
            121.06390059831625,
            24.766240698213792
          ],
          [
            121.06390800595558,
            24.76622400105796
          ],
          [
            121.0639154135883,
            24.76620729487306
          ],
          [
            121.06392292005522,
            24.766190498358974
          ],
          [
            121.06393033756761,
            24.766173783140395
          ],
          [
            121.06393773531076,
            24.76615708598718
          ],
          [
            121.06394514288932,
            24.76614028951408
          ],
          [
            121.06395255051214,
            24.76612358332719
          ],
          [
            121.06396006689893,
            24.76610686806479
          ],
          [
            121.06396746458793,
            24.76609008062338
          ],
          [
            121.0639748722048,
            24.766073374435265
          ],
          [
            121.06398228970792,
            24.76605666824255
          ],
          [
            121.06398978626858,
            24.76603987172903
          ],
          [
            121.06399720376774,
            24.766023165535508
          ],
          [
            121.06400461137669,
            24.766006459345803
          ],
          [
            121.06401201898362,
            24.76598975315569
          ],
          [
            121.06401942653771,
            24.76597294764993
          ],
          [
            121.0640254415726,
            24.765959501401266
          ],
          [
            121.06402683414534,
            24.76595625048769
          ],
          [
            121.0640339450072,
            24.76593936384999
          ],
          [
            121.06404105586711,
            24.76592247721193
          ],
          [
            121.06404806788925,
            24.76590568090238
          ],
          [
            121.06405517874538,
            24.76588879426357
          ],
          [
            121.06406227971137,
            24.765871907628625
          ],
          [
            121.06406939060996,
            24.765855111275677
          ],
          [
            121.06407650146033,
            24.76583822463576
          ],
          [
            121.06408362219699,
            24.765821337991245
          ],
          [
            121.06409073308983,
            24.765804541637173
          ],
          [
            121.06409774505238,
            24.765787655038466
          ],
          [
            121.0641048558951,
            24.765770768397047
          ],
          [
            121.06411196678224,
            24.765753972041885
          ],
          [
            121.06411907762111,
            24.76573708539975
          ],
          [
            121.06412618845808,
            24.765720198757226
          ],
          [
            121.06413329933486,
            24.765703393372284
          ],
          [
            121.06414031128598,
            24.765686506771353
          ],
          [
            121.06414742216359,
            24.76566971041434
          ],
          [
            121.06415453299289,
            24.765652823770345
          ],
          [
            121.06416164382492,
            24.765635946154628
          ],
          [
            121.06416875469213,
            24.765619140767836
          ],
          [
            121.0641758655157,
            24.76560225412273
          ],
          [
            121.06418287745542,
            24.765585367519606
          ],
          [
            121.06418998832157,
            24.76556857116036
          ],
          [
            121.06419709913939,
            24.76555168451413
          ],
          [
            121.06420420995529,
            24.765534797867545
          ],
          [
            121.06421132081572,
            24.765518001507186
          ],
          [
            121.06421843162776,
            24.76550111485984
          ],
          [
            121.0642254435561,
            24.765484228254532
          ],
          [
            121.0642325544108,
            24.76546743189305
          ],
          [
            121.06423966521713,
            24.76545054524461
          ],
          [
            121.06424677602155,
            24.76543365859578
          ],
          [
            121.0642538868705,
            24.765416862233202
          ],
          [
            121.06426099767107,
            24.765399975583644
          ],
          [
            121.064268009588,
            24.76538308897613
          ],
          [
            121.06427512043123,
            24.765366292612434
          ],
          [
            121.06428223122609,
            24.76534940596177
          ],
          [
            121.06428934201902,
            24.765332519310714
          ],
          [
            121.06429645285652,
            24.765315722945907
          ],
          [
            121.06429961316614,
            24.765308137512623
          ],
          [
            121.0643036625738,
            24.765298926538264
          ],
          [
            121.06431107005248,
            24.765282130045357
          ],
          [
            121.06431847757568,
            24.765265423838663
          ],
          [
            121.06432588509689,
            24.76524871763156
          ],
          [
            121.06433329256964,
            24.76523192113744
          ],
          [
            121.06434070008689,
            24.76521521492954
          ],
          [
            121.06434810755566,
            24.765198418434636
          ],
          [
            121.06435551506897,
            24.765181712225935
          ],
          [
            121.06436292258029,
            24.765165006016822
          ],
          [
            121.06437033004309,
            24.765148209520717
          ],
          [
            121.06437773755046,
            24.765131503310823
          ],
          [
            121.06438514500928,
            24.765114706813918
          ],
          [
            121.06439255251269,
            24.7650980006032
          ],
          [
            121.06439996001414,
            24.765081294392107
          ],
          [
            121.06440736746701,
            24.765064497894002
          ],
          [
            121.06441477496449,
            24.765047791682104
          ],
          [
            121.0644221824134,
            24.76503099518318
          ],
          [
            121.0644295899069,
            24.76501428897049
          ],
          [
            121.06443699739845,
            24.764997582757402
          ],
          [
            121.0644444048414,
            24.764980786257293
          ],
          [
            121.06445181232898,
            24.764964080043384
          ],
          [
            121.06445921977262,
            24.764947292571147
          ],
          [
            121.06446662725622,
            24.764930586356456
          ],
          [
            121.06446854332748,
            24.764926269830802
          ],
          [
            121.06447403473787,
            24.76491388014136
          ],
          [
            121.06447854834029,
            24.764903657751756
          ],
          [
            121.0644814421709,
            24.76489708363924
          ],
          [
            121.06448632123224,
            24.76488608462705
          ],
          [
            121.06448884964858,
            24.76488037742335
          ],
          [
            121.06449625707766,
            24.764863580920444
          ],
          [
            121.06450366455138,
            24.764846874703757
          ],
          [
            121.06451107197647,
            24.764830078200042
          ],
          [
            121.06451847944624,
            24.76481337198255
          ],
          [
            121.06452094863347,
            24.76480786343438
          ],
          [
            121.06452588691398,
            24.764796665764663
          ],
          [
            121.06453319545187,
            24.764779869302362
          ],
          [
            121.06454060286904,
            24.76476307279705
          ],
          [
            121.06454791144964,
            24.764746366620567
          ],
          [
            121.06455531886284,
            24.764729570114476
          ],
          [
            121.06456262739286,
            24.76471277365059
          ],
          [
            121.06456993596758,
            24.76469606747294
          ],
          [
            121.06457734337488,
            24.764679270965658
          ],
          [
            121.064584651899,
            24.764662474500614
          ],
          [
            121.06459205934898,
            24.764645768279134
          ],
          [
            121.06459936786918,
            24.764628971813305
          ],
          [
            121.06460667638741,
            24.764612175347075
          ],
          [
            121.06461408383151,
            24.764595469124426
          ],
          [
            121.0646213923458,
            24.7645786726574
          ],
          [
            121.06462879973924,
            24.764561876147344
          ],
          [
            121.06463610829633,
            24.76454516996617
          ],
          [
            121.06464341680471,
            24.764528373497964
          ],
          [
            121.06465082423895,
            24.764511667273325
          ],
          [
            121.06465813274342,
            24.76449487080436
          ],
          [
            121.06466554012697,
            24.764478074292317
          ],
          [
            121.06467284867425,
            24.76446136810916
          ],
          [
            121.06468015717284,
            24.764444571639014
          ],
          [
            121.06468756455045,
            24.764427775125785
          ],
          [
            121.06469487309187,
            24.76441106894147
          ],
          [
            121.06470228046553,
            24.76439427242742
          ],
          [
            121.06470425569934,
            24.764389666955683
          ],
          [
            121.06470949007527,
            24.764377475998426
          ],
          [
            121.06471679856405,
            24.764360679526327
          ],
          [
            121.0647240081699,
            24.76434388309654
          ],
          [
            121.06473121777385,
            24.76432708666639
          ],
          [
            121.06473390413854,
            24.764320918928064
          ],
          [
            121.06473852625678,
            24.76431029019313
          ],
          [
            121.06474203229314,
            24.764302117736996
          ],
          [
            121.0647422001941,
            24.76430173846055
          ],
          [
            121.06474573585683,
            24.7642934937622
          ],
          [
            121.06475294545496,
            24.764276697330907
          ],
          [
            121.064760253932,
            24.764259900856487
          ],
          [
            121.06476704872765,
            24.764244070670806
          ],
          [
            121.06476746352625,
            24.764243104424413
          ],
          [
            121.06477467311855,
            24.76422630799197
          ],
          [
            121.06478198154292,
            24.764209421229765
          ],
          [
            121.06478919113131,
            24.764192624796543
          ],
          [
            121.06479157127826,
            24.764187071138675
          ],
          [
            121.06479173917892,
            24.764186691862164
          ],
          [
            121.06479640071781,
            24.76417582836295
          ],
          [
            121.06480370918315,
            24.764159031886205
          ],
          [
            121.0648037881894,
            24.76415884225007
          ],
          [
            121.06481091876574,
            24.764142235451843
          ],
          [
            121.06481822722716,
            24.76412543897432
          ],
          [
            121.06482543680588,
            24.764108642539203
          ],
          [
            121.06483264638267,
            24.764091846103682
          ],
          [
            121.06483995483823,
            24.764075049625006
          ],
          [
            121.06484716441115,
            24.764058253188733
          ],
          [
            121.06485210249228,
            24.764046784647384
          ],
          [
            121.06485437398212,
            24.76404145675207
          ],
          [
            121.06486148462358,
            24.764024570071236
          ],
          [
            121.06486849638246,
            24.764007683432826
          ],
          [
            121.06487560706702,
            24.76399088703787
          ],
          [
            121.06488271770274,
            24.763974000355926
          ],
          [
            121.06488972945594,
            24.763957113716426
          ],
          [
            121.06489684008784,
            24.76394022703374
          ],
          [
            121.06490395076476,
            24.763923430637306
          ],
          [
            121.06491106139285,
            24.763906543953865
          ],
          [
            121.06491807313844,
            24.763889657312912
          ],
          [
            121.06492518380963,
            24.763872860915356
          ],
          [
            121.06493229443197,
            24.763855974230818
          ],
          [
            121.0649394050524,
            24.763839087545893
          ],
          [
            121.06494641683733,
            24.763822291190102
          ],
          [
            121.06495352745395,
            24.76380540450446
          ],
          [
            121.06496063806865,
            24.76378851781842
          ],
          [
            121.06496774872836,
            24.763771721418653
          ],
          [
            121.06497476045877,
            24.763754834774765
          ],
          [
            121.06498187106773,
            24.763737948087634
          ],
          [
            121.06498898167477,
            24.76372106140013
          ],
          [
            121.06499303074546,
            24.763711398972283
          ],
          [
            121.06499648794254,
            24.763704445400517
          ],
          [
            121.06500458753776,
            24.763687919429692
          ],
          [
            121.06501278605823,
            24.763671483702097
          ],
          [
            121.06502088569617,
            24.76365504801694
          ],
          [
            121.06502898533198,
            24.763638612331324
          ],
          [
            121.065037183799,
            24.763622086315674
          ],
          [
            121.06504528343052,
            24.763605650629106
          ],
          [
            121.06505348194027,
            24.763589214899124
          ],
          [
            121.06506158156755,
            24.763572779211636
          ],
          [
            121.06506968114564,
            24.763556253237027
          ],
          [
            121.06507787964894,
            24.763539817505627
          ],
          [
            121.06508597926981,
            24.76352338181669
          ],
          [
            121.0650941777688,
            24.763506946084334
          ],
          [
            121.06510227733834,
            24.76349042010783
          ],
          [
            121.0651103769528,
            24.763473984417487
          ],
          [
            121.06511857544538,
            24.763457548683693
          ],
          [
            121.06512667505557,
            24.763441112992425
          ],
          [
            121.06513447835262,
            24.763425309436066
          ],
          [
            121.06513487354384,
            24.76342467725768
          ],
          [
            121.06514425887477,
            24.76340878272625
          ],
          [
            121.0651536442033,
            24.7633928881942
          ],
          [
            121.06516302953416,
            24.763377002690188
          ],
          [
            121.06517241485791,
            24.76336110815691
          ],
          [
            121.06518180017929,
            24.763345213623012
          ],
          [
            121.06519118549829,
            24.763329319088506
          ],
          [
            121.0652005708149,
            24.763313424553374
          ],
          [
            121.06520995612912,
            24.76329753001762
          ],
          [
            121.06521924256086,
            24.763281635524308
          ],
          [
            121.06522862782319,
            24.76326565070069
          ],
          [
            121.06523801313024,
            24.763249756163095
          ],
          [
            121.06524739843493,
            24.76323386162489
          ],
          [
            121.06525678373724,
            24.763217967086064
          ],
          [
            121.06525747533144,
            24.763216883344978
          ],
          [
            121.06526765266214,
            24.763202884480112
          ],
          [
            121.06527862051165,
            24.76318789211689
          ],
          [
            121.0652895883585,
            24.763172899752846
          ],
          [
            121.06530065508271,
            24.763157907344866
          ],
          [
            121.06531162287706,
            24.763142824692526
          ],
          [
            121.06532259071601,
            24.763127832325985
          ],
          [
            121.06533355855231,
            24.763112839958627
          ],
          [
            121.06534452633879,
            24.763097757303797
          ],
          [
            121.06535549416981,
            24.763082764934776
          ],
          [
            121.06536646199824,
            24.763067772564924
          ],
          [
            121.06537742977675,
            24.763052689907617
          ],
          [
            121.06538839759988,
            24.763037697536117
          ],
          [
            121.06539936542039,
            24.763022705163802
          ],
          [
            121.06541043211814,
            24.76300771274747
          ],
          [
            121.06542139988609,
            24.76299263008684
          ],
          [
            121.06543236769869,
            24.76297763771202
          ],
          [
            121.06544333550868,
            24.762962645336373
          ],
          [
            121.06545430326871,
            24.762947562673258
          ],
          [
            121.06546527107339,
            24.762932570295956
          ],
          [
            121.06547623887546,
            24.762917577917825
          ],
          [
            121.06547702934586,
            24.76291649413245
          ],
          [
            121.06548839361106,
            24.762903307313245
          ],
          [
            121.06550054834388,
            24.76288903670767
          ],
          [
            121.06551270312127,
            24.762874856387697
          ],
          [
            121.06552495672831,
            24.762860585736853
          ],
          [
            121.06553711150016,
            24.762846405414876
          ],
          [
            121.06554926622191,
            24.762832134805247
          ],
          [
            121.06556151986796,
            24.76281795443798
          ],
          [
            121.06557367463152,
            24.76280377411299
          ],
          [
            121.06558582934493,
            24.762789503500333
          ],
          [
            121.06559808298266,
            24.76277532313001
          ],
          [
            121.0656102376905,
            24.762761052515334
          ],
          [
            121.06562239244302,
            24.762746872186284
          ],
          [
            121.06563464602495,
            24.762732601526274
          ],
          [
            121.06564680077193,
            24.7627184211952
          ],
          [
            121.06565905439577,
            24.762704240819787
          ],
          [
            121.06567120908973,
            24.76268997020006
          ],
          [
            121.06568335394044,
            24.7626757898703
          ],
          [
            121.06569560750849,
            24.762661519205192
          ],
          [
            121.0657077622416,
            24.76264733886907
          ],
          [
            121.06571586537967,
            24.762637855215548
          ],
          [
            121.06572060941404,
            24.762633699948132
          ],
          [
            121.06573484142022,
            24.762621053571657
          ],
          [
            121.06574907347105,
            24.762608497480457
          ],
          [
            121.06576320663949,
            24.762595941431318
          ],
          [
            121.06577743868462,
            24.76258338533739
          ],
          [
            121.06579167072687,
            24.76257082924209
          ],
          [
            121.06580590276626,
            24.76255827314543
          ],
          [
            121.06582003592331,
            24.762545717090862
          ],
          [
            121.06583426795696,
            24.762533160991477
          ],
          [
            121.0658484999878,
            24.762520604890724
          ],
          [
            121.06586273201576,
            24.76250804878862
          ],
          [
            121.06587686516139,
            24.76249549272862
          ],
          [
            121.06589109718364,
            24.76248293662377
          ],
          [
            121.06590532920302,
            24.76247038051758
          ],
          [
            121.06591956121953,
            24.762457824409996
          ],
          [
            121.06593369435379,
            24.762445268344567
          ],
          [
            121.0659479263646,
            24.762432712234286
          ],
          [
            121.06596215837256,
            24.762420156122605
          ],
          [
            121.06597639037764,
            24.762407600009574
          ],
          [
            121.06599052350047,
            24.762395043938742
          ],
          [
            121.06600475549985,
            24.76238248782298
          ],
          [
            121.06601898749636,
            24.76236993170585
          ],
          [
            121.06603321949,
            24.762357375587364
          ],
          [
            121.06604735255371,
            24.762344729224456
          ],
          [
            121.06606158454163,
            24.762332173103236
          ],
          [
            121.0660758165267,
            24.762319616980648
          ],
          [
            121.06608075820012,
            24.762315281041193
          ],
          [
            121.0660911368502,
            24.762308324389828
          ],
          [
            121.06610705073346,
            24.7622975732555
          ],
          [
            121.06612296461398,
            24.762286822119464
          ],
          [
            121.06613887849177,
            24.762276070981727
          ],
          [
            121.06615479241462,
            24.76226541012892
          ],
          [
            121.06617070628694,
            24.762254658987782
          ],
          [
            121.06618662015651,
            24.762243907844947
          ],
          [
            121.06620253402335,
            24.76223315670041
          ],
          [
            121.06621834905604,
            24.7622224958845
          ],
          [
            121.06623426291742,
            24.762211744736582
          ],
          [
            121.06625018666396,
            24.76220099358258
          ],
          [
            121.06626609063194,
            24.762190242435633
          ],
          [
            121.06628201442089,
            24.762179581564855
          ],
          [
            121.0662979183834,
            24.762168830414506
          ],
          [
            121.06631384211897,
            24.762158079253698
          ],
          [
            121.06631789472789,
            24.762155368859833
          ],
          [
            121.06633043875772,
            24.76214832094656
          ],
          [
            121.06634735199907,
            24.762138923644006
          ],
          [
            121.0663641564276,
            24.762129445129762
          ],
          [
            121.06638105977592,
            24.762120047827768
          ],
          [
            121.0663979631217,
            24.762110650523873
          ],
          [
            121.06641476753778,
            24.762101162975245
          ],
          [
            121.06643166099055,
            24.762091765671922
          ],
          [
            121.06644857421661,
            24.762082368357902
          ],
          [
            121.06646537862503,
            24.762072880803597
          ],
          [
            121.06648228195806,
            24.76206348349014
          ],
          [
            121.06649908640944,
            24.762054086218683
          ],
          [
            121.06651598968932,
            24.76204459861477
          ],
          [
            121.06653288312681,
            24.76203520129999
          ],
          [
            121.06654968757057,
            24.762025804022826
          ],
          [
            121.06655304844939,
            24.762023906509842
          ],
          [
            121.06656709555914,
            24.762017128768928
          ],
          [
            121.06658459268085,
            24.762008724333345
          ],
          [
            121.06660208980021,
            24.762000319895744
          ],
          [
            121.0666195770293,
            24.76199191546049
          ],
          [
            121.06663708403184,
            24.761983511014392
          ],
          [
            121.0666545811441,
            24.761975106570638
          ],
          [
            121.06667206836612,
            24.761966702129243
          ],
          [
            121.0666895753616,
            24.76195829767699
          ],
          [
            121.06670707246678,
            24.761949893227094
          ],
          [
            121.06672456956963,
            24.761941488775147
          ],
          [
            121.06674205678223,
            24.761933084325563
          ],
          [
            121.06675955383211,
            24.761924589582883
          ],
          [
            121.06677705092785,
            24.761916185124804
          ],
          [
            121.06679455790916,
            24.76190778066024
          ],
          [
            121.06681205500018,
            24.761899376198063
          ],
          [
            121.06682955208888,
            24.761890971733838
          ],
          [
            121.0668470491752,
            24.761882567267563
          ],
          [
            121.06686344899258,
            24.761874705008957
          ],
          [
            121.06686454625917,
            24.761874162799234
          ],
          [
            121.06688224124373,
            24.761866029100503
          ],
          [
            121.06689982741077,
            24.761857805161608
          ],
          [
            121.0669174234634,
            24.76184958121622
          ],
          [
            121.06693511844102,
            24.76184144751124
          ],
          [
            121.0669527243769,
            24.761833223557282
          ],
          [
            121.06697032047096,
            24.76182508989233
          ],
          [
            121.06698800550537,
            24.76181686589886
          ],
          [
            121.06700561148273,
            24.761808732225322
          ],
          [
            121.06702320752143,
            24.76180050826749
          ],
          [
            121.06704089254886,
            24.76179228426777
          ],
          [
            121.06705848863142,
            24.76178415059243
          ],
          [
            121.06707609455107,
            24.761775926623937
          ],
          [
            121.06709377962,
            24.761767792904617
          ],
          [
            121.06711137564712,
            24.761759568936412
          ],
          [
            121.06712898155983,
            24.76175134496171
          ],
          [
            121.06714657763082,
            24.761743211276
          ],
          [
            121.067164262642,
            24.76173498726168
          ],
          [
            121.06718186859631,
            24.76172685356739
          ],
          [
            121.06719946461183,
            24.761718629588813
          ],
          [
            121.0672171496646,
            24.76171049585488
          ],
          [
            121.0672347456755,
            24.761702271872167
          ],
          [
            121.06725234168408,
            24.76169404788738
          ],
          [
            121.06727004650568,
            24.761685914138308
          ],
          [
            121.06728764250964,
            24.761677690149366
          ],
          [
            121.06729663824404,
            24.761673532921943
          ],
          [
            121.0673052286234,
            24.761669466162783
          ],
          [
            121.0673228344619,
            24.7616611518786
          ],
          [
            121.06734043045888,
            24.761652927883436
          ],
          [
            121.06735792752606,
            24.761644613644012
          ],
          [
            121.0673755235184,
            24.76163638964472
          ],
          [
            121.06739310957181,
            24.761628075361152
          ],
          [
            121.06741071539864,
            24.761619761066623
          ],
          [
            121.0674282125052,
            24.76161153710562
          ],
          [
            121.0674457985516,
            24.76160322281586
          ],
          [
            121.06746340437142,
            24.761594908515132
          ],
          [
            121.06748099046189,
            24.761586684507872
          ],
          [
            121.06749849739828,
            24.761578370247545
          ],
          [
            121.06751609332318,
            24.761570055945057
          ],
          [
            121.06753368929456,
            24.761561831927157
          ],
          [
            121.06755127532692,
            24.761553517624982
          ],
          [
            121.06756878225397,
            24.761545203356427
          ],
          [
            121.06758637821835,
            24.761536979332316
          ],
          [
            121.06760397413157,
            24.761528665019494
          ],
          [
            121.06762156015456,
            24.76152035070906
          ],
          [
            121.06762534625513,
            24.761518588410002
          ],
          [
            121.06763651672095,
            24.761513364797747
          ],
          [
            121.06763916599985,
            24.761512126674276
          ],
          [
            121.06764785520134,
            24.76150799665012
          ],
          [
            121.06765666302735,
            24.761503812399887
          ],
          [
            121.06767425893119,
            24.761495498078794
          ],
          [
            121.0676918548816,
            24.761487274042263
          ],
          [
            121.06770945078078,
            24.761478959717028
          ],
          [
            121.06772693796002,
            24.76147073572553
          ],
          [
            121.06772843063598,
            24.761470012757357
          ],
          [
            121.06774484067212,
            24.761462962977443
          ],
          [
            121.0677627236552,
            24.76145528052282
          ],
          [
            121.06778062641185,
            24.761447598057078
          ],
          [
            121.0677985192784,
            24.761439915593694
          ],
          [
            121.06781641214276,
            24.761432233128165
          ],
          [
            121.06783430495584,
            24.761424460373853
          ],
          [
            121.06785219781578,
            24.76141677790403
          ],
          [
            121.0678700906735,
            24.761409095432086
          ],
          [
            121.06788797364116,
            24.761401412962478
          ],
          [
            121.06790586649447,
            24.76139373048625
          ],
          [
            121.06792375934558,
            24.761386048007882
          ],
          [
            121.06794165219449,
            24.761378365527356
          ],
          [
            121.06795955492903,
            24.761370683040234
          ],
          [
            121.06797744776861,
            24.761362991526784
          ],
          [
            121.0679953406109,
            24.761355309039846
          ],
          [
            121.0680132334559,
            24.761347635579448
          ],
          [
            121.06803111635675,
            24.761339862806064
          ],
          [
            121.06804900919238,
            24.761332180312714
          ],
          [
            121.06806691191372,
            24.761324497812737
          ],
          [
            121.06808479485709,
            24.7613168153196
          ],
          [
            121.06810269756907,
            24.761309123786674
          ],
          [
            121.0681205903959,
            24.761301441284747
          ],
          [
            121.06813550767185,
            24.76129503317609
          ],
          [
            121.06813847328343,
            24.76129366849855
          ],
          [
            121.06815626713373,
            24.761285814492716
          ],
          [
            121.06817397193201,
            24.76127785218126
          ],
          [
            121.06819176572856,
            24.761269907884547
          ],
          [
            121.06820955956225,
            24.761262035815037
          ],
          [
            121.06822724458793,
            24.76125409156361
          ],
          [
            121.06824504826058,
            24.761246138227403
          ],
          [
            121.06826283215032,
            24.761238175869394
          ],
          [
            121.06828063587274,
            24.76123032184426
          ],
          [
            121.0682983208795,
            24.761222359527103
          ],
          [
            121.06831612454803,
            24.76121441521109
          ],
          [
            121.06833390843367,
            24.761206461873297
          ],
          [
            121.06835171214212,
            24.76119859881104
          ],
          [
            121.06836940703265,
            24.761190645509632
          ],
          [
            121.06838720079438,
            24.761182683132336
          ],
          [
            121.06840499456375,
            24.76117473881025
          ],
          [
            121.06842267960415,
            24.761166866765045
          ],
          [
            121.068440473369,
            24.76115892243874
          ],
          [
            121.0684582671266,
            24.76115096908166
          ],
          [
            121.06847607076979,
            24.76114301571793
          ],
          [
            121.068493765694,
            24.76113515268847
          ],
          [
            121.06851155944483,
            24.76112719932504
          ],
          [
            121.06852935319341,
            24.76111924595949
          ],
          [
            121.06854714698923,
            24.76111138287849
          ],
          [
            121.06856483196707,
            24.76110342955848
          ],
          [
            121.0685826355967,
            24.76109547618208
          ],
          [
            121.06860042933619,
            24.76108752280808
          ],
          [
            121.06861812424468,
            24.76107965976391
          ],
          [
            121.0686195081942,
            24.761079027123305
          ],
          [
            121.068635621047,
            24.761071164801677
          ],
          [
            121.06865311784695,
            24.76106266983739
          ],
          [
            121.06867050587834,
            24.76105417492091
          ],
          [
            121.06868801256137,
            24.76104567994803
          ],
          [
            121.06893587055953,
            24.760937592269826
          ],
          [
            121.06910175720402,
            24.760845703326904
          ],
          [
            121.0692496784735,
            24.760755655324328
          ],
          [
            121.06948870053749,
            24.760602915021945
          ],
          [
            121.06974728242767,
            24.7604012930512
          ],
          [
            121.0699185787705,
            24.760243021912242
          ],
          [
            121.07007267244255,
            24.760089137525963
          ],
          [
            121.07022152304975,
            24.75991378526228
          ],
          [
            121.07034685370225,
            24.759744420871442
          ],
          [
            121.0704592596727,
            24.75957311225889
          ],
          [
            121.07069152194693,
            24.75918837251277
          ],
          [
            121.07070090625297,
            24.759172477626468
          ],
          [
            121.07071029055663,
            24.759156582739546
          ],
          [
            121.07071967485793,
            24.75914068785201
          ],
          [
            121.07072905910569,
            24.759124702677187
          ],
          [
            121.07073844340219,
            24.75910880778842
          ],
          [
            121.07074772881955,
            24.75909291294571
          ],
          [
            121.07075711311128,
            24.759077018055713
          ],
          [
            121.07076649740064,
            24.759061123165104
          ],
          [
            121.07077588168764,
            24.75904522827388
          ],
          [
            121.0707852659722,
            24.75902933338203
          ],
          [
            121.07079465025441,
            24.75901343848958
          ],
          [
            121.07080403453426,
            24.758997543596497
          ],
          [
            121.07081341881168,
            24.758981648702807
          ],
          [
            121.07082280308674,
            24.758965753808496
          ],
          [
            121.07083208848276,
            24.758949858960307
          ],
          [
            121.07084147275306,
            24.75893396406477
          ],
          [
            121.07085085702097,
            24.758918069168622
          ],
          [
            121.07085569731534,
            24.758909850790154
          ],
          [
            121.07086043909094,
            24.758902264464993
          ],
          [
            121.0708702189629,
            24.758886549953868
          ],
          [
            121.07087989995583,
            24.758870835488842
          ],
          [
            121.07088967982286,
            24.758855120976403
          ],
          [
            121.07089945968747,
            24.758839406463274
          ],
          [
            121.0709092395496,
            24.758823691949484
          ],
          [
            121.07091892053275,
            24.758807977481837
          ],
          [
            121.07092870038998,
            24.75879226296672
          ],
          [
            121.07093848024476,
            24.75877654845094
          ],
          [
            121.0709482600971,
            24.75876083393449
          ],
          [
            121.07095803999825,
            24.758745209704053
          ],
          [
            121.07096772096918,
            24.758729495233123
          ],
          [
            121.07097750081415,
            24.758713780714686
          ],
          [
            121.0709854036972,
            24.758701046545966
          ],
          [
            121.07098728065668,
            24.75869806619558
          ],
          [
            121.07098859447184,
            24.758695880634956
          ],
          [
            121.07099340524982,
            24.758687951183244
          ],
          [
            121.07101671833247,
            24.758649667602604
          ],
          [
            121.07109745462061,
            24.75851714260726
          ],
          [
            121.07115868091958,
            24.75841663346991
          ],
          [
            121.07116825303491,
            24.758400846807756
          ],
          [
            121.07117793390135,
            24.758385042035947
          ],
          [
            121.07118751594064,
            24.75836932759714
          ],
          [
            121.07119709792605,
            24.758353522871026
          ],
          [
            121.07120667990904,
            24.75833771814426
          ],
          [
            121.07121636076576,
            24.758321913369862
          ],
          [
            121.07121942304398,
            24.75831685585883
          ],
          [
            121.07122554713641,
            24.758305928256473
          ],
          [
            121.07123453570095,
            24.75828985294982
          ],
          [
            121.0712435242632,
            24.75827377764261
          ],
          [
            121.07125241394705,
            24.75825770238185
          ],
          [
            121.07126140250469,
            24.7582416270735
          ],
          [
            121.07127039106005,
            24.758225551764593
          ],
          [
            121.07127937961306,
            24.758209476455114
          ],
          [
            121.07128836816379,
            24.758193401145057
          ],
          [
            121.0712973567122,
            24.758177325834442
          ],
          [
            121.07130634520676,
            24.75816116023657
          ],
          [
            121.07131533375055,
            24.758145084924813
          ],
          [
            121.07132432229204,
            24.7581290096125
          ],
          [
            121.07133331083119,
            24.758112934299596
          ],
          [
            121.07134229936804,
            24.758096858986146
          ],
          [
            121.07135128790259,
            24.758080783672117
          ],
          [
            121.07136027643485,
            24.7580647083575
          ],
          [
            121.07136926496477,
            24.758048633042346
          ],
          [
            121.0713782534408,
            24.75803246743992
          ],
          [
            121.07138724196611,
            24.758016392123626
          ],
          [
            121.07139326725648,
            24.758005645134507
          ],
          [
            121.07139652721999,
            24.758000497238765
          ],
          [
            121.07140640588162,
            24.757984872930617
          ],
          [
            121.07141628448917,
            24.757969158335115
          ],
          [
            121.07142606427,
            24.757953534072755
          ],
          [
            121.07143594292421,
            24.75793790976258
          ],
          [
            121.07144582152434,
            24.75792219516504
          ],
          [
            121.07145570017362,
            24.7579065708535
          ],
          [
            121.07146557882044,
            24.757890946541295
          ],
          [
            121.07147545746479,
            24.757875322228426
          ],
          [
            121.071485336055,
            24.757859607628173
          ],
          [
            121.07149511581866,
            24.75784398336111
          ],
          [
            121.07150499445561,
            24.757828359046183
          ],
          [
            121.07151487304357,
            24.757812653472573
          ],
          [
            121.0715247516756,
            24.75779702915632
          ],
          [
            121.07153463030514,
            24.757781404839363
          ],
          [
            121.0715445089322,
            24.757765780521726
          ],
          [
            121.0715543875051,
            24.75775006591673
          ],
          [
            121.07156416725155,
            24.75773444164497
          ],
          [
            121.07157404587122,
            24.757718817325326
          ],
          [
            121.07158392443672,
            24.757703102718303
          ],
          [
            121.07159380305144,
            24.75768747839728
          ],
          [
            121.07159637148986,
            24.75768341426798
          ],
          [
            121.07160338493333,
            24.757671673643976
          ],
          [
            121.07161276900979,
            24.757655778697856
          ],
          [
            121.07162225201122,
            24.75763997399055
          ],
          [
            121.07163173495852,
            24.757624078995917
          ],
          [
            121.0716411190278,
            24.757608184047935
          ],
          [
            121.07165060202206,
            24.757592379338746
          ],
          [
            121.07165998608657,
            24.757576484389517
          ],
          [
            121.07166946902424,
            24.75756058939239
          ],
          [
            121.07167895201133,
            24.757544784681322
          ],
          [
            121.07168833606866,
            24.757528889730242
          ],
          [
            121.07169781899914,
            24.757512994731236
          ],
          [
            121.07170730197902,
            24.757497190018285
          ],
          [
            121.0717166860292,
            24.757481295065347
          ],
          [
            121.07172557626981,
            24.757466393502035
          ],
          [
            121.07172616895245,
            24.757465400064465
          ],
          [
            121.07173545412239,
            24.75744950515763
          ],
          [
            121.07174484805294,
            24.757433610198106
          ],
          [
            121.07175413321816,
            24.757417715290057
          ],
          [
            121.07176351725643,
            24.757401820334035
          ],
          [
            121.07177290124044,
            24.75738583509072
          ],
          [
            121.07178218639854,
            24.75736994018084
          ],
          [
            121.07179156054211,
            24.75735404522773
          ],
          [
            121.07180085558302,
            24.757338150311902
          ],
          [
            121.07181022966995,
            24.75732216507087
          ],
          [
            121.07181961369392,
            24.757306270111165
          ],
          [
            121.0718288988402,
            24.757290375198256
          ],
          [
            121.07183828285942,
            24.757274480237328
          ],
          [
            121.07184756800093,
            24.757258585323207
          ],
          [
            121.07185695196348,
            24.75724260007437
          ],
          [
            121.07186632608803,
            24.75722670511636
          ],
          [
            121.07187561122244,
            24.757210810200405
          ],
          [
            121.07188500511728,
            24.757194915231654
          ],
          [
            121.07189429019502,
            24.757178930027806
          ],
          [
            121.07190367419759,
            24.757163035062586
          ],
          [
            121.07191294943502,
            24.757147140148962
          ],
          [
            121.07192234332034,
            24.757131245177778
          ],
          [
            121.07193172731576,
            24.757115350210725
          ],
          [
            121.07194101238164,
            24.757099365003835
          ],
          [
            121.07195039637227,
            24.757083470035532
          ],
          [
            121.0719596814854,
            24.75706757511412
          ],
          [
            121.0719671886639,
            24.75705484108122
          ],
          [
            121.07196916434644,
            24.75705168009712
          ],
          [
            121.07197884505936,
            24.75703596555788
          ],
          [
            121.07198862464499,
            24.757020250970474
          ],
          [
            121.07199840422813,
            24.75700453638243
          ],
          [
            121.07200818380883,
            24.75698882179369
          ],
          [
            121.072017864512,
            24.756973107251817
          ],
          [
            121.0720276440878,
            24.756957392661757
          ],
          [
            121.0720374237132,
            24.756941768357727
          ],
          [
            121.07204710440904,
            24.756926053813878
          ],
          [
            121.07205688397748,
            24.756910339221836
          ],
          [
            121.07206666354348,
            24.75689462462912
          ],
          [
            121.07207644310704,
            24.756878910035756
          ],
          [
            121.0720861237931,
            24.75686319548928
          ],
          [
            121.07209590335174,
            24.756847480894574
          ],
          [
            121.07210568290792,
            24.756831766299204
          ],
          [
            121.0721153635867,
            24.756816051750757
          ],
          [
            121.07212514313797,
            24.756800337154065
          ],
          [
            121.07213492268679,
            24.7567846225567
          ],
          [
            121.07214470223315,
            24.756768907958676
          ],
          [
            121.07215438290214,
            24.756753193407608
          ],
          [
            121.07216416244361,
            24.756737478808265
          ],
          [
            121.07217394197741,
            24.756721755179576
          ],
          [
            121.07218362263907,
            24.756706040626526
          ],
          [
            121.07218530200427,
            24.756703430531196
          ],
          [
            121.07219300656945,
            24.75669014564236
          ],
          [
            121.07220229162776,
            24.756674259733874
          ],
          [
            121.07221157662633,
            24.756658274509427
          ],
          [
            121.07222086162254,
            24.756642289284372
          ],
          [
            121.07223014666857,
            24.756626394345417
          ],
          [
            121.07223943166002,
            24.75661040911916
          ],
          [
            121.07224861782655,
            24.756594514226677
          ],
          [
            121.07225790280808,
            24.75657851997055
          ],
          [
            121.07226718779766,
            24.75656254377114
          ],
          [
            121.07227647283189,
            24.75654664882917
          ],
          [
            121.07228575780628,
            24.75653065457123
          ],
          [
            121.07229504284102,
            24.756514768656725
          ],
          [
            121.0723043278159,
            24.756498783426245
          ],
          [
            121.07231361283547,
            24.756482879453177
          ],
          [
            121.07232289781084,
            24.75646690325016
          ],
          [
            121.07233208390396,
            24.756450918065607
          ],
          [
            121.07234136892167,
            24.75643502311942
          ],
          [
            121.07235065387951,
            24.756419028857252
          ],
          [
            121.07235993889769,
            24.756403142938513
          ],
          [
            121.07236922385601,
            24.756387157703806
          ],
          [
            121.07237850880675,
            24.756371163439837
          ],
          [
            121.07238779381787,
            24.756355277519305
          ],
          [
            121.07239707876907,
            24.756339292282792
          ],
          [
            121.07240636377024,
            24.75632339733236
          ],
          [
            121.07241554983695,
            24.75630740311375
          ],
          [
            121.07242226666504,
            24.75629594248176
          ],
          [
            121.0724250325877,
            24.756291517095228
          ],
          [
            121.07243471318456,
            24.7562758025252
          ],
          [
            121.07244449265352,
            24.756260087906714
          ],
          [
            121.07245417324027,
            24.756244364306724
          ],
          [
            121.07246395270955,
            24.756228658715585
          ],
          [
            121.07247373217115,
            24.756212944095118
          ],
          [
            121.07248341275582,
            24.756197229521806
          ],
          [
            121.07249319221253,
            24.756181514900014
          ],
          [
            121.07250287279231,
            24.756165800325387
          ],
          [
            121.07251265224411,
            24.756150085702263
          ],
          [
            121.0725223328138,
            24.756134362097658
          ],
          [
            121.07253211226069,
            24.756118647473222
          ],
          [
            121.07254179283598,
            24.756102941924656
          ],
          [
            121.07255157227796,
            24.75608722729888
          ],
          [
            121.07256135171225,
            24.756071503643774
          ],
          [
            121.07257103227498,
            24.756055789064554
          ],
          [
            121.07258081170961,
            24.756040074436786
          ],
          [
            121.07259049226747,
            24.756024359856262
          ],
          [
            121.07260027169721,
            24.756008645227165
          ],
          [
            121.07260995225018,
            24.755992930645334
          ],
          [
            121.072619731675,
            24.75597721601494
          ],
          [
            121.07262951109739,
            24.75596150138386
          ],
          [
            121.07263919164305,
            24.75594578680005
          ],
          [
            121.07264897106053,
            24.755930072167644
          ],
          [
            121.0726586516013,
            24.755914357582526
          ],
          [
            121.07266843101388,
            24.755898642948797
          ],
          [
            121.07267504933758,
            24.755887895617875
          ],
          [
            121.07267830929821,
            24.755882928266445
          ],
          [
            121.07268848436026,
            24.755867484299646
          ],
          [
            121.07269865936726,
            24.755851950045415
          ],
          [
            121.07270883442426,
            24.75583650607718
          ],
          [
            121.07271900947877,
            24.755821062108218
          ],
          [
            121.0727291844782,
            24.755805527851837
          ],
          [
            121.07273935952767,
            24.755790083881454
          ],
          [
            121.07274953452206,
            24.755774549623634
          ],
          [
            121.0727597095665,
            24.75575910565182
          ],
          [
            121.07276988455585,
            24.755743571392568
          ],
          [
            121.07278005959525,
            24.755728127419317
          ],
          [
            121.07279023457953,
            24.755712593158627
          ],
          [
            121.07280040961392,
            24.755697149183924
          ],
          [
            121.0728105846458,
            24.75568170520853
          ],
          [
            121.07282075962252,
            24.755666170945684
          ],
          [
            121.07283093464935,
            24.75565072696885
          ],
          [
            121.07284110962104,
            24.755635192704574
          ],
          [
            121.07285128464282,
            24.75561974872631
          ],
          [
            121.07286136073547,
            24.755604214508676
          ],
          [
            121.07287153575226,
            24.755588770528966
          ],
          [
            121.07288171071387,
            24.755573236261842
          ],
          [
            121.07289188572561,
            24.755557792280698
          ],
          [
            121.07289405905638,
            24.75555454090097
          ],
          [
            121.07290344544421,
            24.755543160205754
          ],
          [
            121.0729153018873,
            24.75552870855897
          ],
          [
            121.07292715832766,
            24.75551425691121
          ],
          [
            121.07293901476527,
            24.75549980526251
          ],
          [
            121.07295087120012,
            24.755485353612848
          ],
          [
            121.07296272763224,
            24.75547090196222
          ],
          [
            121.07297458406164,
            24.75545645031064
          ],
          [
            121.07298644048828,
            24.755441998658085
          ],
          [
            121.07299829691217,
            24.755427547004583
          ],
          [
            121.07301015333334,
            24.75541309535012
          ],
          [
            121.07302200975178,
            24.755398643694704
          ],
          [
            121.07303386616744,
            24.75538419203832
          ],
          [
            121.0730457225804,
            24.75536974038096
          ],
          [
            121.0730575789906,
            24.755355288722665
          ],
          [
            121.07306943539804,
            24.755340837063407
          ],
          [
            121.07308129180275,
            24.755326385403183
          ],
          [
            121.07309314820473,
            24.755311933742007
          ],
          [
            121.07310500460397,
            24.75529748207985
          ],
          [
            121.07311686100049,
            24.75528303041676
          ],
          [
            121.07312871739424,
            24.7552685787527
          ],
          [
            121.07314057378524,
            24.755254127087678
          ],
          [
            121.07315243017352,
            24.755239675421702
          ],
          [
            121.07316428655906,
            24.75522522375475
          ],
          [
            121.07317614294185,
            24.755210772086848
          ],
          [
            121.07318799932189,
            24.755196320417994
          ],
          [
            121.07319985569922,
            24.755181868748178
          ],
          [
            121.07320983484992,
            24.755169765449807
          ],
          [
            121.07321210772707,
            24.755167687744297
          ],
          [
            121.07322614032428,
            24.755154950457104
          ],
          [
            121.07323432274323,
            24.755147579060267
          ],
          [
            121.07324017297151,
            24.755142303455283
          ],
          [
            121.07324688292347,
            24.755136214849177
          ],
          [
            121.07325420556298,
            24.755129566165426
          ],
          [
            121.073259413434,
            24.755124841622834
          ],
          [
            121.07326823815158,
            24.75511682887423
          ],
          [
            121.07328236961094,
            24.755104091533376
          ],
          [
            121.0732964022468,
            24.755091444526233
          ],
          [
            121.07331043482682,
            24.755078707231046
          ],
          [
            121.07332446740398,
            24.75506596993453
          ],
          [
            121.0733384999783,
            24.755053232636687
          ],
          [
            121.07335253260274,
            24.75504058562423
          ],
          [
            121.07336656517134,
            24.75502784832373
          ],
          [
            121.07338059773707,
            24.755015111021898
          ],
          [
            121.07339463029994,
            24.755002373718742
          ],
          [
            121.073408662913,
            24.754989726700977
          ],
          [
            121.07342269547016,
            24.754976989395164
          ],
          [
            121.07343672802446,
            24.754964252088012
          ],
          [
            121.07345085944937,
            24.754951514731072
          ],
          [
            121.07346489205102,
            24.754938867707967
          ],
          [
            121.07347892459676,
            24.75492613039682
          ],
          [
            121.07349295713958,
            24.754913393084355
          ],
          [
            121.07350698967959,
            24.754900655770548
          ],
          [
            121.07352102226984,
            24.75488800874215
          ],
          [
            121.07353505480413,
            24.75487527142569
          ],
          [
            121.07354908733555,
            24.7548625341079
          ],
          [
            121.0735631198641,
            24.754849796788783
          ],
          [
            121.07356835738973,
            24.75484509930678
          ],
          [
            121.07357764702257,
            24.75483751065916
          ],
          [
            121.07359237208448,
            24.75482549529116
          ],
          [
            121.07360709714352,
            24.754813479921715
          ],
          [
            121.07362182214656,
            24.754801374264062
          ],
          [
            121.07363654719992,
            24.754789358891685
          ],
          [
            121.07365127225047,
            24.754777343517855
          ],
          [
            121.07366599724497,
            24.75476523785583
          ],
          [
            121.07368072228985,
            24.754753222479064
          ],
          [
            121.07369544733189,
            24.75474120710086
          ],
          [
            121.07371027119113,
            24.75472910138581
          ],
          [
            121.07372499622748,
            24.754717086004657
          ],
          [
            121.0738650085253,
            24.75461299769297
          ],
          [
            121.07407285406096,
            24.75446981768621
          ],
          [
            121.07407324939277,
            24.754469546630546
          ],
          [
            121.07409551640963,
            24.75445420493197
          ],
          [
            121.07411816887068,
            24.754438601207845
          ],
          [
            121.07411856420231,
            24.754438330152063
          ],
          [
            121.07431104070501,
            24.75430573902079
          ],
          [
            121.07435075223874,
            24.754279463935433
          ],
          [
            121.07448678808709,
            24.754190707701607
          ],
          [
            121.07740840089376,
            24.752255826300917
          ],
          [
            121.07757853936741,
            24.75214535371411
          ],
          [
            121.07776397312598,
            24.752019334643485
          ],
          [
            121.07787789369249,
            24.751941926806772
          ],
          [
            121.07806251645442,
            24.751816467563913
          ],
          [
            121.07818811822281,
            24.751731108168517
          ],
          [
            121.07830151446286,
            24.751654043371108
          ],
          [
            121.07831762384869,
            24.75164356168711
          ],
          [
            121.07833373323184,
            24.75163308000135
          ],
          [
            121.07834984261228,
            24.75162259831385
          ],
          [
            121.07836595199001,
            24.751612116624624
          ],
          [
            121.07838206136502,
            24.751601634933646
          ],
          [
            121.07839807186654,
            24.751591153292654
          ],
          [
            121.07841418123616,
            24.751580671598216
          ],
          [
            121.07843029065977,
            24.751570280188773
          ],
          [
            121.07844640002399,
            24.75155979849085
          ],
          [
            121.07846250938553,
            24.751549316791188
          ],
          [
            121.07847861874433,
            24.75153883508978
          ],
          [
            121.07849472810044,
            24.751528353386664
          ],
          [
            121.07851083745385,
            24.75151787168177
          ],
          [
            121.07852694680454,
            24.751507389975156
          ],
          [
            121.07854305615255,
            24.751496908266795
          ],
          [
            121.07854572458409,
            24.751495191419455
          ],
          [
            121.07855906651359,
            24.75148624603503
          ],
          [
            121.07857497800121,
            24.75147558385338
          ],
          [
            121.07859098835681,
            24.75146492161819
          ],
          [
            121.07860689983896,
            24.751454259433146
          ],
          [
            121.07862281126161,
            24.75144350695966
          ],
          [
            121.07863882160899,
            24.751432844719336
          ],
          [
            121.07865473308298,
            24.75142218252919
          ],
          [
            121.07867064455425,
            24.751411520337328
          ],
          [
            121.07877708332424,
            24.75134018301192
          ],
          [
            121.07878222240443,
            24.7513367042694
          ],
          [
            121.07879823272452,
            24.751326042011957
          ],
          [
            121.07881078399483,
            24.75131763874141
          ],
          [
            121.07881115954362,
            24.751317385740922
          ],
          [
            121.0788141441713,
            24.751315379804804
          ],
          [
            121.07883005561534,
            24.75130471759594
          ],
          [
            121.0788431108934,
            24.751295952910425
          ],
          [
            121.07884606587027,
            24.75129396504661
          ],
          [
            121.07886197730886,
            24.75128330283435
          ],
          [
            121.07887185030681,
            24.751276688646268
          ],
          [
            121.07887222585535,
            24.75127643564562
          ],
          [
            121.07887788874474,
            24.751272640620382
          ],
          [
            121.07889389904844,
            24.75126197835267
          ],
          [
            121.07890981047888,
            24.751251316135303
          ],
          [
            121.07892572184959,
            24.751240563629477
          ],
          [
            121.07894173214507,
            24.751229901356638
          ],
          [
            121.07895764356732,
            24.75121923913417
          ],
          [
            121.07897355498687,
            24.751208576909995
          ],
          [
            121.0789895652742,
            24.75119791463202
          ],
          [
            121.07900547663122,
            24.75118716211768
          ],
          [
            121.07902138804258,
            24.751176499888405
          ],
          [
            121.07903739832172,
            24.751165837605292
          ],
          [
            121.07905330972766,
            24.75115517537261
          ],
          [
            121.07906922113085,
            24.75114451313824
          ],
          [
            121.07908523134464,
            24.75113376056324
          ],
          [
            121.07910114274242,
            24.751123098325436
          ],
          [
            121.07911142092371,
            24.751116231104618
          ],
          [
            121.07911715306503,
            24.75111252632051
          ],
          [
            121.07913336129728,
            24.751102225069705
          ],
          [
            121.07914956946968,
            24.75109183353038
          ],
          [
            121.07916577769659,
            24.751081532276036
          ],
          [
            121.07918198592083,
            24.75107123101993
          ],
          [
            121.07919819408517,
            24.751060839475336
          ],
          [
            121.07921440230403,
            24.75105053821571
          ],
          [
            121.07923061046297,
            24.75104014666758
          ],
          [
            121.07924681867648,
            24.751029845404453
          ],
          [
            121.0792631257004,
            24.751019453800506
          ],
          [
            121.07927933390852,
            24.75100915253383
          ],
          [
            121.0792955420567,
            24.750998760978643
          ],
          [
            121.07931175025946,
            24.75098845970846
          ],
          [
            121.07932795845957,
            24.750978158436507
          ],
          [
            121.07934416659967,
            24.750967766876038
          ],
          [
            121.07936037479442,
            24.75095746560056
          ],
          [
            121.07937658292914,
            24.750947074036585
          ],
          [
            121.07939279111851,
            24.750936772757587
          ],
          [
            121.07940899924785,
            24.750926381190077
          ],
          [
            121.07942520743185,
            24.75091607990755
          ],
          [
            121.0794414155558,
            24.750905688336537
          ],
          [
            121.07945762373444,
            24.750895387050505
          ],
          [
            121.07947383191043,
            24.750885085762697
          ],
          [
            121.07949004002631,
            24.750874694186383
          ],
          [
            121.0795062481969,
            24.75086439289508
          ],
          [
            121.0795224563074,
            24.75085400131524
          ],
          [
            121.07953866447266,
            24.750843700020397
          ],
          [
            121.07955487257779,
            24.750833308437063
          ],
          [
            121.07957108073768,
            24.7508230071387
          ],
          [
            121.07958728883739,
            24.75081261555182
          ],
          [
            121.07960349699194,
            24.750802314249935
          ],
          [
            121.07961970514377,
            24.750792012946302
          ],
          [
            121.07963591323542,
            24.750781621354143
          ],
          [
            121.07965212138193,
            24.750771320046976
          ],
          [
            121.0796683294682,
            24.7507609284513
          ],
          [
            121.07968453760934,
            24.75075062714063
          ],
          [
            121.07970074569022,
            24.750740235541432
          ],
          [
            121.07971695382598,
            24.75072993422722
          ],
          [
            121.07973316190149,
            24.750719542624502
          ],
          [
            121.07974937003189,
            24.750709241306787
          ],
          [
            121.07976557815964,
            24.750698939987295
          ],
          [
            121.07977061845986,
            24.750695686980222
          ],
          [
            121.07978158831396,
            24.750688277624302
          ],
          [
            121.07979749953783,
            24.750677525025488
          ],
          [
            121.07981341075894,
            24.75066677242497
          ],
          [
            121.07982922310727,
            24.75065601987543
          ],
          [
            121.07984513432291,
            24.750645267271533
          ],
          [
            121.07986104559355,
            24.750634604952694
          ],
          [
            121.07987695680372,
            24.750623852345388
          ],
          [
            121.07989286801116,
            24.7506130997364
          ],
          [
            121.07990877921587,
            24.75060234712571
          ],
          [
            121.07992459154781,
            24.75059159456606
          ],
          [
            121.07994050274704,
            24.750580841951965
          ],
          [
            121.07995641394352,
            24.750570089336193
          ],
          [
            121.07997232513728,
            24.75055933671873
          ],
          [
            121.07998823632829,
            24.750548584099548
          ],
          [
            121.08000414757437,
            24.750537921765442
          ],
          [
            121.08001995988992,
            24.75052716919567
          ],
          [
            121.08003588095974,
            24.750516416566143
          ],
          [
            121.08005179213981,
            24.750505663940185
          ],
          [
            121.08006770331714,
            24.750494911312536
          ],
          [
            121.08008361449171,
            24.750484158683193
          ],
          [
            121.08009952566357,
            24.750473406052144
          ],
          [
            121.08011533796277,
            24.750462653472255
          ],
          [
            121.08013124918703,
            24.750451991124578
          ],
          [
            121.08014715046367,
            24.750441238493746
          ],
          [
            121.08016307151158,
            24.750430485850636
          ],
          [
            121.08017898266974,
            24.750419733211107
          ],
          [
            121.080191622623,
            24.75041114920323
          ],
          [
            121.08019488393818,
            24.750408980575173
          ],
          [
            121.08021079514879,
            24.750398318219016
          ],
          [
            121.08022671618575,
            24.750387565569117
          ],
          [
            121.08024262739094,
            24.75037690320954
          ],
          [
            121.0802585385934,
            24.750366240848287
          ],
          [
            121.08027454860499,
            24.750355488145622
          ],
          [
            121.080290459802,
            24.750344825780964
          ],
          [
            121.08030637093826,
            24.750334073127856
          ],
          [
            121.08032228212983,
            24.750323410759783
          ],
          [
            121.08033819331868,
            24.75031274839003
          ],
          [
            121.08035420331655,
            24.750301995678818
          ],
          [
            121.08037011449996,
            24.750291333305658
          ],
          [
            121.08038602568061,
            24.750280670930806
          ],
          [
            121.08040193680048,
            24.75026991826747
          ],
          [
            121.08041784797572,
            24.750259255889222
          ],
          [
            121.08043385795987,
            24.75024850316946
          ],
          [
            121.08044976912964,
            24.750237840787804
          ],
          [
            121.08046568029671,
            24.750227178404447
          ],
          [
            121.08048159140291,
            24.750216425732624
          ],
          [
            121.08049750256451,
            24.750205763345875
          ],
          [
            121.08051351253495,
            24.750195010617556
          ],
          [
            121.0805294236911,
            24.750184348227403
          ],
          [
            121.08054533484454,
            24.750173685835552
          ],
          [
            121.08056124593706,
            24.750162933155227
          ],
          [
            121.08057715708507,
            24.750152270759976
          ],
          [
            121.0805931671,
            24.750141608309868
          ],
          [
            121.08060907818431,
            24.750130855624455
          ],
          [
            121.08062498932412,
            24.750120193224088
          ],
          [
            121.08064090040298,
            24.750109440535287
          ],
          [
            121.08065681153735,
            24.750098778131537
          ],
          [
            121.08067282153863,
            24.75008811567287
          ],
          [
            121.08068873260927,
            24.75007736297896
          ],
          [
            121.08070464373547,
            24.750066700570095
          ],
          [
            121.08072055485896,
            24.75005603815955
          ],
          [
            121.0807364659214,
            24.750045285460548
          ],
          [
            121.08074555801419,
            24.750039231347113
          ],
          [
            121.08075257483694,
            24.750034713226814
          ],
          [
            121.08076868386641,
            24.750024321564858
          ],
          [
            121.08078479289323,
            24.750013929901158
          ],
          [
            121.08080100072854,
            24.75000344789566
          ],
          [
            121.08081710974994,
            24.74999305622849
          ],
          [
            121.08083331763824,
            24.749982664506245
          ],
          [
            121.08084942659586,
            24.749972182548806
          ],
          [
            121.08086563447874,
            24.749961790823047
          ],
          [
            121.08088174348944,
            24.74995139914888
          ],
          [
            121.08089785243897,
            24.74994091718622
          ],
          [
            121.08091406031375,
            24.749930525455213
          ],
          [
            121.08093016931636,
            24.74992013377582
          ],
          [
            121.0809463771273,
            24.749909651754532
          ],
          [
            121.08096248612452,
            24.749899260071647
          ],
          [
            121.08097859511906,
            24.749888868387032
          ],
          [
            121.08099480292185,
            24.749878386360475
          ],
          [
            121.08101091191101,
            24.74986799467239
          ],
          [
            121.0810271197669,
            24.749857602929083
          ],
          [
            121.08104006621726,
            24.749849199257113
          ],
          [
            121.08104322869217,
            24.749847120950726
          ],
          [
            121.0810593376147,
            24.74983663897063
          ],
          [
            121.08107544659309,
            24.749826247275553
          ],
          [
            121.08109155551023,
            24.74981576529198
          ],
          [
            121.08110766442466,
            24.74980528330667
          ],
          [
            121.08112377333639,
            24.749794801319617
          ],
          [
            121.08113988223955,
            24.74978431030216
          ],
          [
            121.08115599115173,
            24.749773837340303
          ],
          [
            121.08117210005534,
            24.74976335534804
          ],
          [
            121.08118820895625,
            24.749752873354026
          ],
          [
            121.0812043178486,
            24.7497423823296
          ],
          [
            121.08122042680277,
            24.74973199061887
          ],
          [
            121.08123653569558,
            24.74972150861964
          ],
          [
            121.08125264459156,
            24.74971103564735
          ],
          [
            121.08126875347895,
            24.749700553644644
          ],
          [
            121.08128486235778,
            24.749690062611528
          ],
          [
            121.08130097124562,
            24.749679589634017
          ],
          [
            121.0813170801249,
            24.749669107626094
          ],
          [
            121.08133318900148,
            24.749658625616444
          ],
          [
            121.08134929786947,
            24.749648134576365
          ],
          [
            121.08136540679943,
            24.749637742849984
          ],
          [
            121.0813815156679,
            24.749627260835105
          ],
          [
            121.08139762453955,
            24.749616787847163
          ],
          [
            121.08141373340261,
            24.74960630582881
          ],
          [
            121.08142984226299,
            24.749595823808704
          ],
          [
            121.08144595111474,
            24.749585332758194
          ],
          [
            121.0814620599697,
            24.749574850734618
          ],
          [
            121.08147816882195,
            24.749564368709294
          ],
          [
            121.08149427767148,
            24.749553886682257
          ],
          [
            121.08151038657721,
            24.74954349494023
          ],
          [
            121.08152649542134,
            24.749533012909694
          ],
          [
            121.08154260426278,
            24.749522530877417
          ],
          [
            121.08155871310153,
            24.749512048843407
          ],
          [
            121.08157482193755,
            24.749501566807655
          ],
          [
            121.08159093077089,
            24.749491084770163
          ],
          [
            121.0816070396015,
            24.749480602730944
          ],
          [
            121.08162314842939,
            24.749470120689963
          ],
          [
            121.08163925725461,
            24.74945963864726
          ],
          [
            121.08165536613609,
            24.749449246889597
          ],
          [
            121.08167147495591,
            24.749438764843404
          ],
          [
            121.08168758377303,
            24.749428282795478
          ],
          [
            121.08170369258742,
            24.749417800745817
          ],
          [
            121.08171980139913,
            24.749407318694413
          ],
          [
            121.08173591020812,
            24.749396836641267
          ],
          [
            121.0817520190144,
            24.749386354586388
          ],
          [
            121.081768127818,
            24.749375872529765
          ],
          [
            121.08178423667796,
            24.749365480758165
          ],
          [
            121.08180034547611,
            24.74935499869807
          ],
          [
            121.0818164542716,
            24.749344516636228
          ],
          [
            121.0818325630644,
            24.74933403457267
          ],
          [
            121.08184867185444,
            24.749323552507352
          ],
          [
            121.08186478064182,
            24.749313070440294
          ],
          [
            121.08186883255549,
            24.74931044990975
          ],
          [
            121.08188079043919,
            24.749302407851992
          ],
          [
            121.08189670136484,
            24.749291745315976
          ],
          [
            121.08191271115676,
            24.74928108272425
          ],
          [
            121.08192862207697,
            24.749270420184843
          ],
          [
            121.08194453299448,
            24.749259757643745
          ],
          [
            121.08196054277819,
            24.74924909504688
          ],
          [
            121.08197645363101,
            24.749238342215598
          ],
          [
            121.08199236454035,
            24.749227679669396
          ],
          [
            121.08200837431586,
            24.74921701706739
          ],
          [
            121.08202428521975,
            24.74920635451779
          ],
          [
            121.08204019612091,
            24.749195691966484
          ],
          [
            121.08205620582898,
            24.749184939072588
          ],
          [
            121.08207211672467,
            24.74917427651786
          ],
          [
            121.08208802761769,
            24.749163613961457
          ],
          [
            121.08210403737684,
            24.749152951349185
          ],
          [
            121.08211994826438,
            24.749142288789375
          ],
          [
            121.08213042373566,
            24.749135240678655
          ],
          [
            121.08213585908987,
            24.749131535941107
          ],
          [
            121.08215176997197,
            24.749120873377876
          ],
          [
            121.08216777966084,
            24.749110120472004
          ],
          [
            121.08218369053749,
            24.7490994579054
          ],
          [
            121.0821996014114,
            24.749088795337084
          ],
          [
            121.08221551222324,
            24.749078042480313
          ],
          [
            121.08223142309173,
            24.749067379908592
          ],
          [
            121.08224733389807,
            24.749056627048432
          ],
          [
            121.08226334362989,
            24.74904596441906
          ],
          [
            121.08227925443076,
            24.749035211555494
          ],
          [
            121.08229516528836,
            24.749024548976987
          ],
          [
            121.08231107614321,
            24.74901388639677
          ],
          [
            121.0823269869359,
            24.74900313352811
          ],
          [
            121.08234289778532,
            24.74899247094451
          ],
          [
            121.08235880857254,
            24.748981718072454
          ],
          [
            121.08237481828525,
            24.748971055431127
          ],
          [
            121.08239072906696,
            24.748960302555645
          ],
          [
            121.08240663990549,
            24.74894963996525
          ],
          [
            121.08242255068173,
            24.748938887086386
          ],
          [
            121.08243846151481,
            24.7489282244926
          ],
          [
            121.08245437234518,
            24.7489175618971
          ],
          [
            121.08247038198192,
            24.74890680895874
          ],
          [
            121.0824862928068,
            24.74889614635985
          ],
          [
            121.08250220356942,
            24.748885393472495
          ],
          [
            121.08251811438886,
            24.748874730870206
          ],
          [
            121.08253402514597,
            24.74886397797944
          ],
          [
            121.08254993596,
            24.748853315373754
          ],
          [
            121.08256594558027,
            24.748842562425146
          ],
          [
            121.0825818563888,
            24.748831899816057
          ],
          [
            121.08259776719466,
            24.748821237205277
          ],
          [
            121.08261367793811,
            24.748810484306006
          ],
          [
            121.0826295887385,
            24.748799821691833
          ],
          [
            121.08264549947647,
            24.74878906878919
          ],
          [
            121.08266141027141,
            24.748778406171617
          ],
          [
            121.08267741987248,
            24.74876765321102
          ],
          [
            121.08268038461533,
            24.748765665265804
          ],
          [
            121.08269352863805,
            24.74875735162803
          ],
          [
            121.08270983513802,
            24.74874704993416
          ],
          [
            121.08272604276677,
            24.74873674829307
          ],
          [
            121.0827423492614,
            24.748726446595665
          ],
          [
            121.08275855688478,
            24.748716144951057
          ],
          [
            121.08277486337401,
            24.74870584325007
          ],
          [
            121.08279107105186,
            24.748695631888722
          ],
          [
            121.08280737753574,
            24.74868533018419
          ],
          [
            121.08282358514845,
            24.748675028532517
          ],
          [
            121.08283979275848,
            24.748664726879102
          ],
          [
            121.08285609923426,
            24.748654425169253
          ],
          [
            121.08287230683895,
            24.74864412351229
          ],
          [
            121.08288861336925,
            24.748633912085673
          ],
          [
            121.08290482096858,
            24.748623610425177
          ],
          [
            121.08290650103147,
            24.74862255314018
          ],
          [
            121.08298813208908,
            24.748570881965783
          ],
          [
            121.08300236317348,
            24.748561890547798
          ],
          [
            121.08301857075405,
            24.748551588874953
          ],
          [
            121.08303487720035,
            24.748541287145585
          ],
          [
            121.08304970121829,
            24.748531889103955
          ],
          [
            121.08305108477558,
            24.748530985469213
          ],
          [
            121.08305550224794,
            24.748528057728716
          ],
          [
            121.08305855594261,
            24.74852604264062
          ],
          [
            121.08306215317319,
            24.748523666104006
          ],
          [
            121.08307816282714,
            24.748513093673967
          ],
          [
            121.08309417247833,
            24.748502521242216
          ],
          [
            121.08311018212684,
            24.748491948808738
          ],
          [
            121.08312619171258,
            24.748481286086776
          ],
          [
            121.08314220135563,
            24.748470713649873
          ],
          [
            121.08315830986432,
            24.74846014115638
          ],
          [
            121.08317431950194,
            24.748449568716026
          ],
          [
            121.08319032913687,
            24.748438996273954
          ],
          [
            121.08320633876907,
            24.748428423830163
          ],
          [
            121.08322234833847,
            24.748417761097883
          ],
          [
            121.08323835796526,
            24.748407188650653
          ],
          [
            121.08325436758932,
            24.748396616201706
          ],
          [
            121.08327037721065,
            24.748386043751047
          ],
          [
            121.08328638682933,
            24.748375471298665
          ],
          [
            121.08330239644525,
            24.748364898844564
          ],
          [
            121.0833184059983,
            24.748354236101953
          ],
          [
            121.08333451447702,
            24.74834366358945
          ],
          [
            121.08335006948369,
            24.748333380300807
          ],
          [
            121.08335026713583,
            24.748333253789347
          ],
          [
            121.08335052408479,
            24.748333091130185
          ],
          [
            121.08335269822216,
            24.74833164533211
          ],
          [
            121.08336870782685,
            24.748321072870894
          ],
          [
            121.08338471742886,
            24.748310500407964
          ],
          [
            121.0834007269679,
            24.748299837656543
          ],
          [
            121.08341673656446,
            24.748289265190174
          ],
          [
            121.0834327461583,
            24.748278692722085
          ],
          [
            121.08344875574943,
            24.74826812025228
          ],
          [
            121.08346476527754,
            24.748257457493988
          ],
          [
            121.08348077486326,
            24.748246885020745
          ],
          [
            121.08349678444624,
            24.748236312545785
          ],
          [
            121.08351279402652,
            24.748225740069106
          ],
          [
            121.08352880354376,
            24.74821507730394
          ],
          [
            121.08354481311859,
            24.74820450482382
          ],
          [
            121.08354817318602,
            24.748202336067347
          ],
          [
            121.0835608226847,
            24.748193923313316
          ],
          [
            121.08357683219376,
            24.74818326054298
          ],
          [
            121.08359284170007,
            24.74817259777094
          ],
          [
            121.08360875233555,
            24.748161935052334
          ],
          [
            121.08362476189681,
            24.748151362563647
          ],
          [
            121.08364077139495,
            24.748140699786465
          ],
          [
            121.0836566820223,
            24.74813003706274
          ],
          [
            121.0836726915754,
            24.748119464568912
          ],
          [
            121.08368870106534,
            24.748108801786586
          ],
          [
            121.08370461168455,
            24.74809813905773
          ],
          [
            121.08372062116902,
            24.748087476271984
          ],
          [
            121.08373663071126,
            24.748076903771285
          ],
          [
            121.0837525413223,
            24.74806624103735
          ],
          [
            121.0837685507986,
            24.74805557824645
          ],
          [
            121.08378456033269,
            24.748045005740614
          ],
          [
            121.08380056980353,
            24.74803434294628
          ],
          [
            121.0838164804037,
            24.74802368020552
          ],
          [
            121.0838324898691,
            24.74801301740774
          ],
          [
            121.0838484993923,
            24.748002444895043
          ],
          [
            121.0838644099843,
            24.74799178214917
          ],
          [
            121.0838804194415,
            24.747981119346274
          ],
          [
            121.08389642895659,
            24.747970546828423
          ],
          [
            121.08391233954039,
            24.747959884077446
          ],
          [
            121.08392834898943,
            24.7479492212694
          ],
          [
            121.08394435843572,
            24.74793855845962
          ],
          [
            121.0839548337637,
            24.74793160050755
          ],
          [
            121.08396026901137,
            24.747927895703516
          ],
          [
            121.08397617958431,
            24.747917232945724
          ],
          [
            121.08399209009387,
            24.747906479899466
          ],
          [
            121.08400809952924,
            24.74789581708286
          ],
          [
            121.08402401003333,
            24.747885064033174
          ],
          [
            121.08403992059536,
            24.747874401268582
          ],
          [
            121.08405583109398,
            24.74786364821552
          ],
          [
            121.08407174165059,
            24.747852985447537
          ],
          [
            121.08408765220447,
            24.74784232267785
          ],
          [
            121.08410356269486,
            24.747831569619677
          ],
          [
            121.0841194732433,
            24.747820906846602
          ],
          [
            121.08413548259605,
            24.747810153729553
          ],
          [
            121.08415139313902,
            24.74779949095307
          ],
          [
            121.08416730361851,
            24.747788737888115
          ],
          [
            121.08418321415604,
            24.747778075108226
          ],
          [
            121.08419912463002,
            24.747767322039877
          ],
          [
            121.08421503516213,
            24.74775665925661
          ],
          [
            121.08423094563065,
            24.747745906184864
          ],
          [
            121.0842468561573,
            24.74773524339818
          ],
          [
            121.0842628654881,
            24.747724490267462
          ],
          [
            121.08427877600926,
            24.74771382747739
          ],
          [
            121.08429468646686,
            24.74770307439885
          ],
          [
            121.0843105969826,
            24.747692411605392
          ],
          [
            121.08432650743471,
            24.747681658523437
          ],
          [
            121.08434242783177,
            24.747670995721016
          ],
          [
            121.0843583382784,
            24.747660242635686
          ],
          [
            121.08437424878326,
            24.747649579835436
          ],
          [
            121.08439025809211,
            24.74763882669102
          ],
          [
            121.0844061685915,
            24.747628163887367
          ],
          [
            121.08442207902719,
            24.747617410795236
          ],
          [
            121.08443797963439,
            24.74760674799376
          ],
          [
            121.08445385049927,
            24.747595967834474
          ],
          [
            121.08446980055314,
            24.747585332087777
          ],
          [
            121.08448572086465,
            24.747574578983286
          ],
          [
            121.08450163134769,
            24.747563916169444
          ],
          [
            121.08450716543078,
            24.74756021128975
          ],
          [
            121.08451763086994,
            24.74755334359051
          ],
          [
            121.08453374903056,
            24.74754277094295
          ],
          [
            121.08454975843412,
            24.747532198354996
          ],
          [
            121.0845658568158,
            24.747521625715116
          ],
          [
            121.08458186627503,
            24.747511143410495
          ],
          [
            121.08459158064248,
            24.747504763678734
          ],
          [
            121.08459798442476,
            24.747500570755992
          ],
          [
            121.08461399381748,
            24.747489998161146
          ],
          [
            121.0846300032686,
            24.747479515851357
          ],
          [
            121.08464611152345,
            24.747468943197234
          ],
          [
            121.08466212090804,
            24.747458370597226
          ],
          [
            121.08467822921858,
            24.74744788822642
          ],
          [
            121.08469423859775,
            24.747437315622967
          ],
          [
            121.08471024797421,
            24.747426743017787
          ],
          [
            121.08471912232817,
            24.74742091450208
          ],
          [
            121.08472635621541,
            24.747416170355002
          ],
          [
            121.08474236564766,
            24.747405688033165
          ],
          [
            121.08475847388344,
            24.747395115366913
          ],
          [
            121.08477448324908,
            24.74738454275485
          ],
          [
            121.08479059154067,
            24.747374060371918
          ],
          [
            121.08480660090085,
            24.7473634877564
          ],
          [
            121.08482261025833,
            24.747352915139174
          ],
          [
            121.0848387185418,
            24.747342432751037
          ],
          [
            121.08485472789384,
            24.747331860130362
          ],
          [
            121.0848708361106,
            24.74732128745198
          ],
          [
            121.08488684545722,
            24.747310714827865
          ],
          [
            121.08490295372985,
            24.747300232432796
          ],
          [
            121.08491896307108,
            24.747289659805233
          ],
          [
            121.08493497240956,
            24.747279087175944
          ],
          [
            121.08495019123592,
            24.747269147000733
          ],
          [
            121.08495108067406,
            24.747268604775684
          ],
          [
            121.08496699101704,
            24.74725785162543
          ],
          [
            121.08498290141864,
            24.74724718876026
          ],
          [
            121.08499881181754,
            24.747236525893403
          ],
          [
            121.08501482101964,
            24.74722577268199
          ],
          [
            121.08503073141307,
            24.747215109811727
          ],
          [
            121.0850466418038,
            24.74720444693977
          ],
          [
            121.08506255213037,
            24.747193693779316
          ],
          [
            121.08507856138294,
            24.74718303084784
          ],
          [
            121.08509447176549,
            24.74717236797078
          ],
          [
            121.08511038208383,
            24.747161614805243
          ],
          [
            121.08512629246093,
            24.747150951924787
          ],
          [
            121.08514230170259,
            24.747140288986458
          ],
          [
            121.08515821201273,
            24.747129535815816
          ],
          [
            121.08517412238166,
            24.747118872930262
          ],
          [
            121.08519003274787,
            24.747108210043013
          ],
          [
            121.08520604191706,
            24.74709745681107
          ],
          [
            121.08522195227782,
            24.747086793920403
          ],
          [
            121.08523786263586,
            24.747076131028052
          ],
          [
            121.0852537729296,
            24.747065377847218
          ],
          [
            121.08526978214941,
            24.747054714895224
          ],
          [
            121.08528569249928,
            24.747044051997765
          ],
          [
            121.08530160278482,
            24.747033298811814
          ],
          [
            121.08531751312925,
            24.74702263591097
          ],
          [
            121.0853244306882,
            24.74701802734518
          ],
          [
            121.08533352233813,
            24.74701197295214
          ],
          [
            121.08534943267709,
            24.747001310047885
          ],
          [
            121.08536534301338,
            24.746990647141935
          ],
          [
            121.0853813521524,
            24.746979893891172
          ],
          [
            121.08539726248321,
            24.746969230981815
          ],
          [
            121.0854131728113,
            24.746958568070767
          ],
          [
            121.0854291820038,
            24.74694790510167
          ],
          [
            121.08544509232644,
            24.746937242187215
          ],
          [
            121.08546110151347,
            24.74692657921469
          ],
          [
            121.08547701176894,
            24.746915826010035
          ],
          [
            121.08549292208342,
            24.74690516309048
          ],
          [
            121.0855089312561,
            24.74689449108414
          ],
          [
            121.0855248415713,
            24.746883837189863
          ],
          [
            121.08554075187145,
            24.74687316523653
          ],
          [
            121.08555676104828,
            24.746862511282423
          ],
          [
            121.08557267128737,
            24.746851758067557
          ],
          [
            121.08558858157932,
            24.746841086109125
          ],
          [
            121.08560459074795,
            24.746830432149885
          ],
          [
            121.08562050103447,
            24.746819760188046
          ],
          [
            121.08563641133065,
            24.746809106281866
          ],
          [
            121.0856524204849,
            24.746798443288796
          ],
          [
            121.0856683307014,
            24.746787681035066
          ],
          [
            121.0856843398564,
            24.74677702706727
          ],
          [
            121.08570025012929,
            24.74676635509693
          ],
          [
            121.08571616041186,
            24.74675570118224
          ],
          [
            121.08573216955246,
            24.74674503818063
          ],
          [
            121.08574807981722,
            24.746734366205168
          ],
          [
            121.08576399002966,
            24.746723621998605
          ],
          [
            121.08577999915589,
            24.746712949963182
          ],
          [
            121.08579590942487,
            24.746702296039988
          ],
          [
            121.08581181968489,
            24.746691633086428
          ],
          [
            121.08582782880292,
            24.746680961045875
          ],
          [
            121.08584373906373,
            24.74667030711757
          ],
          [
            121.08585974811429,
            24.746659544786805
          ],
          [
            121.08587565836963,
            24.746648890855113
          ],
          [
            121.08587891948784,
            24.746646722102795
          ],
          [
            121.08589176653592,
            24.74663849864009
          ],
          [
            121.0859079735664,
            24.746628106366657
          ],
          [
            121.08592408165907,
            24.746617614832676
          ],
          [
            121.08594028868414,
            24.746607222555756
          ],
          [
            121.08595639683968,
            24.746596830333758
          ],
          [
            121.08597260385937,
            24.746586438053306
          ],
          [
            121.08598881087637,
            24.746576045771096
          ],
          [
            121.08600491902385,
            24.74656565354387
          ],
          [
            121.08602112603548,
            24.746555261258166
          ],
          [
            121.08603723417758,
            24.746544869027446
          ],
          [
            121.0860534411838,
            24.74653447673822
          ],
          [
            121.0860696481873,
            24.746524084447238
          ],
          [
            121.08608575632137,
            24.746513692211277
          ],
          [
            121.08610196331948,
            24.746503299916807
          ],
          [
            121.08611807144818,
            24.74649290767736
          ],
          [
            121.08613427844092,
            24.74648251537936
          ],
          [
            121.08615048543095,
            24.746472123079602
          ],
          [
            121.08616659355158,
            24.746461730834913
          ],
          [
            121.08618280053624,
            24.746451338531667
          ],
          [
            121.0861989086515,
            24.746440946283492
          ],
          [
            121.08621511563076,
            24.746430553976722
          ],
          [
            121.08623132260733,
            24.74642016166818
          ],
          [
            121.08624743071452,
            24.74640976941478
          ],
          [
            121.08626363768572,
            24.746399377102744
          ],
          [
            121.08627974572521,
            24.74638889455906
          ],
          [
            121.08629595269099,
            24.74637850224351
          ],
          [
            121.08631215965407,
            24.746368109926195
          ],
          [
            121.08632826774783,
            24.746357717664065
          ],
          [
            121.08634447470554,
            24.746347325343258
          ],
          [
            121.0863605827939,
            24.746336933077643
          ],
          [
            121.08637678974623,
            24.746326540753312
          ],
          [
            121.0863773826964,
            24.746326179264283
          ],
          [
            121.08639250198836,
            24.74631560699141
          ],
          [
            121.08640821422773,
            24.74630467322787
          ],
          [
            121.08642402533096,
            24.746293739405637
          ],
          [
            121.08643973756482,
            24.746282805638778
          ],
          [
            121.08645544979595,
            24.746271871870245
          ],
          [
            121.08647116202431,
            24.746260938100065
          ],
          [
            121.08648687424993,
            24.74625000432822
          ],
          [
            121.08650268533934,
            24.746239070497666
          ],
          [
            121.08651839755946,
            24.746228136722504
          ],
          [
            121.08653409982767,
            24.74621711266461
          ],
          [
            121.08654981204226,
            24.74620617888613
          ],
          [
            121.08656552425408,
            24.746195245106012
          ],
          [
            121.08658123646319,
            24.74618431132422
          ],
          [
            121.08659704753605,
            24.746173377483668
          ],
          [
            121.08661275973962,
            24.74616244369855
          ],
          [
            121.08662847194044,
            24.74615150991179
          ],
          [
            121.08664418413854,
            24.746140576123384
          ],
          [
            121.08665989633384,
            24.746129642333305
          ],
          [
            121.08667560852642,
            24.746118708541584
          ],
          [
            121.0866914195201,
            24.74610768440422
          ],
          [
            121.08670713170713,
            24.74609675060918
          ],
          [
            121.08672284389145,
            24.746085816812464
          ],
          [
            121.08673855607299,
            24.746074883014117
          ],
          [
            121.08675426825178,
            24.746063949214097
          ],
          [
            121.08676998042786,
            24.746053015412436
          ],
          [
            121.08678579146753,
            24.746042081551852
          ],
          [
            121.08680150363809,
            24.746031147746873
          ],
          [
            121.08681721580587,
            24.746020213940213
          ],
          [
            121.08683292797089,
            24.74600928013192
          ],
          [
            121.08684864007047,
            24.745998256035165
          ],
          [
            121.08686435222998,
            24.745987322223545
          ],
          [
            121.0868801632531,
            24.74597638835297
          ],
          [
            121.08689587540711,
            24.745965454538027
          ],
          [
            121.08691158755836,
            24.74595452072145
          ],
          [
            121.08692729970689,
            24.74594358690319
          ],
          [
            121.08694301185265,
            24.7459326530833
          ],
          [
            121.08695872399568,
            24.745921719261737
          ],
          [
            121.08697453500221,
            24.745910785381163
          ],
          [
            121.08699024713971,
            24.745899851556274
          ],
          [
            121.08700595921162,
            24.745888827442958
          ],
          [
            121.08702167134359,
            24.745877893614757
          ],
          [
            121.08703738347282,
            24.74586695978492
          ],
          [
            121.08704485415294,
            24.745861772982362
          ],
          [
            121.0870530955993,
            24.745856025953408
          ],
          [
            121.08706890658928,
            24.74584509206284
          ],
          [
            121.08708461871026,
            24.745834158228003
          ],
          [
            121.0871863491121,
            24.745758998499493
          ],
          [
            121.08727763462718,
            24.74569155527945
          ],
          [
            121.08729052012974,
            24.745682040572113
          ],
          [
            121.08729090550582,
            24.74568175142979
          ],
          [
            121.08730258545158,
            24.74567311320578
          ],
          [
            121.087315846446,
            24.745663318388353
          ],
          [
            121.08731625159515,
            24.745663029234464
          ],
          [
            121.08738949334123,
            24.745608913764215
          ],
          [
            121.08743215178838,
            24.745577396838524
          ],
          [
            121.08747503748576,
            24.745545708222984
          ],
          [
            121.08750887171524,
            24.745520706105776
          ],
          [
            121.08750925709666,
            24.74552042599158
          ],
          [
            121.08755605582307,
            24.74548584588933
          ],
          [
            121.0875658582532,
            24.74547859915869
          ],
          [
            121.08758077872446,
            24.745466762865643
          ],
          [
            121.08759569919292,
            24.745454926571114
          ],
          [
            121.08760082748735,
            24.74545086066636
          ],
          [
            121.08761061965853,
            24.7454430902751
          ],
          [
            121.08762563898722,
            24.745431253919776
          ],
          [
            121.08764055944718,
            24.745419417620745
          ],
          [
            121.0876554799043,
            24.74540758132023
          ],
          [
            121.0876704003586,
            24.745395745018207
          ],
          [
            121.08768532081007,
            24.74538390871469
          ],
          [
            121.0876928699697,
            24.745377927309548
          ],
          [
            121.0876997472018,
            24.74537246093216
          ],
          [
            121.08770024125873,
            24.745372072409676
          ],
          [
            121.08771516170454,
            24.745360236103174
          ],
          [
            121.08773891586803,
            24.7453414335093
          ],
          [
            121.08774510145352,
            24.745336563427788
          ],
          [
            121.08776002189086,
            24.745324727116778
          ],
          [
            121.08777494232535,
            24.745312890804286
          ],
          [
            121.08778986275705,
            24.745301054490284
          ],
          [
            121.08780023789585,
            24.745292832310895
          ],
          [
            121.087804387469,
            24.74528885725926
          ],
          [
            121.08781792282257,
            24.745275667451256
          ],
          [
            121.08783135930746,
            24.745262477699963
          ],
          [
            121.08784489465532,
            24.745249287889497
          ],
          [
            121.08785843000031,
            24.745236098077804
          ],
          [
            121.08787196534244,
            24.745222908264864
          ],
          [
            121.08788550068171,
            24.7452097184507
          ],
          [
            121.0878989371524,
            24.745196528693263
          ],
          [
            121.08791247248597,
            24.74518333887663
          ],
          [
            121.0879260078167,
            24.745170149058744
          ],
          [
            121.08793954320807,
            24.745157049526437
          ],
          [
            121.08795307853308,
            24.745143859706076
          ],
          [
            121.08796651498959,
            24.745130669942522
          ],
          [
            121.0879800503089,
            24.745117480119692
          ],
          [
            121.08799358562536,
            24.74510429029565
          ],
          [
            121.08800712093894,
            24.745091100470344
          ],
          [
            121.08802065624971,
            24.745077910643825
          ],
          [
            121.08803409269198,
            24.745064720874115
          ],
          [
            121.08804762799703,
            24.745051531045124
          ],
          [
            121.08806116336282,
            24.74503843150168
          ],
          [
            121.08807469866215,
            24.74502524167022
          ],
          [
            121.08808823395864,
            24.745012051837502
          ],
          [
            121.0881016703867,
            24.744998862061678
          ],
          [
            121.0881152056775,
            24.74498567222649
          ],
          [
            121.08812874096543,
            24.744972482390082
          ],
          [
            121.0881422762505,
            24.744959292552426
          ],
          [
            121.08815581153273,
            24.744946102713552
          ],
          [
            121.0881692479466,
            24.74493291293157
          ],
          [
            121.08817033476673,
            24.744931919137013
          ],
          [
            121.0881827832231,
            24.744919723090224
          ],
          [
            121.08819631849677,
            24.74490653324762
          ],
          [
            121.08820975490208,
            24.744893343461968
          ],
          [
            121.08822329017003,
            24.744880153616915
          ],
          [
            121.08823682543516,
            24.744866963770612
          ],
          [
            121.0882503606974,
            24.744853773923094
          ],
          [
            121.08826379709136,
            24.744840584132525
          ],
          [
            121.08827733241166,
            24.744827484569342
          ],
          [
            121.08829086766538,
            24.744814294718104
          ],
          [
            121.08830430405081,
            24.744801104923877
          ],
          [
            121.0883178392988,
            24.744787915070166
          ],
          [
            121.08833137454394,
            24.744774725215233
          ],
          [
            121.08834490978623,
            24.744761535359043
          ],
          [
            121.08835834616029,
            24.74474834555992
          ],
          [
            121.08837188139688,
            24.744735155701274
          ],
          [
            121.08838541663063,
            24.744721965841393
          ],
          [
            121.08839885299616,
            24.744708776038575
          ],
          [
            121.08841238822421,
            24.74469558617624
          ],
          [
            121.08842592344938,
            24.744682396312644
          ],
          [
            121.0884394586717,
            24.744669206447824
          ],
          [
            121.08845289502588,
            24.74465601664011
          ],
          [
            121.0884664302425,
            24.744642826772825
          ],
          [
            121.08847996545627,
            24.744629636904286
          ],
          [
            121.08849340180191,
            24.744616447092902
          ],
          [
            121.08850693700995,
            24.7446032572219
          ],
          [
            121.08852047221517,
            24.74459006734968
          ],
          [
            121.0885339085523,
            24.7445768775346
          ],
          [
            121.0885474437518,
            24.74456368765992
          ],
          [
            121.08856097894845,
            24.744550497783976
          ],
          [
            121.08857451414225,
            24.74453730790681
          ],
          [
            121.088587950468,
            24.744524118086826
          ],
          [
            121.08860148565608,
            24.744510928207198
          ],
          [
            121.08861502084133,
            24.744497738326313
          ],
          [
            121.08862845715855,
            24.74448454850266
          ],
          [
            121.0886419923381,
            24.74447135861933
          ],
          [
            121.08865552751476,
            24.744458168734738
          ],
          [
            121.08866906268858,
            24.744444978848932
          ],
          [
            121.08868249899446,
            24.744431789020364
          ],
          [
            121.08869603416258,
            24.744418599132096
          ],
          [
            121.08870956932785,
            24.74440540924257
          ],
          [
            121.088716801287,
            24.744398407731687
          ],
          [
            121.0887943669631,
            24.744323315374857
          ],
          [
            121.08886428565374,
            24.744255622003998
          ],
          [
            121.08886965030565,
            24.74425039121491
          ],
          [
            121.08887782078362,
            24.744242432099114
          ],
          [
            121.08889135597485,
            24.74422933247977
          ],
          [
            121.08890498996396,
            24.744216142513768
          ],
          [
            121.08891012740932,
            24.74421117368982
          ],
          [
            121.08891822842624,
            24.744202862494276
          ],
          [
            121.0889313678281,
            24.744189311671835
          ],
          [
            121.08894460615626,
            24.744175851076363
          ],
          [
            121.08895774561667,
            24.744162390538403
          ],
          [
            121.08897088507425,
            24.744148929999252
          ],
          [
            121.08898402446472,
            24.74413537917213
          ],
          [
            121.08899716391663,
            24.74412191863064
          ],
          [
            121.08901030336571,
            24.74410845808799
          ],
          [
            121.08902344274767,
            24.744094907257363
          ],
          [
            121.0890365821911,
            24.744081446712375
          ],
          [
            121.08904972163168,
            24.74406798616622
          ],
          [
            121.08906286106944,
            24.74405452561889
          ],
          [
            121.08907600044004,
            24.74404097478359
          ],
          [
            121.08908923873692,
            24.74402751417517
          ],
          [
            121.08910237816619,
            24.74401405362435
          ],
          [
            121.08911551752824,
            24.744000502785536
          ],
          [
            121.08912865695183,
            24.74398704223236
          ],
          [
            121.08914179637259,
            24.743973581678016
          ],
          [
            121.08915493579049,
            24.74396012112251
          ],
          [
            121.0891680751412,
            24.743946570279018
          ],
          [
            121.08918121455346,
            24.74393310972118
          ],
          [
            121.08919435396291,
            24.743919649162166
          ],
          [
            121.08920749330507,
            24.74390609831517
          ],
          [
            121.08922073157352,
            24.743892637694977
          ],
          [
            121.08923387097447,
            24.743879177132445
          ],
          [
            121.08924701037255,
            24.743865716568752
          ],
          [
            121.08926014970336,
            24.74385216571708
          ],
          [
            121.0892732890958,
            24.743838705151067
          ],
          [
            121.0892864284854,
            24.743825244583867
          ],
          [
            121.08929956780769,
            24.743811693728688
          ],
          [
            121.08931270719162,
            24.743798233159154
          ],
          [
            121.08932584657272,
            24.743784772588448
          ],
          [
            121.08933898595102,
            24.743771312016584
          ],
          [
            121.08935212526193,
            24.743757761156733
          ],
          [
            121.08936536349911,
            24.743744300523584
          ],
          [
            121.08937850286888,
            24.743730839948196
          ],
          [
            121.08939164217128,
            24.74371728908484
          ],
          [
            121.08940478153536,
            24.74370382850712
          ],
          [
            121.08941792089664,
            24.74369036792825
          ],
          [
            121.08943106025511,
            24.743676907348192
          ],
          [
            121.08943481432932,
            24.743673022773617
          ],
          [
            121.08944459526255,
            24.743663717391435
          ],
          [
            121.08945832818998,
            24.74365079817589
          ],
          [
            121.08947215991442,
            24.743637788613242
          ],
          [
            121.08948589277152,
            24.743624779108305
          ],
          [
            121.08949962562575,
            24.74361176960212
          ],
          [
            121.08951335854178,
            24.743598850381478
          ],
          [
            121.0895270913903,
            24.74358584087274
          ],
          [
            121.08954082423597,
            24.743572831362723
          ],
          [
            121.08955455707877,
            24.74355982185145
          ],
          [
            121.08956828998343,
            24.74354690262571
          ],
          [
            121.08958202282054,
            24.743533893111884
          ],
          [
            121.08959575565478,
            24.743520883596776
          ],
          [
            121.08960948855089,
            24.743507964367218
          ],
          [
            121.08962322137941,
            24.743494954849577
          ],
          [
            121.08963705306948,
            24.743481945271544
          ],
          [
            121.08965078589227,
            24.743468935751334
          ],
          [
            121.08966451877701,
            24.743456016516685
          ],
          [
            121.08967825159411,
            24.743443006993942
          ],
          [
            121.08969198440836,
            24.74342999746993
          ],
          [
            121.08970571721977,
            24.74341698794463
          ],
          [
            121.0897194500931,
            24.743404068704887
          ],
          [
            121.08973318289878,
            24.74339105917706
          ],
          [
            121.08974691570162,
            24.74337804964795
          ],
          [
            121.08976064856641,
            24.743365130404396
          ],
          [
            121.08977438136354,
            24.743352120872725
          ],
          [
            121.08978811415781,
            24.743339111339804
          ],
          [
            121.08980184694921,
            24.74332610180561
          ],
          [
            121.08981567866687,
            24.743313182497722
          ],
          [
            121.08982941145254,
            24.743300172960957
          ],
          [
            121.08984314422888,
            24.743287154394263
          ],
          [
            121.08985687708025,
            24.743274244170465
          ],
          [
            121.08987060985739,
            24.7432612346299
          ],
          [
            121.08988434263166,
            24.74324822508805
          ],
          [
            121.08989807540307,
            24.743235215544935
          ],
          [
            121.08991180823007,
            24.74322228725869
          ],
          [
            121.08992554100226,
            24.743209286741713
          ],
          [
            121.08993927375862,
            24.743196268166084
          ],
          [
            121.0899530065186,
            24.743183258617886
          ],
          [
            121.08996673934723,
            24.743170348383916
          ],
          [
            121.08998057096562,
            24.743157338773816
          ],
          [
            121.08999430371702,
            24.743144329221774
          ],
          [
            121.09000803653059,
            24.743131409955296
          ],
          [
            121.09001159316739,
            24.74312797691893
          ],
          [
            121.09002157141813,
            24.74311821994583
          ],
          [
            121.09003510630279,
            24.74310502993512
          ],
          [
            121.09004854232056,
            24.743091839982572
          ],
          [
            121.09006207719304,
            24.74307864094071
          ],
          [
            121.09007561207565,
            24.743065459954984
          ],
          [
            121.09008904808492,
            24.743052269998753
          ],
          [
            121.09010258295534,
            24.74303907998187
          ],
          [
            121.09011611781636,
            24.74302588093508
          ],
          [
            121.09012955381709,
            24.743012690975178
          ],
          [
            121.09014308868547,
            24.74299950998328
          ],
          [
            121.09015662354447,
            24.742986319961453
          ],
          [
            121.09017005953666,
            24.74297312999788
          ],
          [
            121.09018359438348,
            24.742959930944906
          ],
          [
            121.09019712923391,
            24.742946740919397
          ],
          [
            121.0902105652241,
            24.742933559980816
          ],
          [
            121.09022410006887,
            24.742920369952834
          ],
          [
            121.09023753604032,
            24.742907170954442
          ],
          [
            121.09025107087938,
            24.742893980923995
          ],
          [
            121.09026460572208,
            24.742880799920986
          ],
          [
            121.09027804168504,
            24.74286760091893
          ],
          [
            121.09029157651554,
            24.74285441088477
          ],
          [
            121.09030511127794,
            24.742841130562567
          ],
          [
            121.0903185472389,
            24.742827940585506
          ],
          [
            121.09033208206083,
            24.74281475054766
          ],
          [
            121.09034561687989,
            24.742801560508553
          ],
          [
            121.09035905283228,
            24.742788370527833
          ],
          [
            121.09037258764566,
            24.742775180486266
          ],
          [
            121.0903861224562,
            24.74276199044348
          ],
          [
            121.09039955840007,
            24.742748800459054
          ],
          [
            121.09041309320489,
            24.742735610413796
          ],
          [
            121.09042662800684,
            24.7427224203673
          ],
          [
            121.09044006394221,
            24.74270923037921
          ],
          [
            121.09045359873846,
            24.74269604033025
          ],
          [
            121.09046713353186,
            24.742682850280044
          ],
          [
            121.09048056945872,
            24.74266966028829
          ],
          [
            121.09049411413277,
            24.742656470229655
          ],
          [
            121.09050763903126,
            24.74264328018172
          ],
          [
            121.09052108483593,
            24.74263009018031
          ],
          [
            121.09053461961508,
            24.74261690012395
          ],
          [
            121.09054814450502,
            24.7426037100723
          ],
          [
            121.0905615804148,
            24.742590520073197
          ],
          [
            121.09057512507177,
            24.742577330007148
          ],
          [
            121.09058342373028,
            24.74256919917459
          ],
          [
            121.09058856097586,
            24.742564140005594
          ],
          [
            121.09060209574076,
            24.742550949943055
          ],
          [
            121.09061553157373,
            24.742537669652226
          ],
          [
            121.09062906633291,
            24.742524479587214
          ],
          [
            121.09064250222566,
            24.742511289580758
          ],
          [
            121.09065602709278,
            24.742498099519267
          ],
          [
            121.09066946297983,
            24.742484909510363
          ],
          [
            121.09068299772761,
            24.74247171944043
          ],
          [
            121.09069644342986,
            24.742458439136264
          ],
          [
            121.09070997817192,
            24.742445249063874
          ],
          [
            121.09072341404762,
            24.74243205905007
          ],
          [
            121.09073693889763,
            24.7424188689812
          ],
          [
            121.09075037476762,
            24.742405678964943
          ],
          [
            121.09076391931912,
            24.742392398594816
          ],
          [
            121.09077735518342,
            24.742379208576107
          ],
          [
            121.09079088990838,
            24.74236601849632
          ],
          [
            121.09080432576701,
            24.74235282847517
          ],
          [
            121.0908178604863,
            24.742339638392917
          ],
          [
            121.0908312864529,
            24.742326448375316
          ],
          [
            121.0908448309872,
            24.742313167997757
          ],
          [
            121.09085826683447,
            24.742299977971726
          ],
          [
            121.09087180154233,
            24.742286787884538
          ],
          [
            121.09088523738392,
            24.74227359785605
          ],
          [
            121.09089877208608,
            24.742260407766395
          ],
          [
            121.09091220785632,
            24.74224712744864
          ],
          [
            121.09092574255277,
            24.742233937356506
          ],
          [
            121.09093917838298,
            24.74222074732313
          ],
          [
            121.09095271307375,
            24.742207557228543
          ],
          [
            121.09096614889826,
            24.742194367192717
          ],
          [
            121.09097968351762,
            24.74218108680883
          ],
          [
            121.09099311933646,
            24.74216789677055
          ],
          [
            121.09100665401579,
            24.74215470667104
          ],
          [
            121.09102008982896,
            24.742141516630312
          ],
          [
            121.09103362450259,
            24.742128326528334
          ],
          [
            121.0910470603101,
            24.742115136485157
          ],
          [
            121.09106059491226,
            24.74210185609389
          ],
          [
            121.09107403071405,
            24.74208866604826
          ],
          [
            121.09108756537628,
            24.742075475941355
          ],
          [
            121.0911010011724,
            24.74206228589328
          ],
          [
            121.09111453582894,
            24.74204909578391
          ],
          [
            121.09112767522718,
            24.742036176774185
          ],
          [
            121.09112797155356,
            24.74203581544656
          ],
          [
            121.09114150620437,
            24.74202262533471
          ],
          [
            121.09115494198913,
            24.74200943528176
          ],
          [
            121.09116847663425,
            24.741996245167442
          ],
          [
            121.09118191241332,
            24.74198305511204
          ],
          [
            121.0911953481237,
            24.74196977476857
          ],
          [
            121.09120888276027,
            24.74195658465058
          ],
          [
            121.09122231853084,
            24.741943394591495
          ],
          [
            121.09123585316168,
            24.74193020447104
          ],
          [
            121.09124928886068,
            24.741916924122677
          ],
          [
            121.0912628234858,
            24.74190373399976
          ],
          [
            121.091276259245,
            24.74189054393577
          ],
          [
            121.09128969500135,
            24.74187735387058
          ],
          [
            121.09130322955201,
            24.741864073457126
          ],
          [
            121.09131666530268,
            24.74185088338948
          ],
          [
            121.09133019991357,
            24.7418376932604
          ],
          [
            121.09134363565855,
            24.741824503190312
          ],
          [
            121.09135717019778,
            24.741811222771926
          ],
          [
            121.09137060593709,
            24.741798032699386
          ],
          [
            121.09138404167354,
            24.741784842625645
          ],
          [
            121.09139757627018,
            24.74177165249039
          ],
          [
            121.09141101193495,
            24.74175837212735
          ],
          [
            121.09142454652586,
            24.741745181989646
          ],
          [
            121.09143798225097,
            24.741731991910985
          ],
          [
            121.09145151683617,
            24.741718801770816
          ],
          [
            121.09146495248955,
            24.74170552140288
          ],
          [
            121.09147838820613,
            24.74169233132057
          ],
          [
            121.0914919227828,
            24.74167914117669
          ],
          [
            121.09150535849369,
            24.741665951091942
          ],
          [
            121.09151889299856,
            24.741652670658763
          ],
          [
            121.09153232870379,
            24.741639480571564
          ],
          [
            121.09154586326903,
            24.741626290422754
          ],
          [
            121.09155929896856,
            24.74161310033309
          ],
          [
            121.09157273459914,
            24.741599819955393
          ],
          [
            121.09158626915583,
            24.741586629802885
          ],
          [
            121.09159970484683,
            24.74157343970957
          ],
          [
            121.09161323939782,
            24.741560249554603
          ],
          [
            121.091626675017,
            24.741546969172003
          ],
          [
            121.09164020956229,
            24.74153377901457
          ],
          [
            121.09165364524192,
            24.74152058891636
          ],
          [
            121.09166036308068,
            24.741513993866796
          ],
          [
            121.09166708091873,
            24.741507398816918
          ],
          [
            121.09168051652648,
            24.741494118429426
          ],
          [
            121.09169395213138,
            24.741480838040722
          ],
          [
            121.09170738779967,
            24.741467647937615
          ],
          [
            121.09172082339887,
            24.74145436754648
          ],
          [
            121.09173425906145,
            24.74144117744094
          ],
          [
            121.09174779351771,
            24.741427896986835
          ],
          [
            121.09176122910837,
            24.74141461659203
          ],
          [
            121.09177466476244,
            24.741401426482824
          ],
          [
            121.09178810034736,
            24.74138814608558
          ],
          [
            121.09180153599577,
            24.74137495597393
          ],
          [
            121.091814971575,
            24.74136167557425
          ],
          [
            121.09182840715141,
            24.74134839517333
          ],
          [
            121.09184184279127,
            24.741335205058025
          ],
          [
            121.09185527836198,
            24.741321924654674
          ],
          [
            121.09186871399616,
            24.74130873453694
          ],
          [
            121.09188214956117,
            24.74129545413116
          ],
          [
            121.09189558518968,
            24.74128226401098
          ],
          [
            121.09190902074899,
            24.741268983602744
          ],
          [
            121.09192245630541,
            24.7412557031933
          ],
          [
            121.0919358919254,
            24.741242513069462
          ],
          [
            121.09194932747617,
            24.741229232657584
          ],
          [
            121.09196276308384,
            24.741216033502617
          ],
          [
            121.09197629749146,
            24.74120275302765
          ],
          [
            121.09198973303363,
            24.74118947261208
          ],
          [
            121.09200316863941,
            24.74117628248214
          ],
          [
            121.09201660417591,
            24.74116300206415
          ],
          [
            121.092030039776,
            24.741149811931777
          ],
          [
            121.09204347530678,
            24.741136531511348
          ],
          [
            121.09205691083474,
            24.74112325108969
          ],
          [
            121.09207034642631,
            24.741110060953655
          ],
          [
            121.09208378194855,
            24.74109678052957
          ],
          [
            121.09209721753447,
            24.741083590391096
          ],
          [
            121.092110653051,
            24.741070309964577
          ],
          [
            121.09212408863122,
            24.741057119823655
          ],
          [
            121.09213752414207,
            24.74104383939468
          ],
          [
            121.09215095965007,
            24.741030558964503
          ],
          [
            121.09216439522176,
            24.741017368819932
          ],
          [
            121.09217783072407,
            24.741004088387314
          ],
          [
            121.0921912662901,
            24.7409908982403
          ],
          [
            121.09220480064906,
            24.74097761774442
          ],
          [
            121.0922182361428,
            24.740964337308142
          ],
          [
            121.09221952042121,
            24.740963072501714
          ],
          [
            121.09236610653593,
            24.740819687940498
          ],
          [
            121.09238353324811,
            24.740802640066843
          ],
          [
            121.09240905092595,
            24.740777678072643
          ],
          [
            121.09243787808751,
            24.740749481762876
          ],
          [
            121.09244510957306,
            24.74074240784043
          ],
          [
            121.09465861709494,
            24.738577210758823
          ],
          [
            121.094864,
            24.738377
          ]
        ]
      }
    }
  ]
}