{
  "type": "FeatureCollection",
  "features": [
    {
      "type": "Feature",
      "properties": {
        "track_id": "OD-CY-SHL",
        "source_track": "BB-ZY-SL-1",
        "point_count": 1898
      },
      "geometry": {
        "type": "LineString",
        "coordinates": [
          [
            120.41307532948764,
            23.44865387906937
          ],
          [
            120.41287969029385,
            23.448438298454736
          ],
          [
            120.41278487371194,
            23.448333814365885
          ],
          [
            120.41278468087063,
            23.448333600534728
          ],
          [
            120.41225477419205,
            23.447759867927726
          ],
          [
            120.41156706329393,
            23.446984488006102
          ],
          [
            120.41071957636778,
            23.44600540781016
          ],
          [
            120.40979903324451,
            23.444989141661384
          ],
          [
            120.40976400140792,
            23.444950465974166
          ],
          [
            120.40965422342536,
            23.444829270502268
          ],
          [
            120.40833458558609,
            23.443367465954655
          ],
          [
            120.4080606468301,
            23.443067286689246
          ],
          [
            120.4080577036365,
            23.443064059078203
          ],
          [
            120.40805554345923,
            23.44306169408282
          ],
          [
            120.40772419719525,
            23.44269860735772
          ],
          [
            120.40693803303736,
            23.44183338996254
          ],
          [
            120.40576706079548,
            23.440522236476184
          ],
          [
            120.40501231757479,
            23.439699378255067
          ],
          [
            120.40423272013,
            23.43885358860312
          ],
          [
            120.40335215412122,
            23.437867001588806
          ],
          [
            120.402593376724,
            23.43703821363077
          ],
          [
            120.40185636825302,
            23.43622188906153
          ],
          [
            120.40118091291843,
            23.435473667697355
          ],
          [
            120.4006783045642,
            23.43492322431587
          ],
          [
            120.40002272210714,
            23.43420498405113
          ],
          [
            120.39976884233856,
            23.433926143548195
          ],
          [
            120.39938143712193,
            23.43350064975619
          ],
          [
            120.3990350889639,
            23.433118547918436
          ],
          [
            120.39871219150238,
            23.432753665354454
          ],
          [
            120.39811500734758,
            23.432095123859114
          ],
          [
            120.39752189048515,
            23.431438255512695
          ],
          [
            120.39681584234586,
            23.43066494345867
          ],
          [
            120.39639494590295,
            23.430183403217853
          ],
          [
            120.39619211051824,
            23.429949465243087
          ],
          [
            120.39575418624648,
            23.429382904181544
          ],
          [
            120.39540732982245,
            23.428894676731648
          ],
          [
            120.39510384705144,
            23.42843164019718
          ],
          [
            120.39479901698586,
            23.427916773464652
          ],
          [
            120.39450591140513,
            23.427417176012966
          ],
          [
            120.39411317590846,
            23.426742544226492
          ],
          [
            120.39379208804274,
            23.426200382810237
          ],
          [
            120.39332596475853,
            23.42540193063372
          ],
          [
            120.3928647620579,
            23.42459879433932
          ],
          [
            120.39239736532981,
            23.423809684930273
          ],
          [
            120.39212080237718,
            23.423333775041314
          ],
          [
            120.39212059266033,
            23.423333414835025
          ],
          [
            120.39211954992251,
            23.423331619244266
          ],
          [
            120.3920487346889,
            23.423209761411716
          ],
          [
            120.39182085428443,
            23.422811692217433
          ],
          [
            120.39140978458241,
            23.422120798918698
          ],
          [
            120.39103811257311,
            23.421477295379553
          ],
          [
            120.3907235040897,
            23.42093785743713
          ],
          [
            120.39057437640528,
            23.420693524292282
          ],
          [
            120.39048371222738,
            23.420539559249814
          ],
          [
            120.39037525649856,
            23.42035537748629
          ],
          [
            120.39019957437758,
            23.420057030024065
          ],
          [
            120.38981398171417,
            23.41938753356943
          ],
          [
            120.38937257378304,
            23.418633968121878
          ],
          [
            120.38893112940823,
            23.41788088710646
          ],
          [
            120.38862180553019,
            23.417344933130167
          ],
          [
            120.38822392347623,
            23.416642989009222
          ],
          [
            120.38799160442163,
            23.416239194516475
          ],
          [
            120.38786894480029,
            23.416010413576043
          ],
          [
            120.38778837214744,
            23.41590086218684
          ],
          [
            120.3876959296277,
            23.415743917735803
          ],
          [
            120.38753081947785,
            23.4154408138599
          ],
          [
            120.38730781133246,
            23.414987181794636
          ],
          [
            120.38719788912437,
            23.414778296209075
          ],
          [
            120.38710507485821,
            23.414497597811
          ],
          [
            120.38702965479179,
            23.414266678134243
          ],
          [
            120.38689019479618,
            23.413867937350734
          ],
          [
            120.38682678603936,
            23.413556332831135
          ],
          [
            120.38678193684129,
            23.41337901597489
          ],
          [
            120.38669924111502,
            23.41305206818467
          ],
          [
            120.38665067638023,
            23.41282387239804
          ],
          [
            120.3865823378442,
            23.41246670967941
          ],
          [
            120.38655188439955,
            23.41217043082981
          ],
          [
            120.38651232614414,
            23.411638244189735
          ],
          [
            120.38650558856743,
            23.41144468152303
          ],
          [
            120.38650842550824,
            23.411101605811904
          ],
          [
            120.38649786225761,
            23.410910374081404
          ],
          [
            120.38647788547156,
            23.410544894058408
          ],
          [
            120.38645322078965,
            23.410086520281727
          ],
          [
            120.38644111330713,
            23.409910653174368
          ],
          [
            120.38639976980927,
            23.409273525483197
          ],
          [
            120.38630515157719,
            23.407935902626264
          ],
          [
            120.38628407811746,
            23.407603240075797
          ],
          [
            120.38625569614887,
            23.40721770756339
          ],
          [
            120.38618603380888,
            23.406278064730216
          ],
          [
            120.3861493066328,
            23.40576584669295
          ],
          [
            120.38612752351858,
            23.405462023705002
          ],
          [
            120.38606373807845,
            23.404587057919002
          ],
          [
            120.3860585924462,
            23.404518166539592
          ],
          [
            120.38605839336877,
            23.404515509156393
          ],
          [
            120.3860583731438,
            23.404515227343566
          ],
          [
            120.38605836020864,
            23.404515062045313
          ],
          [
            120.38600350995094,
            23.40378057263155
          ],
          [
            120.38595054851768,
            23.403026135348167
          ],
          [
            120.38594921127384,
            23.40301103026687
          ],
          [
            120.38588345377681,
            23.402268339307955
          ],
          [
            120.38585164292336,
            23.40199598756789
          ],
          [
            120.38580722285987,
            23.401718556599636
          ],
          [
            120.38575993195862,
            23.401476005935454
          ],
          [
            120.3856918007745,
            23.401161612578484
          ],
          [
            120.38558600004988,
            23.400754946068567
          ],
          [
            120.38542597585949,
            23.400278599110397
          ],
          [
            120.38522632520593,
            23.399782356721445
          ],
          [
            120.38508056085256,
            23.399474879836113
          ],
          [
            120.38489276413445,
            23.399108732559593
          ],
          [
            120.38463069239212,
            23.398654007133576
          ],
          [
            120.38442011692749,
            23.398333417670244
          ],
          [
            120.38441980215244,
            23.398332939650807
          ],
          [
            120.38441862468939,
            23.398331145283503
          ],
          [
            120.38433797577366,
            23.398208360259265
          ],
          [
            120.38404734470626,
            23.397837219715978
          ],
          [
            120.38374522857801,
            23.3974700859934
          ],
          [
            120.38335902869115,
            23.397068956484453
          ],
          [
            120.38322731796043,
            23.396937335052307
          ],
          [
            120.38310298131424,
            23.396813083938216
          ],
          [
            120.38306066456644,
            23.39677079596594
          ],
          [
            120.38305772262687,
            23.39676806815494
          ],
          [
            120.38305549862946,
            23.396766007779547
          ],
          [
            120.38305502129052,
            23.39676556613849
          ],
          [
            120.38286705892449,
            23.396598664627245
          ],
          [
            120.38270335873247,
            23.39645751361294
          ],
          [
            120.38242479112817,
            23.39623064364567
          ],
          [
            120.38215352912717,
            23.396015699889677
          ],
          [
            120.3818414630796,
            23.39576508867778
          ],
          [
            120.38137086370071,
            23.39539137315099
          ],
          [
            120.38110836515777,
            23.39517935006475
          ],
          [
            120.3809296719722,
            23.395030596083753
          ],
          [
            120.38072028445852,
            23.39484667519341
          ],
          [
            120.38051637394186,
            23.3946569126046
          ],
          [
            120.38031930443701,
            23.394468406747563
          ],
          [
            120.38017856703891,
            23.394328041272598
          ],
          [
            120.37994676102858,
            23.394082665852892
          ],
          [
            120.37977122637015,
            23.393885653663663
          ],
          [
            120.37958400076162,
            23.39366735199901
          ],
          [
            120.37943415319087,
            23.39348074632084
          ],
          [
            120.37924976368934,
            23.393243164902874
          ],
          [
            120.37904015462968,
            23.39295215781259
          ],
          [
            120.37882583980229,
            23.392664306669605
          ],
          [
            120.37857064131843,
            23.392310042920922
          ],
          [
            120.37834056308326,
            23.391993917190103
          ],
          [
            120.37805513005223,
            23.391600649554746
          ],
          [
            120.37765167518198,
            23.39104385206079
          ],
          [
            120.37749546101591,
            23.390832249680805
          ],
          [
            120.37727304327186,
            23.390518984691422
          ],
          [
            120.37709023323912,
            23.39027209902356
          ],
          [
            120.37686068656974,
            23.389952992496408
          ],
          [
            120.3766230614118,
            23.38962571837441
          ],
          [
            120.37636092216705,
            23.389270548414427
          ],
          [
            120.37609924362226,
            23.388904408506892
          ],
          [
            120.37588976610552,
            23.3886145283427
          ],
          [
            120.37574755976411,
            23.388418959509817
          ],
          [
            120.37545715479062,
            23.388018149960928
          ],
          [
            120.37505079202047,
            23.38746019469086
          ],
          [
            120.37481168184613,
            23.387129585309548
          ],
          [
            120.37450806229458,
            23.38671271204789
          ],
          [
            120.374304363572,
            23.38643444823834
          ],
          [
            120.37405923863207,
            23.38609096679068
          ],
          [
            120.37378587930404,
            23.385713824837783
          ],
          [
            120.37353314937421,
            23.38536841945468
          ],
          [
            120.37333282708815,
            23.385091950436756
          ],
          [
            120.37310241290274,
            23.384775115978353
          ],
          [
            120.37287840126379,
            23.384466840139474
          ],
          [
            120.37263094302725,
            23.384122853201568
          ],
          [
            120.37243612799843,
            23.383853867478663
          ],
          [
            120.37223284782303,
            23.383577459254195
          ],
          [
            120.37212332292661,
            23.383426599104514
          ],
          [
            120.37206577307785,
            23.38334733002501
          ],
          [
            120.37198584079651,
            23.38323723047725
          ],
          [
            120.37175090437273,
            23.382909884940837
          ],
          [
            120.3715607666094,
            23.382650905838897
          ],
          [
            120.37134435581622,
            23.382352005261225
          ],
          [
            120.37112971882496,
            23.382059883062038
          ],
          [
            120.37093827459773,
            23.381789711695326
          ],
          [
            120.37073901034982,
            23.381517446200736
          ],
          [
            120.37049946671135,
            23.38118677713735
          ],
          [
            120.37026674035342,
            23.380865656315137
          ],
          [
            120.37004128864005,
            23.38056181341496
          ],
          [
            120.36980340689388,
            23.380227127168787
          ],
          [
            120.36953671877136,
            23.37986208955873
          ],
          [
            120.36928490896224,
            23.379515803443425
          ],
          [
            120.36901542333884,
            23.37914471266163
          ],
          [
            120.36860866965178,
            23.37858619128084
          ],
          [
            120.36826970297781,
            23.378117355163294
          ],
          [
            120.36785897833116,
            23.377550544422167
          ],
          [
            120.36740180037516,
            23.37691893203941
          ],
          [
            120.36736704723702,
            23.376870918437188
          ],
          [
            120.367269366179,
            23.3767359666275
          ],
          [
            120.36655594510358,
            23.375754606494855
          ],
          [
            120.36600201726783,
            23.374987241515125
          ],
          [
            120.36549301110703,
            23.3742852709463
          ],
          [
            120.36501148962813,
            23.373580052991418
          ],
          [
            120.36484432805678,
            23.37333371164455
          ],
          [
            120.36484399294618,
            23.37333321725001
          ],
          [
            120.36484277488086,
            23.37333142257327
          ],
          [
            120.36458050130123,
            23.37291868227938
          ],
          [
            120.364424176613,
            23.37267024080288
          ],
          [
            120.36416894527366,
            23.37225587957592
          ],
          [
            120.3639803212688,
            23.371938602192696
          ],
          [
            120.36395554616067,
            23.37189933416376
          ],
          [
            120.36387624476068,
            23.371770933970986
          ],
          [
            120.36376617039407,
            23.371590783602812
          ],
          [
            120.36332089966993,
            23.370879272325382
          ],
          [
            120.36302204399225,
            23.370386314031176
          ],
          [
            120.36261209974523,
            23.369729621702152
          ],
          [
            120.36250315660799,
            23.369554156182193
          ],
          [
            120.36223407036654,
            23.36911805183108
          ],
          [
            120.36184354515945,
            23.368513995369682
          ],
          [
            120.3614101872121,
            23.36781299030784
          ],
          [
            120.36107419357137,
            23.367397373427664
          ],
          [
            120.3604400178114,
            23.36634498926669
          ],
          [
            120.36032860868325,
            23.366160111178843
          ],
          [
            120.35908266666274,
            23.36407311861657
          ],
          [
            120.35879101881801,
            23.36360291293259
          ],
          [
            120.35855876055024,
            23.363226653738547
          ],
          [
            120.35825199252069,
            23.36273443333046
          ],
          [
            120.35806076523244,
            23.36242718404411
          ],
          [
            120.3580578224324,
            23.36242245834928
          ],
          [
            120.35805555224522,
            23.36241881268412
          ],
          [
            120.35805555150992,
            23.362445385959422
          ],
          [
            120.35744320923247,
            23.36147639682286
          ],
          [
            120.35671984158726,
            23.360298096659466
          ],
          [
            120.35625005434696,
            23.359526851930323
          ],
          [
            120.355870718277,
            23.35891376259796
          ],
          [
            120.35543255329807,
            23.35820221514817
          ],
          [
            120.35498141148864,
            23.357476473947976
          ],
          [
            120.35466670528841,
            23.356968077429613
          ],
          [
            120.35459898483319,
            23.35685867689644
          ],
          [
            120.35458386689714,
            23.356834491095373
          ],
          [
            120.35421843320542,
            23.3562498579001
          ],
          [
            120.35383375565108,
            23.35563378888945
          ],
          [
            120.35340774696475,
            23.354945323213336
          ],
          [
            120.35299251558017,
            23.354286090202386
          ],
          [
            120.35257242780011,
            23.353609861555416
          ],
          [
            120.35229231827807,
            23.35315706708547
          ],
          [
            120.35223554609783,
            23.35306529393309
          ],
          [
            120.35223151200621,
            23.353058803680824
          ],
          [
            120.35169912835919,
            23.35220217123759
          ],
          [
            120.35115646543808,
            23.351329726341167
          ],
          [
            120.35069200958762,
            23.350583769318586
          ],
          [
            120.35020525418695,
            23.349797974035415
          ],
          [
            120.34970650636303,
            23.34899495342124
          ],
          [
            120.34929275641676,
            23.34833376555505
          ],
          [
            120.34929252836646,
            23.348333401603842
          ],
          [
            120.34929140461692,
            23.348331607200237
          ],
          [
            120.34869768326534,
            23.347376433394157
          ],
          [
            120.34793941278625,
            23.34615690258622
          ],
          [
            120.34739947157249,
            23.34528934413728
          ],
          [
            120.34701221061425,
            23.344666507949537
          ],
          [
            120.34659697563438,
            23.343997221489573
          ],
          [
            120.34610246857333,
            23.343201238004635
          ],
          [
            120.34563396229935,
            23.342450039058598
          ],
          [
            120.34554407523034,
            23.3423052620835
          ],
          [
            120.34476632364367,
            23.341052231225092
          ],
          [
            120.34410105945885,
            23.33998251314002
          ],
          [
            120.34348702522537,
            23.33899681390104
          ],
          [
            120.34336768435762,
            23.33880528433497
          ],
          [
            120.34326097450706,
            23.33863402477577
          ],
          [
            120.34302426787376,
            23.338254129465
          ],
          [
            120.342424370649,
            23.337280233387503
          ],
          [
            120.34168404615757,
            23.33608859380993
          ],
          [
            120.3415823116269,
            23.3359249753086
          ],
          [
            120.34154732164312,
            23.33586870082254
          ],
          [
            120.3410275891583,
            23.335032814161366
          ],
          [
            120.34043642533814,
            23.334084103862537
          ],
          [
            120.33984197477378,
            23.33313511655789
          ],
          [
            120.33921920761202,
            23.332130245904896
          ],
          [
            120.33857085495912,
            23.33108854092844
          ],
          [
            120.33815487736939,
            23.330411857320257
          ],
          [
            120.3376942102506,
            23.32967157635505
          ],
          [
            120.33725220056137,
            23.32896160433294
          ],
          [
            120.33711352243837,
            23.32874005312587
          ],
          [
            120.33707159778568,
            23.328673073119145
          ],
          [
            120.3369565440888,
            23.32848926215114
          ],
          [
            120.3368730598959,
            23.32835588692398
          ],
          [
            120.33638163806803,
            23.32756372952248
          ],
          [
            120.33577956711711,
            23.32659733023995
          ],
          [
            120.33526942918304,
            23.32576839238186
          ],
          [
            120.33477671983553,
            23.32497523219009
          ],
          [
            120.33442666461167,
            23.324417390926648
          ],
          [
            120.33438234173833,
            23.324346758250908
          ],
          [
            120.33412738400747,
            23.323940458060864
          ],
          [
            120.3337472241389,
            23.323333359061277
          ],
          [
            120.33374699035083,
            23.323332986033538
          ],
          [
            120.33374586700552,
            23.3233311933282
          ],
          [
            120.33369366627534,
            23.323233793815106
          ],
          [
            120.33342398788814,
            23.322789718149725
          ],
          [
            120.3330608262988,
            23.322213185753746
          ],
          [
            120.33305788348737,
            23.32220841986586
          ],
          [
            120.33305549742823,
            23.322204554827024
          ],
          [
            120.33293187657124,
            23.322004288058274
          ],
          [
            120.33230928091255,
            23.32100100845924
          ],
          [
            120.33192955596934,
            23.320392132605395
          ],
          [
            120.33158319754959,
            23.31983413111176
          ],
          [
            120.33110556695885,
            23.319064086397013
          ],
          [
            120.33075098404792,
            23.31849857120177
          ],
          [
            120.3303277262778,
            23.317814303344253
          ],
          [
            120.33019219484927,
            23.317593707721787
          ],
          [
            120.32992476118122,
            23.317168230210505
          ],
          [
            120.32960578965138,
            23.31665399679796
          ],
          [
            120.32919703379162,
            23.316001035204803
          ],
          [
            120.32891207725534,
            23.31554016849294
          ],
          [
            120.32847730541204,
            23.31484290652408
          ],
          [
            120.3282710979503,
            23.31450869416464
          ],
          [
            120.32823672917083,
            23.314453379309402
          ],
          [
            120.3278660662323,
            23.313859070860318
          ],
          [
            120.32734794422979,
            23.313023985494382
          ],
          [
            120.32694338469692,
            23.31237399165259
          ],
          [
            120.32689790088124,
            23.312300913831688
          ],
          [
            120.32684852408127,
            23.312221580488853
          ],
          [
            120.32644415905028,
            23.311574294301614
          ],
          [
            120.32629261034523,
            23.311328738206317
          ],
          [
            120.32597695221548,
            23.310819374425492
          ],
          [
            120.32574536785656,
            23.310427444040133
          ],
          [
            120.32552768449834,
            23.31012316995408
          ],
          [
            120.32518787526185,
            23.309579901607133
          ],
          [
            120.3248377771712,
            23.309023747640055
          ],
          [
            120.3247278489173,
            23.308872955315294
          ],
          [
            120.32453765203279,
            23.308577969095264
          ],
          [
            120.32439537030402,
            23.308340234044383
          ],
          [
            120.32400879897453,
            23.307574139999495
          ],
          [
            120.32380744345457,
            23.307169302411005
          ],
          [
            120.32366037092088,
            23.306852887048365
          ],
          [
            120.32344006433188,
            23.306498959955775
          ],
          [
            120.32322456259918,
            23.30615275196423
          ],
          [
            120.32274255793847,
            23.305303281097828
          ],
          [
            120.32220199911573,
            23.30448830472086
          ],
          [
            120.3218660340543,
            23.304035851124514
          ],
          [
            120.32173671747847,
            23.30373391896835
          ],
          [
            120.32159768458355,
            23.303420050414868
          ],
          [
            120.32146949322836,
            23.303171167550886
          ],
          [
            120.32145125502711,
            23.3031317126194
          ],
          [
            120.3211821522981,
            23.30254870201644
          ],
          [
            120.32100867608709,
            23.302148111874043
          ],
          [
            120.3208912806204,
            23.30185655819674
          ],
          [
            120.32081892510904,
            23.301645301518377
          ],
          [
            120.32076841389647,
            23.301466024190404
          ],
          [
            120.32072785373339,
            23.301290091302118
          ],
          [
            120.32068660458526,
            23.301097572811265
          ],
          [
            120.32065790859544,
            23.30088862451146
          ],
          [
            120.32063532746311,
            23.300624474596734
          ],
          [
            120.32062902595841,
            23.30038435166847
          ],
          [
            120.32063222769456,
            23.300202798453338
          ],
          [
            120.32064107238574,
            23.300044318638154
          ],
          [
            120.32065301362444,
            23.299895953140364
          ],
          [
            120.32067631412,
            23.299755412540293
          ],
          [
            120.32071607782439,
            23.29954551373202
          ],
          [
            120.32076835947422,
            23.299323151801616
          ],
          [
            120.32081900195729,
            23.29914614653166
          ],
          [
            120.32088752231468,
            23.298930150556902
          ],
          [
            120.32096210953665,
            23.29871144834694
          ],
          [
            120.32107466949304,
            23.29838721665413
          ],
          [
            120.32109361967458,
            23.298333800714847
          ],
          [
            120.3211807702356,
            23.29808815138128
          ],
          [
            120.32130528193593,
            23.297760127156494
          ],
          [
            120.32142331470276,
            23.29742145012573
          ],
          [
            120.32143168648813,
            23.297397429637748
          ],
          [
            120.32155134014246,
            23.29706864188278
          ],
          [
            120.32169324335648,
            23.296674651899483
          ],
          [
            120.3219315039352,
            23.296004222509268
          ],
          [
            120.3221427757897,
            23.295419482316845
          ],
          [
            120.32232994047503,
            23.294875484637046
          ],
          [
            120.3223865526304,
            23.294712077419533
          ],
          [
            120.32240533831465,
            23.29464749501784
          ],
          [
            120.32248750705887,
            23.294371140319093
          ],
          [
            120.3225646441422,
            23.29407908781276
          ],
          [
            120.32262644256238,
            23.293818164825108
          ],
          [
            120.32268403254591,
            23.293550235337673
          ],
          [
            120.32272683365191,
            23.293308180531398
          ],
          [
            120.32275712083597,
            23.293117491902727
          ],
          [
            120.32278099173392,
            23.29293190819147
          ],
          [
            120.32279690960725,
            23.29275433402748
          ],
          [
            120.32281507359735,
            23.292523104470128
          ],
          [
            120.32282341602402,
            23.2923009383188
          ],
          [
            120.32283189818286,
            23.29207877637554
          ],
          [
            120.3228287454874,
            23.29180017566977
          ],
          [
            120.32283067392338,
            23.291519491101745
          ],
          [
            120.32282365846055,
            23.291229768647728
          ],
          [
            120.32282333337497,
            23.291174035191624
          ],
          [
            120.3228222795834,
            23.290993567654198
          ],
          [
            120.32282200366924,
            23.290946277428045
          ],
          [
            120.32281561330538,
            23.290649707518902
          ],
          [
            120.32281153082256,
            23.290359538070376
          ],
          [
            120.3228061472892,
            23.2899938065419
          ],
          [
            120.32280176457739,
            23.289644728773716
          ],
          [
            120.32279612227308,
            23.289347537172777
          ],
          [
            120.32279551009717,
            23.289261792265236
          ],
          [
            120.32279470696889,
            23.289149254613907
          ],
          [
            120.32279401794186,
            23.289052807955894
          ],
          [
            120.32278963929643,
            23.28872398709582
          ],
          [
            120.32278613963184,
            23.288325955296266
          ],
          [
            120.32277728940932,
            23.28799623558444
          ],
          [
            120.32277574241694,
            23.28774978114223
          ],
          [
            120.32277433864651,
            23.287480424595174
          ],
          [
            120.32276981026173,
            23.287179076713112
          ],
          [
            120.3227639141478,
            23.286804527770506
          ],
          [
            120.32276127491659,
            23.286543645002617
          ],
          [
            120.32275638414173,
            23.286221568122755
          ],
          [
            120.32275364963346,
            23.28599072674115
          ],
          [
            120.32274590012238,
            23.285709712137447
          ],
          [
            120.32274050700944,
            23.285416216533907
          ],
          [
            120.32273603827439,
            23.28511718682725
          ],
          [
            120.32273365273863,
            23.28491243361249
          ],
          [
            120.32272856262068,
            23.28458957381189
          ],
          [
            120.32272678653193,
            23.284295257605965
          ],
          [
            120.32272365984622,
            23.284053053865414
          ],
          [
            120.32271916890177,
            23.2838378384363
          ],
          [
            120.32271935341574,
            23.2836946897449
          ],
          [
            120.32271630259864,
            23.2836094760494
          ],
          [
            120.32270416959537,
            23.282917713084505
          ],
          [
            120.32269166520065,
            23.2820717308986
          ],
          [
            120.32268073871757,
            23.281238455197016
          ],
          [
            120.32267253478518,
            23.280280470897598
          ],
          [
            120.32265368183357,
            23.279429247123883
          ],
          [
            120.32264190581193,
            23.27865030268608
          ],
          [
            120.32263265650582,
            23.27793688069453
          ],
          [
            120.32262793469846,
            23.277618000966953
          ],
          [
            120.32261773912944,
            23.276929459477625
          ],
          [
            120.32261077533187,
            23.27649894032806
          ],
          [
            120.32260003605532,
            23.275626714929874
          ],
          [
            120.32258448621896,
            23.274634772607335
          ],
          [
            120.32257432748993,
            23.27369007213515
          ],
          [
            120.32257204400645,
            23.27353239510252
          ],
          [
            120.32256698465105,
            23.27318297688897
          ],
          [
            120.32256291685354,
            23.272902086096153
          ],
          [
            120.32254684948414,
            23.271892656441544
          ],
          [
            120.32253513969738,
            23.271047859468542
          ],
          [
            120.32252570481194,
            23.27025786259542
          ],
          [
            120.32251284819267,
            23.269440774449087
          ],
          [
            120.32250445894661,
            23.268718270287163
          ],
          [
            120.32248920731966,
            23.2679225311951
          ],
          [
            120.32248455467968,
            23.267498477086598
          ],
          [
            120.32248349887583,
            23.267402256144255
          ],
          [
            120.3224801745116,
            23.26709920785288
          ],
          [
            120.3224695493465,
            23.2663491866637
          ],
          [
            120.32245871114388,
            23.26559316766606
          ],
          [
            120.32244866157808,
            23.26496533731344
          ],
          [
            120.32243783025363,
            23.264201967799522
          ],
          [
            120.32242689065653,
            23.263549136659016
          ],
          [
            120.32242032488087,
            23.262918697969145
          ],
          [
            120.32241661928605,
            23.262276755615517
          ],
          [
            120.32240579740252,
            23.2617508568274
          ],
          [
            120.3223974657294,
            23.26126499151938
          ],
          [
            120.32239699980515,
            23.261193986616007
          ],
          [
            120.3223957381711,
            23.26100160062303
          ],
          [
            120.32239420181742,
            23.26093045113293
          ],
          [
            120.32238558265509,
            23.2605314251536
          ],
          [
            120.32237629444789,
            23.259940917791237
          ],
          [
            120.32237065671443,
            23.259443760244018
          ],
          [
            120.32236192474655,
            23.2587948374047
          ],
          [
            120.32235224278072,
            23.258179371996015
          ],
          [
            120.3223472338435,
            23.257707849624754
          ],
          [
            120.32234639282386,
            23.257686300405283
          ],
          [
            120.32234244547143,
            23.25758518073355
          ],
          [
            120.32233313503201,
            23.257346712316306
          ],
          [
            120.32231488807786,
            23.257008682933666
          ],
          [
            120.3222620037695,
            23.256358008975933
          ],
          [
            120.32221314509552,
            23.255744507195395
          ],
          [
            120.32216358692045,
            23.25510145435305
          ],
          [
            120.3221111814816,
            23.254482532693956
          ],
          [
            120.3220597281466,
            23.253881621827844
          ],
          [
            120.3220110067197,
            23.253259830873095
          ],
          [
            120.32196006548601,
            23.25264438108607
          ],
          [
            120.32191293700917,
            23.25202737738591
          ],
          [
            120.32187023565234,
            23.251472071331538
          ],
          [
            120.32181710525883,
            23.250840818444225
          ],
          [
            120.32177593499011,
            23.250327432610366
          ],
          [
            120.32177195908929,
            23.250277853319403
          ],
          [
            120.32176676696464,
            23.25021311099835
          ],
          [
            120.32172431923118,
            23.24968591451884
          ],
          [
            120.32168138925059,
            23.249154420339636
          ],
          [
            120.32164270995659,
            23.248667872406255
          ],
          [
            120.32161799167925,
            23.248333784278447
          ],
          [
            120.32161796329905,
            23.248333405798284
          ],
          [
            120.32161782969527,
            23.248331611860532
          ],
          [
            120.32153576878234,
            23.24732855020123
          ],
          [
            120.32148112961224,
            23.24662730147517
          ],
          [
            120.32147262389037,
            23.24651813609326
          ],
          [
            120.32144437068582,
            23.245838449354654
          ],
          [
            120.32125948103825,
            23.243016269403387
          ],
          [
            120.32123083541543,
            23.24257901078224
          ],
          [
            120.32120405551551,
            23.24217023132633
          ],
          [
            120.32114023057312,
            23.24119596216461
          ],
          [
            120.32105426620285,
            23.240572215817192
          ],
          [
            120.32096194303226,
            23.240067996698553
          ],
          [
            120.32090423206171,
            23.23945760490158
          ],
          [
            120.32088314398261,
            23.23920885130214
          ],
          [
            120.3208316445325,
            23.238536679369975
          ],
          [
            120.32081197895371,
            23.238292269909596
          ],
          [
            120.3208056538768,
            23.23821366781394
          ],
          [
            120.32077184711724,
            23.237793522601944
          ],
          [
            120.32067873360049,
            23.236902771348305
          ],
          [
            120.32061090681503,
            23.23620564185176
          ],
          [
            120.32056889788095,
            23.235682802288252
          ],
          [
            120.32056258644212,
            23.23560425259533
          ],
          [
            120.32050486739126,
            23.234885881984972
          ],
          [
            120.3204681840803,
            23.234448825334415
          ],
          [
            120.32046049285889,
            23.2343571833444
          ],
          [
            120.3204333790922,
            23.234034142352925
          ],
          [
            120.32036600780306,
            23.233194061029582
          ],
          [
            120.32030601395307,
            23.232426836898767
          ],
          [
            120.32024263385286,
            23.231618151099408
          ],
          [
            120.32017508847764,
            23.230769426089587
          ],
          [
            120.32010907987555,
            23.22990313427741
          ],
          [
            120.32004040350695,
            23.22905053931361
          ],
          [
            120.31997962792532,
            23.228330033651122
          ],
          [
            120.3199211007341,
            23.227667482472995
          ],
          [
            120.31987339051848,
            23.226989473459472
          ],
          [
            120.31980652163783,
            23.226187535435713
          ],
          [
            120.31974601122917,
            23.225413373235337
          ],
          [
            120.31967933336549,
            23.22456048837916
          ],
          [
            120.31960607682764,
            23.223638729025794
          ],
          [
            120.31958082112817,
            23.223333794484354
          ],
          [
            120.31958079348249,
            23.223333465671264
          ],
          [
            120.31958064624311,
            23.223331671668124
          ],
          [
            120.31956257237277,
            23.223113437616654
          ],
          [
            120.31956194165105,
            23.223105827078268
          ],
          [
            120.31952396987813,
            23.222647381874136
          ],
          [
            120.31944937615901,
            23.221681351217516
          ],
          [
            120.31938097715629,
            23.220874492709992
          ],
          [
            120.31931502859113,
            23.220018990843826
          ],
          [
            120.31924078967796,
            23.21914169960531
          ],
          [
            120.31918328203892,
            23.218375450918348
          ],
          [
            120.31911642559442,
            23.217562801414395
          ],
          [
            120.31904412969061,
            23.216674628041474
          ],
          [
            120.31896933514035,
            23.21573620777411
          ],
          [
            120.31889876337598,
            23.214899664615682
          ],
          [
            120.31884264760775,
            23.21414565631132
          ],
          [
            120.3187660515227,
            23.213169924764674
          ],
          [
            120.31870107861374,
            23.212322099927256
          ],
          [
            120.31865265429835,
            23.211733988660793
          ],
          [
            120.3186417534192,
            23.211601593386852
          ],
          [
            120.31863349744594,
            23.211501327657228
          ],
          [
            120.3185620319926,
            23.2106355859554
          ],
          [
            120.31849828870939,
            23.20983659164038
          ],
          [
            120.31842175376642,
            23.208897765592685
          ],
          [
            120.31836497413063,
            23.208215190541075
          ],
          [
            120.31829582336695,
            23.20732915799072
          ],
          [
            120.31827827596287,
            23.20694389495878
          ],
          [
            120.3182736704945,
            23.20656703267354
          ],
          [
            120.3182816125369,
            23.20618944726194
          ],
          [
            120.3182952684256,
            23.205827300901827
          ],
          [
            120.318319187537,
            23.205458472507953
          ],
          [
            120.31836105464936,
            23.20495999513615
          ],
          [
            120.31841525517271,
            23.204360353216497
          ],
          [
            120.31847251723879,
            23.203773340384405
          ],
          [
            120.31853262612783,
            23.203098521563216
          ],
          [
            120.31859127410345,
            23.202447933009037
          ],
          [
            120.31863040410074,
            23.202003325867963
          ],
          [
            120.31870723783277,
            23.201214357959785
          ],
          [
            120.31873222324191,
            23.200943092874024
          ],
          [
            120.31875296694633,
            23.20071788259989
          ],
          [
            120.31877437841528,
            23.20048541593785
          ],
          [
            120.31885342146143,
            23.199608992126706
          ],
          [
            120.31895721037792,
            23.198769647074478
          ],
          [
            120.31899301201716,
            23.198333806928026
          ],
          [
            120.31902388634802,
            23.19802558361988
          ],
          [
            120.31919361757244,
            23.196163080804087
          ],
          [
            120.31949647164586,
            23.193565036828222
          ],
          [
            120.31957126040749,
            23.192747023808366
          ],
          [
            120.31961698682174,
            23.192246884463955
          ],
          [
            120.31970496066648,
            23.190954920079086
          ],
          [
            120.3197132228788,
            23.19050683011076
          ],
          [
            120.31973925152606,
            23.190044029252498
          ],
          [
            120.31979688172544,
            23.189392347341453
          ],
          [
            120.31985593520713,
            23.188860680343243
          ],
          [
            120.31992747274077,
            23.18799611824235
          ],
          [
            120.32002153695814,
            23.186978532033283
          ],
          [
            120.32011594627414,
            23.185904321259247
          ],
          [
            120.32020019295753,
            23.184984839296337
          ],
          [
            120.32021389075851,
            23.184835331364877
          ],
          [
            120.32027312263754,
            23.184188847079113
          ],
          [
            120.32033211710325,
            23.18355113892591
          ],
          [
            120.3203908795077,
            23.182895431821787
          ],
          [
            120.32045548690878,
            23.182200902425794
          ],
          [
            120.32054123559811,
            23.18127228689498
          ],
          [
            120.32062906204274,
            23.180325947765525
          ],
          [
            120.32072975934817,
            23.17922310207133
          ],
          [
            120.32073404028532,
            23.1791766832977
          ],
          [
            120.32074255568575,
            23.17908434310663
          ],
          [
            120.32082603623672,
            23.178179049149076
          ],
          [
            120.32091314219227,
            23.17723695406504
          ],
          [
            120.32100627387655,
            23.176215520182915
          ],
          [
            120.3211002636679,
            23.17529492706329
          ],
          [
            120.3211910181935,
            23.174317188191743
          ],
          [
            120.32120595451023,
            23.17416639577301
          ],
          [
            120.32122088981217,
            23.174015603344984
          ],
          [
            120.32122587975728,
            23.173908499903323
          ],
          [
            120.32125653251298,
            23.173333805787326
          ],
          [
            120.32126290288505,
            23.173029816014594
          ],
          [
            120.3212588091276,
            23.17284000411663
          ],
          [
            120.32125435336641,
            23.17263340748832
          ],
          [
            120.32122087854817,
            23.172152395965455
          ],
          [
            120.3211706301015,
            23.171781445918583
          ],
          [
            120.32108862069394,
            23.17130116514641
          ],
          [
            120.32102994206576,
            23.17106482471172
          ],
          [
            120.32096893086333,
            23.170819087405125
          ],
          [
            120.32080293595662,
            23.170260494678732
          ],
          [
            120.3205783233217,
            23.1695821562743
          ],
          [
            120.32026158334753,
            23.168654413078286
          ],
          [
            120.31998996074728,
            23.167835067228626
          ],
          [
            120.31956048905717,
            23.16656426892622
          ],
          [
            120.3191597232049,
            23.16538763660911
          ],
          [
            120.31889935053508,
            23.164605364469253
          ],
          [
            120.31859325515879,
            23.163692595999056
          ],
          [
            120.31831525569336,
            23.162867340960513
          ],
          [
            120.31798798482265,
            23.16189832591624
          ],
          [
            120.31769382777786,
            23.161084426487925
          ],
          [
            120.31732908604239,
            23.1601403369947
          ],
          [
            120.31698160030292,
            23.15928185554857
          ],
          [
            120.31664082701914,
            23.158515782266882
          ],
          [
            120.31629290365606,
            23.157761328773066
          ],
          [
            120.31598363971877,
            23.157109245136876
          ],
          [
            120.31557866741105,
            23.15633802904034
          ],
          [
            120.31511553101251,
            23.15540648324634
          ],
          [
            120.31473163914923,
            23.15468973415179
          ],
          [
            120.31428345783897,
            23.153814867972976
          ],
          [
            120.31380755349558,
            23.15288144686886
          ],
          [
            120.31315381454576,
            23.15159672477528
          ],
          [
            120.31263271559523,
            23.1506025075211
          ],
          [
            120.31234862066657,
            23.150029100331277
          ],
          [
            120.31224458582781,
            23.14981911883488
          ],
          [
            120.3118013854474,
            23.14890709406781
          ],
          [
            120.31150686714149,
            23.148333529695932
          ],
          [
            120.31150661381459,
            23.148333036448083
          ],
          [
            120.31133799553938,
            23.148004652909318
          ],
          [
            120.31087041975839,
            23.14709166931408
          ],
          [
            120.31029126696325,
            23.14594657821461
          ],
          [
            120.30975553350729,
            23.144882353822883
          ],
          [
            120.3093293088019,
            23.144036186338344
          ],
          [
            120.30904604704905,
            23.143485384722208
          ],
          [
            120.3087967881666,
            23.142970623710532
          ],
          [
            120.3086149477047,
            23.142557531010674
          ],
          [
            120.30840527718766,
            23.142009070141263
          ],
          [
            120.30826898842514,
            23.141578065172663
          ],
          [
            120.30821169674635,
            23.141319370002453
          ],
          [
            120.30819131976041,
            23.141234912192477
          ],
          [
            120.30814880285101,
            23.141058672625135
          ],
          [
            120.30810628408446,
            23.140882434842528
          ],
          [
            120.30806866652534,
            23.140726504718952
          ],
          [
            120.30806476236586,
            23.14070601088752
          ],
          [
            120.30806045312717,
            23.140683395006292
          ],
          [
            120.30805751503004,
            23.140667971311046
          ],
          [
            120.30805555438624,
            23.140657681012996
          ],
          [
            120.30803087710345,
            23.14052816568744
          ],
          [
            120.30799699096609,
            23.140350316861994
          ],
          [
            120.30796310685535,
            23.140172469841996
          ],
          [
            120.30795950126057,
            23.140153548558406
          ],
          [
            120.30793049135698,
            23.139994409852818
          ],
          [
            120.30789802645683,
            23.139816321619417
          ],
          [
            120.30786556162207,
            23.139638236086363
          ],
          [
            120.3078330949277,
            23.13946014782718
          ],
          [
            120.3078006292798,
            23.13928206136963
          ],
          [
            120.30776816469688,
            23.1391039731018
          ],
          [
            120.30774393026743,
            23.138971033634444
          ],
          [
            120.30773576272146,
            23.138925877875835
          ],
          [
            120.3077035484605,
            23.13874775185981
          ],
          [
            120.30767133232074,
            23.13856962672969
          ],
          [
            120.30763911625962,
            23.138391501591045
          ],
          [
            120.30760690028643,
            23.138213374637907
          ],
          [
            120.30758682255512,
            23.138102360464572
          ],
          [
            120.30757468535903,
            23.13803524948651
          ],
          [
            120.30756861058074,
            23.138001662364445
          ],
          [
            120.30754246952922,
            23.137857125225313
          ],
          [
            120.30751025574484,
            23.137678998255183
          ],
          [
            120.307478040077,
            23.13750087307396
          ],
          [
            120.30744582448779,
            23.1373227478842
          ],
          [
            120.30741360898651,
            23.137144620879944
          ],
          [
            120.30740891672176,
            23.137118674790063
          ],
          [
            120.30737899539183,
            23.136966885172395
          ],
          [
            120.3073439733956,
            23.136789215386827
          ],
          [
            120.30730894856534,
            23.13661154377288
          ],
          [
            120.3072739247881,
            23.136433873959696
          ],
          [
            120.30723054820018,
            23.13616127801231
          ],
          [
            120.30720829621325,
            23.13602143819879
          ],
          [
            120.3070453624826,
            23.13489038744769
          ],
          [
            120.3067939199777,
            23.13362975425779
          ],
          [
            120.30672976414354,
            23.13329204480647
          ],
          [
            120.30650053487082,
            23.13208540642457
          ],
          [
            120.30650261114077,
            23.13186560513963
          ],
          [
            120.3064677210435,
            23.13165855164549
          ],
          [
            120.30638038000248,
            23.13117624140147
          ],
          [
            120.30631841284546,
            23.130882654967277
          ],
          [
            120.30628016289526,
            23.13071482795658
          ],
          [
            120.3062136671042,
            23.130517217219158
          ],
          [
            120.30616147310676,
            23.130273378237167
          ],
          [
            120.30597016456629,
            23.129203650153546
          ],
          [
            120.30586252870951,
            23.128594618026302
          ],
          [
            120.3056510236314,
            23.127451660999647
          ],
          [
            120.30546402735379,
            23.12640258852961
          ],
          [
            120.30511623836057,
            23.124516517006253
          ],
          [
            120.30489350670555,
            23.123333525552667
          ],
          [
            120.3047332174645,
            23.122446902508354
          ],
          [
            120.30353560390851,
            23.115789854793668
          ],
          [
            120.30318885921409,
            23.113864198586516
          ],
          [
            120.30249590373738,
            23.110101542510808
          ],
          [
            120.3024032491493,
            23.109619335875184
          ],
          [
            120.3020514311707,
            23.107701449625132
          ],
          [
            120.30197210214186,
            23.1072689812638
          ],
          [
            120.30171902155944,
            23.105889292814766
          ],
          [
            120.30134047582088,
            23.103787603938372
          ],
          [
            120.30079666043497,
            23.100803788383303
          ],
          [
            120.30040981699271,
            23.098709723655436
          ],
          [
            120.30034000326862,
            23.09833373722661
          ],
          [
            120.30027244440504,
            23.09793200765029
          ],
          [
            120.30001244780502,
            23.096536979107494
          ],
          [
            120.29998909697153,
            23.096402016500324
          ],
          [
            120.29977116669873,
            23.095176209446976
          ],
          [
            120.29904352905838,
            23.09120770850721
          ],
          [
            120.2990237401059,
            23.09108962263499
          ],
          [
            120.2989938271272,
            23.09090341071565
          ],
          [
            120.29890319260662,
            23.090445249548104
          ],
          [
            120.29887021044858,
            23.09026724954487
          ],
          [
            120.29883722447131,
            23.090089248612554
          ],
          [
            120.29880870330318,
            23.089935311208162
          ],
          [
            120.29880443882278,
            23.08991121876117
          ],
          [
            120.29877289877341,
            23.08973299486536
          ],
          [
            120.29874135684855,
            23.08955477095265
          ],
          [
            120.29870981597166,
            23.089376547939004
          ],
          [
            120.29868707716318,
            23.089248051578668
          ],
          [
            120.29867799677355,
            23.089198366122496
          ],
          [
            120.29864545672491,
            23.08902029577886
          ],
          [
            120.29861291772687,
            23.088842226333988
          ],
          [
            120.29858037588453,
            23.088664155964516
          ],
          [
            120.29854783607819,
            23.088486084692157
          ],
          [
            120.29851529634169,
            23.088308015217187
          ],
          [
            120.29848275571302,
            23.088129944826324
          ],
          [
            120.29845021613492,
            23.087951875334195
          ],
          [
            120.29841767664537,
            23.08777380402749
          ],
          [
            120.29834704838632,
            23.087348382590683
          ],
          [
            120.29831328896809,
            23.08716826230832
          ],
          [
            120.29829366018289,
            23.0870635380541
          ],
          [
            120.29826031124556,
            23.086885596753618
          ],
          [
            120.29822695947074,
            23.086707653625265
          ],
          [
            120.29819360971995,
            23.086529712302724
          ],
          [
            120.2981824814197,
            23.086470340079355
          ],
          [
            120.29816100833095,
            23.086351652389425
          ],
          [
            120.29812878506293,
            23.086173533645475
          ],
          [
            120.29809656285869,
            23.0859954130914
          ],
          [
            120.29806433877137,
            23.085817294326187
          ],
          [
            120.29805293476744,
            23.08575427087209
          ],
          [
            120.29803193112227,
            23.08563920272978
          ],
          [
            120.29799942292195,
            23.085461129640898
          ],
          [
            120.29796691383406,
            23.085283054733132
          ],
          [
            120.2979344048253,
            23.08510497981679
          ],
          [
            120.29790189589563,
            23.084926904891887
          ],
          [
            120.29790167573138,
            23.084925695676798
          ],
          [
            120.2978700571595,
            23.084748725478466
          ],
          [
            120.29783822532825,
            23.084570546990076
          ],
          [
            120.29780639065565,
            23.084392366674336
          ],
          [
            120.29778782809565,
            23.084288462501533
          ],
          [
            120.2977740735003,
            23.08421426186419
          ],
          [
            120.29774107653824,
            23.084036264190626
          ],
          [
            120.29770808064194,
            23.08385826470668
          ],
          [
            120.29767508188856,
            23.083680267006972
          ],
          [
            120.29764208712899,
            23.083502267509893
          ],
          [
            120.29761765253704,
            23.083370445717033
          ],
          [
            120.29760923700853,
            23.083324247877545
          ],
          [
            120.2975767991995,
            23.083146162343528
          ],
          [
            120.29754436342144,
            23.082968076809646
          ],
          [
            120.29752707696144,
            23.08287317954348
          ],
          [
            120.29749602837605,
            23.082694882538615
          ],
          [
            120.29746497791858,
            23.082516584614012
          ],
          [
            120.29743392460838,
            23.082338286668307
          ],
          [
            120.29742260373686,
            23.08227326875853
          ],
          [
            120.29740187990602,
            23.082160141429274
          ],
          [
            120.29736926288005,
            23.08198208213125
          ],
          [
            120.297336641044,
            23.081804024608925
          ],
          [
            120.29730402416736,
            23.0816259670997
          ],
          [
            120.29727140737478,
            23.081447908678864
          ],
          [
            120.29723878772883,
            23.08126985113942
          ],
          [
            120.29720616718629,
            23.081091793587017
          ],
          [
            120.29717355161247,
            23.08091373424175
          ],
          [
            120.29714093318063,
            23.08073567668082
          ],
          [
            120.29710831678952,
            23.080557617314003
          ],
          [
            120.2971054334282,
            23.08054188295589
          ],
          [
            120.29707617032243,
            23.08037948507894
          ],
          [
            120.29704407179014,
            23.080201346727282
          ],
          [
            120.29702889149688,
            23.08011710352683
          ],
          [
            120.29701197041729,
            23.08002320654821
          ],
          [
            120.29700016832017,
            23.079957705147653
          ],
          [
            120.29697987399302,
            23.079845068188387
          ],
          [
            120.29697738473051,
            23.0798312572016
          ],
          [
            120.29694754810068,
            23.079666964919205
          ],
          [
            120.2969152037337,
            23.079488863364986
          ],
          [
            120.29688285846937,
            23.079310761797906
          ],
          [
            120.29685051425497,
            23.079132661129687
          ],
          [
            120.29683251183526,
            23.07903353716336
          ],
          [
            120.29681807732996,
            23.07895457358515
          ],
          [
            120.29678552423816,
            23.078776505381004
          ],
          [
            120.29675297024956,
            23.078598437163933
          ],
          [
            120.29672041927276,
            23.07842036804831
          ],
          [
            120.29668786544252,
            23.078242299814082
          ],
          [
            120.29665531461937,
            23.07806423158432
          ],
          [
            120.29662276095216,
            23.07788616242993
          ],
          [
            120.2966151566226,
            23.077844561780683
          ],
          [
            120.29659063617099,
            23.07770802745
          ],
          [
            120.29655864528948,
            23.077529871385106
          ],
          [
            120.2965132539625,
            23.077302570322907
          ],
          [
            120.29648907953629,
            23.07717535213664
          ],
          [
            120.29642509539876,
            23.076819040836266
          ],
          [
            120.29641726254393,
            23.076775425427765
          ],
          [
            120.2964080021981,
            23.07672385710775
          ],
          [
            120.29639310296565,
            23.076640883816825
          ],
          [
            120.29636363837217,
            23.076476807059436
          ],
          [
            120.29636095138157,
            23.07646275407335
          ],
          [
            120.29632695665904,
            23.076284916816434
          ],
          [
            120.29629295909615,
            23.076107078634404
          ],
          [
            120.29625896454877,
            23.075929239553325
          ],
          [
            120.29622497007486,
            23.075751402269166
          ],
          [
            120.29619238471145,
            23.075580936263957
          ],
          [
            120.29619097471256,
            23.07557356406857
          ],
          [
            120.29616933572069,
            23.075460366527533
          ],
          [
            120.29616888537011,
            23.075458009451463
          ],
          [
            120.29615496019814,
            23.075396086197323
          ],
          [
            120.29611520038637,
            23.075219274310882
          ],
          [
            120.2961102744243,
            23.075197366830498
          ],
          [
            120.29608231996824,
            23.075089608005946
          ],
          [
            120.29606968192991,
            23.075043673889017
          ],
          [
            120.29602153028614,
            23.07486865590522
          ],
          [
            120.29601851301165,
            23.074857692469415
          ],
          [
            120.29596453515491,
            23.07469593731345
          ],
          [
            120.29594199704107,
            23.074628406747856
          ],
          [
            120.29590418941272,
            23.074524197990776
          ],
          [
            120.29584207259201,
            23.074352988046527
          ],
          [
            120.29582770064023,
            23.074313379043904
          ],
          [
            120.29577643943522,
            23.07418291194564
          ],
          [
            120.2957026058732,
            23.074015729554787
          ],
          [
            120.29569793527679,
            23.074005153361295
          ],
          [
            120.29562306005045,
            23.07385080900719
          ],
          [
            120.29558558385922,
            23.073773560340015
          ],
          [
            120.29554035204787,
            23.073687242392726
          ],
          [
            120.29545518807085,
            23.073524733053915
          ],
          [
            120.29545290939974,
            23.073520381183908
          ],
          [
            120.29544981675544,
            23.073514907748304
          ],
          [
            120.29535236093585,
            23.073333797365628
          ],
          [
            120.29533926418931,
            23.07331472953088
          ],
          [
            120.29529129155112,
            23.07323714591909
          ],
          [
            120.29523349907534,
            23.073149577169964
          ],
          [
            120.29505913696734,
            23.07288338436958
          ],
          [
            120.29488009235433,
            23.07263844467914
          ],
          [
            120.29473221452542,
            23.072451766644676
          ],
          [
            120.29460274234765,
            23.072300165291765
          ],
          [
            120.29445177274789,
            23.072130082403724
          ],
          [
            120.29429512082547,
            23.07197116419188
          ],
          [
            120.29411524175069,
            23.071792365978045
          ],
          [
            120.29400264741628,
            23.071683533319806
          ],
          [
            120.29368138010248,
            23.071401617542474
          ],
          [
            120.29285436763577,
            23.070741218867553
          ],
          [
            120.29203431108402,
            23.07006159751195
          ],
          [
            120.29155411437453,
            23.069687265756443
          ],
          [
            120.29093109553439,
            23.069196724490073
          ],
          [
            120.28990827860743,
            23.06839864293825
          ],
          [
            120.28973819285216,
            23.068265928764347
          ],
          [
            120.2884125829473,
            23.067187944453124
          ],
          [
            120.2879028224041,
            23.066726090084142
          ],
          [
            120.28760524599895,
            23.066505080924657
          ],
          [
            120.28686842972536,
            23.065857249920555
          ],
          [
            120.28582664479566,
            23.06501880054006
          ],
          [
            120.28468231329343,
            23.064094877558727
          ],
          [
            120.28413394365137,
            23.063631476664355
          ],
          [
            120.28345092130456,
            23.063078063906385
          ],
          [
            120.28305554349093,
            23.06274121453478
          ],
          [
            120.28304734019532,
            23.062734021815846
          ],
          [
            120.28262405601588,
            23.062385373307773
          ],
          [
            120.2821930566512,
            23.06203434442573
          ],
          [
            120.28152671642938,
            23.06148828396772
          ],
          [
            120.28123962455281,
            23.061271657908982
          ],
          [
            120.28058623795623,
            23.060737706868203
          ],
          [
            120.27908520688597,
            23.059516340924276
          ],
          [
            120.27838675290775,
            23.058943486625417
          ],
          [
            120.2778937658583,
            23.058539147214294
          ],
          [
            120.27677905682765,
            23.057612353664926
          ],
          [
            120.2755298374945,
            23.056618690781686
          ],
          [
            120.27472368452673,
            23.05595294219119
          ],
          [
            120.27411778522747,
            23.055475509544884
          ],
          [
            120.27171431116497,
            23.053493790117123
          ],
          [
            120.26974136412369,
            23.051901380316014
          ],
          [
            120.26689376616532,
            23.049571375358703
          ],
          [
            120.2666705108475,
            23.049389480393863
          ],
          [
            120.26540367489962,
            23.048357994914156
          ],
          [
            120.26537383643634,
            23.048333699706532
          ],
          [
            120.26537337789084,
            23.048333326436566
          ],
          [
            120.26537006315557,
            23.048330627272733
          ],
          [
            120.26518274807125,
            23.048178406898977
          ],
          [
            120.26502012985765,
            23.04804625505103
          ],
          [
            120.26409951425508,
            23.04728826734571
          ],
          [
            120.2634155340825,
            23.046727173302255
          ],
          [
            120.26326686208974,
            23.04661709477654
          ],
          [
            120.26269363332923,
            23.046141895611523
          ],
          [
            120.26230414723487,
            23.04582575555705
          ],
          [
            120.26174241512194,
            23.045383438528496
          ],
          [
            120.26072542730776,
            23.04455858212052
          ],
          [
            120.26064174999212,
            23.044490713071074
          ],
          [
            120.2604564868788,
            23.04434044826158
          ],
          [
            120.25957241818048,
            23.043620450315846
          ],
          [
            120.25871167992867,
            23.042918324657016
          ],
          [
            120.25825436177178,
            23.04254969965753
          ],
          [
            120.25805913516379,
            23.042386902096364
          ],
          [
            120.25805716923749,
            23.04238526383335
          ],
          [
            120.25805552772646,
            23.042383896190902
          ],
          [
            120.25790664870452,
            23.042259843937874
          ],
          [
            120.25761201641957,
            23.0420228418276
          ],
          [
            120.2571947298649,
            23.041685012177492
          ],
          [
            120.25699783614844,
            23.04152224163375
          ],
          [
            120.25697312421757,
            23.04150258337787
          ],
          [
            120.25613532039205,
            23.04086420089606
          ],
          [
            120.25499358174989,
            23.039959597835846
          ],
          [
            120.25463428669885,
            23.039678638484876
          ],
          [
            120.25375260559252,
            23.039031616329844
          ],
          [
            120.25328616547326,
            23.038641275488843
          ],
          [
            120.25317874462911,
            23.038529244863014
          ],
          [
            120.25279334363482,
            23.03812730504464
          ],
          [
            120.25192791658841,
            23.03744327556376
          ],
          [
            120.25140776637151,
            23.037043870933722
          ],
          [
            120.25080629059364,
            23.036540225488814
          ],
          [
            120.25020661868697,
            23.036072511942393
          ],
          [
            120.24966174912562,
            23.035616339302457
          ],
          [
            120.24917587958137,
            23.035197594924114
          ],
          [
            120.2488027372343,
            23.034896520863715
          ],
          [
            120.24856763282452,
            23.034692125616324
          ],
          [
            120.24829306396006,
            23.0344815365631
          ],
          [
            120.24743979273124,
            23.033830074804694
          ],
          [
            120.24686896434645,
            23.033455162623845
          ],
          [
            120.24644911440036,
            23.033191886788195
          ],
          [
            120.24622690888857,
            23.033058211447756
          ],
          [
            120.24563707702947,
            23.032689644694784
          ],
          [
            120.24467047269924,
            23.032122515917393
          ],
          [
            120.243501598943,
            23.031436482416364
          ],
          [
            120.24128792295922,
            23.03014939982316
          ],
          [
            120.24040012830012,
            23.02964070716017
          ],
          [
            120.24028815035474,
            23.029575449579657
          ],
          [
            120.24027898385994,
            23.029570107580003
          ],
          [
            120.23953964797057,
            23.029137866016885
          ],
          [
            120.23879437300059,
            23.02871331328403
          ],
          [
            120.23846923366324,
            23.028518594887956
          ],
          [
            120.23779999326582,
            23.028142721095094
          ],
          [
            120.23584202463171,
            23.02699425695305
          ],
          [
            120.23557704809677,
            23.026837904291643
          ],
          [
            120.23424935321216,
            23.026059591160646
          ],
          [
            120.23305553106876,
            23.025364018055303
          ],
          [
            120.23273764410864,
            23.02518225988692
          ],
          [
            120.23126139047426,
            23.024326139607357
          ],
          [
            120.23042770454903,
            23.023830955599735
          ],
          [
            120.22970182459879,
            23.023430557685636
          ],
          [
            120.2295360654177,
            23.023333538285357
          ],
          [
            120.22953548783157,
            23.02333320045533
          ],
          [
            120.22917547706363,
            23.023122484577804
          ],
          [
            120.22851483789785,
            23.022727558005748
          ],
          [
            120.22771330001358,
            23.022257069688553
          ],
          [
            120.22714113282805,
            23.021926667831714
          ],
          [
            120.22671145184367,
            23.02167871994828
          ],
          [
            120.22617688810335,
            23.021324642592095
          ],
          [
            120.2258238919827,
            23.021051675423323
          ],
          [
            120.22552210192157,
            23.02080649094606
          ],
          [
            120.22528189362856,
            23.020594396674205
          ],
          [
            120.22492287303888,
            23.020208107782274
          ],
          [
            120.22460562708027,
            23.01982479952271
          ],
          [
            120.22437567695954,
            23.019514147794297
          ],
          [
            120.22421175014566,
            23.019286179664704
          ],
          [
            120.22341631453749,
            23.018179991094886
          ],
          [
            120.2232580529919,
            23.017955690706053
          ],
          [
            120.22316964358866,
            23.017830390836554
          ],
          [
            120.22308807695688,
            23.01771478945936
          ],
          [
            120.22167199233046,
            23.015735410197074
          ],
          [
            120.22066748959995,
            23.01431946791795
          ],
          [
            120.21995580806266,
            23.01332351206152
          ],
          [
            120.21943839390327,
            23.01259777525412
          ],
          [
            120.21870623413213,
            23.011582597115716
          ],
          [
            120.21693111569778,
            23.009104270485864
          ],
          [
            120.21634542857899,
            23.00827196205617
          ],
          [
            120.21596077747054,
            23.007749524716697
          ],
          [
            120.21540769041009,
            23.00695709431525
          ],
          [
            120.2151993067706,
            23.006659040611957
          ],
          [
            120.21500842903332,
            23.00632791656914
          ],
          [
            120.21476245786393,
            23.00584282618695
          ],
          [
            120.21460870837073,
            23.005418536735903
          ],
          [
            120.21453960263088,
            23.005188771603276
          ],
          [
            120.2144400555559,
            23.004816313807964
          ],
          [
            120.21427963892214,
            23.003975689846545
          ],
          [
            120.21425241068826,
            23.003842301513437
          ],
          [
            120.21407619889598,
            23.002773063257926
          ],
          [
            120.21385369619286,
            23.00163830704245
          ],
          [
            120.21360594503952,
            23.000499826568515
          ],
          [
            120.21349894203556,
            22.99995085141048
          ],
          [
            120.21321961913699,
            22.998523247985027
          ],
          [
            120.21318215228469,
            22.99833359502476
          ],
          [
            120.21318205562123,
            22.998333106916863
          ],
          [
            120.21318170119906,
            22.998331315381918
          ],
          [
            120.21290140852487,
            22.99681892428775
          ],
          [
            120.21287066896556,
            22.99665306110254
          ],
          [
            120.21285586621373,
            22.996287822036926
          ],
          [
            120.21269778256467,
            22.995474422683188
          ],
          [
            120.21260555497979,
            22.99502518319843
          ],
          [
            120.21248949710464,
            22.994609938369706
          ],
          [
            120.21245305812212,
            22.994401479604534
          ],
          [
            120.21236358491383,
            22.993928628073935
          ],
          [
            120.21217018302009,
            22.993063811820228
          ],
          [
            120.21213089481718,
            22.99284745186176
          ],
          [
            120.21206858448933,
            22.992519050514208
          ],
          [
            120.21197018366793,
            22.99196913075531
          ],
          [
            120.21193647623002,
            22.99167375940705
          ],
          [
            120.21192967734896,
            22.991532843527825
          ],
          [
            120.21192018630279,
            22.99133615579348
          ],
          [
            120.21193231120051,
            22.99091106945085
          ],
          [
            120.21198284294762,
            22.99050157774177
          ],
          [
            120.21203118230527,
            22.990262951720876
          ],
          [
            120.21213371861303,
            22.989849729022588
          ],
          [
            120.21226275098246,
            22.989421152149387
          ],
          [
            120.212459592814,
            22.9887809510263
          ],
          [
            120.21251874235489,
            22.988593124351024
          ],
          [
            120.21305087402999,
            22.98690330673837
          ],
          [
            120.21306791154528,
            22.986849202289864
          ],
          [
            120.21308428133158,
            22.98679721931853
          ],
          [
            120.21331908382341,
            22.986051573185385
          ],
          [
            120.2135527280704,
            22.985309596102837
          ],
          [
            120.21380453823194,
            22.984509920169476
          ],
          [
            120.21387381658805,
            22.984289369895336
          ],
          [
            120.21390223611134,
            22.984198895927637
          ],
          [
            120.21393888870985,
            22.984082212115776
          ],
          [
            120.21459053057598,
            22.98200764879098
          ],
          [
            120.21461387682575,
            22.981933327044313
          ],
          [
            120.21466611646564,
            22.981767014612544
          ],
          [
            120.21466786318436,
            22.98176145346293
          ],
          [
            120.21469330139546,
            22.981680544628755
          ],
          [
            120.2149718082615,
            22.980794697163674
          ],
          [
            120.21527108474245,
            22.97984554745047
          ],
          [
            120.21567579392617,
            22.978556802837698
          ],
          [
            120.21603617814422,
            22.977407842263688
          ],
          [
            120.21635949681931,
            22.97638036987692
          ],
          [
            120.21663836620219,
            22.97546811687456
          ],
          [
            120.21694550598242,
            22.974515749933722
          ],
          [
            120.21731690350649,
            22.973333764955143
          ],
          [
            120.21759890032484,
            22.972428373558742
          ],
          [
            120.2176798561963,
            22.972020357036037
          ],
          [
            120.21774289687772,
            22.971569088687254
          ],
          [
            120.21776593521108,
            22.971241912510788
          ],
          [
            120.21777744728145,
            22.970816779644572
          ],
          [
            120.21768459503018,
            22.96961101713534
          ],
          [
            120.21758503676176,
            22.968011089949528
          ],
          [
            120.21749327688453,
            22.96661584568892
          ],
          [
            120.21740709974202,
            22.965290345381334
          ],
          [
            120.21732322130117,
            22.964085485956236
          ],
          [
            120.21729883091852,
            22.963353822814703
          ],
          [
            120.21729436492586,
            22.9624485360677
          ],
          [
            120.21731299067399,
            22.962188590137927
          ],
          [
            120.21732805591947,
            22.961974752835165
          ],
          [
            120.2173450392576,
            22.961772433967692
          ],
          [
            120.21735853331008,
            22.961633680347205
          ],
          [
            120.21737246847657,
            22.961488083111842
          ],
          [
            120.21739110650162,
            22.961307453878323
          ],
          [
            120.21742745605852,
            22.961046508115587
          ],
          [
            120.21746130132327,
            22.9607984351567
          ],
          [
            120.21749344460375,
            22.960575314136086
          ],
          [
            120.21750756073341,
            22.96048024619636
          ],
          [
            120.21751588335107,
            22.960424188093516
          ],
          [
            120.21753016608662,
            22.960314054095598
          ],
          [
            120.2175571785933,
            22.96012318976526
          ],
          [
            120.21759081838093,
            22.95988904750753
          ],
          [
            120.21762885514413,
            22.959624187242888
          ],
          [
            120.21766883593762,
            22.959326647245824
          ],
          [
            120.2177121268799,
            22.959030505170066
          ],
          [
            120.21775769677024,
            22.958712951977066
          ],
          [
            120.21779703731085,
            22.95841591262885
          ],
          [
            120.21780951882421,
            22.958334038710447
          ],
          [
            120.21784394751943,
            22.958108200773214
          ],
          [
            120.21789089386311,
            22.957773643196916
          ],
          [
            120.2181105192079,
            22.95623028874421
          ],
          [
            120.21814350692931,
            22.95600098589398
          ],
          [
            120.21818132328534,
            22.9557238359401
          ],
          [
            120.21821181213107,
            22.955519540710704
          ],
          [
            120.21824405884868,
            22.955292872783673
          ],
          [
            120.21828549405595,
            22.955039871104677
          ],
          [
            120.21831643056343,
            22.954796129610262
          ],
          [
            120.2183535620874,
            22.954558613343202
          ],
          [
            120.21837365508952,
            22.954410105058198
          ],
          [
            120.21839705451941,
            22.954234456537016
          ],
          [
            120.21842134399878,
            22.954066641576333
          ],
          [
            120.21843630306577,
            22.953944081542456
          ],
          [
            120.21847142615958,
            22.9536976063883
          ],
          [
            120.2185118837552,
            22.95344758424488
          ],
          [
            120.21856418454217,
            22.953137826035622
          ],
          [
            120.21859315384019,
            22.952959006386383
          ],
          [
            120.21860123016874,
            22.952922226422146
          ],
          [
            120.218617996649,
            22.952845862025214
          ],
          [
            120.2186528779409,
            22.952686708553387
          ],
          [
            120.21868290227559,
            22.952559299400814
          ],
          [
            120.21875198939219,
            22.952340726760703
          ],
          [
            120.21880470254817,
            22.952149172187717
          ],
          [
            120.21885633598109,
            22.95197564649232
          ],
          [
            120.21891002436678,
            22.951811020223676
          ],
          [
            120.21896267047322,
            22.951645846083967
          ],
          [
            120.21901079047417,
            22.951516624167052
          ],
          [
            120.21903655573199,
            22.951451270283023
          ],
          [
            120.21906054040403,
            22.951392383188363
          ],
          [
            120.21915790971569,
            22.95116577087246
          ],
          [
            120.2192396255503,
            22.950981510770333
          ],
          [
            120.21932985626435,
            22.950796611639056
          ],
          [
            120.21944820212686,
            22.95056376312159
          ],
          [
            120.21960443388096,
            22.95028639772791
          ],
          [
            120.21973066016652,
            22.950096084783862
          ],
          [
            120.21986451552189,
            22.949880346765152
          ],
          [
            120.21998537825785,
            22.94969512283116
          ],
          [
            120.22016271296765,
            22.94945165521052
          ],
          [
            120.22036048634776,
            22.949216867407685
          ],
          [
            120.22060799370598,
            22.948917626719375
          ],
          [
            120.2207676366426,
            22.948694602527805
          ],
          [
            120.22101696780332,
            22.948414547556
          ],
          [
            120.22107718227781,
            22.94833539177218
          ],
          [
            120.22144115723837,
            22.947884759194313
          ],
          [
            120.22171359746395,
            22.94755589705518
          ],
          [
            120.22192238082508,
            22.947305536153866
          ],
          [
            120.22220507376873,
            22.946965331755912
          ],
          [
            120.22242356822491,
            22.94670481901401
          ],
          [
            120.2226815067753,
            22.946393184981314
          ],
          [
            120.22290127463377,
            22.946127226218344
          ],
          [
            120.22304295246104,
            22.94595487126778
          ],
          [
            120.22320741844582,
            22.945754010981382
          ],
          [
            120.22323813603673,
            22.94571729639678
          ],
          [
            120.223248960662,
            22.945704360321397
          ],
          [
            120.22326369163973,
            22.94568675126636
          ],
          [
            120.2234211885274,
            22.94549850795763
          ],
          [
            120.22362772193263,
            22.945247298299375
          ],
          [
            120.22392878196348,
            22.944887734739588
          ],
          [
            120.22421253958684,
            22.944545247900404
          ],
          [
            120.2244767776007,
            22.944230315647538
          ],
          [
            120.2246928414701,
            22.94397250480971
          ],
          [
            120.22504921905174,
            22.94354113538204
          ],
          [
            120.22545956980244,
            22.943042223284422
          ],
          [
            120.22569779195696,
            22.942759238991357
          ],
          [
            120.22586474629568,
            22.94256726454737
          ],
          [
            120.22604478888871,
            22.942348692005275
          ],
          [
            120.22627017582505,
            22.942082965955326
          ],
          [
            120.22644615665186,
            22.941865340249617
          ],
          [
            120.22669023494461,
            22.94156579615679
          ],
          [
            120.22703646301034,
            22.941145345026293
          ],
          [
            120.22731161838787,
            22.94080982853037
          ],
          [
            120.22750523550509,
            22.9405762488167
          ],
          [
            120.22765369433026,
            22.940379167806768
          ],
          [
            120.227831312782,
            22.94013383370978
          ],
          [
            120.22803494667876,
            22.939830177766215
          ],
          [
            120.22819608372642,
            22.93958408487575
          ],
          [
            120.22829481276915,
            22.93941227988481
          ],
          [
            120.22833130694688,
            22.939354298120275
          ],
          [
            120.22836296597345,
            22.939293240619914
          ],
          [
            120.22839654798786,
            22.93923763046683
          ],
          [
            120.22846912334822,
            22.939094546176708
          ],
          [
            120.2284896248472,
            22.93905922204177
          ],
          [
            120.22851205124586,
            22.939020580522925
          ],
          [
            120.22865351975659,
            22.93875540723627
          ],
          [
            120.2288216661434,
            22.938453433386165
          ],
          [
            120.2290007526727,
            22.938123810424795
          ],
          [
            120.2291606104662,
            22.93782280547424
          ],
          [
            120.22944788521279,
            22.937286277401956
          ],
          [
            120.22971255800238,
            22.936796394894856
          ],
          [
            120.22998100416734,
            22.936291645638736
          ],
          [
            120.23022222541364,
            22.935838074543106
          ],
          [
            120.2303434078019,
            22.935612914341093
          ],
          [
            120.23055422955665,
            22.935221203193937
          ],
          [
            120.23056387772057,
            22.9352032770762
          ],
          [
            120.23060478487056,
            22.935127267362425
          ],
          [
            120.23062708538946,
            22.935085830931527
          ],
          [
            120.23239968887232,
            22.931872428764972
          ],
          [
            120.233032297289,
            22.930696860188874
          ],
          [
            120.23323921373786,
            22.930314953647606
          ],
          [
            120.23343539672959,
            22.929922524392783
          ],
          [
            120.23380641135894,
            22.929243385692544
          ],
          [
            120.23396467169391,
            22.9289845838197
          ],
          [
            120.23426089269631,
            22.928566530470672
          ],
          [
            120.2345069768067,
            22.928282574253892
          ],
          [
            120.23471555787384,
            22.928071143047784
          ],
          [
            120.2349436348287,
            22.9278548162755
          ],
          [
            120.23523548966101,
            22.927615256295827
          ],
          [
            120.23551655684489,
            22.92738980415287
          ],
          [
            120.23571289594115,
            22.927233979618777
          ],
          [
            120.23590646726335,
            22.927080683526583
          ],
          [
            120.23642403782317,
            22.926662545828886
          ],
          [
            120.23719448832041,
            22.92604974967008
          ],
          [
            120.23786792898274,
            22.92551600355674
          ],
          [
            120.23868039533032,
            22.92486601888714
          ],
          [
            120.23926095187073,
            22.92440814496824
          ],
          [
            120.23946222334104,
            22.924245822036596
          ],
          [
            120.23992835594854,
            22.92386906537875
          ],
          [
            120.24046004111887,
            22.92344105107841
          ],
          [
            120.24059336495094,
            22.92333372345317
          ],
          [
            120.24059440486943,
            22.923332899447733
          ],
          [
            120.24059781056141,
            22.92333019942998
          ],
          [
            120.24150562208926,
            22.922608620106097
          ],
          [
            120.24210186602473,
            22.92213281916541
          ],
          [
            120.24223849675585,
            22.922023240464718
          ],
          [
            120.24230120049775,
            22.921972952071716
          ],
          [
            120.24235782703207,
            22.92192753719359
          ],
          [
            120.24295690836857,
            22.92144706059819
          ],
          [
            120.2430306180768,
            22.921385852585107
          ],
          [
            120.24306839499499,
            22.921354483580586
          ],
          [
            120.24311470529467,
            22.921316027642206
          ],
          [
            120.24369851352198,
            22.920831229266888
          ],
          [
            120.24417485340403,
            22.920348409552485
          ],
          [
            120.24464752426239,
            22.919862101422858
          ],
          [
            120.24521673137559,
            22.919252989097178
          ],
          [
            120.24569969833512,
            22.918748632562217
          ],
          [
            120.24619728206181,
            22.9182182634656
          ],
          [
            120.24684056517818,
            22.9175364974376
          ],
          [
            120.24746455892925,
            22.916890150616286
          ],
          [
            120.24768037811583,
            22.91666572109548
          ],
          [
            120.2477882559141,
            22.916559307121958
          ],
          [
            120.24785590983707,
            22.916481345763106
          ],
          [
            120.24799794073067,
            22.916333047446752
          ],
          [
            120.24837073731781,
            22.915930441170484
          ],
          [
            120.24868582926723,
            22.9155834341191
          ],
          [
            120.24891361339007,
            22.915252662720707
          ],
          [
            120.24911242044226,
            22.914974674184624
          ],
          [
            120.24924520208788,
            22.9147945334803
          ],
          [
            120.24940510196411,
            22.914533134403552
          ],
          [
            120.24955425529544,
            22.914244023689424
          ],
          [
            120.24973284277705,
            22.91388881645386
          ],
          [
            120.24978172811387,
            22.913783211417762
          ],
          [
            120.24984116958451,
            22.913648035953898
          ],
          [
            120.24994057542172,
            22.91342197054577
          ],
          [
            120.2500929271628,
            22.9129885232954
          ],
          [
            120.25022729747461,
            22.91254339608849
          ],
          [
            120.25024717131829,
            22.912477557906723
          ],
          [
            120.25030365192535,
            22.912277380835473
          ],
          [
            120.25032289432104,
            22.91220918275357
          ],
          [
            120.2503709738936,
            22.91203877771255
          ],
          [
            120.25043928068166,
            22.911795470799863
          ],
          [
            120.25046574625554,
            22.911701201998003
          ],
          [
            120.25048644205106,
            22.91162748149552
          ],
          [
            120.25111365548301,
            22.909407385260188
          ],
          [
            120.25139223094536,
            22.908399414077085
          ],
          [
            120.25140755221304,
            22.908294536118277
          ],
          [
            120.25150262686952,
            22.907944761003755
          ],
          [
            120.25153982790066,
            22.907811090038642
          ],
          [
            120.25157705912059,
            22.90767172740435
          ],
          [
            120.25166891315295,
            22.907331373638915
          ],
          [
            120.25190946959569,
            22.906329144114824
          ],
          [
            120.25248931254879,
            22.904358541296318
          ],
          [
            120.25281120010024,
            22.903264602820844
          ],
          [
            120.253041947507,
            22.902442029578115
          ],
          [
            120.25308112460299,
            22.902293312052095
          ],
          [
            120.25319844520374,
            22.901855988235614
          ],
          [
            120.25340232306654,
            22.901176262161357
          ],
          [
            120.2534528150377,
            22.90100793957626
          ],
          [
            120.25348342629924,
            22.900905888243756
          ],
          [
            120.25354375823137,
            22.90063651388856
          ],
          [
            120.2535999327285,
            22.900355382370236
          ],
          [
            120.2536242184971,
            22.900195841409307
          ],
          [
            120.25367083840013,
            22.89985200814339
          ],
          [
            120.25369696927146,
            22.899552228735566
          ],
          [
            120.25371636475501,
            22.89929253394785
          ],
          [
            120.2537263397679,
            22.89899146677743
          ],
          [
            120.25373692154268,
            22.898634529178793
          ],
          [
            120.25373673170087,
            22.89841265977904
          ],
          [
            120.25373792857395,
            22.898333561647707
          ],
          [
            120.25374018383248,
            22.89818446548376
          ],
          [
            120.25374264018397,
            22.89803905372669
          ],
          [
            120.25374722243032,
            22.897677313584936
          ],
          [
            120.25375810306562,
            22.896818253816004
          ],
          [
            120.25377648034242,
            22.895289027851433
          ],
          [
            120.25378722188591,
            22.89439518779414
          ],
          [
            120.25378739620191,
            22.894380779835032
          ],
          [
            120.25378742484904,
            22.894378393256126
          ],
          [
            120.25379146027451,
            22.894042401236703
          ],
          [
            120.25381421686825,
            22.892885303902297
          ],
          [
            120.25377776841623,
            22.891283246348436
          ],
          [
            120.25372919469382,
            22.88856898248433
          ],
          [
            120.2538090514201,
            22.8867456775519
          ],
          [
            120.2538728874377,
            22.8849653589717
          ],
          [
            120.25392935018044,
            22.88329904491176
          ],
          [
            120.25394745797156,
            22.881582206559685
          ],
          [
            120.2539405153108,
            22.881010194489413
          ],
          [
            120.25395936458474,
            22.880256637490476
          ],
          [
            120.25397532428346,
            22.87972366661999
          ],
          [
            120.25398692986259,
            22.879567781367847
          ],
          [
            120.25404626519818,
            22.878917132788622
          ],
          [
            120.2541599739524,
            22.878291547150045
          ],
          [
            120.25417177544776,
            22.878226619466467
          ],
          [
            120.25430254080756,
            22.87772175909917
          ],
          [
            120.25435954758755,
            22.87746794984622
          ],
          [
            120.25449444481178,
            22.877026758162877
          ],
          [
            120.25576362671923,
            22.87373361015265
          ],
          [
            120.25590964825466,
            22.87333349675854
          ],
          [
            120.2559100499097,
            22.873332396032197
          ],
          [
            120.25591107679288,
            22.8733295833679
          ],
          [
            120.25600849915098,
            22.873085598432052
          ],
          [
            120.25794961266926,
            22.867843487898863
          ],
          [
            120.25805548990101,
            22.867560517939538
          ],
          [
            120.2580555393352,
            22.8675603872299
          ],
          [
            120.25805637195029,
            22.867558159711955
          ],
          [
            120.2581632405475,
            22.86727253484467
          ],
          [
            120.2584125777119,
            22.86660188386441
          ],
          [
            120.25869248634088,
            22.865877920524035
          ],
          [
            120.25879650960829,
            22.865621944779747
          ],
          [
            120.25887202621483,
            22.865449875399527
          ],
          [
            120.25898792869674,
            22.86519980560426
          ],
          [
            120.25914434193571,
            22.86487306604285
          ],
          [
            120.25935054566452,
            22.864484672108254
          ],
          [
            120.25953174411953,
            22.864159638617835
          ],
          [
            120.25967959935093,
            22.863908384039465
          ],
          [
            120.25985846318395,
            22.86361289021592
          ],
          [
            120.26012158662148,
            22.863220381061236
          ],
          [
            120.26034027702855,
            22.862895798981256
          ],
          [
            120.26068847220932,
            22.86240133134585
          ],
          [
            120.26102727149643,
            22.86191761412993
          ],
          [
            120.2611089860804,
            22.861800943782633
          ],
          [
            120.26143953244052,
            22.861329898412528
          ],
          [
            120.26167152330271,
            22.86099418197846
          ],
          [
            120.26196158915457,
            22.860585639102716
          ],
          [
            120.26234908375785,
            22.860031100871012
          ],
          [
            120.26275664119912,
            22.859450626295978
          ],
          [
            120.26312668851202,
            22.85891931071215
          ],
          [
            120.26346238541427,
            22.85843972462795
          ],
          [
            120.26382590087556,
            22.857917929334224
          ],
          [
            120.26402299275544,
            22.857633809755004
          ],
          [
            120.26425448057657,
            22.857300104188894
          ],
          [
            120.26443602912491,
            22.857042897656324
          ],
          [
            120.26449562644962,
            22.85695845912528
          ],
          [
            120.26450325578229,
            22.856947652512655
          ],
          [
            120.26473400425809,
            22.856607123012918
          ],
          [
            120.26563242845701,
            22.855410831982695
          ],
          [
            120.26646291113535,
            22.854232937345373
          ],
          [
            120.2665648231358,
            22.85408839297145
          ],
          [
            120.26723780462,
            22.853100009661482
          ],
          [
            120.26752251193331,
            22.852619747663734
          ],
          [
            120.2675423188728,
            22.85258633788186
          ],
          [
            120.26762072849547,
            22.852454071192852
          ],
          [
            120.26768202524451,
            22.85235066992535
          ],
          [
            120.26810907945057,
            22.851668276997096
          ],
          [
            120.26826932815386,
            22.85138224832068
          ],
          [
            120.26874546049251,
            22.85041647155002
          ],
          [
            120.26913670285609,
            22.849604513576363
          ],
          [
            120.26959132246513,
            22.848664822272692
          ],
          [
            120.26975219834581,
            22.848333790864114
          ],
          [
            120.26975277958867,
            22.848332597003097
          ],
          [
            120.26975416869656,
            22.848329737127948
          ],
          [
            120.27021641840811,
            22.84737855411642
          ],
          [
            120.27047158578456,
            22.846855620160575
          ],
          [
            120.27067506470749,
            22.84643861571765
          ],
          [
            120.27104936630441,
            22.84565553865297
          ],
          [
            120.27105458547784,
            22.84564481456811
          ],
          [
            120.27110160824434,
            22.845548194175567
          ],
          [
            120.27140026961675,
            22.844934517839004
          ],
          [
            120.2717639500283,
            22.844177680376163
          ],
          [
            120.27230621821774,
            22.843048599613915
          ],
          [
            120.27265414118428,
            22.842399573955
          ],
          [
            120.27311411765058,
            22.841665461544697
          ],
          [
            120.27371525363034,
            22.840715315010005
          ],
          [
            120.27431456540414,
            22.83975720090971
          ],
          [
            120.27464916686168,
            22.839226214669072
          ],
          [
            120.2751985635553,
            22.83835381909393
          ],
          [
            120.27575374190184,
            22.837467503810352
          ],
          [
            120.27582272672615,
            22.83735737373565
          ],
          [
            120.27598564557309,
            22.837097277255275
          ],
          [
            120.27724132017129,
            22.83511031695215
          ],
          [
            120.27728156213476,
            22.83504663824289
          ],
          [
            120.27815872760567,
            22.833642466387793
          ],
          [
            120.27816714211785,
            22.833628996816184
          ],
          [
            120.27858327627406,
            22.83296968088588
          ],
          [
            120.27874486787108,
            22.832710398783075
          ],
          [
            120.27881562393684,
            22.832598218134915
          ],
          [
            120.2791229320208,
            22.832110991894908
          ],
          [
            120.27955212715759,
            22.831429272648126
          ],
          [
            120.27998005029093,
            22.83074443988045
          ],
          [
            120.28043741324304,
            22.830019722257546
          ],
          [
            120.2808688212439,
            22.829338167940307
          ],
          [
            120.28153460380148,
            22.828279325983466
          ],
          [
            120.28200651750342,
            22.827523922987815
          ],
          [
            120.28238670797343,
            22.826930183544924
          ],
          [
            120.28282497068292,
            22.82625205680253
          ],
          [
            120.28305542914391,
            22.825894418618596
          ],
          [
            120.28305549593615,
            22.825894314166078
          ],
          [
            120.28305594182287,
            22.825893626247147
          ],
          [
            120.28390067110152,
            22.824582697150788
          ],
          [
            120.28424200513639,
            22.82405961466517
          ],
          [
            120.2844262911431,
            22.823777200812167
          ],
          [
            120.28460800833629,
            22.82349872329591
          ],
          [
            120.28469404189377,
            22.823366878589034
          ],
          [
            120.28471576951279,
            22.82333339191355
          ],
          [
            120.28471654535879,
            22.823332196153675
          ],
          [
            120.28471840738354,
            22.823329327413568
          ],
          [
            120.28573599896401,
            22.821760979326328
          ],
          [
            120.28646047782442,
            22.82063144133559
          ],
          [
            120.28748423348345,
            22.819051970162274
          ],
          [
            120.28837457560603,
            22.817675399923626
          ],
          [
            120.28938764565565,
            22.81612021612834
          ],
          [
            120.28980121319523,
            22.815480033753452
          ],
          [
            120.28988770890481,
            22.81534614075584
          ],
          [
            120.29011312366812,
            22.8149972074135
          ],
          [
            120.29062433462606,
            22.814205164234963
          ],
          [
            120.29117290290925,
            22.813361631106872
          ],
          [
            120.29179686428672,
            22.812397370256754
          ],
          [
            120.29238781135659,
            22.811484444607057
          ],
          [
            120.29268283826316,
            22.81102532663049
          ],
          [
            120.29274127385769,
            22.81093438903149
          ],
          [
            120.2927905033391,
            22.810857778038915
          ],
          [
            120.29284937969112,
            22.81076615513229
          ],
          [
            120.29373206275476,
            22.80941139906239
          ],
          [
            120.29414353417103,
            22.808776057666616
          ],
          [
            120.29498674325934,
            22.807472850980215
          ],
          [
            120.2956907578421,
            22.806386499984917
          ],
          [
            120.29611498671576,
            22.80572873509295
          ],
          [
            120.29623416399329,
            22.80554570861619
          ],
          [
            120.29696465538922,
            22.80442384926917
          ],
          [
            120.29709735235785,
            22.804220055588907
          ],
          [
            120.29767022786443,
            22.80333557546238
          ],
          [
            120.29824793618475,
            22.802447217643415
          ],
          [
            120.29864865605953,
            22.80183083589693
          ],
          [
            120.29900178997043,
            22.801209390851646
          ],
          [
            120.29927941394095,
            22.8006102254566
          ],
          [
            120.29945564361115,
            22.80017268064381
          ],
          [
            120.29966196332443,
            22.799536461521175
          ],
          [
            120.29983015174776,
            22.798796491292155
          ],
          [
            120.29989519085792,
            22.79845206043398
          ],
          [
            120.2999310957819,
            22.798333749755027
          ],
          [
            120.29994496021865,
            22.798288064858944
          ],
          [
            120.30003141943709,
            22.79743446681737
          ],
          [
            120.30011787865551,
            22.7965808687758
          ],
          [
            120.29999254953157,
            22.796857699347633
          ],
          [
            120.2998852585535,
            22.79723154319568
          ],
          [
            120.29976305213202,
            22.79755047656727
          ],
          [
            120.29965967109291,
            22.797746518876437
          ],
          [
            120.29953586812171,
            22.79794481301634
          ],
          [
            120.30011787865551,
            22.7965808687758
          ],
          [
            120.30020414348071,
            22.795655653307563
          ],
          [
            120.30035373272364,
            22.794369336690774
          ],
          [
            120.3004800189989,
            22.793031792215622
          ],
          [
            120.30055549874933,
            22.792281949543714
          ],
          [
            120.30057988079767,
            22.792039729608263
          ],
          [
            120.3006559162502,
            22.791284284242927
          ],
          [
            120.30074427754555,
            22.790331607044322
          ],
          [
            120.3008273173555,
            22.789588967554128
          ],
          [
            120.30083957523614,
            22.789479329576942
          ],
          [
            120.30085644431168,
            22.789323148730748
          ],
          [
            120.30086017324363,
            22.789288621596043
          ],
          [
            120.30110374986107,
            22.787033318186893
          ],
          [
            120.301135474435,
            22.78669764698279
          ],
          [
            120.30116207545521,
            22.78641618691914
          ],
          [
            120.30119713296286,
            22.786045236342424
          ],
          [
            120.30121666075871,
            22.785838602742974
          ],
          [
            120.30130595791582,
            22.78502021851146
          ],
          [
            120.30132501791313,
            22.78483499505501
          ],
          [
            120.3013390991169,
            22.784698177694988
          ],
          [
            120.30135973885153,
            22.78449762282438
          ],
          [
            120.30140255238827,
            22.784128949233786
          ],
          [
            120.30144143177561,
            22.783862659845205
          ],
          [
            120.30147874289912,
            22.783632735752658
          ],
          [
            120.30153803599558,
            22.783338475183307
          ],
          [
            120.30162561486003,
            22.783010673544485
          ],
          [
            120.30174145607889,
            22.782639909145505
          ],
          [
            120.30187834689943,
            22.782229205376613
          ],
          [
            120.3021222805613,
            22.781545432723615
          ],
          [
            120.3021631901097,
            22.78143099185736
          ],
          [
            120.30240943519546,
            22.780742152696085
          ],
          [
            120.30263106080571,
            22.780113360424632
          ],
          [
            120.30287069789318,
            22.779444705371805
          ],
          [
            120.30311317024119,
            22.77875191914994
          ],
          [
            120.30335913741192,
            22.778073855711273
          ],
          [
            120.30358331327405,
            22.7774293371848
          ],
          [
            120.30366113496846,
            22.777210906112227
          ],
          [
            120.3038000452767,
            22.776821005386577
          ],
          [
            120.30388055043412,
            22.776595036367453
          ],
          [
            120.30417334282765,
            22.77577347197291
          ],
          [
            120.30419215000565,
            22.775720003877208
          ],
          [
            120.30425209693857,
            22.775549573000742
          ],
          [
            120.30445629671782,
            22.774969030131434
          ],
          [
            120.30484969566513,
            22.773871634454583
          ],
          [
            120.30504128859371,
            22.773333475565497
          ],
          [
            120.30504281090965,
            22.77332919901542
          ],
          [
            120.30515676084906,
            22.77300912770101
          ],
          [
            120.30547865741369,
            22.772103454681268
          ],
          [
            120.30579460098747,
            22.771239099405815
          ],
          [
            120.3062002113784,
            22.77007720503653
          ],
          [
            120.3063758219725,
            22.76962116960902
          ],
          [
            120.30658073023547,
            22.768976713618592
          ],
          [
            120.30681413707649,
            22.768399811117146
          ],
          [
            120.30699187409562,
            22.767858291995413
          ],
          [
            120.30723433244957,
            22.767178512422742
          ],
          [
            120.30762285737082,
            22.766141921008447
          ],
          [
            120.30796697277987,
            22.765365525170083
          ],
          [
            120.30805552745903,
            22.765179587304655
          ],
          [
            120.3080835194928,
            22.765120813250697
          ],
          [
            120.30881128298334,
            22.763721398889324
          ],
          [
            120.3094329413121,
            22.76261619025087
          ],
          [
            120.30967916963625,
            22.762227905795864
          ],
          [
            120.31029624146731,
            22.761080129818605
          ],
          [
            120.31095040198223,
            22.75986336754473
          ],
          [
            120.31142878598666,
            22.75890454175773
          ],
          [
            120.31188573801613,
            22.75806903888282
          ],
          [
            120.31225450243596,
            22.757357761929477
          ],
          [
            120.31325652284252,
            22.755499660109493
          ],
          [
            120.31468525938836,
            22.7528900675891
          ],
          [
            120.31708477550283,
            22.748429344731
          ],
          [
            120.31713760456877,
            22.748333756221328
          ],
          [
            120.3171384603075,
            22.748332208427414
          ],
          [
            120.31774863338215,
            22.747228173215966
          ],
          [
            120.31867730910199,
            22.745491838402046
          ],
          [
            120.31929796326803,
            22.74436180411785
          ],
          [
            120.31967187891367,
            22.743660029430337
          ],
          [
            120.3213718642531,
            22.740535968793203
          ],
          [
            120.32185489542034,
            22.739732624956993
          ],
          [
            120.32231089530283,
            22.739049342982256
          ],
          [
            120.32291863141927,
            22.738220978638903
          ],
          [
            120.32419692028061,
            22.736632777442747
          ],
          [
            120.32466117945326,
            22.735957149322086
          ],
          [
            120.32475752362146,
            22.735786348103005
          ],
          [
            120.32500346339052,
            22.735309384133604
          ],
          [
            120.32525577193049,
            22.73468528402552
          ],
          [
            120.32539062007953,
            22.7342220138653
          ],
          [
            120.32544938844467,
            22.733994750480036
          ],
          [
            120.32553077330036,
            22.733609231887677
          ],
          [
            120.32558972340898,
            22.733250304882816
          ],
          [
            120.32561566029922,
            22.732983327164785
          ],
          [
            120.3256346511749,
            22.732490744804764
          ],
          [
            120.32562343915714,
            22.73204894769357
          ],
          [
            120.32557998068344,
            22.731552201471775
          ],
          [
            120.32546991220427,
            22.730969816902327
          ],
          [
            120.32541363877253,
            22.730725215893948
          ],
          [
            120.32534276131587,
            22.73047831363486
          ],
          [
            120.32525198967633,
            22.730206115734138
          ],
          [
            120.32512495692416,
            22.72987336441928
          ],
          [
            120.32507719711666,
            22.729787249246748
          ],
          [
            120.32497830648701,
            22.729574133930363
          ],
          [
            120.32477221935792,
            22.729033825082578
          ],
          [
            120.32435206452702,
            22.727990389765846
          ],
          [
            120.32418113456832,
            22.72752055725828
          ],
          [
            120.32401328412817,
            22.727042900156324
          ],
          [
            120.32389459564546,
            22.726705144731675
          ],
          [
            120.32349528278759,
            22.72536002321059
          ],
          [
            120.32325779878919,
            22.724685560834327
          ],
          [
            120.32277313092789,
            22.72339282658381
          ],
          [
            120.32275258249057,
            22.7233337696936
          ],
          [
            120.32275185201934,
            22.72333166878986
          ],
          [
            120.32253415793672,
            22.722705996611342
          ],
          [
            120.32244679326418,
            22.722454899776526
          ],
          [
            120.32225658255446,
            22.721952578027107
          ],
          [
            120.32219594663981,
            22.721774702520353
          ],
          [
            120.32217706565245,
            22.72171931633959
          ],
          [
            120.32204836840556,
            22.721252016604332
          ],
          [
            120.32196740614384,
            22.720912963249873
          ],
          [
            120.32188074642323,
            22.720421253977424
          ],
          [
            120.32184243022847,
            22.720042420954826
          ],
          [
            120.32183203926252,
            22.71965770189439
          ],
          [
            120.32184954734184,
            22.71917655399857
          ],
          [
            120.32187076244259,
            22.718884791853977
          ],
          [
            120.32192544335749,
            22.71849007816894
          ],
          [
            120.32199671042747,
            22.718125962739833
          ],
          [
            120.32215965411197,
            22.717522868706403
          ],
          [
            120.32273825688297,
            22.71584189574344
          ],
          [
            120.32305330539229,
            22.714856720797524
          ],
          [
            120.32312446634715,
            22.714584802223218
          ],
          [
            120.32319037415331,
            22.714292363680684
          ],
          [
            120.32323517451529,
            22.714044434380593
          ],
          [
            120.32339829964756,
            22.712946139128157
          ],
          [
            120.32379002932961,
            22.709979860072714
          ],
          [
            120.32394383668014,
            22.708906399892534
          ],
          [
            120.32399253540629,
            22.70837367251364
          ],
          [
            120.32400906384386,
            22.708007931667833
          ],
          [
            120.32399644128718,
            22.707581258103893
          ],
          [
            120.32397606420479,
            22.70728143834576
          ],
          [
            120.32394112224995,
            22.70694585806124
          ],
          [
            120.3238571144929,
            22.70646638952847
          ],
          [
            120.32377622132627,
            22.706123429297524
          ],
          [
            120.32372486288878,
            22.70594357950965
          ],
          [
            120.3235729833193,
            22.70547574791246
          ],
          [
            120.32320752449141,
            22.704635304987775
          ],
          [
            120.32264330989626,
            22.703431404990727
          ],
          [
            120.32236989446815,
            22.70289526202798
          ],
          [
            120.32220948726388,
            22.702610831237173
          ],
          [
            120.32204574362233,
            22.702356367834888
          ],
          [
            120.32175988592043,
            22.701949459914186
          ],
          [
            120.321293543852,
            22.701331358848186
          ],
          [
            120.3195470786664,
            22.699234209952756
          ],
          [
            120.31878870655459,
            22.698333780510655
          ],
          [
            120.31878656522885,
            22.698331237400872
          ],
          [
            120.31851630459765,
            22.69801034917344
          ],
          [
            120.31821620192954,
            22.697680271128355
          ],
          [
            120.31787371045061,
            22.697320050942658
          ],
          [
            120.31697714378423,
            22.696434393253426
          ],
          [
            120.31529823682179,
            22.69482048437869
          ],
          [
            120.31419098608859,
            22.693733314487126
          ],
          [
            120.31172841064644,
            22.69135087855916
          ],
          [
            120.3111216034674,
            22.6907798452849
          ],
          [
            120.31078565974705,
            22.690480286404515
          ],
          [
            120.31003470861609,
            22.68984357718186
          ],
          [
            120.30932143494549,
            22.68922381322992
          ],
          [
            120.3090680652344,
            22.689029148337298
          ],
          [
            120.3089154282936,
            22.68891479295466
          ],
          [
            120.30871117980138,
            22.688753612913455
          ],
          [
            120.30860766347756,
            22.68867274360851
          ],
          [
            120.30827073639398,
            22.68835540397488
          ],
          [
            120.30805552011005,
            22.688169643128706
          ],
          [
            120.30805402878347,
            22.688168356139755
          ],
          [
            120.30701310814358,
            22.687269874712058
          ],
          [
            120.30570249820522,
            22.686138608174105
          ],
          [
            120.30501282456463,
            22.68558096645821
          ],
          [
            120.30386249138247,
            22.68461411780767
          ],
          [
            120.30299664718366,
            22.683811638989862
          ],
          [
            120.30238701647127,
            22.68320204560047
          ],
          [
            120.29949999034649,
            22.680152351273357
          ],
          [
            120.29893383966768,
            22.679547561711477
          ],
          [
            120.2983694499587,
            22.67893063263885
          ],
          [
            120.29767418906994,
            22.67820214587013
          ],
          [
            120.2966966514447,
            22.67715409089193
          ],
          [
            120.29519177753701,
            22.675569598563442
          ],
          [
            120.29304651924653,
            22.6733337817719
          ],
          [
            120.29058512180237,
            22.670768356322007
          ],
          [
            120.28968538601039,
            22.669787274737647
          ],
          [
            120.2893315363308,
            22.669317590367303
          ],
          [
            120.28883008931182,
            22.668627554896908
          ],
          [
            120.28853971629478,
            22.668189772255044
          ],
          [
            120.28818583418631,
            22.667695652943344
          ],
          [
            120.28631682483189,
            22.664945538913468
          ],
          [
            120.28574852780679,
            22.664085929022416
          ],
          [
            120.28523266831456,
            22.663325858155005
          ],
          [
            120.28498104848194,
            22.66293237930009
          ],
          [
            120.28453281929487,
            22.662293198455558
          ],
          [
            120.28367772432533,
            22.660996194620502
          ],
          [
            120.28305553333334,
            22.66006436497067
          ],
          [
            120.28295174520517,
            22.65990892424175
          ],
          [
            120.28271908286067,
            22.6595187488997
          ],
          [
            120.28250502034281,
            22.65910173532872
          ],
          [
            120.28234292107868,
            22.658749402150328
          ],
          [
            120.28215919477879,
            22.658246050363125
          ],
          [
            120.2819932522861,
            22.657703619462172
          ],
          [
            120.28187653194857,
            22.65716140897069
          ],
          [
            120.28178204496761,
            22.656400664820794
          ],
          [
            120.28172254721956,
            22.65567270955664
          ],
          [
            120.28162839141592,
            22.653912569922284
          ],
          [
            120.28127607351652,
            22.648333411079832
          ],
          [
            120.28116130349304,
            22.646515886145657
          ],
          [
            120.281025031677,
            22.64477926284045
          ],
          [
            120.28086686142974,
            22.64311034202101
          ],
          [
            120.28085715655996,
            22.64262860880082
          ],
          [
            120.28094083505883,
            22.64162255377889
          ],
          [
            120.28132040130389,
            22.64027916250815
          ],
          [
            120.28176222365197,
            22.638955951466546
          ],
          [
            120.28206574171011,
            22.638383976811234
          ],
          [
            120.28227827135645,
            22.63807492515888
          ],
          [
            120.28261420972197,
            22.637694636223763
          ],
          [
            120.2829390916863,
            22.637412192004653
          ],
          [
            120.28305553156498,
            22.637329084340884
          ],
          [
            120.28327076604022,
            22.637175461686297
          ],
          [
            120.28362625746269,
            22.636977996649474
          ],
          [
            120.28395810943124,
            22.636819582136265
          ],
          [
            120.28434901680731,
            22.636684273505786
          ],
          [
            120.28473970385905,
            22.636591384398805
          ],
          [
            120.28521102200322,
            22.636541274328682
          ],
          [
            120.28576741905701,
            22.636537604464493
          ],
          [
            120.28603950203355,
            22.636552282573746
          ],
          [
            120.28671446645944,
            22.636675504994717
          ],
          [
            120.2877494632693,
            22.636900371117726
          ],
          [
            120.28913368878288,
            22.637196132763616
          ],
          [
            120.2902012415254,
            22.637452115324265
          ],
          [
            120.2906564988357,
            22.63762055309599
          ],
          [
            120.2911510918009,
            22.637830768625733
          ],
          [
            120.29167972120423,
            22.63808763276802
          ],
          [
            120.2926370382888,
            22.638554416212756
          ],
          [
            120.29382316432718,
            22.639134781714734
          ],
          [
            120.29493832508717,
            22.639673220517583
          ],
          [
            120.29569642307759,
            22.6399163966596
          ],
          [
            120.29623119085397,
            22.64000685148401
          ],
          [
            120.29665035049855,
            22.640018479938842
          ],
          [
            120.29733866061245,
            22.639987234535372
          ],
          [
            120.2983066267733,
            22.63992131426054
          ],
          [
            120.29896864532057,
            22.63987526291783
          ],
          [
            120.29987754446407,
            22.63980593761422
          ],
          [
            120.30046973563199,
            22.63973279920957
          ],
          [
            120.30259894126868,
            22.639498422126422
          ],
          [
            120.286366,
            22.923863
          ],
          [
            120.28988786491126,
            22.916921560821237
          ],
          [
            120.28999110462723,
            22.9167038014382
          ],
          [
            120.2901166702061,
            22.91628040467932
          ],
          [
            120.2901585115643,
            22.915978016154636
          ],
          [
            120.29017344762754,
            22.915730549916454
          ],
          [
            120.29014684097393,
            22.915468604416503
          ],
          [
            120.29011041336997,
            22.915260934218384
          ],
          [
            120.28999827436007,
            22.91487951595262
          ],
          [
            120.28985187378372,
            22.914552034168523
          ],
          [
            120.28968828654612,
            22.914294658397015
          ],
          [
            120.2895173335934,
            22.91407346647859
          ],
          [
            120.28933655969337,
            22.913879412489486
          ],
          [
            120.28914859073112,
            22.913709881226055
          ],
          [
            120.28893115891753,
            22.913544872963424
          ],
          [
            120.28855276575631,
            22.913339239022292
          ],
          [
            120.28810939593686,
            22.91314488099627
          ],
          [
            120.28664056650732,
            22.912649169656692
          ],
          [
            120.28456210825365,
            22.911955809293026
          ],
          [
            120.28044021264219,
            22.910611687167464
          ],
          [
            120.27774835535297,
            22.90948082958652
          ],
          [
            120.27514834780678,
            22.90837353995815
          ],
          [
            120.27262,
            22.90731
          ],
          [
            120.27222712119436,
            22.907137755179484
          ],
          [
            120.27127957951205,
            22.906739526209705
          ],
          [
            120.27094181883851,
            22.906571894413865
          ],
          [
            120.27052762903725,
            22.906320147411563
          ],
          [
            120.26930643892335,
            22.905104497957186
          ],
          [
            120.26889590993503,
            22.90483455559646
          ],
          [
            120.26830816234448,
            22.90454806979374
          ],
          [
            120.26569274593506,
            22.903476886668038
          ],
          [
            120.2649371821721,
            22.903224428283032
          ],
          [
            120.26443389003548,
            22.90311738930986
          ],
          [
            120.26351153132225,
            22.903035494905495
          ],
          [
            120.2613633212817,
            22.903112792081803
          ],
          [
            120.25963659882623,
            22.903090756058354
          ],
          [
            120.25903078329462,
            22.903076161008237
          ],
          [
            120.25882147237024,
            22.90306886348015
          ],
          [
            120.25862944086111,
            22.903029731579313
          ],
          [
            120.25845806193651,
            22.90299227467954
          ],
          [
            120.25827516340067,
            22.902922983386702
          ],
          [
            120.25805336146864,
            22.902810929459648
          ],
          [
            120.25780852031491,
            22.902645818220343
          ],
          [
            120.25762127721404,
            22.902491318471192
          ],
          [
            120.25749262274346,
            22.90235725756362
          ],
          [
            120.25736972808019,
            22.902191362115637
          ],
          [
            120.25720603037237,
            22.901882887718042
          ],
          [
            120.25702383762714,
            22.901433857056546
          ],
          [
            120.25686013991927,
            22.901138160962695
          ],
          [
            120.25668622005108,
            22.900926495502123
          ],
          [
            120.25652138284336,
            22.900758101435848
          ],
          [
            120.25629181300485,
            22.900598226001343
          ],
          [
            120.25601762369872,
            22.90044032925892
          ],
          [
            120.25566806673692,
            22.90033324267109
          ],
          [
            120.25527412092386,
            22.900289442640208
          ],
          [
            120.25499436966538,
            22.900303431695605
          ],
          [
            120.25472386592551,
            22.900351495384054
          ],
          [
            120.25446953152218,
            22.900447622753617
          ],
          [
            120.25410419925362,
            22.900622840399087
          ],
          [
            120.25378042552992,
            22.900862533539108
          ],
          [
            120.25353976889917,
            22.901180066199572
          ],
          [
            120.25342835638213,
            22.901397719890817
          ],
          [
            120.25337198668146,
            22.90156043258568
          ],
          [
            120.252654,
            22.904407
          ],
          [
            120.25196515106379,
            22.906265945940394
          ],
          [
            120.25137780294054,
            22.908366714357733
          ],
          [
            120.25025920736414,
            22.9123486272709
          ],
          [
            120.25005721853202,
            22.913032206111296
          ],
          [
            120.249827122498,
            22.91364181459939
          ],
          [
            120.24950345112855,
            22.914298862337255
          ],
          [
            120.24906490475118,
            22.914991617438634
          ],
          [
            120.24867987840476,
            22.91546812830166
          ],
          [
            120.24833500520316,
            22.91586327373615
          ],
          [
            120.24748464621534,
            22.916786707860894
          ],
          [
            120.24601681648721,
            22.918367291503777
          ],
          [
            120.24502154553245,
            22.919421657348646
          ],
          [
            120.24410658087484,
            22.920409452939836
          ],
          [
            120.2438667161769,
            22.92064684111792
          ],
          [
            120.24357972188349,
            22.92091451523894
          ],
          [
            120.24338317287977,
            22.921102226290834
          ],
          [
            120.24318280997014,
            22.921255752866994
          ],
          [
            120.24269011592544,
            22.921648088635237
          ],
          [
            120.2421331768499,
            22.9220922001846
          ],
          [
            120.24046,
            22.923441
          ],
          [
            120.23992835594854,
            22.92386906537875
          ],
          [
            120.23946222334104,
            22.924245822036596
          ],
          [
            120.23926095187073,
            22.92440814496824
          ],
          [
            120.23868039533032,
            22.92486601888714
          ],
          [
            120.23786792898274,
            22.92551600355674
          ],
          [
            120.23719448832041,
            22.92604974967008
          ],
          [
            120.23642403782317,
            22.926662545828886
          ],
          [
            120.23590646726335,
            22.927080683526583
          ],
          [
            120.23571289594115,
            22.927233979618777
          ],
          [
            120.23551655684489,
            22.92738980415287
          ],
          [
            120.23523548966101,
            22.927615256295827
          ],
          [
            120.2349436348287,
            22.9278548162755
          ],
          [
            120.23471555787384,
            22.928071143047784
          ],
          [
            120.2345069768067,
            22.928282574253892
          ],
          [
            120.23426089269631,
            22.928566530470672
          ],
          [
            120.23396467169391,
            22.9289845838197
          ],
          [
            120.23380641135894,
            22.929243385692544
          ],
          [
            120.23343539672959,
            22.929922524392783
          ],
          [
            120.23323921373786,
            22.930314953647606
          ],
          [
            120.233032297289,
            22.930696860188874
          ],
          [
            120.23239968887232,
            22.931872428764972
          ],
          [
            120.23062708538946,
            22.935085830931527
          ],
          [
            120.23060478487056,
            22.935127267362425
          ],
          [
            120.23056387772057,
            22.9352032770762
          ],
          [
            120.23055422955665,
            22.935221203193937
          ],
          [
            120.2303434078019,
            22.935612914341093
          ],
          [
            120.23022222541364,
            22.935838074543106
          ],
          [
            120.22998100416734,
            22.936291645638736
          ],
          [
            120.22971255800238,
            22.936796394894856
          ],
          [
            120.22944788521279,
            22.937286277401956
          ],
          [
            120.2291606104662,
            22.93782280547424
          ],
          [
            120.2290007526727,
            22.938123810424795
          ],
          [
            120.2288216661434,
            22.938453433386165
          ],
          [
            120.22865351975659,
            22.93875540723627
          ],
          [
            120.22851205124586,
            22.939020580522925
          ],
          [
            120.2284896248472,
            22.93905922204177
          ],
          [
            120.22846912334822,
            22.939094546176708
          ],
          [
            120.22839654798786,
            22.93923763046683
          ],
          [
            120.22836296597345,
            22.939293240619914
          ],
          [
            120.22833130694688,
            22.939354298120275
          ],
          [
            120.22829481276915,
            22.93941227988481
          ],
          [
            120.22819608372642,
            22.93958408487575
          ],
          [
            120.22803494667876,
            22.939830177766215
          ],
          [
            120.227831312782,
            22.94013383370978
          ],
          [
            120.22765369433026,
            22.940379167806768
          ],
          [
            120.22750523550509,
            22.9405762488167
          ],
          [
            120.22731161838787,
            22.94080982853037
          ],
          [
            120.22703646301034,
            22.941145345026293
          ],
          [
            120.22669023494461,
            22.94156579615679
          ],
          [
            120.22644615665186,
            22.941865340249617
          ],
          [
            120.22627017582505,
            22.942082965955326
          ],
          [
            120.22604478888871,
            22.942348692005275
          ],
          [
            120.22586474629568,
            22.94256726454737
          ],
          [
            120.22569779195696,
            22.942759238991357
          ],
          [
            120.22545956980244,
            22.943042223284422
          ],
          [
            120.22504921905174,
            22.94354113538204
          ],
          [
            120.2246928414701,
            22.94397250480971
          ],
          [
            120.2244767776007,
            22.944230315647538
          ],
          [
            120.22421253958684,
            22.944545247900404
          ],
          [
            120.22392878196348,
            22.944887734739588
          ],
          [
            120.22362772193263,
            22.945247298299375
          ],
          [
            120.2234211885274,
            22.94549850795763
          ],
          [
            120.22326369163973,
            22.94568675126636
          ],
          [
            120.223248960662,
            22.945704360321397
          ],
          [
            120.22323813603673,
            22.94571729639678
          ],
          [
            120.22320741844582,
            22.945754010981382
          ],
          [
            120.22304295246104,
            22.94595487126778
          ],
          [
            120.22290127463377,
            22.946127226218344
          ],
          [
            120.2226815067753,
            22.946393184981314
          ],
          [
            120.22242356822491,
            22.94670481901401
          ],
          [
            120.22220507376873,
            22.946965331755912
          ],
          [
            120.22192238082508,
            22.947305536153866
          ],
          [
            120.22171359746395,
            22.94755589705518
          ],
          [
            120.22144115723837,
            22.947884759194313
          ],
          [
            120.22107718227781,
            22.94833539177218
          ],
          [
            120.22101696780332,
            22.948414547556
          ],
          [
            120.2207676366426,
            22.948694602527805
          ],
          [
            120.22060799370598,
            22.948917626719375
          ],
          [
            120.22036048634776,
            22.949216867407685
          ],
          [
            120.22016271296765,
            22.94945165521052
          ],
          [
            120.21998537825785,
            22.94969512283116
          ],
          [
            120.21986451552189,
            22.949880346765152
          ],
          [
            120.21973066016652,
            22.950096084783862
          ],
          [
            120.21960443388096,
            22.95028639772791
          ],
          [
            120.21944820212686,
            22.95056376312159
          ],
          [
            120.21932985626435,
            22.950796611639056
          ],
          [
            120.2192396255503,
            22.950981510770333
          ],
          [
            120.21915790971569,
            22.95116577087246
          ],
          [
            120.21906054040403,
            22.951392383188363
          ],
          [
            120.21903655573199,
            22.951451270283023
          ],
          [
            120.21901079047417,
            22.951516624167052
          ],
          [
            120.21896267047322,
            22.951645846083967
          ],
          [
            120.21891002436678,
            22.951811020223676
          ],
          [
            120.21885633598109,
            22.95197564649232
          ],
          [
            120.21880470254817,
            22.952149172187717
          ],
          [
            120.21875198939219,
            22.952340726760703
          ],
          [
            120.21868290227559,
            22.952559299400814
          ],
          [
            120.2186528779409,
            22.952686708553387
          ],
          [
            120.218617996649,
            22.952845862025214
          ],
          [
            120.21860123016874,
            22.952922226422146
          ],
          [
            120.21859315384019,
            22.952959006386383
          ],
          [
            120.21856418454217,
            22.953137826035622
          ],
          [
            120.2185118837552,
            22.95344758424488
          ],
          [
            120.21847142615958,
            22.9536976063883
          ],
          [
            120.21843630306577,
            22.953944081542456
          ],
          [
            120.21842134399878,
            22.954066641576333
          ],
          [
            120.21839705451941,
            22.954234456537016
          ],
          [
            120.21837365508952,
            22.954410105058198
          ],
          [
            120.2183535620874,
            22.954558613343202
          ],
          [
            120.21831643056343,
            22.954796129610262
          ],
          [
            120.21828549405595,
            22.955039871104677
          ],
          [
            120.21824405884868,
            22.955292872783673
          ],
          [
            120.21821181213107,
            22.955519540710704
          ],
          [
            120.21818132328534,
            22.9557238359401
          ],
          [
            120.21814350692931,
            22.95600098589398
          ],
          [
            120.2181105192079,
            22.95623028874421
          ],
          [
            120.21789089386311,
            22.957773643196916
          ],
          [
            120.21784394751943,
            22.958108200773214
          ],
          [
            120.21780951882421,
            22.958334038710447
          ],
          [
            120.21779703731085,
            22.95841591262885
          ],
          [
            120.21775769677024,
            22.958712951977066
          ],
          [
            120.2177121268799,
            22.959030505170066
          ],
          [
            120.21766883593762,
            22.959326647245824
          ],
          [
            120.21762885514413,
            22.959624187242888
          ],
          [
            120.21759081838093,
            22.95988904750753
          ],
          [
            120.2175571785933,
            22.96012318976526
          ],
          [
            120.21753016608662,
            22.960314054095598
          ],
          [
            120.21751588335107,
            22.960424188093516
          ],
          [
            120.21750756073341,
            22.96048024619636
          ],
          [
            120.21749344460375,
            22.960575314136086
          ],
          [
            120.21746130132327,
            22.9607984351567
          ],
          [
            120.21742745605852,
            22.961046508115587
          ],
          [
            120.21739110650162,
            22.961307453878323
          ],
          [
            120.21737246847657,
            22.961488083111842
          ],
          [
            120.21735853331008,
            22.961633680347205
          ],
          [
            120.2173450392576,
            22.961772433967692
          ],
          [
            120.21732805591947,
            22.961974752835165
          ],
          [
            120.21731299067399,
            22.962188590137927
          ],
          [
            120.21729436492586,
            22.9624485360677
          ],
          [
            120.21729883091852,
            22.963353822814703
          ],
          [
            120.21732322130117,
            22.964085485956236
          ],
          [
            120.21740709974202,
            22.965290345381334
          ],
          [
            120.21749327688453,
            22.96661584568892
          ]
        ]
      }
    }
  ]
}