{
  "type": "FeatureCollection",
  "features": [
    {
      "type": "Feature",
      "properties": {
        "track_id": "OD-CY-CH",
        "source_track": "BB-ZY-KL-M-0",
        "point_count": 1694
      },
      "geometry": {
        "type": "LineString",
        "coordinates": [
          [
            120.402593376724,
            23.43703821363077
          ],
          [
            120.40335215412122,
            23.437867001588806
          ],
          [
            120.40423272013,
            23.43885358860312
          ],
          [
            120.40501231757479,
            23.439699378255067
          ],
          [
            120.40576706079548,
            23.440522236476184
          ],
          [
            120.40693803303736,
            23.44183338996254
          ],
          [
            120.40772419719525,
            23.44269860735772
          ],
          [
            120.40805554345923,
            23.44306169408282
          ],
          [
            120.4080577036365,
            23.443064059078203
          ],
          [
            120.4080606468301,
            23.443067286689246
          ],
          [
            120.40833458558609,
            23.443367465954655
          ],
          [
            120.40965422342536,
            23.444829270502268
          ],
          [
            120.40976400140792,
            23.444950465974166
          ],
          [
            120.40979903324451,
            23.444989141661384
          ],
          [
            120.41071957636778,
            23.44600540781016
          ],
          [
            120.41156706329393,
            23.446984488006102
          ],
          [
            120.41225477419205,
            23.447759867927726
          ],
          [
            120.41278468087063,
            23.448333600534728
          ],
          [
            120.41278487371194,
            23.448333814365885
          ],
          [
            120.41287969029385,
            23.448438298454736
          ],
          [
            120.41307532948764,
            23.44865387906937
          ],
          [
            120.41374870084573,
            23.449395312105736
          ],
          [
            120.41431133044763,
            23.450015035324835
          ],
          [
            120.41450534415067,
            23.450228735277943
          ],
          [
            120.41467121154425,
            23.450411443565994
          ],
          [
            120.41516396975118,
            23.450954228822358
          ],
          [
            120.41569968832825,
            23.451544336565973
          ],
          [
            120.41598653515672,
            23.451860302728058
          ],
          [
            120.41686026918478,
            23.452822996845832
          ],
          [
            120.41694956157195,
            23.45292137712953
          ],
          [
            120.41719463707817,
            23.453191396226586
          ],
          [
            120.41727079004964,
            23.453275299285206
          ],
          [
            120.4176726329192,
            23.453718038125277
          ],
          [
            120.4180070954103,
            23.454086421701223
          ],
          [
            120.41854526858758,
            23.454679172958567
          ],
          [
            120.41938399541802,
            23.455602926691192
          ],
          [
            120.41973307715917,
            23.455987304218436
          ],
          [
            120.42017145048558,
            23.456469999850697
          ],
          [
            120.42049966159527,
            23.456831425403664
          ],
          [
            120.42109137465812,
            23.457425840572288
          ],
          [
            120.421566520159,
            23.45794917871235
          ],
          [
            120.42190576660204,
            23.458313338601275
          ],
          [
            120.42244791935853,
            23.458909986877252
          ],
          [
            120.42279423748586,
            23.4592865555485
          ],
          [
            120.42379456317634,
            23.460388053955622
          ],
          [
            120.4243909086218,
            23.461046919392828
          ],
          [
            120.42444934703472,
            23.461108279138877
          ],
          [
            120.42444944055323,
            23.461108382424726
          ],
          [
            120.42447616869818,
            23.46113578743792
          ],
          [
            120.4245149882557,
            23.461175590852495
          ],
          [
            120.4245658300775,
            23.461227717456357
          ],
          [
            120.42479779705036,
            23.46149017352486
          ],
          [
            120.42564448227849,
            23.462421250390292
          ],
          [
            120.42704765640337,
            23.464021956913268
          ],
          [
            120.42787436557023,
            23.464948547332003
          ],
          [
            120.4285798400868,
            23.465727066826425
          ],
          [
            120.42884480091219,
            23.46602145107017
          ],
          [
            120.42959685582764,
            23.46684668571222
          ],
          [
            120.43047163711022,
            23.467809523661078
          ],
          [
            120.43127233904566,
            23.468688103234125
          ],
          [
            120.4320516202692,
            23.469540078155152
          ],
          [
            120.43216770720433,
            23.469669612997354
          ],
          [
            120.43305552529044,
            23.47056872589988
          ],
          [
            120.43330782290424,
            23.47080058604889
          ],
          [
            120.4339237037109,
            23.471446816803546
          ],
          [
            120.43468436095738,
            23.472306422710354
          ],
          [
            120.43516947406833,
            23.472865902007534
          ],
          [
            120.43554416012772,
            23.473340604812282
          ],
          [
            120.4360336034759,
            23.47391459101812
          ],
          [
            120.4370661150636,
            23.475075998455456
          ],
          [
            120.43735154622395,
            23.47541400800431
          ],
          [
            120.43801496729186,
            23.476154095788896
          ],
          [
            120.43841506434774,
            23.476612808378462
          ],
          [
            120.43862364035012,
            23.47717934810245
          ],
          [
            120.4404784257927,
            23.47925608826977
          ],
          [
            120.44054516171886,
            23.479328851677405
          ],
          [
            120.4411618249554,
            23.4800012109454
          ],
          [
            120.44216011113062,
            23.481085451974323
          ],
          [
            120.44277000883176,
            23.481461381295965
          ],
          [
            120.44340986571687,
            23.482097368624597
          ],
          [
            120.44386914626969,
            23.482529152952008
          ],
          [
            120.44398571681792,
            23.482656650040983
          ],
          [
            120.44456708864357,
            23.48326401152978
          ],
          [
            120.44514697279062,
            23.483879335370762
          ],
          [
            120.4457186079801,
            23.484465019650326
          ],
          [
            120.44625823691425,
            23.48506011108886
          ],
          [
            120.44678919202175,
            23.485635681595454
          ],
          [
            120.44713189429775,
            23.486014717161154
          ],
          [
            120.44752818312894,
            23.486456780936212
          ],
          [
            120.44787063660155,
            23.4868312178072
          ],
          [
            120.44822255437285,
            23.487222771993938
          ],
          [
            120.44839774254068,
            23.487417144627464
          ],
          [
            120.44868177900877,
            23.487745474062365
          ],
          [
            120.44889533859528,
            23.488021704175505
          ],
          [
            120.44907992062436,
            23.488283672706274
          ],
          [
            120.44925817498627,
            23.488567796068146
          ],
          [
            120.44940476751675,
            23.488833296104072
          ],
          [
            120.44953817035585,
            23.489099471808238
          ],
          [
            120.44966245049392,
            23.48937948509221
          ],
          [
            120.44977073049367,
            23.4896697340534
          ],
          [
            120.44988461007229,
            23.49000079251154
          ],
          [
            120.4499662789634,
            23.49030566791576
          ],
          [
            120.45001445752494,
            23.490490143371844
          ],
          [
            120.45004473517278,
            23.4906444915344
          ],
          [
            120.45008657978153,
            23.490882260677505
          ],
          [
            120.45010775659841,
            23.491147270480457
          ],
          [
            120.45013336205201,
            23.491498112328646
          ],
          [
            120.45013650449538,
            23.491779302337658
          ],
          [
            120.45012400298549,
            23.49221125790069
          ],
          [
            120.4500808794781,
            23.49253656447295
          ],
          [
            120.45001734797698,
            23.492967210253983
          ],
          [
            120.4498783920622,
            23.493606022024014
          ],
          [
            120.44980191845625,
            23.493864154790664
          ],
          [
            120.4496272614325,
            23.494587707523102
          ],
          [
            120.44939206216682,
            23.495638718757835
          ],
          [
            120.44912229726955,
            23.496770330747086
          ],
          [
            120.44889143309182,
            23.497722195439252
          ],
          [
            120.44874785222088,
            23.498331720755612
          ],
          [
            120.44874742961709,
            23.49833351620595
          ],
          [
            120.4487473618303,
            23.498333806728173
          ],
          [
            120.44867833669693,
            23.49862683122668
          ],
          [
            120.44846399822178,
            23.499539814811932
          ],
          [
            120.44825508420733,
            23.50043789980975
          ],
          [
            120.44804244115572,
            23.501353743765755
          ],
          [
            120.44779724210589,
            23.50238401580505
          ],
          [
            120.44753931204788,
            23.503472591330212
          ],
          [
            120.44735451078414,
            23.50426226792705
          ],
          [
            120.44717527922218,
            23.505016583130143
          ],
          [
            120.44701901378902,
            23.505680023512642
          ],
          [
            120.4469112116486,
            23.506102175321207
          ],
          [
            120.44678112358582,
            23.506538318208175
          ],
          [
            120.44671620808487,
            23.506803603607572
          ],
          [
            120.44660087411368,
            23.50711375532515
          ],
          [
            120.44649350951627,
            23.507425650931324
          ],
          [
            120.44635376593192,
            23.507741885785876
          ],
          [
            120.44622904293956,
            23.508037530726103
          ],
          [
            120.44606183149108,
            23.508351881505384
          ],
          [
            120.44586263189298,
            23.508699900796756
          ],
          [
            120.44539849902138,
            23.50946761195692
          ],
          [
            120.44495091838934,
            23.510213418142236
          ],
          [
            120.44455248217221,
            23.51089611782929
          ],
          [
            120.44422300454399,
            23.51147466649409
          ],
          [
            120.44403437445493,
            23.511822455403443
          ],
          [
            120.44389947097703,
            23.512044272564673
          ],
          [
            120.44379191123623,
            23.512227347137213
          ],
          [
            120.44362726097141,
            23.512496926864294
          ],
          [
            120.44349820721484,
            23.512693249777712
          ],
          [
            120.44300111030435,
            23.513492023386302
          ],
          [
            120.44239313596641,
            23.51446318085886
          ],
          [
            120.442331219105,
            23.51456208343334
          ],
          [
            120.4417846648985,
            23.515465010126448
          ],
          [
            120.44121899116413,
            23.516380336293302
          ],
          [
            120.4412095374976,
            23.516395703678025
          ],
          [
            120.44120939353442,
            23.516395939743433
          ],
          [
            120.4412079973843,
            23.516398206643107
          ],
          [
            120.44120381283524,
            23.51640501096801
          ],
          [
            120.44069801852801,
            23.517227224613247
          ],
          [
            120.44016127771678,
            23.518093936215443
          ],
          [
            120.43993569731325,
            23.518458116728738
          ],
          [
            120.4398933516674,
            23.518526481061393
          ],
          [
            120.43963819622827,
            23.518938411074004
          ],
          [
            120.43912843737604,
            23.51976350697706
          ],
          [
            120.43845005413444,
            23.52086188966169
          ],
          [
            120.43786336791574,
            23.521805274314104
          ],
          [
            120.43692320897136,
            23.523331520373894
          ],
          [
            120.43692210846407,
            23.523333315136778
          ],
          [
            120.43692197828737,
            23.52333352957603
          ],
          [
            120.43665833263333,
            23.523763107485046
          ],
          [
            120.43583831394517,
            23.525068416358735
          ],
          [
            120.43512353633999,
            23.526225848815706
          ],
          [
            120.43441241638182,
            23.52738147591906
          ],
          [
            120.43367324072459,
            23.528570386020064
          ],
          [
            120.43330918221443,
            23.529163185610418
          ],
          [
            120.43316792911311,
            23.52939318825753
          ],
          [
            120.43306185928833,
            23.529565898264707
          ],
          [
            120.43305793429553,
            23.529572268054107
          ],
          [
            120.43305556352247,
            23.529576115153727
          ],
          [
            120.43264081023786,
            23.53024913170511
          ],
          [
            120.43256790519506,
            23.53036743292959
          ],
          [
            120.43248911639246,
            23.530495282469023
          ],
          [
            120.43182503222971,
            23.531562478137513
          ],
          [
            120.43117020869569,
            23.5326298941329
          ],
          [
            120.43035171009848,
            23.533954075879524
          ],
          [
            120.42973410501406,
            23.53494940090808
          ],
          [
            120.42938520564311,
            23.5355160972996
          ],
          [
            120.42911112002929,
            23.535961885404618
          ],
          [
            120.42889523928434,
            23.536324940546702
          ],
          [
            120.42870790781338,
            23.53669666946062
          ],
          [
            120.42853914084915,
            23.537065107202782
          ],
          [
            120.42836038064685,
            23.53751301369556
          ],
          [
            120.42819819859494,
            23.538015658164014
          ],
          [
            120.42804913841829,
            23.53859364841683
          ],
          [
            120.42795084255796,
            23.53917077042302
          ],
          [
            120.42788020732998,
            23.53983722477248
          ],
          [
            120.42786147417232,
            23.54049634083156
          ],
          [
            120.42788675085785,
            23.540997550105107
          ],
          [
            120.42794165426281,
            23.541494364212614
          ],
          [
            120.42798770226214,
            23.541782835337248
          ],
          [
            120.42800032379216,
            23.541861899759997
          ],
          [
            120.42802731766635,
            23.542030995414674
          ],
          [
            120.42817459510233,
            23.54263327394748
          ],
          [
            120.42842585177821,
            23.543555853086957
          ],
          [
            120.42847500479573,
            23.54373633536545
          ],
          [
            120.42862383560961,
            23.544282818539994
          ],
          [
            120.42900224436002,
            23.54565960755992
          ],
          [
            120.42904637611574,
            23.545820173132537
          ],
          [
            120.42908590827982,
            23.545964005841924
          ],
          [
            120.42933990310235,
            23.54688359908136
          ],
          [
            120.42937971080931,
            23.54702772708898
          ],
          [
            120.42954282904633,
            23.54761829098835
          ],
          [
            120.42974593182367,
            23.548331562754978
          ],
          [
            120.42974649335461,
            23.548333536921792
          ],
          [
            120.42998447412725,
            23.549184463659294
          ],
          [
            120.43038997499123,
            23.550588733742135
          ],
          [
            120.43069728404794,
            23.551731821206168
          ],
          [
            120.43080941058203,
            23.55213879456408
          ],
          [
            120.43106761648842,
            23.552857031988452
          ],
          [
            120.43169026978784,
            23.55520892857497
          ],
          [
            120.43254868929807,
            23.55845136528541
          ],
          [
            120.43288607254401,
            23.559704462792784
          ],
          [
            120.43305556154694,
            23.560324921742946
          ],
          [
            120.43305807865262,
            23.56033413227606
          ],
          [
            120.43306200376469,
            23.560348502146667
          ],
          [
            120.43332677073266,
            23.561317726158645
          ],
          [
            120.43367133278535,
            23.562558450000353
          ],
          [
            120.43401864033909,
            23.563830180428965
          ],
          [
            120.43432195597991,
            23.564929253929073
          ],
          [
            120.4346540108904,
            23.566130632183153
          ],
          [
            120.4350013859793,
            23.56739996929059
          ],
          [
            120.43531353420653,
            23.56852828947789
          ],
          [
            120.43566255019643,
            23.569859152583714
          ],
          [
            120.43600029592275,
            23.57108070994464
          ],
          [
            120.43635651349717,
            23.57239255269649
          ],
          [
            120.43663067669736,
            23.57333145262778
          ],
          [
            120.43663115674912,
            23.57333328380089
          ],
          [
            120.43663122036467,
            23.573333527835484
          ],
          [
            120.4366621072816,
            23.573450958277938
          ],
          [
            120.43680865841287,
            23.573982985726726
          ],
          [
            120.43699876212459,
            23.574680471699786
          ],
          [
            120.4371753252507,
            23.57532501916703
          ],
          [
            120.43739577445766,
            23.576129752779167
          ],
          [
            120.43748984259332,
            23.57646997043233
          ],
          [
            120.43750520227849,
            23.576525521220702
          ],
          [
            120.43765963333301,
            23.577084062421388
          ],
          [
            120.4378420483399,
            23.5777509409756
          ],
          [
            120.43798479589866,
            23.578271415166864
          ],
          [
            120.43804344581376,
            23.578481735657753
          ],
          [
            120.438131831192,
            23.57880534823979
          ],
          [
            120.4382285415871,
            23.57915447468677
          ],
          [
            120.4383360531674,
            23.579538469746566
          ],
          [
            120.43844763509797,
            23.57994040714266
          ],
          [
            120.43853474157451,
            23.58026524831102
          ],
          [
            120.43860398628546,
            23.58051136835494
          ],
          [
            120.43861911724514,
            23.58057530143317
          ],
          [
            120.43865605045262,
            23.580707437483223
          ],
          [
            120.43876800840354,
            23.58112138376836
          ],
          [
            120.43882332942233,
            23.581317489879385
          ],
          [
            120.43884966700986,
            23.581413096498956
          ],
          [
            120.43888395374248,
            23.58153549425503
          ],
          [
            120.43893801069191,
            23.58171606274328
          ],
          [
            120.43900390602002,
            23.581924431468348
          ],
          [
            120.43907399458335,
            23.582130987675058
          ],
          [
            120.43910288285267,
            23.582213876896226
          ],
          [
            120.43915728727745,
            23.582369981295493
          ],
          [
            120.4391726887334,
            23.582414170792255
          ],
          [
            120.4392675835712,
            23.582648091764835
          ],
          [
            120.43935318678635,
            23.582849793438452
          ],
          [
            120.43945066353447,
            23.58306786011221
          ],
          [
            120.43952713233314,
            23.58323034856167
          ],
          [
            120.43962853840047,
            23.58342901348476
          ],
          [
            120.43973915475922,
            23.583644618893494
          ],
          [
            120.43985117733436,
            23.58384707653038
          ],
          [
            120.43995784416654,
            23.584027579665843
          ],
          [
            120.44006584556378,
            23.584208109209403
          ],
          [
            120.44018041981245,
            23.58438620265197
          ],
          [
            120.44024499731786,
            23.584485621916766
          ],
          [
            120.4403569503403,
            23.584647990376382
          ],
          [
            120.44046992837708,
            23.584808061662432
          ],
          [
            120.4405989748635,
            23.584983721925145
          ],
          [
            120.44071476638481,
            23.585133830688285
          ],
          [
            120.44077392008451,
            23.585211230081867
          ],
          [
            120.44078534726218,
            23.585226136018008
          ],
          [
            120.4409124889638,
            23.585381679872302
          ],
          [
            120.44107150487919,
            23.585567967271302
          ],
          [
            120.44124488072022,
            23.585759247244514
          ],
          [
            120.44137940919894,
            23.58590265057772
          ],
          [
            120.44155138331645,
            23.586086430466164
          ],
          [
            120.44175839617137,
            23.58630340308484
          ],
          [
            120.44195253890855,
            23.586502043922078
          ],
          [
            120.4421323080716,
            23.586683371602533
          ],
          [
            120.44232881502646,
            23.5868903711967
          ],
          [
            120.44254235610937,
            23.58710860149333
          ],
          [
            120.44264324905615,
            23.58721153262996
          ],
          [
            120.44311534781426,
            23.58769674625373
          ],
          [
            120.44332359084973,
            23.587913621902487
          ],
          [
            120.4435163799911,
            23.58811095387393
          ],
          [
            120.44370652583214,
            23.588307006559198
          ],
          [
            120.44390707886406,
            23.588512915239654
          ],
          [
            120.44409595194433,
            23.588705300425836
          ],
          [
            120.44428738448961,
            23.58890378782953
          ],
          [
            120.44448537404999,
            23.58910603316097
          ],
          [
            120.44469495055684,
            23.58932047373173
          ],
          [
            120.44490577954609,
            23.589537324030033
          ],
          [
            120.44511663212633,
            23.589756650093506
          ],
          [
            120.44543235904594,
            23.59008020347858
          ],
          [
            120.44573504962624,
            23.5903914003383
          ],
          [
            120.44586065813941,
            23.590522637434876
          ],
          [
            120.44587384472469,
            23.590535519386794
          ],
          [
            120.44648170927198,
            23.591163297811544
          ],
          [
            120.44701212452458,
            23.591708116222097
          ],
          [
            120.4477214852095,
            23.59243495375201
          ],
          [
            120.44814391218151,
            23.59286961128682
          ],
          [
            120.44903908848934,
            23.593790690343
          ],
          [
            120.44909393697631,
            23.593846705108614
          ],
          [
            120.44919951688209,
            23.593954530170695
          ],
          [
            120.44971045022248,
            23.594478742150592
          ],
          [
            120.45013434385619,
            23.594914911136108
          ],
          [
            120.45054070170411,
            23.59533460083039
          ],
          [
            120.45093569097791,
            23.595739556050795
          ],
          [
            120.45124246671682,
            23.596049126012
          ],
          [
            120.45144671087556,
            23.59626558311493
          ],
          [
            120.45188132504289,
            23.59671410006716
          ],
          [
            120.4523883593125,
            23.59724516849021
          ],
          [
            120.45269238480105,
            23.59752873916731
          ],
          [
            120.45298286101156,
            23.597843381725045
          ],
          [
            120.45326038317758,
            23.598078383455324
          ],
          [
            120.45339120553581,
            23.598193046132554
          ],
          [
            120.45348418328615,
            23.598331524276794
          ],
          [
            120.45348605322822,
            23.598333315139204
          ],
          [
            120.45348634796653,
            23.598333597905132
          ],
          [
            120.45367387124848,
            23.59855982760074
          ],
          [
            120.45408290497696,
            23.59895322380449
          ],
          [
            120.45430913714135,
            23.59917889803515
          ],
          [
            120.4545276932312,
            23.59940617756141
          ],
          [
            120.45486190840596,
            23.599744522624675
          ],
          [
            120.45548025123693,
            23.600372743812468
          ],
          [
            120.45597267234957,
            23.600887313547368
          ],
          [
            120.45606159695585,
            23.600980237895858
          ],
          [
            120.45690330984901,
            23.60184930835942
          ],
          [
            120.45717152739527,
            23.602079202259194
          ],
          [
            120.457358156076,
            23.602280622384498
          ],
          [
            120.45765365565295,
            23.602592016854917
          ],
          [
            120.45789500776418,
            23.602868214241205
          ],
          [
            120.45805549578866,
            23.603069856512683
          ],
          [
            120.45805809622435,
            23.603072751501905
          ],
          [
            120.45806202321542,
            23.603077122972856
          ],
          [
            120.45816223818213,
            23.603190937135036
          ],
          [
            120.45836198724659,
            23.60344823651088
          ],
          [
            120.45858164068582,
            23.6037672512508
          ],
          [
            120.45874799513403,
            23.604037230673967
          ],
          [
            120.4589330212385,
            23.60436729764402
          ],
          [
            120.45911085232571,
            23.6047116171947
          ],
          [
            120.45931662021599,
            23.605127777117307
          ],
          [
            120.45969049861404,
            23.605875941327852
          ],
          [
            120.45971368282716,
            23.605922333863433
          ],
          [
            120.45986721906098,
            23.606229697662243
          ],
          [
            120.45999773250948,
            23.606491568744445
          ],
          [
            120.46012938136539,
            23.606754114575413
          ],
          [
            120.46028694072925,
            23.60707423384458
          ],
          [
            120.4604672182484,
            23.607430908535715
          ],
          [
            120.46060120732669,
            23.607715886610325
          ],
          [
            120.46070045315406,
            23.607929299493637
          ],
          [
            120.4607941985243,
            23.608100919717977
          ],
          [
            120.46095439974366,
            23.60840671092299
          ],
          [
            120.46100106277123,
            23.608502649825645
          ],
          [
            120.46106552434433,
            23.60863517769818
          ],
          [
            120.46109400035242,
            23.60869372259097
          ],
          [
            120.46119269107965,
            23.608898507999346
          ],
          [
            120.46138138565412,
            23.609282377775102
          ],
          [
            120.46148112679036,
            23.609487631674945
          ],
          [
            120.46163169477441,
            23.609781406264343
          ],
          [
            120.4617187340945,
            23.609959744291572
          ],
          [
            120.46193269585183,
            23.610393363786443
          ],
          [
            120.46209203719673,
            23.61071474703212
          ],
          [
            120.46217481980673,
            23.610870302410248
          ],
          [
            120.46235447681003,
            23.61123623817741
          ],
          [
            120.46244969239358,
            23.611429051725647
          ],
          [
            120.46256073995778,
            23.611650732189062
          ],
          [
            120.4626760017186,
            23.6118820023177
          ],
          [
            120.46277644561962,
            23.61208337049648
          ],
          [
            120.46281180718918,
            23.612155134992076
          ],
          [
            120.46286950307244,
            23.612272226698355
          ],
          [
            120.46297553276038,
            23.612486694585925
          ],
          [
            120.46299772583414,
            23.61253158425707
          ],
          [
            120.46301367135605,
            23.61256383412586
          ],
          [
            120.46301863597643,
            23.612573877945806
          ],
          [
            120.46312967583309,
            23.612798395122134
          ],
          [
            120.46333177684973,
            23.613210049194326
          ],
          [
            120.46347559661835,
            23.61348954788114
          ],
          [
            120.4636606262803,
            23.613861411570902
          ],
          [
            120.46375896237863,
            23.614058912505104
          ],
          [
            120.46388699860164,
            23.614320161314517
          ],
          [
            120.46401602925995,
            23.614573635216413
          ],
          [
            120.46411329257081,
            23.61477012269234
          ],
          [
            120.46424760641348,
            23.615041833081417
          ],
          [
            120.46434498326276,
            23.61524141439777
          ],
          [
            120.46446027843992,
            23.61546887093899
          ],
          [
            120.46458076109232,
            23.615713420561395
          ],
          [
            120.46465607069293,
            23.615871841962175
          ],
          [
            120.4647522652823,
            23.616049144334823
          ],
          [
            120.46482612431113,
            23.616203854837156
          ],
          [
            120.4648928566046,
            23.616342776582393
          ],
          [
            120.46496244535574,
            23.61648297772922
          ],
          [
            120.46510635228996,
            23.616762018286202
          ],
          [
            120.46528503039917,
            23.617123873023825
          ],
          [
            120.46543104706748,
            23.617423820821802
          ],
          [
            120.4654714170043,
            23.617506744675264
          ],
          [
            120.46563727570505,
            23.617841364447152
          ],
          [
            120.46574177059999,
            23.618057076664513
          ],
          [
            120.4658463633252,
            23.61826711123627
          ],
          [
            120.46595195631217,
            23.618478026871056
          ],
          [
            120.46606375885709,
            23.61870151154575
          ],
          [
            120.46619834455348,
            23.618970474311393
          ],
          [
            120.46633144008766,
            23.61922132356214
          ],
          [
            120.46646534209219,
            23.619484412595842
          ],
          [
            120.46659801594394,
            23.619774555857905
          ],
          [
            120.46674934868615,
            23.62008161264214
          ],
          [
            120.46680746878828,
            23.62019001228333
          ],
          [
            120.4671143163458,
            23.620801759406564
          ],
          [
            120.46729931984214,
            23.62117660024727
          ],
          [
            120.46752184352358,
            23.621666977999677
          ],
          [
            120.46763375153199,
            23.621930180169887
          ],
          [
            120.46779604453393,
            23.622316836488835
          ],
          [
            120.4679201419261,
            23.622657724394447
          ],
          [
            120.46801560125265,
            23.622923761206515
          ],
          [
            120.46803594321675,
            23.622982807873594
          ],
          [
            120.46806750043257,
            23.62307440551295
          ],
          [
            120.46808610079918,
            23.623128391347066
          ],
          [
            120.46814619281074,
            23.62333348603123
          ],
          [
            120.46814628458456,
            23.623333815028804
          ],
          [
            120.46821489550334,
            23.623579120379247
          ],
          [
            120.46825635414969,
            23.62373651830797
          ],
          [
            120.46830369039873,
            23.623903313761538
          ],
          [
            120.46838051313094,
            23.62422327355582
          ],
          [
            120.4684188695357,
            23.62437189201328
          ],
          [
            120.4685145096998,
            23.624860838471054
          ],
          [
            120.46856002233478,
            23.62513924976379
          ],
          [
            120.46863207221506,
            23.625581017040115
          ],
          [
            120.46866887790891,
            23.62578526240471
          ],
          [
            120.4687408412831,
            23.62622653267202
          ],
          [
            120.46877459424715,
            23.626451487212297
          ],
          [
            120.46885254483423,
            23.62692230698698
          ],
          [
            120.46889225416793,
            23.627151329010957
          ],
          [
            120.46897009018573,
            23.627638362121846
          ],
          [
            120.46901125459027,
            23.627888222517075
          ],
          [
            120.46910824069631,
            23.628466216315402
          ],
          [
            120.46915025588912,
            23.628711797659648
          ],
          [
            120.4691636169175,
            23.628789890194575
          ],
          [
            120.46922444833503,
            23.62914544597766
          ],
          [
            120.46928605864295,
            23.629546866475785
          ],
          [
            120.46931795787995,
            23.629736097323196
          ],
          [
            120.4694028511723,
            23.630239720214206
          ],
          [
            120.4694031766436,
            23.630241644663332
          ],
          [
            120.46940460229858,
            23.630250245857784
          ],
          [
            120.46948153452335,
            23.630715802746472
          ],
          [
            120.46951135236489,
            23.63089487427321
          ],
          [
            120.46953004123957,
            23.631007096649796
          ],
          [
            120.46956954611562,
            23.63123147642767
          ],
          [
            120.46959050228759,
            23.631359932998116
          ],
          [
            120.46960354851782,
            23.631439899878263
          ],
          [
            120.4696222186098,
            23.631554388640012
          ],
          [
            120.46964697204236,
            23.631706127834036
          ],
          [
            120.46970123786193,
            23.63207154846074
          ],
          [
            120.46977028126526,
            23.632469219633464
          ],
          [
            120.46985569657595,
            23.63299005823931
          ],
          [
            120.46993930678842,
            23.63351391556931
          ],
          [
            120.4700255794897,
            23.634011983950238
          ],
          [
            120.47006822808196,
            23.634271463860127
          ],
          [
            120.47007504902533,
            23.634313005917665
          ],
          [
            120.47015496748584,
            23.634765822505614
          ],
          [
            120.47023679687352,
            23.635284607822168
          ],
          [
            120.47031869700471,
            23.63578839491237
          ],
          [
            120.470391191541,
            23.636208606662958
          ],
          [
            120.47042882667593,
            23.636418505059048
          ],
          [
            120.4705247500106,
            23.63703044391057
          ],
          [
            120.4706303182869,
            23.63764978385316
          ],
          [
            120.47071105610779,
            23.638138631472394
          ],
          [
            120.47079452043428,
            23.6386661988181
          ],
          [
            120.4708761362664,
            23.63916367270106
          ],
          [
            120.47093647104407,
            23.639530087099303
          ],
          [
            120.4709533298597,
            23.63963247104799
          ],
          [
            120.4710083601897,
            23.639970226441523
          ],
          [
            120.47107311306354,
            23.64035940319347
          ],
          [
            120.47115565484623,
            23.64087085804132
          ],
          [
            120.47124967030935,
            23.641427365170767
          ],
          [
            120.47133127484284,
            23.64191625137196
          ],
          [
            120.47142173336617,
            23.642458199316664
          ],
          [
            120.47148372391075,
            23.642837749726887
          ],
          [
            120.4715144015136,
            23.643026115196687
          ],
          [
            120.47153413588264,
            23.643147280206822
          ],
          [
            120.47161838182511,
            23.643647688091377
          ],
          [
            120.47170481900909,
            23.644161539614704
          ],
          [
            120.47178026593771,
            23.644607775114025
          ],
          [
            120.4718582053944,
            23.645107149989606
          ],
          [
            120.47193379051106,
            23.64556805012993
          ],
          [
            120.47203242993146,
            23.646175608331635
          ],
          [
            120.47212839685044,
            23.646706774851438
          ],
          [
            120.47221602421695,
            23.647247412176636
          ],
          [
            120.4722862075877,
            23.647687100893737
          ],
          [
            120.47234165707044,
            23.64801969198623
          ],
          [
            120.4723466823965,
            23.648049805173944
          ],
          [
            120.47239247466482,
            23.64833167047675
          ],
          [
            120.47239276155442,
            23.648333459339213
          ],
          [
            120.47239280926073,
            23.648333784571783
          ],
          [
            120.47240013087567,
            23.648380366765753
          ],
          [
            120.47249010097919,
            23.648911738293794
          ],
          [
            120.4725815141238,
            23.64948921141134
          ],
          [
            120.47269531540275,
            23.650113372037783
          ],
          [
            120.4727809654897,
            23.65068129901216
          ],
          [
            120.47287170698584,
            23.651216591731473
          ],
          [
            120.47296191644469,
            23.65178699013446
          ],
          [
            120.47307120543933,
            23.652464229796493
          ],
          [
            120.47316396475155,
            23.65300535328778
          ],
          [
            120.47322369551358,
            23.65340812843399
          ],
          [
            120.47326514273739,
            23.653647439549133
          ],
          [
            120.47327319072619,
            23.653693915790285
          ],
          [
            120.47327741601644,
            23.65371829233968
          ],
          [
            120.47328761913968,
            23.653774916281307
          ],
          [
            120.4733116790932,
            23.653908412184364
          ],
          [
            120.47331373393206,
            23.65392402252695
          ],
          [
            120.47336149754989,
            23.654204142322588
          ],
          [
            120.47347148321009,
            23.654855224813588
          ],
          [
            120.47357279676926,
            23.65547146816201
          ],
          [
            120.47366963539403,
            23.656076914728562
          ],
          [
            120.47367370268402,
            23.656101615795386
          ],
          [
            120.47367766464066,
            23.65612569345365
          ],
          [
            120.47377635168841,
            23.656725087250614
          ],
          [
            120.47378543381218,
            23.656777788440042
          ],
          [
            120.47379076990464,
            23.65680878752436
          ],
          [
            120.47379534918801,
            23.65683538656561
          ],
          [
            120.473804651367,
            23.656889442958402
          ],
          [
            120.47381203757524,
            23.656932359201733
          ],
          [
            120.47384277081287,
            23.657110818553093
          ],
          [
            120.47384987927074,
            23.657152108501393
          ],
          [
            120.4738589900631,
            23.65720500843562
          ],
          [
            120.47386295630896,
            23.657228029624076
          ],
          [
            120.47386649137155,
            23.657248566175916
          ],
          [
            120.47386843268436,
            23.657260726767934
          ],
          [
            120.47386929339207,
            23.657266111402304
          ],
          [
            120.47387428563538,
            23.657297307969106
          ],
          [
            120.47388234787653,
            23.65734767602079
          ],
          [
            120.47396270201808,
            23.657849883746866
          ],
          [
            120.47404489019372,
            23.65832994773133
          ],
          [
            120.4741582543859,
            23.65901537194188
          ],
          [
            120.47425895981146,
            23.659598879817725
          ],
          [
            120.47435317786405,
            23.660206574266898
          ],
          [
            120.4744107143815,
            23.66054923945007
          ],
          [
            120.47443539902106,
            23.660696236641527
          ],
          [
            120.47453597182698,
            23.66130616474657
          ],
          [
            120.47462313211729,
            23.661848080620384
          ],
          [
            120.47462748434346,
            23.66187515743005
          ],
          [
            120.4747022591072,
            23.66231277415945
          ],
          [
            120.4747431428859,
            23.66255209180586
          ],
          [
            120.47474940786806,
            23.662588710471436
          ],
          [
            120.47480133439682,
            23.662912872596976
          ],
          [
            120.47493322763665,
            23.663673558197456
          ],
          [
            120.47502773550428,
            23.664133969342437
          ],
          [
            120.47506188335197,
            23.664263336324534
          ],
          [
            120.47508793402284,
            23.664372991098205
          ],
          [
            120.47509865506399,
            23.66441813082629
          ],
          [
            120.4752220648726,
            23.664819422863445
          ],
          [
            120.47527204578364,
            23.66497081269817
          ],
          [
            120.47538895998437,
            23.665280449078136
          ],
          [
            120.47546918186667,
            23.665466931350984
          ],
          [
            120.47563710906792,
            23.665826909276472
          ],
          [
            120.47568535747328,
            23.665923753651036
          ],
          [
            120.47570293150342,
            23.6659590380154
          ],
          [
            120.4757111949924,
            23.665973983056723
          ],
          [
            120.47574569899689,
            23.666036440917757
          ],
          [
            120.47577145300181,
            23.666083040086797
          ],
          [
            120.47589463612492,
            23.66630600302216
          ],
          [
            120.4760890985733,
            23.66662539134754
          ],
          [
            120.47633222434199,
            23.666974832232246
          ],
          [
            120.47658369450329,
            23.6673143411533
          ],
          [
            120.47658548868881,
            23.66731676717617
          ],
          [
            120.47686085235935,
            23.66765602225827
          ],
          [
            120.4770641733254,
            23.66790600079981
          ],
          [
            120.47707167555173,
            23.667915227392935
          ],
          [
            120.48089765629776,
            23.67256395505178
          ],
          [
            120.48223079148838,
            23.674183770425923
          ],
          [
            120.48480624736803,
            23.677371233779386
          ],
          [
            120.48742009571662,
            23.68053525670251
          ],
          [
            120.48767406216547,
            23.680846908451112
          ],
          [
            120.48826955649271,
            23.68157767360669
          ],
          [
            120.4884633799303,
            23.681815217216215
          ],
          [
            120.48850951595858,
            23.6818717510629
          ],
          [
            120.48870905849228,
            23.68211630224677
          ],
          [
            120.48903860670282,
            23.682500673683307
          ],
          [
            120.48919757995336,
            23.68268962092045
          ],
          [
            120.48934278271227,
            23.68284458896198
          ],
          [
            120.48941637633378,
            23.682920337985152
          ],
          [
            120.48951334816562,
            23.683027921503577
          ],
          [
            120.4895781855275,
            23.683098846816343
          ],
          [
            120.48980431510188,
            23.6833099027499
          ],
          [
            120.49020458644854,
            23.6836651491224
          ],
          [
            120.49050215255453,
            23.683902228014183
          ],
          [
            120.49060832379878,
            23.683986815371302
          ],
          [
            120.4906641366168,
            23.684031271576536
          ],
          [
            120.49075648283392,
            23.6841008150264
          ],
          [
            120.49100076052365,
            23.68427246006731
          ],
          [
            120.49138942064887,
            23.684521015409956
          ],
          [
            120.49162239436943,
            23.68465988967823
          ],
          [
            120.49185116666541,
            23.684790036149444
          ],
          [
            120.49216150281754,
            23.684951394566422
          ],
          [
            120.49237057629475,
            23.685051596387968
          ],
          [
            120.49250852378911,
            23.68511676438856
          ],
          [
            120.49273382738902,
            23.685216305561863
          ],
          [
            120.49274831918585,
            23.685223865743538
          ],
          [
            120.49290836653415,
            23.685294288826285
          ],
          [
            120.49321486565586,
            23.68542666529596
          ],
          [
            120.49344412794335,
            23.68552713040119
          ],
          [
            120.4938028344554,
            23.685678548561107
          ],
          [
            120.49431286069806,
            23.685906417970596
          ],
          [
            120.49442318165814,
            23.68596092028552
          ],
          [
            120.49457398399055,
            23.686026453500986
          ],
          [
            120.49462084231506,
            23.686046679460954
          ],
          [
            120.49481375735058,
            23.686129966825792
          ],
          [
            120.49530463521398,
            23.686345824235804
          ],
          [
            120.49577056520829,
            23.68654783760458
          ],
          [
            120.49630199092506,
            23.686786416230802
          ],
          [
            120.49683033622728,
            23.687018255911514
          ],
          [
            120.49709647359019,
            23.68713339136381
          ],
          [
            120.49720768406944,
            23.687181501572095
          ],
          [
            120.49725780102784,
            23.687203624531243
          ],
          [
            120.49738232022544,
            23.687258586220462
          ],
          [
            120.49770789520157,
            23.687402293906473
          ],
          [
            120.49810703958487,
            23.68757639859577
          ],
          [
            120.49851048014509,
            23.687755509608284
          ],
          [
            120.49894523023396,
            23.687944680658028
          ],
          [
            120.49931523743874,
            23.688105874829
          ],
          [
            120.49970286328201,
            23.68827789749013
          ],
          [
            120.50014884126283,
            23.688472862423676
          ],
          [
            120.50057081268281,
            23.688658818279368
          ],
          [
            120.50106368796074,
            23.688872713646095
          ],
          [
            120.50168568466844,
            23.689147169928304
          ],
          [
            120.50223681878808,
            23.68938883483084
          ],
          [
            120.50283572060209,
            23.689655202947296
          ],
          [
            120.50317726867769,
            23.689801984517615
          ],
          [
            120.50321079700628,
            23.689816395150217
          ],
          [
            120.5038399348803,
            23.690097656119825
          ],
          [
            120.50426278805827,
            23.69028400214943
          ],
          [
            120.50470299703947,
            23.690475739112085
          ],
          [
            120.50521428312778,
            23.690699405288978
          ],
          [
            120.50581212034348,
            23.69095746933323
          ],
          [
            120.50637061674803,
            23.691203621904734
          ],
          [
            120.50697862249243,
            23.691468034705082
          ],
          [
            120.5074067431172,
            23.69165885871445
          ],
          [
            120.50796344080544,
            23.691905162410723
          ],
          [
            120.50805550774993,
            23.691943794208225
          ],
          [
            120.50805871593644,
            23.691945138089753
          ],
          [
            120.5080626456373,
            23.69194678675893
          ],
          [
            120.50829656800799,
            23.692049314514062
          ],
          [
            120.50835643555648,
            23.692075555341383
          ],
          [
            120.50860675745899,
            23.692185278110117
          ],
          [
            120.50960554190608,
            23.69262342042552
          ],
          [
            120.51102684808936,
            23.693250181118138
          ],
          [
            120.51208760031103,
            23.69371702723356
          ],
          [
            120.5128985652093,
            23.69407249989868
          ],
          [
            120.51434392407722,
            23.69470583640168
          ],
          [
            120.51534541922194,
            23.695143201993897
          ],
          [
            120.51541487267002,
            23.695173689712497
          ],
          [
            120.51547376495611,
            23.695199540096414
          ],
          [
            120.51617091837417,
            23.6955055522229
          ],
          [
            120.51703801873131,
            23.695884712082997
          ],
          [
            120.51775585250842,
            23.696201234453575
          ],
          [
            120.51844873122398,
            23.696507075922522
          ],
          [
            120.51930195142384,
            23.69687625097378
          ],
          [
            120.51934908315421,
            23.696897039245787
          ],
          [
            120.52014462221186,
            23.697247922407158
          ],
          [
            120.5210967461813,
            23.697665339286033
          ],
          [
            120.52161851030999,
            23.697893080115342
          ],
          [
            120.52184325764246,
            23.697991178030414
          ],
          [
            120.52187596303857,
            23.698005452993712
          ],
          [
            120.52192267242921,
            23.698025848198533
          ],
          [
            120.52202542726162,
            23.69807071631788
          ],
          [
            120.52262276578678,
            23.69833154355268
          ],
          [
            120.52262693264116,
            23.698333337062557
          ],
          [
            120.52262795869184,
            23.698333778167928
          ],
          [
            120.52371277238684,
            23.698800658428027
          ],
          [
            120.5249636062502,
            23.699350510042255
          ],
          [
            120.52533000189916,
            23.699525019032258
          ],
          [
            120.52540300520761,
            23.699561385224413
          ],
          [
            120.52556174397043,
            23.69964552404312
          ],
          [
            120.52558371406498,
            23.699657238812257
          ],
          [
            120.52573444538349,
            23.699737610999094
          ],
          [
            120.52594724624156,
            23.699858317461953
          ],
          [
            120.52615609488501,
            23.699980873465595
          ],
          [
            120.52637044062601,
            23.70011743846331
          ],
          [
            120.52652781545048,
            23.700225295007534
          ],
          [
            120.52670039996248,
            23.700344492272517
          ],
          [
            120.5271931741565,
            23.700722045383365
          ],
          [
            120.52765075316643,
            23.701130412725274
          ],
          [
            120.52802283883885,
            23.701477051867478
          ],
          [
            120.52847055115937,
            23.701915459304168
          ],
          [
            120.52886368281574,
            23.702299926455606
          ],
          [
            120.52912665225527,
            23.702553470307386
          ],
          [
            120.5292157842634,
            23.702639408184186
          ],
          [
            120.52939462130495,
            23.702811832728674
          ],
          [
            120.52986336776215,
            23.703267088184102
          ],
          [
            120.53063362564023,
            23.704014489678958
          ],
          [
            120.5317200315317,
            23.705073792531447
          ],
          [
            120.5320175135793,
            23.705359040859047
          ],
          [
            120.53252450545097,
            23.705845178161567
          ],
          [
            120.53305554942958,
            23.706365778780757
          ],
          [
            120.53305834335445,
            23.706368517797095
          ],
          [
            120.53306227381793,
            23.70637236818881
          ],
          [
            120.53366818083701,
            23.70696201979722
          ],
          [
            120.53391370802036,
            23.70718803825228
          ],
          [
            120.53411415314706,
            23.707368818076862
          ],
          [
            120.53443716756279,
            23.707624941069724
          ],
          [
            120.53492348576289,
            23.707972302907024
          ],
          [
            120.53500756087094,
            23.70802648373132
          ],
          [
            120.53529652266985,
            23.70821270381409
          ],
          [
            120.53538340030809,
            23.70826869066872
          ],
          [
            120.53551768046356,
            23.708352888634504
          ],
          [
            120.5356838390841,
            23.70845707640905
          ],
          [
            120.5357248290229,
            23.70848252684325
          ],
          [
            120.53592800978895,
            23.708608683661616
          ],
          [
            120.53631595840187,
            23.708848821649678
          ],
          [
            120.53716927557734,
            23.709383696950393
          ],
          [
            120.53731978681459,
            23.7094682705946
          ],
          [
            120.53749338622328,
            23.709562575801925
          ],
          [
            120.5378931978219,
            23.709814979698564
          ],
          [
            120.53799431390954,
            23.70987881471576
          ],
          [
            120.5388766892567,
            23.710436621670972
          ],
          [
            120.53987523991519,
            23.711062652757363
          ],
          [
            120.5408734693661,
            23.711680919987206
          ],
          [
            120.54102910817068,
            23.71177782626973
          ],
          [
            120.5418691369405,
            23.71230085820592
          ],
          [
            120.54222601592382,
            23.712522607974137
          ],
          [
            120.5424237582455,
            23.71267190600855
          ],
          [
            120.5430167250914,
            23.713028308731754
          ],
          [
            120.54318534226334,
            23.71313368681814
          ],
          [
            120.54334982622612,
            23.713236480860648
          ],
          [
            120.54342873627321,
            23.713285230404427
          ],
          [
            120.54368461899945,
            23.713413967962648
          ],
          [
            120.5439186161763,
            23.71352795827002
          ],
          [
            120.54426321122706,
            23.713679591140963
          ],
          [
            120.54456346234556,
            23.71379343790013
          ],
          [
            120.54484526335526,
            23.713878072844434
          ],
          [
            120.5452718402145,
            23.713987378529016
          ],
          [
            120.5455620617467,
            23.714039948910592
          ],
          [
            120.54584360739086,
            23.714085385089238
          ],
          [
            120.54596884978413,
            23.714102587662364
          ],
          [
            120.54626268315113,
            23.714128982950783
          ],
          [
            120.54662983189301,
            23.71415125464641
          ],
          [
            120.54696662555564,
            23.714171927730202
          ],
          [
            120.54705841403647,
            23.71417756191672
          ],
          [
            120.54754183328818,
            23.71420396425795
          ],
          [
            120.54828122727906,
            23.714242053928537
          ],
          [
            120.54909562114754,
            23.714283361037282
          ],
          [
            120.54968335542495,
            23.714315166966518
          ],
          [
            120.55044888455203,
            23.714355602359714
          ],
          [
            120.55115350263674,
            23.714393373207034
          ],
          [
            120.55120204795725,
            23.71439589245512
          ],
          [
            120.5524256831617,
            23.714459379835052
          ],
          [
            120.55309509986498,
            23.71449543543912
          ],
          [
            120.55443503241924,
            23.71456508866222
          ],
          [
            120.55545716102877,
            23.714618555485483
          ],
          [
            120.55561078088768,
            23.714626590779993
          ],
          [
            120.55563344013639,
            23.71462777554505
          ],
          [
            120.5560945258116,
            23.714654081640713
          ],
          [
            120.55659439975807,
            23.714679829328123
          ],
          [
            120.55701983985851,
            23.71470498667704
          ],
          [
            120.55805549075173,
            23.714761425988833
          ],
          [
            120.55805814211104,
            23.714761570813906
          ],
          [
            120.55806207012698,
            23.714761784299522
          ],
          [
            120.55826208556896,
            23.71477283357398
          ],
          [
            120.55867905902252,
            23.714794450532718
          ],
          [
            120.55914751441517,
            23.71482650515181
          ],
          [
            120.5594156061754,
            23.71485335478124
          ],
          [
            120.5595777067698,
            23.71486958851916
          ],
          [
            120.55999625884584,
            23.714929479845388
          ],
          [
            120.56042077641438,
            23.715007398596935
          ],
          [
            120.56080866107236,
            23.715095797761887
          ],
          [
            120.56140831215244,
            23.715260207304727
          ],
          [
            120.56195790811549,
            23.715446293178022
          ],
          [
            120.5624931343558,
            23.71566261407494
          ],
          [
            120.56291557820785,
            23.71585633911525
          ],
          [
            120.56316009534258,
            23.71598096728442
          ],
          [
            120.563219323462,
            23.716012671745105
          ],
          [
            120.56345417462161,
            23.716145714965407
          ],
          [
            120.56375378997392,
            23.716321631228176
          ],
          [
            120.5640829440288,
            23.716534317046065
          ],
          [
            120.56458420813999,
            23.716893816166056
          ],
          [
            120.56479911868257,
            23.717072507943406
          ],
          [
            120.56500859095952,
            23.717246677395273
          ],
          [
            120.56548229119564,
            23.717673283661476
          ],
          [
            120.56623568600804,
            23.718424101699934
          ],
          [
            120.56666685199679,
            23.71884380919566
          ],
          [
            120.56719662577723,
            23.71937414285233
          ],
          [
            120.56795413662977,
            23.720115764613357
          ],
          [
            120.56874503390996,
            23.720902507945855
          ],
          [
            120.56928132480856,
            23.721428083183692
          ],
          [
            120.56984017574561,
            23.721981145315635
          ],
          [
            120.56987106674468,
            23.7220117155863
          ],
          [
            120.56991245907912,
            23.72205267937376
          ],
          [
            120.57038848680918,
            23.722524719335055
          ],
          [
            120.57048734125937,
            23.722621276969786
          ],
          [
            120.57088184934538,
            23.72300661673574
          ],
          [
            120.57121469706038,
            23.723331726046876
          ],
          [
            120.5712165350535,
            23.723333520834455
          ],
          [
            120.57121683812629,
            23.72333381694675
          ],
          [
            120.5712323945724,
            23.72334901285968
          ],
          [
            120.57159994725524,
            23.723708557609275
          ],
          [
            120.57165718904112,
            23.72376455147259
          ],
          [
            120.57208488204161,
            23.72418292054343
          ],
          [
            120.57277199480784,
            23.72485871862001
          ],
          [
            120.57361107622408,
            23.72568975913658
          ],
          [
            120.57441492609992,
            23.726480306409677
          ],
          [
            120.5749268933459,
            23.7269889394973
          ],
          [
            120.57501070470545,
            23.72707136744409
          ],
          [
            120.57524610329875,
            23.727302880799922
          ],
          [
            120.57553372406348,
            23.727586467103855
          ],
          [
            120.57600387763587,
            23.728050346133507
          ],
          [
            120.57618442952773,
            23.72822848738137
          ],
          [
            120.57627680233017,
            23.72831962651325
          ],
          [
            120.57638095163735,
            23.728423297701163
          ],
          [
            120.57691887943682,
            23.728958754950515
          ],
          [
            120.57743877528611,
            23.72946681454186
          ],
          [
            120.57807847619236,
            23.73009866729094
          ],
          [
            120.57901493444727,
            23.731015775522994
          ],
          [
            120.57961511397936,
            23.731605971299963
          ],
          [
            120.57983440549663,
            23.731819583722853
          ],
          [
            120.5799718717268,
            23.73195348992615
          ],
          [
            120.58021152747922,
            23.732193740894832
          ],
          [
            120.58061430129193,
            23.73258620923572
          ],
          [
            120.58125164436828,
            23.733213124066182
          ],
          [
            120.581851180859,
            23.733807645560038
          ],
          [
            120.58224842779508,
            23.73419727203653
          ],
          [
            120.58266766009453,
            23.734610953337185
          ],
          [
            120.58305093407513,
            23.73498777743784
          ],
          [
            120.5830555291401,
            23.734992185499266
          ],
          [
            120.58305811759305,
            23.734994668429948
          ],
          [
            120.58306204574465,
            23.734998436291207
          ],
          [
            120.58307390745583,
            23.735009813223492
          ],
          [
            120.58328429132793,
            23.735211599680532
          ],
          [
            120.58344110406294,
            23.735369765214294
          ],
          [
            120.58384727977993,
            23.73577722009198
          ],
          [
            120.58447210436589,
            23.73639549445748
          ],
          [
            120.58494626762301,
            23.736862308183383
          ],
          [
            120.5850171359713,
            23.736932076056135
          ],
          [
            120.58507321857977,
            23.736987288031216
          ],
          [
            120.58507427170602,
            23.736988324760972
          ],
          [
            120.5853480410458,
            23.737257847052195
          ],
          [
            120.58580443491623,
            23.73770758857273
          ],
          [
            120.58636299231183,
            23.738256228384913
          ],
          [
            120.58720066463685,
            23.73908179665885
          ],
          [
            120.58815948498429,
            23.740024743644355
          ],
          [
            120.58902111063588,
            23.740873305040175
          ],
          [
            120.59021672272344,
            23.742050668083905
          ],
          [
            120.59079740687257,
            23.74262649307907
          ],
          [
            120.59114174298242,
            23.742962966763002
          ],
          [
            120.59157403004926,
            23.74339348639468
          ],
          [
            120.59167627216009,
            23.743493622525282
          ],
          [
            120.5917887603677,
            23.74360379509436
          ],
          [
            120.59190396550106,
            23.743716629493377
          ],
          [
            120.59203763257817,
            23.743847543985872
          ],
          [
            120.59206113957136,
            23.74387056680218
          ],
          [
            120.59222143640179,
            23.744029836114596
          ],
          [
            120.59236517962668,
            23.74416758170521
          ],
          [
            120.59257217038859,
            23.744371123710835
          ],
          [
            120.59275793605767,
            23.744553269580248
          ],
          [
            120.59297360357927,
            23.744765931356465
          ],
          [
            120.5931886697496,
            23.74497788151486
          ],
          [
            120.59341184331049,
            23.745195778005478
          ],
          [
            120.59370472373669,
            23.74547876576946
          ],
          [
            120.59404050301134,
            23.74579727842044
          ],
          [
            120.59425782568142,
            23.745996929127877
          ],
          [
            120.59451103323596,
            23.746223812504443
          ],
          [
            120.5947449812336,
            23.746426414618647
          ],
          [
            120.59499044184372,
            23.74662920818024
          ],
          [
            120.59533024303676,
            23.746898572588
          ],
          [
            120.59559944793291,
            23.747105376953918
          ],
          [
            120.596168182529,
            23.74752701690336
          ],
          [
            120.5968517356253,
            23.74803284493726
          ],
          [
            120.59725085405556,
            23.74833171549158
          ],
          [
            120.59725327740735,
            23.748333511497183
          ],
          [
            120.59725365030594,
            23.748333787875392
          ],
          [
            120.59744436433455,
            23.7484750833627
          ],
          [
            120.59809029017423,
            23.748959876158544
          ],
          [
            120.59810839351762,
            23.74897346330136
          ],
          [
            120.59813067305546,
            23.748990184681634
          ],
          [
            120.59814984193726,
            23.749004347977547
          ],
          [
            120.59819398078456,
            23.74903696160508
          ],
          [
            120.59820970054999,
            23.74904857676901
          ],
          [
            120.5987443161695,
            23.749443592904505
          ],
          [
            120.59919430935291,
            23.74977276517544
          ],
          [
            120.59956349082934,
            23.750025841910222
          ],
          [
            120.6000011186962,
            23.750312038069215
          ],
          [
            120.60039835476681,
            23.750555707838142
          ],
          [
            120.6007863197087,
            23.75078597240484
          ],
          [
            120.60131192552696,
            23.751076791396542
          ],
          [
            120.6017242873935,
            23.75129400360219
          ],
          [
            120.60223870279214,
            23.751551390590436
          ],
          [
            120.60266199372963,
            23.751761908523495
          ],
          [
            120.6031348915279,
            23.751997185787168
          ],
          [
            120.60335847703696,
            23.7521076135915
          ],
          [
            120.60354292963488,
            23.752198714603924
          ],
          [
            120.6036089266301,
            23.752233567964012
          ],
          [
            120.60391556928299,
            23.752395510351683
          ],
          [
            120.60436280074622,
            23.75261393726613
          ],
          [
            120.60469580156476,
            23.752786678323478
          ],
          [
            120.60505035515756,
            23.752968119712026
          ],
          [
            120.60534823733639,
            23.753120527688953
          ],
          [
            120.60570220033935,
            23.753316262844244
          ],
          [
            120.60614872618217,
            23.753564877317217
          ],
          [
            120.60656763822303,
            23.753809606956864
          ],
          [
            120.6069870042693,
            23.754063425039924
          ],
          [
            120.60711417661823,
            23.754144185187993
          ],
          [
            120.60715878259118,
            23.7541725119576
          ],
          [
            120.60718602048343,
            23.754189809005695
          ],
          [
            120.6073298640522,
            23.754281154458663
          ],
          [
            120.60764490256226,
            23.754486728008228
          ],
          [
            120.60802460378702,
            23.754737838409543
          ],
          [
            120.60805549877173,
            23.75475984635853
          ],
          [
            120.60805807726973,
            23.754761683223354
          ],
          [
            120.60806102580254,
            23.754763783791606
          ],
          [
            120.60849081227467,
            23.755057308078587
          ],
          [
            120.60855647608845,
            23.75510215349752
          ],
          [
            120.60903130032125,
            23.755447977655376
          ],
          [
            120.60949541738182,
            23.755794735875043
          ],
          [
            120.60955835308036,
            23.75584175646085
          ],
          [
            120.60998910404008,
            23.75617212934515
          ],
          [
            120.61030406945876,
            23.75641607003733
          ],
          [
            120.61033578560406,
            23.75644063411316
          ],
          [
            120.61043144503093,
            23.75651472218907
          ],
          [
            120.61048119807747,
            23.756553255539718
          ],
          [
            120.61484958471988,
            23.759854934046263
          ],
          [
            120.61488651115081,
            23.75988284348133
          ],
          [
            120.619437984164,
            23.76337767878317
          ],
          [
            120.61971242085602,
            23.763587122635833
          ],
          [
            120.62000707793575,
            23.763811996065996
          ],
          [
            120.62078170949194,
            23.764404793622774
          ],
          [
            120.62118551781418,
            23.764712982676535
          ],
          [
            120.62148245985766,
            23.76493961068081
          ],
          [
            120.62182116307437,
            23.765200928703624
          ],
          [
            120.62219241220528,
            23.76547292377417
          ],
          [
            120.6226375332636,
            23.76578253204525
          ],
          [
            120.62264565272466,
            23.76578767805208
          ],
          [
            120.62282526030265,
            23.76590152456751
          ],
          [
            120.62314358609869,
            23.766094095457294
          ],
          [
            120.62330811730426,
            23.766189070443772
          ],
          [
            120.62350587314414,
            23.766296561066326
          ],
          [
            120.62359963084612,
            23.76634858583537
          ],
          [
            120.62379537335259,
            23.76644775029712
          ],
          [
            120.624111753197,
            23.766602497096862
          ],
          [
            120.6245625247176,
            23.766800402430516
          ],
          [
            120.62530960646829,
            23.767110661739952
          ],
          [
            120.62617157313817,
            23.76746868284124
          ],
          [
            120.6263656278574,
            23.767548950711387
          ],
          [
            120.62648225640625,
            23.767597191432635
          ],
          [
            120.62655836967471,
            23.767628675187893
          ],
          [
            120.62711093333894,
            23.76785723129799
          ],
          [
            120.6285902383236,
            23.76847426655101
          ],
          [
            120.62957643065975,
            23.768880715711717
          ],
          [
            120.63088507356093,
            23.769423164065085
          ],
          [
            120.63193953754217,
            23.769862418263287
          ],
          [
            120.63205031786028,
            23.76990819381592
          ],
          [
            120.63223273384281,
            23.769983570450226
          ],
          [
            120.63247598498101,
            23.77008556317431
          ],
          [
            120.63265631225497,
            23.770167012247015
          ],
          [
            120.63281410999787,
            23.770237962872113
          ],
          [
            120.63292066262811,
            23.770290249018686
          ],
          [
            120.63305552241509,
            23.77035535592632
          ],
          [
            120.6330580473823,
            23.770356574616766
          ],
          [
            120.63310115406408,
            23.77037738488437
          ],
          [
            120.63329280513153,
            23.770475389926975
          ],
          [
            120.63342365734513,
            23.770545401877733
          ],
          [
            120.633600802935,
            23.770640901580293
          ],
          [
            120.6337765098061,
            23.770743635894647
          ],
          [
            120.63391555600235,
            23.770830490135346
          ],
          [
            120.634150557515,
            23.770955697771498
          ],
          [
            120.6343233903926,
            23.771069001173277
          ],
          [
            120.63464368411326,
            23.771303548619045
          ],
          [
            120.63498693212661,
            23.771562970555607
          ],
          [
            120.63516283181434,
            23.77171666479948
          ],
          [
            120.6354904382267,
            23.772017038191265
          ],
          [
            120.63566218830505,
            23.77217621395197
          ],
          [
            120.63590167783131,
            23.772423012922406
          ],
          [
            120.63612914910024,
            23.77267829010731
          ],
          [
            120.63631205557238,
            23.77289674717176
          ],
          [
            120.636590361931,
            23.773252408500458
          ],
          [
            120.63664899523427,
            23.77333352860993
          ],
          [
            120.63674013801894,
            23.773459623648982
          ],
          [
            120.63688553730502,
            23.77367296134665
          ],
          [
            120.63698589186683,
            23.773824094739318
          ],
          [
            120.63698945331676,
            23.773829457735104
          ],
          [
            120.63729378582036,
            23.77436737343526
          ],
          [
            120.6373962402228,
            23.774570132592
          ],
          [
            120.63757227482085,
            23.774938576433065
          ],
          [
            120.63767865938003,
            23.775188551992578
          ],
          [
            120.63781189263672,
            23.775532969974428
          ],
          [
            120.63789224233678,
            23.775780917639274
          ],
          [
            120.63798485051294,
            23.776081212184693
          ],
          [
            120.6380712277206,
            23.776411254917274
          ],
          [
            120.63830107919298,
            23.777505368129237
          ],
          [
            120.63854977273316,
            23.778716505861958
          ],
          [
            120.63860516877321,
            23.77898472868782
          ],
          [
            120.64002468206124,
            23.786104763576574
          ],
          [
            120.64002503049653,
            23.78610651254059
          ],
          [
            120.64042813882317,
            23.788128298686715
          ],
          [
            120.64055173342707,
            23.78875138521335
          ],
          [
            120.64064788872223,
            23.789263819123065
          ],
          [
            120.64068141252993,
            23.789464984176355
          ],
          [
            120.64070820783006,
            23.7897121850492
          ],
          [
            120.64073731484122,
            23.79007872515163
          ],
          [
            120.64074627751039,
            23.79035553533132
          ],
          [
            120.6407416860382,
            23.79066827023251
          ],
          [
            120.64072102489838,
            23.79097815676959
          ],
          [
            120.64068501218877,
            23.791302362071647
          ],
          [
            120.64063805728243,
            23.791599292941513
          ],
          [
            120.64058249160308,
            23.79187897506113
          ],
          [
            120.64049135037446,
            23.792230093134023
          ],
          [
            120.64040109656837,
            23.792491398376587
          ],
          [
            120.64025032653052,
            23.792917688642476
          ],
          [
            120.64008963737056,
            23.79326489335138
          ],
          [
            120.63982634275173,
            23.79377116311559
          ],
          [
            120.63959828718535,
            23.794147520424914
          ],
          [
            120.6394971447068,
            23.79429314001729
          ],
          [
            120.63924079381994,
            23.794638602366064
          ],
          [
            120.63906876513563,
            23.794845626740152
          ],
          [
            120.63882832564552,
            23.795083330853874
          ],
          [
            120.6385410796038,
            23.79540280443719
          ],
          [
            120.638064903498,
            23.795921677898846
          ],
          [
            120.63782380287734,
            23.796182684469432
          ],
          [
            120.6373434846416,
            23.796702654722278
          ],
          [
            120.63639132480176,
            23.797733240387508
          ],
          [
            120.63584216725626,
            23.79833322809016
          ],
          [
            120.63584194381023,
            23.798333472267487
          ],
          [
            120.63578318907848,
            23.79839775412761
          ],
          [
            120.63563237887635,
            23.798562747092486
          ],
          [
            120.63508272148152,
            23.79915648765178
          ],
          [
            120.63503080637493,
            23.799212565659435
          ],
          [
            120.63422782216662,
            23.80008630936944
          ],
          [
            120.63342399487262,
            23.800955895746114
          ],
          [
            120.63305799058045,
            23.80135183442738
          ],
          [
            120.63305551590213,
            23.801354511261852
          ],
          [
            120.6327407613042,
            23.801695006853873
          ],
          [
            120.63128530475626,
            23.803272652165692
          ],
          [
            120.63042703662938,
            23.804206121532047
          ],
          [
            120.63040954448994,
            23.804225146703676
          ],
          [
            120.6303907919693,
            23.804245308399487
          ],
          [
            120.6303426151886,
            23.80429710641619
          ],
          [
            120.63033782221576,
            23.804302259909527
          ],
          [
            120.62942676866167,
            23.8052817928016
          ],
          [
            120.62931698717097,
            23.805387411080233
          ],
          [
            120.62890906004424,
            23.80577986612537
          ],
          [
            120.62863831632453,
            23.806017236944843
          ],
          [
            120.62852636677722,
            23.806107969414608
          ],
          [
            120.62817575257955,
            23.8063820170334
          ],
          [
            120.6277342241456,
            23.806713249738102
          ],
          [
            120.62735190334925,
            23.806976582861946
          ],
          [
            120.62669078403853,
            23.80743921178036
          ],
          [
            120.62600626947444,
            23.80791194487423
          ],
          [
            120.62527630394544,
            23.808417984172134
          ],
          [
            120.62459248307971,
            23.80889472800878
          ],
          [
            120.62403567841051,
            23.80927775872006
          ],
          [
            120.62333973273212,
            23.809764724107875
          ],
          [
            120.62317521114038,
            23.809879841559113
          ],
          [
            120.62200518448637,
            23.810687970388766
          ],
          [
            120.62150719674561,
            23.811036000239433
          ],
          [
            120.62104223642267,
            23.81136094814179
          ],
          [
            120.6188466235953,
            23.812948152411625
          ],
          [
            120.61786541754506,
            23.813620926522162
          ],
          [
            120.61695929820078,
            23.814255204886436
          ],
          [
            120.61608370908753,
            23.81483987621686
          ],
          [
            120.61608232148727,
            23.814840810944293
          ],
          [
            120.61585832159541,
            23.81499038299507
          ],
          [
            120.61540500694424,
            23.815293071430457
          ],
          [
            120.6146058688025,
            23.815826529779567
          ],
          [
            120.61368648957256,
            23.816478527441
          ],
          [
            120.6135291654012,
            23.816591496075265
          ],
          [
            120.61333031637625,
            23.816720716753366
          ],
          [
            120.61322129354777,
            23.816803796104637
          ],
          [
            120.61307884337411,
            23.81691662639361
          ],
          [
            120.61298943558413,
            23.816991624486004
          ],
          [
            120.6128533535007,
            23.817108216040204
          ],
          [
            120.61280929343911,
            23.81714932218232
          ],
          [
            120.61273403681757,
            23.817219546455814
          ],
          [
            120.61266116879956,
            23.81728687907476
          ],
          [
            120.61256772869243,
            23.81737572369115
          ],
          [
            120.61247504115425,
            23.81747022360502
          ],
          [
            120.61239891077727,
            23.817550979504986
          ],
          [
            120.61226806201552,
            23.817692961512673
          ],
          [
            120.6121657196086,
            23.817806455210274
          ],
          [
            120.61207776891331,
            23.817910934618737
          ],
          [
            120.6119670079488,
            23.818040594457145
          ],
          [
            120.61186613318173,
            23.81817261777337
          ],
          [
            120.61183330599607,
            23.81821558310811
          ],
          [
            120.61173614358859,
            23.818345417860648
          ],
          [
            120.6116174518966,
            23.81850955614902
          ],
          [
            120.611464297923,
            23.818717438341682
          ],
          [
            120.61113022760237,
            23.819168833661426
          ],
          [
            120.6108476081388,
            23.819545563667592
          ],
          [
            120.61046957435077,
            23.8200582815275
          ],
          [
            120.61022657518345,
            23.820386824351154
          ],
          [
            120.60997439551225,
            23.82072856294801
          ],
          [
            120.60971873825198,
            23.82107743384896
          ],
          [
            120.6094600096275,
            23.821424598943747
          ],
          [
            120.60930399846796,
            23.821635088395197
          ],
          [
            120.60873473178461,
            23.822400705145114
          ],
          [
            120.60805804530497,
            23.82331609942398
          ],
          [
            120.60805550558015,
            23.823319535067814
          ],
          [
            120.60804555364295,
            23.823332997346903
          ],
          [
            120.60804529838954,
            23.823333342533346
          ],
          [
            120.60758769421255,
            23.823974576215846
          ],
          [
            120.60712215238249,
            23.824613957002597
          ],
          [
            120.60665667049808,
            23.82523225403404
          ],
          [
            120.60626726860362,
            23.825756686646624
          ],
          [
            120.60590264052804,
            23.826248747980248
          ],
          [
            120.60541078637179,
            23.826909195257336
          ],
          [
            120.60509589189168,
            23.827319715993816
          ],
          [
            120.60492694811808,
            23.827543200051814
          ],
          [
            120.60479586043844,
            23.82771882456866
          ],
          [
            120.60463885301235,
            23.82794212217526
          ],
          [
            120.60443607127642,
            23.82820826516655
          ],
          [
            120.60421741894478,
            23.82850959173028
          ],
          [
            120.60402433467334,
            23.8287724000143
          ],
          [
            120.60384198606272,
            23.82904232298626
          ],
          [
            120.60364147149436,
            23.82934977312535
          ],
          [
            120.60347095187095,
            23.829634670074643
          ],
          [
            120.60333221718497,
            23.82988368448863
          ],
          [
            120.6031691190163,
            23.830203392236463
          ],
          [
            120.60303960274233,
            23.830474155376898
          ],
          [
            120.6029246675652,
            23.830733252649164
          ],
          [
            120.6028010269146,
            23.831017910137838
          ],
          [
            120.60269571763946,
            23.831270749197657
          ],
          [
            120.6026613886986,
            23.831353171660304
          ],
          [
            120.60247029199988,
            23.831812007150877
          ],
          [
            120.6023285493932,
            23.83216371577716
          ],
          [
            120.60217651491675,
            23.832523470174454
          ],
          [
            120.60206224420405,
            23.832808448226046
          ],
          [
            120.60193239570613,
            23.833124690760716
          ],
          [
            120.60180250976265,
            23.83344720143592
          ],
          [
            120.60167671521371,
            23.833754054348162
          ],
          [
            120.6014980912977,
            23.834176375950463
          ],
          [
            120.60135003799947,
            23.834535634023272
          ],
          [
            120.60119676869994,
            23.834908963742915
          ],
          [
            120.60106057924496,
            23.835237190277933
          ],
          [
            120.60091852988025,
            23.835590728687738
          ],
          [
            120.60078580246339,
            23.835912443609743
          ],
          [
            120.60065715639352,
            23.83621928002832
          ],
          [
            120.60052617808923,
            23.83653420894348
          ],
          [
            120.60038157263405,
            23.8368877320166
          ],
          [
            120.60027229448406,
            23.83714869271916
          ],
          [
            120.60015051991272,
            23.83744798776654
          ],
          [
            120.60002782441232,
            23.837756428217762
          ],
          [
            120.59988371748668,
            23.83810014315737
          ],
          [
            120.59975815450154,
            23.838405645798662
          ],
          [
            120.599757582845,
            23.83840703577831
          ],
          [
            120.5997554425845,
            23.838412243018865
          ],
          [
            120.59970853979699,
            23.838520915465974
          ],
          [
            120.59970105452257,
            23.838538259077346
          ],
          [
            120.59961530050235,
            23.838736946166083
          ],
          [
            120.59947976906584,
            23.839075212797486
          ],
          [
            120.59930348477383,
            23.839500961522344
          ],
          [
            120.5991586749886,
            23.839858094556735
          ],
          [
            120.59900793163536,
            23.840223084913003
          ],
          [
            120.59887290743039,
            23.840548287281273
          ],
          [
            120.5987462978978,
            23.840853853948555
          ],
          [
            120.59860788913188,
            23.841184293437312
          ],
          [
            120.59850123850777,
            23.841447165657613
          ],
          [
            120.59840071170859,
            23.84168466157289
          ],
          [
            120.59830613436684,
            23.84191899539908
          ],
          [
            120.59820255878452,
            23.842171131053824
          ],
          [
            120.59808298722488,
            23.842462808922505
          ],
          [
            120.59796564229077,
            23.84274533736705
          ],
          [
            120.59783116838045,
            23.8430689599139
          ],
          [
            120.59768745807521,
            23.843420595151052
          ],
          [
            120.59754399534607,
            23.84376491689171
          ],
          [
            120.59739758743962,
            23.844089636525847
          ],
          [
            120.59725344398298,
            23.84446950574491
          ],
          [
            120.59708065771416,
            23.844914836808357
          ],
          [
            120.59699694832946,
            23.84510773142854
          ],
          [
            120.59698952686205,
            23.845124833058815
          ],
          [
            120.59697457812986,
            23.845159278937885
          ],
          [
            120.59692054449705,
            23.845283791342904
          ],
          [
            120.59675768387633,
            23.845671052344372
          ],
          [
            120.59659119180344,
            23.846070094497325
          ],
          [
            120.5964454999898,
            23.84642539010294
          ],
          [
            120.59625353792579,
            23.84690164048777
          ],
          [
            120.5960839935981,
            23.847315854569764
          ],
          [
            120.59588635536876,
            23.847795006095144
          ],
          [
            120.59569329753603,
            23.84825067431156
          ],
          [
            120.59565955438345,
            23.84833344050286
          ],
          [
            120.5956593970926,
            23.84833382655711
          ],
          [
            120.59560873876565,
            23.848458079102112
          ],
          [
            120.59525004181471,
            23.849321830035223
          ],
          [
            120.59494415620186,
            23.850008704346806
          ],
          [
            120.59444775241055,
            23.85121901275667
          ],
          [
            120.59416503600289,
            23.85188854711788
          ],
          [
            120.59367361162248,
            23.85307244871156
          ],
          [
            120.5934815118497,
            23.853529699091307
          ],
          [
            120.59341180944105,
            23.85369884714747
          ],
          [
            120.59144865488841,
            23.858424856642827
          ],
          [
            120.59099030909567,
            23.859528257577686
          ],
          [
            120.59041360305788,
            23.861119584565117
          ],
          [
            120.59015407805175,
            23.861724968870895
          ],
          [
            120.58968187218846,
            23.862826451124803
          ],
          [
            120.58951078130731,
            23.863213265820868
          ],
          [
            120.58921675369048,
            23.86392427374674
          ],
          [
            120.58898223404185,
            23.86449126545644
          ],
          [
            120.58880366685607,
            23.864930681864198
          ],
          [
            120.58873445298757,
            23.865096350531164
          ],
          [
            120.58871602290186,
            23.865140464075775
          ],
          [
            120.58869234939131,
            23.865197127368567
          ],
          [
            120.58866362437001,
            23.865265881313814
          ],
          [
            120.58848295230327,
            23.865698330757326
          ],
          [
            120.5882302909068,
            23.86632166144383
          ],
          [
            120.58789693525229,
            23.867124248451876
          ],
          [
            120.5875817192009,
            23.867882846863345
          ],
          [
            120.58748280591881,
            23.868134890785544
          ],
          [
            120.58744132590184,
            23.868240590008522
          ],
          [
            120.58735935455327,
            23.868449462783307
          ],
          [
            120.58715094648088,
            23.8690172444399
          ],
          [
            120.58701815301112,
            23.86941752143647
          ],
          [
            120.58690119007895,
            23.869804324397798
          ],
          [
            120.58680533270172,
            23.870152229411175
          ],
          [
            120.58663031908135,
            23.870819640889255
          ],
          [
            120.58646935901182,
            23.871485628855716
          ],
          [
            120.58629005278966,
            23.87221454761956
          ],
          [
            120.58622228501216,
            23.872494189122463
          ],
          [
            120.5862114699174,
            23.872538817591423
          ],
          [
            120.58619716651943,
            23.872597840650748
          ],
          [
            120.58615571085811,
            23.872768909967345
          ],
          [
            120.58604684912075,
            23.873211815570038
          ],
          [
            120.58601637286681,
            23.87333312893066
          ],
          [
            120.58601626646283,
            23.873333550325313
          ],
          [
            120.58601063860458,
            23.873355956510103
          ],
          [
            120.58599391278962,
            23.873424817965258
          ],
          [
            120.58591277096717,
            23.873756358666707
          ],
          [
            120.58582536255032,
            23.874119564486573
          ],
          [
            120.58573727112892,
            23.87447785540949
          ],
          [
            120.58563873233939,
            23.874882187884694
          ],
          [
            120.58555629951077,
            23.87522078234852
          ],
          [
            120.58545827036217,
            23.875625359827247
          ],
          [
            120.58535771542056,
            23.87603969137054
          ],
          [
            120.58525427794329,
            23.87646139130248
          ],
          [
            120.5851763950691,
            23.876781567490134
          ],
          [
            120.58516963128828,
            23.87680937024827
          ],
          [
            120.5851645678977,
            23.87683018509509
          ],
          [
            120.58514753602,
            23.87690020318254
          ],
          [
            120.58496948746259,
            23.87762714564852
          ],
          [
            120.58482961976003,
            23.87821401590542
          ],
          [
            120.58473773023776,
            23.878576350936257
          ],
          [
            120.5845667256423,
            23.879288142072195
          ],
          [
            120.58445375365261,
            23.87974715452856
          ],
          [
            120.58443843776175,
            23.879809384626355
          ],
          [
            120.5844382775954,
            23.879810033419194
          ],
          [
            120.58439496920934,
            23.879985999195842
          ],
          [
            120.58429094328031,
            23.880417747407595
          ],
          [
            120.58417645289825,
            23.880882054917613
          ],
          [
            120.58407347277729,
            23.88130565205213
          ],
          [
            120.58392393916643,
            23.8819358179016
          ],
          [
            120.58380950447905,
            23.882400279573996
          ],
          [
            120.58372696501488,
            23.882738438915993
          ],
          [
            120.58364529441027,
            23.883078361307863
          ],
          [
            120.58355692741229,
            23.88344246652665
          ],
          [
            120.5834326857923,
            23.883933021952185
          ],
          [
            120.58305970067491,
            23.885478886105634
          ],
          [
            120.58305816917114,
            23.885485192709396
          ],
          [
            120.58305553108309,
            23.885496056238214
          ],
          [
            120.58302546816493,
            23.8856198620268
          ],
          [
            120.58293823271289,
            23.885961627078643
          ],
          [
            120.5829289193142,
            23.88599811282384
          ],
          [
            120.58284739454062,
            23.886360440020237
          ],
          [
            120.58273922516874,
            23.886796352550114
          ],
          [
            120.58260583524084,
            23.88735219203975
          ],
          [
            120.58252455024765,
            23.887690033304125
          ],
          [
            120.58242309536341,
            23.888095736416126
          ],
          [
            120.58233297877676,
            23.888461506337723
          ],
          [
            120.58232319807118,
            23.888501202571987
          ],
          [
            120.5821802965164,
            23.889091905877684
          ],
          [
            120.58207379642312,
            23.88952030968634
          ],
          [
            120.5819389001564,
            23.890095696823792
          ],
          [
            120.58183283726463,
            23.890514355992785
          ],
          [
            120.58172986329264,
            23.890939998778137
          ],
          [
            120.58160763804341,
            23.891416508513064
          ],
          [
            120.58153326505357,
            23.891734271665
          ],
          [
            120.58147016973032,
            23.892034876806377
          ],
          [
            120.58139721946192,
            23.892339990632802
          ],
          [
            120.58119535910689,
            23.89316320902578
          ],
          [
            120.58103028585722,
            23.893965468532883
          ],
          [
            120.58086153781052,
            23.894727121842607
          ],
          [
            120.58061680987896,
            23.89568208428728
          ],
          [
            120.580614,
            23.895693
          ],
          [
            120.58047983697698,
            23.896257476523015
          ],
          [
            120.5803824098511,
            23.8966561862725
          ],
          [
            120.58012452970597,
            23.897480232244142
          ],
          [
            120.5800802985964,
            23.89764562468443
          ],
          [
            120.57989667368629,
            23.898332260015486
          ],
          [
            120.57989648239824,
            23.898333103754457
          ],
          [
            120.57989639074532,
            23.89833350622135
          ],
          [
            120.57944126264768,
            23.900343018359226
          ],
          [
            120.57928243596892,
            23.900978549189897
          ],
          [
            120.57918811017679,
            23.901361668732257
          ],
          [
            120.57917200682836,
            23.901427076120974
          ],
          [
            120.5791610904695,
            23.901471411942644
          ],
          [
            120.57915200924383,
            23.90150829800507
          ],
          [
            120.57899782370177,
            23.902147286781343
          ],
          [
            120.57898169512455,
            23.902212841253558
          ],
          [
            120.57877962957775,
            23.90303416012461
          ],
          [
            120.57869949563998,
            23.903369952813907
          ],
          [
            120.57868565804208,
            23.903427938647006
          ],
          [
            120.57866663006867,
            23.9035076777391
          ],
          [
            120.57865727687661,
            23.903546871864293
          ],
          [
            120.57855461872776,
            23.903971195934222
          ],
          [
            120.57843560956282,
            23.90445689391745
          ],
          [
            120.57832802359238,
            23.904903592065608
          ],
          [
            120.57820171759359,
            23.905417947551204
          ],
          [
            120.57802361388065,
            23.90615042601355
          ],
          [
            120.57782312373635,
            23.906954563311967
          ],
          [
            120.57758109604052,
            23.907946127480393
          ],
          [
            120.5774579117936,
            23.90844337249751
          ],
          [
            120.5772974400986,
            23.90911039263915
          ],
          [
            120.57718389210588,
            23.909576422595833
          ],
          [
            120.57706720560992,
            23.910031461196624
          ],
          [
            120.57685446270996,
            23.910900887029253
          ],
          [
            120.57663654993374,
            23.91179099385192
          ],
          [
            120.57661911674762,
            23.91186280273244
          ],
          [
            120.57661296717059,
            23.911888139774934
          ],
          [
            120.57651584054021,
            23.912286027853444
          ],
          [
            120.57628746836357,
            23.913230956745323
          ],
          [
            120.57607362903158,
            23.914102276904053
          ],
          [
            120.57583201190369,
            23.915083600573396
          ],
          [
            120.57556528802104,
            23.916182542302177
          ],
          [
            120.57531967698603,
            23.917188214497713
          ],
          [
            120.57519113164145,
            23.917709707091674
          ],
          [
            120.57510283439942,
            23.91804418057495
          ],
          [
            120.57508427161928,
            23.91810945503987
          ],
          [
            120.57503005180703,
            23.91830011669561
          ],
          [
            120.57493071164579,
            23.91862968177782
          ],
          [
            120.57476865828772,
            23.919126674475763
          ],
          [
            120.57456426934777,
            23.919731372914082
          ],
          [
            120.57434248253884,
            23.920389456729247
          ],
          [
            120.57408540666867,
            23.921143657133197
          ],
          [
            120.57383965274803,
            23.92187528483944
          ],
          [
            120.57361229787405,
            23.922549793714353
          ],
          [
            120.573352827477,
            23.9233111255676
          ],
          [
            120.57334531255209,
            23.923333394026468
          ],
          [
            120.57334518260176,
            23.923333781031268
          ],
          [
            120.5732559783916,
            23.923598108545157
          ],
          [
            120.57325587027032,
            23.923598428792168
          ],
          [
            120.57324942820678,
            23.92361793358545
          ],
          [
            120.57324142348895,
            23.923642171817644
          ],
          [
            120.57322911478879,
            23.92367944301566
          ],
          [
            120.57322002266112,
            23.92370697309119
          ],
          [
            120.57321203281751,
            23.923731165312283
          ],
          [
            120.57320164690952,
            23.923762612402278
          ],
          [
            120.57319063097742,
            23.923795966577842
          ],
          [
            120.5731828603899,
            23.9238194948348
          ],
          [
            120.57317607799094,
            23.923840030750775
          ],
          [
            120.57302525924779,
            23.924296707624237
          ],
          [
            120.57297690308404,
            23.92443890977047
          ],
          [
            120.57280126991796,
            23.924955382088843
          ],
          [
            120.572564221236,
            23.92564906510548
          ],
          [
            120.57237452465591,
            23.926207404494335
          ],
          [
            120.57236226950138,
            23.926243475734033
          ],
          [
            120.57220448047767,
            23.92672160072612
          ],
          [
            120.57208892625702,
            23.927039492849772
          ],
          [
            120.57174079004791,
            23.92808393001788
          ],
          [
            120.57172506252854,
            23.928131113865373
          ],
          [
            120.57137116886823,
            23.92917934510339
          ],
          [
            120.57113358042821,
            23.92987406314723
          ],
          [
            120.57090641150856,
            23.930550794191227
          ],
          [
            120.57068846591213,
            23.931191406444345
          ],
          [
            120.57047039776982,
            23.931838998664418
          ],
          [
            120.57030557867299,
            23.932332568158333
          ],
          [
            120.57016858781171,
            23.932737302834752
          ],
          [
            120.57003230435748,
            23.93315923960379
          ],
          [
            120.5699420719094,
            23.933468832050803
          ],
          [
            120.56986759639898,
            23.933772403433533
          ],
          [
            120.56979344319379,
            23.934103406335655
          ],
          [
            120.56972806462073,
            23.934480484121025
          ],
          [
            120.56967855565411,
            23.934829759377703
          ],
          [
            120.56964214846508,
            23.93518609623533
          ],
          [
            120.5696190098594,
            23.935454180860937
          ],
          [
            120.56960127321533,
            23.936102087688635
          ],
          [
            120.56959750210927,
            23.936706384169554
          ],
          [
            120.56960027800353,
            23.93745807811404
          ],
          [
            120.56960022715332,
            23.937697672504612
          ],
          [
            120.5696005390322,
            23.937989927826486
          ],
          [
            120.56960113866577,
            23.938552376644793
          ],
          [
            120.56960113890042,
            23.9387928497128
          ],
          [
            120.56960113814307,
            23.940178234301264
          ],
          [
            120.56959841484768,
            23.941494604153508
          ],
          [
            120.56959939208645,
            23.942685685756377
          ],
          [
            120.5695975445988,
            23.943737876946734
          ],
          [
            120.56960764506479,
            23.94465423592128
          ],
          [
            120.56960775087764,
            23.944663801136784
          ],
          [
            120.56959870700335,
            23.945337118794125
          ],
          [
            120.56959412841057,
            23.9460314081093
          ],
          [
            120.56959821016558,
            23.946123020808542
          ],
          [
            120.56960265587514,
            23.94622279265225
          ],
          [
            120.56960976335698,
            23.946647946168067
          ],
          [
            120.56961034950119,
            23.946683007432846
          ],
          [
            120.56961195385162,
            23.94748882066158
          ],
          [
            120.56961925714118,
            23.948333817799014
          ],
          [
            120.56963498813853,
            23.949457475139127
          ],
          [
            120.56964825300886,
            23.950437269783148
          ],
          [
            120.56964530638459,
            23.951231815546084
          ],
          [
            120.56965018979491,
            23.952175417160635
          ],
          [
            120.56964795658502,
            23.953314821548283
          ],
          [
            120.56965637052551,
            23.9544741204192
          ],
          [
            120.56965602787218,
            23.955450234715148
          ],
          [
            120.56964812328918,
            23.956558756426563
          ],
          [
            120.56964203816621,
            23.957565708917688
          ],
          [
            120.56965124605735,
            23.958585432062986
          ],
          [
            120.56965403514798,
            23.959469999889176
          ],
          [
            120.56965424926874,
            23.959537908883338
          ],
          [
            120.56964847008558,
            23.960474154906297
          ],
          [
            120.56965304694049,
            23.961176276291372
          ],
          [
            120.56965519605198,
            23.96167705119758
          ],
          [
            120.56964740697336,
            23.962551486543408
          ],
          [
            120.5696493305669,
            23.962802574764144
          ],
          [
            120.56964810833755,
            23.963171045131958
          ],
          [
            120.56965038184511,
            23.963298375775405
          ],
          [
            120.5696497145117,
            23.963414152215364
          ],
          [
            120.56965893215127,
            23.963777325349362
          ],
          [
            120.56966137152914,
            23.964237102690443
          ],
          [
            120.5696592513686,
            23.964548683143807
          ],
          [
            120.5696570838471,
            23.964867123123152
          ],
          [
            120.56965608966148,
            23.96501327007326
          ],
          [
            120.56964508381151,
            23.965299687601973
          ],
          [
            120.56964111818279,
            23.96534078123645
          ],
          [
            120.56961225930004,
            23.965565069441645
          ],
          [
            120.56956616412845,
            23.96595515766019
          ],
          [
            120.56953817174012,
            23.96619982501147
          ],
          [
            120.56949207608506,
            23.96646832536226
          ],
          [
            120.56945179215612,
            23.966681575462925
          ],
          [
            120.56938672956896,
            23.96695131196222
          ],
          [
            120.56936212882323,
            23.96703886829072
          ],
          [
            120.56930859969307,
            23.967219925513234
          ],
          [
            120.56929620545765,
            23.967254972836322
          ],
          [
            120.5691801634873,
            23.96758312030003
          ],
          [
            120.56908413716745,
            23.96784173031551
          ],
          [
            120.5690581182818,
            23.9679118015964
          ],
          [
            120.56898696626764,
            23.968103420598638
          ],
          [
            120.56880476519282,
            23.968571980281144
          ],
          [
            120.56858247680834,
            23.969145221829336
          ],
          [
            120.56839632410578,
            23.969649019857798
          ],
          [
            120.56834096731829,
            23.969789197040825
          ],
          [
            120.56830488723406,
            23.969880560185317
          ],
          [
            120.56819695884879,
            23.970153854941653
          ],
          [
            120.56796602560706,
            23.970772182174542
          ],
          [
            120.5677192144969,
            23.97142143523691
          ],
          [
            120.56749006043505,
            23.972016414679622
          ],
          [
            120.56745301969988,
            23.97211258937218
          ],
          [
            120.56740857531996,
            23.97222798220694
          ],
          [
            120.56714043869206,
            23.97293521525372
          ],
          [
            120.56705758143984,
            23.97315094667361
          ],
          [
            120.5669994456024,
            23.973302307420667
          ],
          [
            120.56698760177319,
            23.973333422846615
          ],
          [
            120.56698745505531,
            23.973333807086593
          ],
          [
            120.56686121239262,
            23.973665460455035
          ],
          [
            120.5667141132315,
            23.97404052612182
          ],
          [
            120.56657845150288,
            23.974397662573494
          ],
          [
            120.56639727290292,
            23.974860722776384
          ],
          [
            120.56625943685776,
            23.975224273573964
          ],
          [
            120.56617137870239,
            23.97547743567663
          ],
          [
            120.5660313186036,
            23.97585064233274
          ],
          [
            120.56577533390737,
            23.976516055443334
          ],
          [
            120.56563471100178,
            23.976877647317814
          ],
          [
            120.56552803675393,
            23.97716028250685
          ],
          [
            120.56541791708422,
            23.97743899900769
          ],
          [
            120.56527917716843,
            23.977805503317832
          ],
          [
            120.56512517473793,
            23.978208139722142
          ],
          [
            120.56495352066571,
            23.97865565813103
          ],
          [
            120.5647802015621,
            23.9791128592577
          ],
          [
            120.56476733190945,
            23.979146832992225
          ],
          [
            120.56459563448334,
            23.979600064615653
          ],
          [
            120.56454535814206,
            23.979732782719108
          ],
          [
            120.56452734244144,
            23.97978033833407
          ],
          [
            120.56429298426819,
            23.98039520893543
          ],
          [
            120.56410656770278,
            23.980882476050002
          ],
          [
            120.56388025535476,
            23.98147941915459
          ],
          [
            120.56362308498784,
            23.98215197586449
          ],
          [
            120.56333780287522,
            23.982904083414855
          ],
          [
            120.56312337011057,
            23.98346443474369
          ],
          [
            120.56292074688177,
            23.98399337982018
          ],
          [
            120.56270761652704,
            23.984552560333107
          ],
          [
            120.56250915992611,
            23.985074437565064
          ],
          [
            120.56244162822075,
            23.985252182285333
          ],
          [
            120.56236073488584,
            23.9854650963571
          ],
          [
            120.56222813777138,
            23.985809651696847
          ],
          [
            120.56212115420901,
            23.98608658557346
          ],
          [
            120.56202921574983,
            23.98633983300997
          ],
          [
            120.56190831916584,
            23.986650804903928
          ],
          [
            120.56175268723042,
            23.987070074679217
          ],
          [
            120.56152588035337,
            23.987658515487837
          ],
          [
            120.56126866816419,
            23.988333136849025
          ],
          [
            120.56112212848524,
            23.98871272952276
          ],
          [
            120.5610986744011,
            23.988775675977166
          ],
          [
            120.56108197644767,
            23.9888204890286
          ],
          [
            120.56106627227095,
            23.988862634021338
          ],
          [
            120.56099800746304,
            23.989045839572288
          ],
          [
            120.56074046199839,
            23.989709857476207
          ],
          [
            120.56062090148869,
            23.990019962019062
          ],
          [
            120.56040199202299,
            23.990587748322106
          ],
          [
            120.56020352400446,
            23.99110307649485
          ],
          [
            120.55999225318787,
            23.99165635254513
          ],
          [
            120.5598194110716,
            23.992111359529968
          ],
          [
            120.55979025172194,
            23.99218812061441
          ],
          [
            120.5597843011482,
            23.992203928474876
          ],
          [
            120.5597468898816,
            23.99230330529795
          ],
          [
            120.55973065966234,
            23.99234642017913
          ],
          [
            120.5597208749214,
            23.99237241032827
          ],
          [
            120.55970183601383,
            23.99242298355989
          ],
          [
            120.55960682770369,
            23.992675353592364
          ],
          [
            120.55941131785178,
            23.9931870682285
          ],
          [
            120.55922386367857,
            23.993682289127378
          ],
          [
            120.55904297224313,
            23.994154441333016
          ],
          [
            120.55893829786964,
            23.994412688302056
          ],
          [
            120.5588273820897,
            23.994679892459
          ],
          [
            120.55868980356998,
            23.994960710178855
          ],
          [
            120.55859201159736,
            23.995157549642833
          ],
          [
            120.55846851903735,
            23.9953740804056
          ],
          [
            120.558357879727,
            23.995556553952767
          ],
          [
            120.55824304516327,
            23.995729876668896
          ],
          [
            120.55806011345878,
            23.996008951354796
          ],
          [
            120.5580583479801,
            23.996011633416924
          ],
          [
            120.55805550465253,
            23.99601594940337
          ],
          [
            120.55804339037569,
            23.99603433808245
          ],
          [
            120.55802770932071,
            23.99606253505238
          ],
          [
            120.55790285617984,
            23.996224821776533
          ],
          [
            120.5577405994884,
            23.996435280733525
          ],
          [
            120.55760649364736,
            23.99659628633116
          ],
          [
            120.55721766714235,
            23.997069072195377
          ],
          [
            120.55636465936021,
            23.998108733948644
          ],
          [
            120.55618159029099,
            23.99833225335652
          ],
          [
            120.55618095960891,
            23.99833302354462
          ],
          [
            120.5561806437749,
            23.998333409088712
          ],
          [
            120.55613954187783,
            23.998383591991775
          ],
          [
            120.5561183247051,
            23.998409496413498
          ],
          [
            120.55609713811886,
            23.998435363900086
          ],
          [
            120.55564575499571,
            23.998986477737205
          ],
          [
            120.55469169099472,
            24.000147652294906
          ],
          [
            120.55371340498694,
            24.001331508620396
          ],
          [
            120.55265681301405,
            24.00261871050184
          ],
          [
            120.55169860050972,
            24.003783533525414
          ],
          [
            120.55137533877777,
            24.004176658390737
          ],
          [
            120.55089958468463,
            24.00475522296832
          ],
          [
            120.55079332940716,
            24.004884054459012
          ],
          [
            120.550674812375,
            24.00502813036319
          ],
          [
            120.55065576098751,
            24.005051289977573
          ],
          [
            120.55055633332256,
            24.00517223156352
          ],
          [
            120.55043817366226,
            24.00531655392003
          ],
          [
            120.55033115796978,
            24.00544841129572
          ],
          [
            120.55032071581903,
            24.005461358601448
          ],
          [
            120.55020426182837,
            24.005606846947853
          ],
          [
            120.550088866646,
            24.005753044405107
          ],
          [
            120.54997453422394,
            24.00589994556951
          ],
          [
            120.54986127146609,
            24.006047544143154
          ],
          [
            120.54980852777965,
            24.00611699497532
          ],
          [
            120.54974907055819,
            24.006195826561335
          ],
          [
            120.54963773244486,
            24.006344656800874
          ],
          [
            120.54952687464822,
            24.00649378904346
          ],
          [
            120.54950262747863,
            24.0065264565271
          ],
          [
            120.54941613330816,
            24.006642993777287
          ],
          [
            120.5493053926876,
            24.006792200233175
          ],
          [
            120.54919465083024,
            24.006941405696516
          ],
          [
            120.54908390969868,
            24.007090611076055
          ],
          [
            120.54897316831004,
            24.007239816368884
          ],
          [
            120.5488624266643,
            24.007389021575012
          ],
          [
            120.54875168377858,
            24.00753822669153
          ],
          [
            120.54869905667029,
            24.00760913209054
          ],
          [
            120.54864093377114,
            24.007687427186454
          ],
          [
            120.54853000794682,
            24.0078365178221
          ],
          [
            120.54841858657888,
            24.007985296301065
          ],
          [
            120.5483371691177,
            24.008092850075275
          ],
          [
            120.54831375305706,
            24.008123782553003
          ],
          [
            120.54830635289797,
            24.008133557624888
          ],
          [
            120.54819298524475,
            24.00828108955629
          ],
          [
            120.5481716051224,
            24.008308539059154
          ],
          [
            120.5481385880549,
            24.008350927676673
          ],
          [
            120.54807818063466,
            24.008427679912078
          ],
          [
            120.54798824117174,
            24.008540143822458
          ],
          [
            120.54797383832452,
            24.008558153789284
          ],
          [
            120.54784383323884,
            24.0087176752542
          ],
          [
            120.54772430727493,
            24.00886104687431
          ],
          [
            120.54760322892288,
            24.00900331584148
          ],
          [
            120.54759763689974,
            24.00900981854882
          ],
          [
            120.54748065709288,
            24.00914450038474
          ],
          [
            120.54735684773178,
            24.00928477100864
          ],
          [
            120.54723211165688,
            24.009424348042142
          ],
          [
            120.54710675573843,
            24.00956345631822
          ],
          [
            120.54698108487176,
            24.00970232337382
          ],
          [
            120.54697527488428,
            24.009708737827996
          ],
          [
            120.54685535392778,
            24.009841146802014
          ],
          [
            120.54672962369922,
            24.00997996922051
          ],
          [
            120.54660389319673,
            24.01011879243224
          ],
          [
            120.5464781624299,
            24.01025761372844
          ],
          [
            120.54635243236899,
            24.010396436723717
          ],
          [
            120.54622670007149,
            24.010535259603483
          ],
          [
            120.54610096848937,
            24.010674081473553
          ],
          [
            120.54597523663337,
            24.01081290413685
          ],
          [
            120.54594271867434,
            24.010848807929893
          ],
          [
            120.5458495290166,
            24.010951744821817
          ],
          [
            120.54572409562162,
            24.011090793886254
          ],
          [
            120.54559930014743,
            24.011230328707853
          ],
          [
            120.54559822350043,
            24.01123153906391
          ],
          [
            120.54547545732426,
            24.011370575955777
          ],
          [
            120.54535263580642,
            24.011511579176975
          ],
          [
            120.54523083857242,
            24.01165333025624
          ],
          [
            120.54511007350283,
            24.011795824704702
          ],
          [
            120.54507692526137,
            24.011835282200007
          ],
          [
            120.5449903200397,
            24.011939038987375
          ],
          [
            120.54487133308723,
            24.01208279088843
          ],
          [
            120.5447942388831,
            24.01217641143514
          ],
          [
            120.54476057824544,
            24.01221728855913
          ],
          [
            120.5447527351475,
            24.012226813824896
          ],
          [
            120.54474965120623,
            24.01223056178673
          ],
          [
            120.54474147145442,
            24.012240503208943
          ],
          [
            120.54463420558322,
            24.012370883819585
          ],
          [
            120.5445156747675,
            24.012514954615945
          ],
          [
            120.54439714368966,
            24.01265902441103
          ],
          [
            120.54427861332626,
            24.012803095013613
          ],
          [
            120.54416008171462,
            24.01294716551493
          ],
          [
            120.54404155180673,
            24.013091235020823
          ],
          [
            120.54392301966763,
            24.01323530442253
          ],
          [
            120.54380448824615,
            24.0133793737288
          ],
          [
            120.54368595557322,
            24.01352344383672
          ],
          [
            120.54356742361792,
            24.01366751384921
          ],
          [
            120.54344889041751,
            24.013811582857485
          ],
          [
            120.54333035793152,
            24.013955652673282
          ],
          [
            120.54321182518342,
            24.01409972148777
          ],
          [
            120.54310420773622,
            24.014230522485395
          ],
          [
            120.5430932911838,
            24.01424379110389
          ],
          [
            120.542974757905,
            24.01438785972166
          ],
          [
            120.54285850703518,
            24.014533814061092
          ],
          [
            120.54209140163775,
            24.01546583144111
          ],
          [
            120.5415535758985,
            24.016115991127755
          ],
          [
            120.54126610948067,
            24.016471719486603
          ],
          [
            120.54109308045354,
            24.01669188813908
          ],
          [
            120.54092666200468,
            24.01691355810377
          ],
          [
            120.54072093077501,
            24.017199000929697
          ],
          [
            120.54057287566002,
            24.017422784207394
          ],
          [
            120.54042047665651,
            24.01766247216445
          ],
          [
            120.54026826742707,
            24.01792327207496
          ],
          [
            120.54013902468364,
            24.018152473865833
          ],
          [
            120.53997521432055,
            24.018468966951794
          ],
          [
            120.53982883519164,
            24.01878146793477
          ],
          [
            120.53971189868385,
            24.01904085530611
          ],
          [
            120.5395634492974,
            24.01938805773192
          ],
          [
            120.53939153805392,
            24.019790036500304
          ],
          [
            120.539376679911,
            24.0198247819565
          ],
          [
            120.53936155512577,
            24.01986014602346
          ],
          [
            120.5393349355528,
            24.01992238934151
          ],
          [
            120.53906771847184,
            24.02054772750653
          ],
          [
            120.53880042204284,
            24.021177761052694
          ],
          [
            120.53869129728639,
            24.021433556573772
          ],
          [
            120.53867706993,
            24.021466905201915
          ],
          [
            120.53853583383619,
            24.02179796743146
          ],
          [
            120.5382558553806,
            24.02245458020431
          ],
          [
            120.53820037238333,
            24.022589618546956
          ],
          [
            120.53818566912057,
            24.02262540451559
          ],
          [
            120.53817219252849,
            24.02265820456069
          ],
          [
            120.53812947099446,
            24.022762181531824
          ],
          [
            120.53793532387033,
            24.023254727096816
          ],
          [
            120.53791296812598,
            24.023304915251313
          ],
          [
            120.53790199231744,
            24.0233324686294
          ],
          [
            120.53790168889985,
            24.023333198188976
          ],
          [
            120.537901527272,
            24.02333358776959
          ],
          [
            120.53731639162254,
            24.024742497429738
          ],
          [
            120.53723462225547,
            24.024945848105098
          ],
          [
            120.53706407839044,
            24.025369970381888
          ],
          [
            120.53656580543155,
            24.026397193085185
          ],
          [
            120.53629228097914,
            24.02701411098942
          ],
          [
            120.5362765901045,
            24.027049500975775
          ],
          [
            120.53625954044314,
            24.027087955019443
          ],
          [
            120.5361918808452,
            24.02724055564795
          ],
          [
            120.53609029117173,
            24.0274767672837
          ],
          [
            120.53594726675772,
            24.027809320163282
          ],
          [
            120.53539187775014,
            24.029115791174796
          ],
          [
            120.53489595726948,
            24.03029798805505
          ],
          [
            120.53443207945557,
            24.031369153623967
          ],
          [
            120.53386130972281,
            24.032690137485154
          ],
          [
            120.53342649212667,
            24.033679886394403
          ],
          [
            120.53305848366088,
            24.034604928363105
          ],
          [
            120.53305555387858,
            24.034612293689857
          ],
          [
            120.53299827579175,
            24.034756268791543
          ],
          [
            120.53280947760798,
            24.035201586878394
          ],
          [
            120.53273476072437,
            24.03537777409373
          ],
          [
            120.53109954403658,
            24.039214149301923
          ],
          [
            120.53071041138887,
            24.04013492936982
          ],
          [
            120.53039589208423,
            24.040858802531353
          ],
          [
            120.53027379794732,
            24.041142143033618
          ],
          [
            120.5298348925065,
            24.04217019419951
          ],
          [
            120.52951039202436,
            24.04293553515565
          ],
          [
            120.5292399567952,
            24.04358233483937
          ],
          [
            120.52917231334928,
            24.04374627090265
          ],
          [
            120.5291648134471,
            24.043764099713268
          ],
          [
            120.52915724213813,
            24.043782097152214
          ]
        ]
      }
    }
  ]
}