{
  "type": "FeatureCollection",
  "features": [
    {
      "type": "Feature",
      "properties": {
        "track_id": "OD-HC-南港",
        "source_track": "BB-ZY-KL-M-0",
        "point_count": 2369
      },
      "geometry": {
        "type": "LineString",
        "coordinates": [
          [
            120.94920554121025,
            24.795103994168617
          ],
          [
            120.95051505211907,
            24.795691690957433
          ],
          [
            120.95093742567276,
            24.795877088427734
          ],
          [
            120.95125566234151,
            24.795986330464338
          ],
          [
            120.9516094861791,
            24.796095095788314
          ],
          [
            120.95215119999757,
            24.79623687495399
          ],
          [
            120.95262807314016,
            24.79632369245155
          ],
          [
            120.95362687617852,
            24.79643642070885
          ],
          [
            120.95514850769248,
            24.79641984744602
          ],
          [
            120.9562650499844,
            24.796394707239365
          ],
          [
            120.95631961804904,
            24.796393478128202
          ],
          [
            120.95634362281233,
            24.79639294341482
          ],
          [
            120.95636827047306,
            24.796392390827783
          ],
          [
            120.95637832933004,
            24.79639216443287
          ],
          [
            120.95798891309892,
            24.796355891336592
          ],
          [
            120.95805552715476,
            24.796354004980742
          ],
          [
            120.95805866251276,
            24.7963539246018
          ],
          [
            120.95856741480249,
            24.796339543765548
          ],
          [
            120.95878494844818,
            24.796333396649455
          ],
          [
            120.95893238947883,
            24.79632922984061
          ],
          [
            120.95907991951553,
            24.796325062910824
          ],
          [
            120.95915649547536,
            24.79632289528946
          ],
          [
            120.95923597534886,
            24.796320645356527
          ],
          [
            120.96065560025164,
            24.796280504818466
          ],
          [
            120.96079693858907,
            24.796276506111994
          ],
          [
            120.96102290187868,
            24.79627010966333
          ],
          [
            120.961842108298,
            24.796252814265006
          ],
          [
            120.96224729053752,
            24.796276102540382
          ],
          [
            120.96260627434712,
            24.79629755440001
          ],
          [
            120.96298138064208,
            24.79638351893368
          ],
          [
            120.96348189474011,
            24.79652400997699
          ],
          [
            120.96387663875656,
            24.796666234434436
          ],
          [
            120.96401348925534,
            24.79672321998648
          ],
          [
            120.9641417636372,
            24.79678379675216
          ],
          [
            120.9642354741369,
            24.79683078609595
          ],
          [
            120.9643585738519,
            24.796898575311644
          ],
          [
            120.96481813654954,
            24.79717107773518
          ],
          [
            120.96569132366092,
            24.79772266772539
          ],
          [
            120.96615929387166,
            24.79801576222895
          ],
          [
            120.9666471599753,
            24.79833344464294
          ],
          [
            120.96664772366344,
            24.79833376979909
          ],
          [
            120.96706857266365,
            24.798574340444276
          ],
          [
            120.96859531246558,
            24.799539756407064
          ],
          [
            120.97418854560782,
            24.8029058926563
          ],
          [
            120.97450476647768,
            24.803096188933676
          ],
          [
            120.97881242681967,
            24.8056197098726
          ],
          [
            120.9830555121833,
            24.80793364479908
          ],
          [
            120.98305861592358,
            24.80793533259871
          ],
          [
            120.98554006198484,
            24.809288476672073
          ],
          [
            120.98554006198484,
            24.809288476672073
          ],
          [
            120.98657147150179,
            24.809784162407546
          ],
          [
            120.98680885917794,
            24.809908417238326
          ],
          [
            120.98730282451913,
            24.81017056059866
          ],
          [
            120.98794674320622,
            24.81051234683394
          ],
          [
            120.98881399761316,
            24.81101513631972
          ],
          [
            120.98905297420987,
            24.811120608177912
          ],
          [
            120.9893362661742,
            24.811230416551854
          ],
          [
            120.98959423834106,
            24.811306997340417
          ],
          [
            120.98990035945256,
            24.811369472834496
          ],
          [
            120.98554006198484,
            24.809288476672073
          ],
          [
            120.98598322082354,
            24.809530115510018
          ],
          [
            120.98858897533808,
            24.81094679079359
          ],
          [
            120.9895088746747,
            24.811509241289727
          ],
          [
            120.98981880765741,
            24.811728016911058
          ],
          [
            120.98982187394824,
            24.811730274272332
          ],
          [
            120.98983164651447,
            24.811737470739477
          ],
          [
            120.98984125093057,
            24.81174454079401
          ],
          [
            120.9903242624727,
            24.81210014657289
          ],
          [
            120.99098905841183,
            24.8126209041334
          ],
          [
            120.99108493456148,
            24.812695040178227
          ],
          [
            120.99128566167944,
            24.81285023935345
          ],
          [
            120.99132581092178,
            24.81288128204518
          ],
          [
            120.99136613822982,
            24.812912460165414
          ],
          [
            120.99145916312864,
            24.81298438921096
          ],
          [
            120.9918151802599,
            24.813259644448877
          ],
          [
            120.99281136346366,
            24.814035123975344
          ],
          [
            120.992907740294,
            24.814110149985886
          ],
          [
            120.9929186210623,
            24.81411861030674
          ],
          [
            120.99293054044979,
            24.814127901307806
          ],
          [
            120.99294441442214,
            24.81413870017759
          ],
          [
            120.9930543142515,
            24.81422425137772
          ],
          [
            120.99389988473648,
            24.814876731516602
          ],
          [
            120.99417097887161,
            24.815088311471097
          ],
          [
            120.9942198530892,
            24.8151264574243
          ],
          [
            120.99422770715272,
            24.81513258815136
          ],
          [
            120.99423445333896,
            24.8151378520891
          ],
          [
            120.994258294484,
            24.815156464575434
          ],
          [
            120.99463737578324,
            24.815452324403896
          ],
          [
            120.995150040474,
            24.81585902642535
          ],
          [
            120.9954959102102,
            24.816148395014377
          ],
          [
            120.99590934201554,
            24.816543290988555
          ],
          [
            120.99618277459757,
            24.81682583936819
          ],
          [
            120.99650193799684,
            24.817195505313983
          ],
          [
            120.99674360843657,
            24.817504966165032
          ],
          [
            120.9969625178628,
            24.81781206968691
          ],
          [
            120.99711681320579,
            24.818043439723223
          ],
          [
            120.99730534500351,
            24.818350144874156
          ],
          [
            120.99732344045314,
            24.81838195928586
          ],
          [
            120.99738079140704,
            24.818482794442122
          ],
          [
            120.99743915440939,
            24.81858542357565
          ],
          [
            120.9976128388847,
            24.818913372362136
          ],
          [
            120.99774325562517,
            24.81918964057089
          ],
          [
            120.99782635860834,
            24.819388650234536
          ],
          [
            120.99791253829457,
            24.81959503625676
          ],
          [
            120.99809960758937,
            24.820079982955434
          ],
          [
            120.99830108131694,
            24.820607959860034
          ],
          [
            120.99837553018378,
            24.82080306872728
          ],
          [
            120.9984587537475,
            24.821019602509338
          ],
          [
            120.9986118075129,
            24.821417864543506
          ],
          [
            120.99880862623417,
            24.821934834765514
          ],
          [
            120.99888769645874,
            24.822142538274168
          ],
          [
            120.99900470465742,
            24.82244913222298
          ],
          [
            120.9990049123997,
            24.822449701026002
          ],
          [
            120.9990051597122,
            24.822450351086687
          ],
          [
            120.99921782962673,
            24.823007588345963
          ],
          [
            120.99921998621105,
            24.823013249287513
          ],
          [
            120.99932550078371,
            24.823293271729487
          ],
          [
            120.99934064640767,
            24.823333476137616
          ],
          [
            120.99934076511929,
            24.823333801167596
          ],
          [
            120.99957944601366,
            24.823967248336672
          ],
          [
            120.99977561985591,
            24.824480939728037
          ],
          [
            120.99987888135148,
            24.82475131015336
          ],
          [
            120.99988755739523,
            24.824774026104727
          ],
          [
            121.00013306995596,
            24.82540335523426
          ],
          [
            121.00040651305292,
            24.82607557868101
          ],
          [
            121.00071629642224,
            24.82677458020268
          ],
          [
            121.00110712852126,
            24.827577978042395
          ],
          [
            121.00119953193503,
            24.827757249038882
          ],
          [
            121.00128504985005,
            24.827923193832962
          ],
          [
            121.00138855399926,
            24.828111628628182
          ],
          [
            121.00163028915021,
            24.82855173386113
          ],
          [
            121.00192975419584,
            24.82906984495807
          ],
          [
            121.00228353712525,
            24.829659813138935
          ],
          [
            121.00276886841968,
            24.830400122106663
          ],
          [
            121.00315077520727,
            24.830954569143916
          ],
          [
            121.00323892857425,
            24.831082538456034
          ],
          [
            121.00339363731486,
            24.831293849104444
          ],
          [
            121.00378133654023,
            24.831823393491664
          ],
          [
            121.00442592572496,
            24.832690309631978
          ],
          [
            121.0050618168787,
            24.833541242592226
          ],
          [
            121.00552891111793,
            24.83416816187893
          ],
          [
            121.00580608950305,
            24.83455442124596
          ],
          [
            121.0058609731734,
            24.834628570855838
          ],
          [
            121.00643699345123,
            24.835406666508536
          ],
          [
            121.00644219792048,
            24.83541369954966
          ],
          [
            121.00690648681467,
            24.83604792764451
          ],
          [
            121.00694568889217,
            24.836099767940958
          ],
          [
            121.0070684206934,
            24.836262023845535
          ],
          [
            121.00735282051885,
            24.83663803245447
          ],
          [
            121.00791356306812,
            24.83740997449311
          ],
          [
            121.00805551301039,
            24.837597219647094
          ],
          [
            121.00805863975319,
            24.837601345539287
          ],
          [
            121.0085698253905,
            24.838275625546054
          ],
          [
            121.00909957832981,
            24.838957910961753
          ],
          [
            121.00912970862066,
            24.838998871780934
          ],
          [
            121.00923197364605,
            24.83913787850696
          ],
          [
            121.01021020680412,
            24.840467507528686
          ],
          [
            121.01089981955569,
            24.841384915555114
          ],
          [
            121.01152243959753,
            24.842208581784664
          ],
          [
            121.01174666249757,
            24.84251030828322
          ],
          [
            121.01175654816214,
            24.84252362465147
          ],
          [
            121.01176627549864,
            24.842536715317177
          ],
          [
            121.01211953851417,
            24.843012068539224
          ],
          [
            121.01232585414364,
            24.843299999928156
          ],
          [
            121.0125446797446,
            24.843612848829906
          ],
          [
            121.01273828597014,
            24.8439294464067
          ],
          [
            121.01287958595312,
            24.844195569494474
          ],
          [
            121.0130340396554,
            24.84449398649034
          ],
          [
            121.01314968493226,
            24.844763948680022
          ],
          [
            121.01326245506323,
            24.845068174449274
          ],
          [
            121.0133487255443,
            24.845347655180436
          ],
          [
            121.01339087116173,
            24.845484470355508
          ],
          [
            121.0133977997594,
            24.845506959901453
          ],
          [
            121.0134047283625,
            24.845529476532697
          ],
          [
            121.01343615454532,
            24.84563148751757
          ],
          [
            121.01343880721372,
            24.845640091505736
          ],
          [
            121.01345163610087,
            24.845691435825824
          ],
          [
            121.0134679691917,
            24.845756819253968
          ],
          [
            121.01348544066676,
            24.84582674394736
          ],
          [
            121.01349314197948,
            24.84585755775889
          ],
          [
            121.01350015037741,
            24.84588561791892
          ],
          [
            121.01350111056797,
            24.845889464002628
          ],
          [
            121.01350783245424,
            24.845921460644185
          ],
          [
            121.01356422121363,
            24.8461900193485
          ],
          [
            121.01361435044755,
            24.84649076543868
          ],
          [
            121.01365851832003,
            24.84683582425675
          ],
          [
            121.01368079617696,
            24.847151361635337
          ],
          [
            121.01369019033285,
            24.84754844619698
          ],
          [
            121.01367870099888,
            24.847894015648485
          ],
          [
            121.01365303149436,
            24.84823118981276
          ],
          [
            121.01364177256238,
            24.848333285868268
          ],
          [
            121.01364173302392,
            24.848333656043085
          ],
          [
            121.01362132060397,
            24.848518770595575
          ],
          [
            121.0135621469667,
            24.84885559565248
          ],
          [
            121.01350033385151,
            24.849126692954716
          ],
          [
            121.01341382858537,
            24.84945028451652
          ],
          [
            121.01341290873496,
            24.84945372448228
          ],
          [
            121.01334733694682,
            24.84965124826445
          ],
          [
            121.01323608284747,
            24.849966002945177
          ],
          [
            121.01320685151978,
            24.850042143413475
          ],
          [
            121.01317464261106,
            24.850126039674354
          ],
          [
            121.01313423302945,
            24.85023128017358
          ],
          [
            121.0131256663891,
            24.850253608564874
          ],
          [
            121.01312180823255,
            24.850261770725496
          ],
          [
            121.0130470885236,
            24.85042005702022
          ],
          [
            121.0130297861299,
            24.85045670546996
          ],
          [
            121.01301049525284,
            24.850497263458692
          ],
          [
            121.0129766916699,
            24.85056833022201
          ],
          [
            121.01288962525375,
            24.850751364795418
          ],
          [
            121.01286492291813,
            24.85080329019164
          ],
          [
            121.01261547496736,
            24.851233007858546
          ],
          [
            121.01250234323187,
            24.851407395025934
          ],
          [
            121.0124133513187,
            24.85154455533764
          ],
          [
            121.01217692198352,
            24.85187084897209
          ],
          [
            121.01185958551447,
            24.852261161163696
          ],
          [
            121.01154503285457,
            24.852601697989325
          ],
          [
            121.01136550225056,
            24.852777326293573
          ],
          [
            121.01123991390635,
            24.852892206173426
          ],
          [
            121.0110412853697,
            24.853073902709685
          ],
          [
            121.0107278685487,
            24.85332510009224
          ],
          [
            121.01053427207738,
            24.85346972431541
          ],
          [
            121.01049879022648,
            24.853496234665222
          ],
          [
            121.01047325238657,
            24.853515304776334
          ],
          [
            121.01046246726892,
            24.853522727008293
          ],
          [
            121.01016842884422,
            24.853725068307853
          ],
          [
            121.00988185820214,
            24.85390043119384
          ],
          [
            121.00953770808074,
            24.85409689695631
          ],
          [
            121.00923424292,
            24.854250654327405
          ],
          [
            121.0092086646978,
            24.854263611888502
          ],
          [
            121.00885973044011,
            24.854422716198187
          ],
          [
            121.00833936381653,
            24.854640343446228
          ],
          [
            121.00826910931778,
            24.854668733139647
          ],
          [
            121.0082352387215,
            24.85468241327683
          ],
          [
            121.00805865237322,
            24.854753757547602
          ],
          [
            121.00805550575835,
            24.854755030744055
          ],
          [
            121.00747218357259,
            24.8549907064318
          ],
          [
            121.00662847947653,
            24.855330499915937
          ],
          [
            121.00399600212405,
            24.85639376030799
          ],
          [
            121.00286057423266,
            24.856849656230498
          ],
          [
            121.00248989425717,
            24.85701265538932
          ],
          [
            121.00221886990407,
            24.857138743442277
          ],
          [
            121.00205932666366,
            24.857219298500436
          ],
          [
            121.00183551258698,
            24.857333440417328
          ],
          [
            121.0015881272547,
            24.857464050334553
          ],
          [
            121.00122479650105,
            24.857663810539155
          ],
          [
            121.00081760776324,
            24.857884480234258
          ],
          [
            121.00037721809028,
            24.85812210452595
          ],
          [
            121.00019706988923,
            24.858219920231374
          ],
          [
            120.99988229226442,
            24.858390848905206
          ],
          [
            120.99943966260898,
            24.858628515557875
          ],
          [
            120.99898504762693,
            24.858873620338652
          ],
          [
            120.99851184676298,
            24.859128041010834
          ],
          [
            120.99769363872511,
            24.85957321954099
          ],
          [
            120.9972146830172,
            24.85983435323406
          ],
          [
            120.99666507897872,
            24.86012972009127
          ],
          [
            120.99609031687318,
            24.860441642621932
          ],
          [
            120.9956577367885,
            24.860675181245494
          ],
          [
            120.99486749434284,
            24.861102901851662
          ],
          [
            120.99454596292652,
            24.8612768435459
          ],
          [
            120.99434852665479,
            24.86139322325245
          ],
          [
            120.99418498376133,
            24.861496973077465
          ],
          [
            120.99405428554837,
            24.861585492868564
          ],
          [
            120.99396603150682,
            24.8616500615211
          ],
          [
            120.99388063713296,
            24.86171737491735
          ],
          [
            120.99374245577617,
            24.8618345778296
          ],
          [
            120.99363318078188,
            24.861935133201104
          ],
          [
            120.99355647416533,
            24.862010635674128
          ],
          [
            120.9934761055598,
            24.862094299756027
          ],
          [
            120.99337499349178,
            24.862208371030068
          ],
          [
            120.99326690358104,
            24.86234208804303
          ],
          [
            120.99316501805359,
            24.862477746397442
          ],
          [
            120.99310016504535,
            24.862572263296958
          ],
          [
            120.99301365699513,
            24.862714910350338
          ],
          [
            120.99295156385685,
            24.862824450816575
          ],
          [
            120.99289016274568,
            24.862944103262823
          ],
          [
            120.99282526706504,
            24.863084304490457
          ],
          [
            120.99277067377905,
            24.86320974450972
          ],
          [
            120.99271212012152,
            24.863367226631166
          ],
          [
            120.99267179601068,
            24.86350242716544
          ],
          [
            120.99263388614595,
            24.863642449049976
          ],
          [
            120.99260768442856,
            24.863761064815694
          ],
          [
            120.99257890712427,
            24.863922845932564
          ],
          [
            120.99256966982674,
            24.86399521830949
          ],
          [
            120.99256356112625,
            24.864043069306465
          ],
          [
            120.99255975871134,
            24.86408226204094
          ],
          [
            120.99255280741642,
            24.864153894188284
          ],
          [
            120.99254709388723,
            24.864212678773832
          ],
          [
            120.9925425223192,
            24.86437103926047
          ],
          [
            120.99254616323978,
            24.86454980466931
          ],
          [
            120.99255408072587,
            24.864704301554006
          ],
          [
            120.99256557256204,
            24.86482793001305
          ],
          [
            120.99258954101671,
            24.864991302749132
          ],
          [
            120.99260245082579,
            24.865068398144548
          ],
          [
            120.99262318700202,
            24.86517018699808
          ],
          [
            120.99264146063769,
            24.86524566654342
          ],
          [
            120.99267313176729,
            24.865352854996317
          ],
          [
            120.99272594747065,
            24.865519921786564
          ],
          [
            120.9927710765378,
            24.865643542822287
          ],
          [
            120.99281223850636,
            24.86574695776717
          ],
          [
            120.9928557659861,
            24.865845831454248
          ],
          [
            120.99289035874571,
            24.86591938866197
          ],
          [
            120.99293926065808,
            24.8660061282138
          ],
          [
            120.99300228300952,
            24.866119051190907
          ],
          [
            120.99305735022193,
            24.866209023209517
          ],
          [
            120.99313116011731,
            24.86631324311331
          ],
          [
            120.99320973961703,
            24.866426419512226
          ],
          [
            120.9932898938113,
            24.86652007622603
          ],
          [
            120.99339042332662,
            24.866634680021367
          ],
          [
            120.99352441113562,
            24.86676931051249
          ],
          [
            120.99364503065026,
            24.866879725758043
          ],
          [
            120.99381856379239,
            24.867026898305696
          ],
          [
            120.99384457004902,
            24.867048956112132
          ],
          [
            120.99387168464918,
            24.867071952928004
          ],
          [
            120.99393431545562,
            24.86712507040719
          ],
          [
            120.99423798077056,
            24.86736880796288
          ],
          [
            120.9949680047415,
            24.86797427037869
          ],
          [
            120.9956581255478,
            24.8685280757347
          ],
          [
            120.99573023841603,
            24.86858593271041
          ],
          [
            120.99599230745461,
            24.86879624179609
          ],
          [
            120.99825392377414,
            24.870648851591074
          ],
          [
            120.99837789641236,
            24.87074977400178
          ],
          [
            120.9983984018446,
            24.870766467992212
          ],
          [
            120.99841196987255,
            24.8707775100406
          ],
          [
            120.99896251121666,
            24.871225646411872
          ],
          [
            120.99951116634485,
            24.871656364670347
          ],
          [
            120.99992464693402,
            24.87198661131345
          ],
          [
            121.0005093822824,
            24.872447788158883
          ],
          [
            121.00112852339525,
            24.872955901791897
          ],
          [
            121.00154918791777,
            24.873299614400516
          ],
          [
            121.00159075470398,
            24.873333362631655
          ],
          [
            121.0015912297531,
            24.873333750853654
          ],
          [
            121.00235760657836,
            24.87395596031923
          ],
          [
            121.00310723535102,
            24.874563955234976
          ],
          [
            121.00361135335686,
            24.874975771461187
          ],
          [
            121.0040134148937,
            24.875300914816954
          ],
          [
            121.00415117371084,
            24.875412314127612
          ],
          [
            121.00425273870705,
            24.875494443839155
          ],
          [
            121.00428870513937,
            24.875523532745344
          ],
          [
            121.00504833922577,
            24.876140356432074
          ],
          [
            121.00556797902858,
            24.876560056375272
          ],
          [
            121.00618762642283,
            24.877067056275717
          ],
          [
            121.0068565385413,
            24.87760745687949
          ],
          [
            121.00759627421151,
            24.878208648982103
          ],
          [
            121.00805546643086,
            24.878582135196886
          ],
          [
            121.00805862379492,
            24.878584699128947
          ],
          [
            121.00814119040369,
            24.878651857881785
          ],
          [
            121.00822703324312,
            24.878721643709923
          ],
          [
            121.00832219983843,
            24.87879901293336
          ],
          [
            121.00841576311797,
            24.878875073048942
          ],
          [
            121.00851652217888,
            24.878956992210263
          ],
          [
            121.00881613764815,
            24.87920051939125
          ],
          [
            121.00968482229364,
            24.879906686096863
          ],
          [
            121.0099656361849,
            24.880134069149655
          ],
          [
            121.01003143770572,
            24.880187342085176
          ],
          [
            121.01008799459424,
            24.880233139995358
          ],
          [
            121.01015128213797,
            24.88028438162846
          ],
          [
            121.01019136889636,
            24.880316854511154
          ],
          [
            121.01068932735086,
            24.880720051775576
          ],
          [
            121.01098522970219,
            24.88096107390765
          ],
          [
            121.0112099162979,
            24.88114389389908
          ],
          [
            121.01174589002363,
            24.881574630766334
          ],
          [
            121.01204823024199,
            24.881820318003804
          ],
          [
            121.01245502794312,
            24.8821508369949
          ],
          [
            121.01284571354185,
            24.88247007962185
          ],
          [
            121.01327563768463,
            24.882815699076282
          ],
          [
            121.01340707817444,
            24.882921962090396
          ],
          [
            121.01346308323548,
            24.882967244128057
          ],
          [
            121.01349664867757,
            24.88299438084116
          ],
          [
            121.01353408440903,
            24.883024659122196
          ],
          [
            121.01363887881442,
            24.883109382283966
          ],
          [
            121.01369444851308,
            24.883154303132454
          ],
          [
            121.01407356885063,
            24.883461598824567
          ],
          [
            121.0145326515087,
            24.88383517319517
          ],
          [
            121.01507372666421,
            24.884272614675393
          ],
          [
            121.0154472612196,
            24.88457640432743
          ],
          [
            121.0158784076984,
            24.884924291243966
          ],
          [
            121.01621852771177,
            24.885198739793704
          ],
          [
            121.01639819085186,
            24.885349532586897
          ],
          [
            121.01668184044475,
            24.88557804914233
          ],
          [
            121.0168930914384,
            24.885751273672515
          ],
          [
            121.01720716233302,
            24.88600616710767
          ],
          [
            121.0176183925035,
            24.88634031884321
          ],
          [
            121.01773993158957,
            24.886438507660497
          ],
          [
            121.01780535371036,
            24.886491361855136
          ],
          [
            121.01793197126136,
            24.88659365788455
          ],
          [
            121.01800762908421,
            24.88665478088339
          ],
          [
            121.01858391982903,
            24.887120365162737
          ],
          [
            121.01893603005904,
            24.887406597186494
          ],
          [
            121.01897288442186,
            24.88743654913162
          ],
          [
            121.01898442678151,
            24.88744593732346
          ],
          [
            121.01899597904078,
            24.887455325513155
          ],
          [
            121.01904875120903,
            24.88749821327992
          ],
          [
            121.01935283286403,
            24.887745402084935
          ],
          [
            121.01985438428224,
            24.888147836576216
          ],
          [
            121.0201306500816,
            24.888359238427405
          ],
          [
            121.02034764783728,
            24.888510499869785
          ],
          [
            121.02068366039596,
            24.88872736381033
          ],
          [
            121.02098439065084,
            24.888902709803112
          ],
          [
            121.02139948038769,
            24.88911838727328
          ],
          [
            121.02172073572216,
            24.889262968672305
          ],
          [
            121.02188534187742,
            24.889330721698514
          ],
          [
            121.02192037354367,
            24.889345144126604
          ],
          [
            121.02195126753834,
            24.88935785173696
          ],
          [
            121.02197963735931,
            24.889369530461792
          ],
          [
            121.02200159279407,
            24.889378573800172
          ],
          [
            121.02212587169558,
            24.889429729057962
          ],
          [
            121.02266842100997,
            24.88963778202101
          ],
          [
            121.02351906234406,
            24.88996573763045
          ],
          [
            121.02381596716675,
            24.890079720697226
          ],
          [
            121.02464827138094,
            24.890397750434808
          ],
          [
            121.02512263598013,
            24.890581320357775
          ],
          [
            121.02568581523201,
            24.89079931729095
          ],
          [
            121.02629388751929,
            24.891030982387534
          ],
          [
            121.0267824221324,
            24.891218598321775
          ],
          [
            121.02742148299143,
            24.891464391896154
          ],
          [
            121.02819977644154,
            24.891761429406323
          ],
          [
            121.02889457489829,
            24.89202830574285
          ],
          [
            121.02998271945526,
            24.89244263524447
          ],
          [
            121.03102227783208,
            24.89284639450429
          ],
          [
            121.0319528991284,
            24.893201163101864
          ],
          [
            121.03247998849747,
            24.893401771170343
          ],
          [
            121.03248373044745,
            24.89340319686059
          ],
          [
            121.0325033113387,
            24.893410650147064
          ],
          [
            121.03252264474744,
            24.893418004171266
          ],
          [
            121.03256941913587,
            24.893435807222147
          ],
          [
            121.03300860407256,
            24.893602963885964
          ],
          [
            121.0330554875952,
            24.8936211910998
          ],
          [
            121.03305864550175,
            24.893622418277715
          ],
          [
            121.03374282378266,
            24.89388838048915
          ],
          [
            121.03430875507652,
            24.894105892714947
          ],
          [
            121.03480742077844,
            24.894295673881196
          ],
          [
            121.0351210969228,
            24.894418397145248
          ],
          [
            121.03514972636287,
            24.894429603813276
          ],
          [
            121.03517486127215,
            24.89443943896609
          ],
          [
            121.0352610763161,
            24.894473167187446
          ],
          [
            121.03567136170574,
            24.89462863089181
          ],
          [
            121.03609711158644,
            24.894791204189097
          ],
          [
            121.03641085856428,
            24.894910584166265
          ],
          [
            121.03666388240168,
            24.89500809330808
          ],
          [
            121.0370861708882,
            24.895172271697806
          ],
          [
            121.03729045068353,
            24.895253504450086
          ],
          [
            121.03756526056968,
            24.895377270542333
          ],
          [
            121.03777085360186,
            24.895478166394156
          ],
          [
            121.03793174932417,
            24.895560068320442
          ],
          [
            121.03826059308327,
            24.89573659100865
          ],
          [
            121.03844814448138,
            24.89584476752335
          ],
          [
            121.03862999711703,
            24.895960908419436
          ],
          [
            121.03882604876446,
            24.896090254104067
          ],
          [
            121.038989936252,
            24.896206561743494
          ],
          [
            121.03922175804671,
            24.896385581425957
          ],
          [
            121.03943485960795,
            24.896556281408724
          ],
          [
            121.03966476711403,
            24.89675016182075
          ],
          [
            121.03987604663617,
            24.896945681011715
          ],
          [
            121.04008371647598,
            24.897149434864854
          ],
          [
            121.04024004900997,
            24.89731184269179
          ],
          [
            121.04029120275017,
            24.897364979700654
          ],
          [
            121.04032275124219,
            24.897399884409637
          ],
          [
            121.0403329901447,
            24.897411203388355
          ],
          [
            121.04037095530813,
            24.897453202757646
          ],
          [
            121.04041618874518,
            24.897503244546854
          ],
          [
            121.04045342119478,
            24.89754442249907
          ],
          [
            121.04046582871827,
            24.89755815149141
          ],
          [
            121.04049982316437,
            24.89759575502168
          ],
          [
            121.04051443944871,
            24.897613600408775
          ],
          [
            121.04072538576672,
            24.897871117206194
          ],
          [
            121.04089269747648,
            24.898092847639468
          ],
          [
            121.04106309450849,
            24.898333365346577
          ],
          [
            121.04106337180174,
            24.898333753495955
          ],
          [
            121.04109158650873,
            24.898373579489704
          ],
          [
            121.0413254946839,
            24.898732677811093
          ],
          [
            121.04143215522686,
            24.898914292699075
          ],
          [
            121.0414770519914,
            24.898990742622406
          ],
          [
            121.04152931772184,
            24.89907974912884
          ],
          [
            121.04155605974242,
            24.89912529951151
          ],
          [
            121.0415754922874,
            24.899158392591378
          ],
          [
            121.04169289997917,
            24.899358440490186
          ],
          [
            121.04188155137643,
            24.89967986555816
          ],
          [
            121.0418848000397,
            24.89968531786185
          ],
          [
            121.04200919043758,
            24.89989424758264
          ],
          [
            121.04229480758832,
            24.900373968579917
          ],
          [
            121.04286424650327,
            24.901274922723257
          ],
          [
            121.0433115348438,
            24.902020972003953
          ],
          [
            121.04430888795152,
            24.903671368577484
          ],
          [
            121.04497167620711,
            24.904816525376543
          ],
          [
            121.04564929301374,
            24.905980363488965
          ],
          [
            121.04605848481364,
            24.906679160542684
          ],
          [
            121.04667596709005,
            24.90772300551096
          ],
          [
            121.04668057328175,
            24.90773078663019
          ],
          [
            121.04672042430803,
            24.907798144765266
          ],
          [
            121.04678090960464,
            24.907901465932948
          ],
          [
            121.04688704142833,
            24.908082742792214
          ],
          [
            121.04689277695641,
            24.908092545931744
          ],
          [
            121.04718574562528,
            24.908592911873953
          ],
          [
            121.04766946734688,
            24.909415867535895
          ],
          [
            121.0479380611956,
            24.909869643656194
          ],
          [
            121.04837455764478,
            24.910607094202664
          ],
          [
            121.04853952802671,
            24.910888991283713
          ],
          [
            121.04883238129747,
            24.91138945313948
          ],
          [
            121.0491804962326,
            24.911985950248337
          ],
          [
            121.04979795107808,
            24.913027361862554
          ],
          [
            121.05096967254023,
            24.91502003109379
          ],
          [
            121.05200378571281,
            24.916745739320078
          ],
          [
            121.05292206449619,
            24.91812484166129
          ],
          [
            121.05345570043842,
            24.918902653410605
          ],
          [
            121.05383678925799,
            24.919457388518317
          ],
          [
            121.05407970315088,
            24.919813681712036
          ],
          [
            121.05430588513224,
            24.92014396954389
          ],
          [
            121.05456513706564,
            24.92052162636293
          ],
          [
            121.05473358292276,
            24.920764999432205
          ],
          [
            121.05478167080713,
            24.92083448298151
          ],
          [
            121.05485628935735,
            24.92094229166513
          ],
          [
            121.05488618833421,
            24.92098549997631
          ],
          [
            121.05491744457132,
            24.92103065793213
          ],
          [
            121.05494497584574,
            24.921070454339166
          ],
          [
            121.05498342453976,
            24.921126001405508
          ],
          [
            121.05512663005446,
            24.921334948709124
          ],
          [
            121.05532313594475,
            24.92162164738618
          ],
          [
            121.05548099479948,
            24.921851110619457
          ],
          [
            121.0557392033638,
            24.922226418286005
          ],
          [
            121.05624821495132,
            24.922967103687917
          ],
          [
            121.05649974089424,
            24.92333303191251
          ],
          [
            121.05650002820485,
            24.923333447113396
          ],
          [
            121.05705587133563,
            24.92414209627401
          ],
          [
            121.05781968809558,
            24.925245081178968
          ],
          [
            121.05805546891635,
            24.925585534417625
          ],
          [
            121.05805861954282,
            24.92559009256805
          ],
          [
            121.05811981893967,
            24.92567845744293
          ],
          [
            121.0584996506932,
            24.926229424718564
          ],
          [
            121.05877954360075,
            24.926589505393885
          ],
          [
            121.05901511380709,
            24.926871786708368
          ],
          [
            121.0591979942901,
            24.9270764798594
          ],
          [
            121.0592370637088,
            24.92711776958147
          ],
          [
            121.05924003552165,
            24.927120910307462
          ],
          [
            121.05924024355133,
            24.92712113593649
          ],
          [
            121.05924029307809,
            24.927121181059157
          ],
          [
            121.0593716869845,
            24.92726004982441
          ],
          [
            121.05952328731235,
            24.92741549569937
          ],
          [
            121.05969445118505,
            24.927588674522386
          ],
          [
            121.05982621488626,
            24.927712104049988
          ],
          [
            121.06003630176878,
            24.92790768453068
          ],
          [
            121.0603351035367,
            24.928164703659842
          ],
          [
            121.06065307360355,
            24.928418545390276
          ],
          [
            121.06079168426466,
            24.928528771644835
          ],
          [
            121.06098257724517,
            24.928667136175655
          ],
          [
            121.06111440614116,
            24.928757213364168
          ],
          [
            121.06112307258861,
            24.92876314151305
          ],
          [
            121.06113180836293,
            24.928769105746856
          ],
          [
            121.0612410353539,
            24.92884373535542
          ],
          [
            121.0614805265065,
            24.929006401954712
          ],
          [
            121.06174795237378,
            24.929174672301855
          ],
          [
            121.0620145511761,
            24.929330970763885
          ],
          [
            121.06228738549652,
            24.929481442779824
          ],
          [
            121.06271949084436,
            24.929708237204643
          ],
          [
            121.06291520430372,
            24.92979694967961
          ],
          [
            121.06337677722433,
            24.930002702453788
          ],
          [
            121.06390471193716,
            24.930212027713775
          ],
          [
            121.06439308988921,
            24.930377778766726
          ],
          [
            121.06486241602538,
            24.930518888800485
          ],
          [
            121.06537506563994,
            24.93064905391838
          ],
          [
            121.06581066694888,
            24.93074716414805
          ],
          [
            121.06623075643522,
            24.930832143582023
          ],
          [
            121.0667521780471,
            24.93093776069543
          ],
          [
            121.06711595173964,
            24.931007784619297
          ],
          [
            121.06748922404547,
            24.931082958605813
          ],
          [
            121.06789605430787,
            24.931161402735153
          ],
          [
            121.06834963739024,
            24.93125426083313
          ],
          [
            121.06847350705249,
            24.931278580831545
          ],
          [
            121.06869689638518,
            24.93132242860125
          ],
          [
            121.06870468961574,
            24.931323959847997
          ],
          [
            121.06953450628376,
            24.9314868367411
          ],
          [
            121.07075940853647,
            24.931732457429252
          ],
          [
            121.0717689422742,
            24.93193106137743
          ],
          [
            121.07261044432389,
            24.932099964561534
          ],
          [
            121.07275365526016,
            24.932127846845038
          ],
          [
            121.07332335063955,
            24.93223878929977
          ],
          [
            121.07355190245092,
            24.932283295348444
          ],
          [
            121.07471083858927,
            24.93251500319134
          ],
          [
            121.07561037742886,
            24.932694008299766
          ],
          [
            121.07639380841735,
            24.932848058691235
          ],
          [
            121.07680234568676,
            24.93293048623481
          ],
          [
            121.07699220026588,
            24.932967486227486
          ],
          [
            121.07734036961851,
            24.933035344445706
          ],
          [
            121.07901488678907,
            24.933351437300235
          ],
          [
            121.07939004340383,
            24.933409128427957
          ],
          [
            121.08042705111407,
            24.933591696692734
          ],
          [
            121.08188496452595,
            24.933874450622213
          ],
          [
            121.0830555258427,
            24.934106294743284
          ],
          [
            121.08305877400028,
            24.934106942982147
          ],
          [
            121.08307308370595,
            24.93410977897121
          ],
          [
            121.08412654553703,
            24.934316093239378
          ],
          [
            121.08523498085262,
            24.934473633018737
          ],
          [
            121.08591047189094,
            24.934548316814432
          ],
          [
            121.08599812776039,
            24.93455789059858
          ],
          [
            121.08610701435043,
            24.93456978140905
          ],
          [
            121.08660254961,
            24.93462390881236
          ],
          [
            121.08716432062297,
            24.934668588196644
          ],
          [
            121.08739822506637,
            24.93467982707916
          ],
          [
            121.08769609867744,
            24.934683471153942
          ],
          [
            121.08804834371229,
            24.934675291362165
          ],
          [
            121.0880988016368,
            24.93467412396121
          ],
          [
            121.08840794897624,
            24.93465794249075
          ],
          [
            121.08844783128141,
            24.9346558513133
          ],
          [
            121.08862930962535,
            24.934643582182712
          ],
          [
            121.08872902108666,
            24.934632517171515
          ],
          [
            121.08916578224985,
            24.93457748089289
          ],
          [
            121.08939745660984,
            24.934544469514687
          ],
          [
            121.08973631137967,
            24.934491476515106
          ],
          [
            121.0900726674794,
            24.934420499573132
          ],
          [
            121.09036441044711,
            24.93435490280015
          ],
          [
            121.09058459818691,
            24.934294784090376
          ],
          [
            121.09089368698365,
            24.93420053747923
          ],
          [
            121.09126721322838,
            24.93407716110217
          ],
          [
            121.09142435636856,
            24.934016682489506
          ],
          [
            121.09166284651918,
            24.933923714467447
          ],
          [
            121.0918197131705,
            24.93386477947349
          ],
          [
            121.09218502096631,
            24.933703874568224
          ],
          [
            121.09267736373708,
            24.933462274753538
          ],
          [
            121.09323773227676,
            24.933186819205627
          ],
          [
            121.09390876604708,
            24.932857364897657
          ],
          [
            121.09509642170308,
            24.93227834832006
          ],
          [
            121.09609050699434,
            24.931792882671527
          ],
          [
            121.09721295180782,
            24.93123929729731
          ],
          [
            121.09793271695777,
            24.930895212090412
          ],
          [
            121.09851106628153,
            24.930611725650152
          ],
          [
            121.09926356845655,
            24.930243831408536
          ],
          [
            121.09929720973653,
            24.930227377208897
          ],
          [
            121.09930386079768,
            24.930224131561786
          ],
          [
            121.09932624872327,
            24.930213183182932
          ],
          [
            121.0993478349601,
            24.930202632587164
          ],
          [
            121.09936215649537,
            24.930195625986464
          ],
          [
            121.09989172243554,
            24.92993267934546
          ],
          [
            121.10032066249241,
            24.92972192889357
          ],
          [
            121.10085695010484,
            24.929462432193127
          ],
          [
            121.10111589229093,
            24.929335623609077
          ],
          [
            121.10122172360632,
            24.929283791629427
          ],
          [
            121.10146984687893,
            24.92916167554548
          ],
          [
            121.10226720656362,
            24.928773457653364
          ],
          [
            121.10297877424094,
            24.928428604299146
          ],
          [
            121.10368718673257,
            24.928080562690564
          ],
          [
            121.1047743758324,
            24.92755078895393
          ],
          [
            121.1051180573276,
            24.92738220233791
          ],
          [
            121.10512687550117,
            24.927377880515618
          ],
          [
            121.10513958316983,
            24.927371650944547
          ],
          [
            121.10592923736809,
            24.92698431268263
          ],
          [
            121.10624648002737,
            24.92682728061748
          ],
          [
            121.10633611540096,
            24.92678290502252
          ],
          [
            121.10787107044759,
            24.926023077472557
          ],
          [
            121.1080555449573,
            24.925932334238542
          ],
          [
            121.1080588108637,
            24.925930724805188
          ],
          [
            121.1102589156444,
            24.924848425056286
          ],
          [
            121.11065182927928,
            24.92465804870604
          ],
          [
            121.1109376400166,
            24.92451794027725
          ],
          [
            121.111146464592,
            24.92441453524354
          ],
          [
            121.11140491276846,
            24.924301342105522
          ],
          [
            121.11165252481626,
            24.924205491284123
          ],
          [
            121.11188967174118,
            24.924121050854726
          ],
          [
            121.11211351594376,
            24.924052266379032
          ],
          [
            121.11223300618796,
            24.92401686615895
          ],
          [
            121.11240174010726,
            24.923967524893207
          ],
          [
            121.11245046880316,
            24.92395336763231
          ],
          [
            121.11272828432807,
            24.923887692452055
          ],
          [
            121.11299929383193,
            24.923828603662766
          ],
          [
            121.11336189268928,
            24.923756118759545
          ],
          [
            121.1137848231539,
            24.92368017418548
          ],
          [
            121.11431747332519,
            24.923582882295808
          ],
          [
            121.11483167401596,
            24.923492437261757
          ],
          [
            121.11530293086179,
            24.923408758905307
          ],
          [
            121.11571161264366,
            24.923333731761925
          ],
          [
            121.11571370134185,
            24.923333350945466
          ],
          [
            121.11579271539524,
            24.92331883503254
          ],
          [
            121.11625948521981,
            24.923234434861975
          ],
          [
            121.11681840609619,
            24.923135127294167
          ],
          [
            121.11723621461356,
            24.92306022425026
          ],
          [
            121.11778002817218,
            24.92296378698081
          ],
          [
            121.11872419945112,
            24.922789195090253
          ],
          [
            121.11964338625825,
            24.92262237272502
          ],
          [
            121.1200306409842,
            24.922550691473973
          ],
          [
            121.12054125731417,
            24.92245848715303
          ],
          [
            121.12105660221042,
            24.92236302699854
          ],
          [
            121.12163240321262,
            24.92226113263498
          ],
          [
            121.12218405641806,
            24.922160050343983
          ],
          [
            121.12269160137734,
            24.922068915567692
          ],
          [
            121.12322716760526,
            24.921971110960175
          ],
          [
            121.12378637112683,
            24.921868788633663
          ],
          [
            121.12453270271537,
            24.92173464521797
          ],
          [
            121.12519069126405,
            24.921611821734306
          ],
          [
            121.12557724783736,
            24.921531648945663
          ],
          [
            121.12584625938442,
            24.921466164407008
          ],
          [
            121.12616346678847,
            24.921371648214244
          ],
          [
            121.12659815593344,
            24.921230769798285
          ],
          [
            121.12704299895933,
            24.92107721452966
          ],
          [
            121.12751522602771,
            24.920914299086668
          ],
          [
            121.12818669798337,
            24.920682594668094
          ],
          [
            121.12861998698388,
            24.920532710184496
          ],
          [
            121.12867345030328,
            24.92051421890624
          ],
          [
            121.12868901820033,
            24.920508833535127
          ],
          [
            121.1287185605833,
            24.920498614899817
          ],
          [
            121.12875230915976,
            24.920486939044064
          ],
          [
            121.12878170307178,
            24.920476765666766
          ],
          [
            121.12880735594536,
            24.920467895614223
          ],
          [
            121.12897922611482,
            24.920408439066417
          ],
          [
            121.12951758139732,
            24.920224775857324
          ],
          [
            121.12993142983098,
            24.920081729967563
          ],
          [
            121.13029485410266,
            24.91995734369229
          ],
          [
            121.13065214245344,
            24.919835887130407
          ],
          [
            121.13099440051,
            24.91971373869701
          ],
          [
            121.13131160222481,
            24.91960312283756
          ],
          [
            121.1316740422799,
            24.91947753328273
          ],
          [
            121.13207723013547,
            24.919341208030282
          ],
          [
            121.13242260776187,
            24.919222547572417
          ],
          [
            121.13282920610484,
            24.91908296701133
          ],
          [
            121.13305548516101,
            24.919005301047786
          ],
          [
            121.1330586521165,
            24.919004214806133
          ],
          [
            121.13322737154117,
            24.918946300042197
          ],
          [
            121.1336319072721,
            24.91880531069533
          ],
          [
            121.1340361051351,
            24.918664013587264
          ],
          [
            121.134392933665,
            24.918545338274324
          ],
          [
            121.1347647874797,
            24.918415037923356
          ],
          [
            121.1352149657043,
            24.918260947867015
          ],
          [
            121.13573086330723,
            24.918081796827813
          ],
          [
            121.1362083313229,
            24.917916059296946
          ],
          [
            121.13676271533132,
            24.917725222810343
          ],
          [
            121.13724673347804,
            24.91755850990283
          ],
          [
            121.13801752128637,
            24.91729428468513
          ],
          [
            121.13830477512148,
            24.917195165878113
          ],
          [
            121.13858096240988,
            24.917089303509776
          ],
          [
            121.13883244166865,
            24.916986461085223
          ],
          [
            121.13911410537578,
            24.916856369256415
          ],
          [
            121.13930422162903,
            24.916761744999572
          ],
          [
            121.1394804924087,
            24.916671728939914
          ],
          [
            121.13969019239862,
            24.9165610693732
          ],
          [
            121.13989518419176,
            24.916445764267735
          ],
          [
            121.14017792005853,
            24.91628531571771
          ],
          [
            121.14051887633862,
            24.916088490261938
          ],
          [
            121.14087571304017,
            24.91590187827778
          ],
          [
            121.14112708726732,
            24.915771432057735
          ],
          [
            121.14145875597572,
            24.915610772249266
          ],
          [
            121.14170101072634,
            24.91550607387079
          ],
          [
            121.14192935653745,
            24.915419634868716
          ],
          [
            121.14202808728592,
            24.91538256930151
          ],
          [
            121.14241938270723,
            24.91522259089295
          ],
          [
            121.14269872545451,
            24.915112700216408
          ],
          [
            121.14320363085845,
            24.91490015560461
          ],
          [
            121.14346761772605,
            24.91479070257028
          ],
          [
            121.14349741244165,
            24.9147783410184
          ],
          [
            121.14352177464885,
            24.914768241805536
          ],
          [
            121.14358607779118,
            24.91474466075135
          ],
          [
            121.14367356684086,
            24.914712579603606
          ],
          [
            121.14377987769565,
            24.9146735915392
          ],
          [
            121.14385511333133,
            24.9146525639137
          ],
          [
            121.14407180408912,
            24.914591999433867
          ],
          [
            121.14436566905475,
            24.914526177614125
          ],
          [
            121.14498665176691,
            24.91440266165047
          ],
          [
            121.14540637118905,
            24.914350890072058
          ],
          [
            121.1459651433567,
            24.914305590122552
          ],
          [
            121.14695081266531,
            24.914251805636283
          ],
          [
            121.14767961302395,
            24.914212200139577
          ],
          [
            121.14778549648454,
            24.9142064524627
          ],
          [
            121.14779842517977,
            24.914205870857366
          ],
          [
            121.14790822008952,
            24.914200931779092
          ],
          [
            121.14801783680126,
            24.91419600182535
          ],
          [
            121.14804063525533,
            24.914194977036697
          ],
          [
            121.14849184259182,
            24.91417467487125
          ],
          [
            121.1491471714096,
            24.914140994815433
          ],
          [
            121.14998936618177,
            24.914094375872438
          ],
          [
            121.15090371787855,
            24.914044997728073
          ],
          [
            121.15172544300079,
            24.914002344164167
          ],
          [
            121.15253039392884,
            24.91395720234588
          ],
          [
            121.15310104774075,
            24.913924927712362
          ],
          [
            121.15363572714512,
            24.91389456588028
          ],
          [
            121.15406892480527,
            24.913874617509993
          ],
          [
            121.15425952970506,
            24.913867396338258
          ],
          [
            121.15429902869445,
            24.913865901895306
          ],
          [
            121.1544168722712,
            24.913861428208666
          ],
          [
            121.1544525503036,
            24.91386028076285
          ],
          [
            121.15457524549596,
            24.913856325577655
          ],
          [
            121.15469820796723,
            24.913852360985814
          ],
          [
            121.15473317322032,
            24.91385123226916
          ],
          [
            121.15476027821845,
            24.913850355469517
          ],
          [
            121.15487667727119,
            24.91384660519587
          ],
          [
            121.1553527945501,
            24.913829596943287
          ],
          [
            121.15586601720216,
            24.913812963706643
          ],
          [
            121.15634496504651,
            24.913795524991446
          ],
          [
            121.1568928740113,
            24.913776648910797
          ],
          [
            121.15755169624391,
            24.913753347113083
          ],
          [
            121.15805550364247,
            24.91373690588777
          ],
          [
            121.15805854280812,
            24.913736812382272
          ],
          [
            121.15809403265555,
            24.913735655236547
          ],
          [
            121.15888973503998,
            24.913707697165975
          ],
          [
            121.15944729584041,
            24.91368898198994
          ],
          [
            121.1600716882248,
            24.913668125497097
          ],
          [
            121.16015970483551,
            24.913665187037648
          ],
          [
            121.16018158277214,
            24.913664459321584
          ],
          [
            121.16081730646967,
            24.913640626201232
          ],
          [
            121.16132507443194,
            24.91362536142084
          ],
          [
            121.16360497808232,
            24.913547977710117
          ],
          [
            121.16408241140252,
            24.91353234859401
          ],
          [
            121.16410326965736,
            24.913531666566982
          ],
          [
            121.16424846567708,
            24.913526920275395
          ],
          [
            121.1643930974015,
            24.913522183492983
          ],
          [
            121.16443120058958,
            24.913520940702913
          ],
          [
            121.1647859887805,
            24.91350931771354
          ],
          [
            121.16573161240927,
            24.91347385340194
          ],
          [
            121.16651126863748,
            24.913449781835574
          ],
          [
            121.16744573671289,
            24.913416287318295
          ],
          [
            121.16873647798684,
            24.91337217310334
          ],
          [
            121.16959712961946,
            24.91334487893224
          ],
          [
            121.1712420192295,
            24.913286715951962
          ],
          [
            121.17256022896163,
            24.913241941235384
          ],
          [
            121.17294215897104,
            24.91323593731728
          ],
          [
            121.1731151333319,
            24.91323823752463
          ],
          [
            121.17329636921355,
            24.91324411223116
          ],
          [
            121.17345222489743,
            24.913252237237888
          ],
          [
            121.17353069756903,
            24.913256533786203
          ],
          [
            121.1737368595628,
            24.91326812105429
          ],
          [
            121.1740054300938,
            24.913293448783076
          ],
          [
            121.17425246981563,
            24.91331976723025
          ],
          [
            121.17441546504168,
            24.913343077787037
          ],
          [
            121.17456080414463,
            24.91336309538663
          ],
          [
            121.17476326550856,
            24.91339694974919
          ],
          [
            121.17501411733897,
            24.913444515461247
          ],
          [
            121.17529630421774,
            24.91350021467984
          ],
          [
            121.17554386678901,
            24.913559728017017
          ],
          [
            121.17572482689461,
            24.913608133168726
          ],
          [
            121.17572824367092,
            24.9136090500458
          ],
          [
            121.17592144912159,
            24.91366371530872
          ],
          [
            121.17618611895104,
            24.91374381034038
          ],
          [
            121.17643129024205,
            24.913826735818635
          ],
          [
            121.17665116200497,
            24.91390582667947
          ],
          [
            121.17699836157874,
            24.914043288627457
          ],
          [
            121.17725364417758,
            24.914148609379676
          ],
          [
            121.17736910419094,
            24.914201604588488
          ],
          [
            121.17758958734461,
            24.914312708242782
          ],
          [
            121.17784919222535,
            24.91444211074666
          ],
          [
            121.17809787057209,
            24.914580175105435
          ],
          [
            121.17826669423457,
            24.914675756311592
          ],
          [
            121.17840690066693,
            24.91475999570429
          ],
          [
            121.17855754461245,
            24.914852980070858
          ],
          [
            121.17873443477453,
            24.914967258046175
          ],
          [
            121.17885815845646,
            24.9150516251032
          ],
          [
            121.17906014637714,
            24.915193716345712
          ],
          [
            121.17924348901506,
            24.915326250528263
          ],
          [
            121.17959238170357,
            24.915602715487424
          ],
          [
            121.17992190922324,
            24.915884556852152
          ],
          [
            121.18019061520752,
            24.91613467275338
          ],
          [
            121.18034390685479,
            24.916283059715276
          ],
          [
            121.18045406388043,
            24.91639742532747
          ],
          [
            121.18064005730841,
            24.91659400240727
          ],
          [
            121.18080234548529,
            24.916766917325138
          ],
          [
            121.18105208305012,
            24.917021541766132
          ],
          [
            121.18148366313586,
            24.917481901666495
          ],
          [
            121.18186605588437,
            24.917884186064143
          ],
          [
            121.18236519884813,
            24.91838972054858
          ],
          [
            121.18286500605237,
            24.91891325522682
          ],
          [
            121.18304967284534,
            24.919077861083455
          ],
          [
            121.18305549337369,
            24.919083966199576
          ],
          [
            121.18352841584947,
            24.91958011217849
          ],
          [
            121.18439305098764,
            24.920494132999465
          ],
          [
            121.1850497211917,
            24.921178127294226
          ],
          [
            121.1860045074036,
            24.922167043921846
          ],
          [
            121.18659286551691,
            24.92283432348253
          ],
          [
            121.18701053509474,
            24.923333217652267
          ],
          [
            121.18701083263286,
            24.923333560359954
          ],
          [
            121.1871938108663,
            24.923552126060244
          ],
          [
            121.18749701735116,
            24.92391009303534
          ],
          [
            121.18801017945032,
            24.924514767813022
          ],
          [
            121.18824539129156,
            24.92477461656048
          ],
          [
            121.18841012929626,
            24.92494284308596
          ],
          [
            121.18850720740893,
            24.925040796339424
          ],
          [
            121.18856098306482,
            24.92509562126337
          ],
          [
            121.18865079269634,
            24.925179580499837
          ],
          [
            121.18874255549505,
            24.925271735032958
          ],
          [
            121.18884152381429,
            24.925362282347162
          ],
          [
            121.18896040790246,
            24.925462582155234
          ],
          [
            121.18907301386474,
            24.925555630961647
          ],
          [
            121.18922373201471,
            24.925670425970136
          ],
          [
            121.18940812632027,
            24.925806566419173
          ],
          [
            121.18953690122822,
            24.925893211217833
          ],
          [
            121.18970344665836,
            24.926004654115484
          ],
          [
            121.18986812111581,
            24.926109634843694
          ],
          [
            121.19007660616506,
            24.926233122010025
          ],
          [
            121.19039580177333,
            24.92640671982937
          ],
          [
            121.19071115617346,
            24.926567104235797
          ],
          [
            121.1912346115734,
            24.926831129478085
          ],
          [
            121.19177383646576,
            24.92709830156002
          ],
          [
            121.1921784340216,
            24.927298130619896
          ],
          [
            121.19285935830158,
            24.927636278151176
          ],
          [
            121.19317554412187,
            24.92779244896129
          ],
          [
            121.19369300967232,
            24.928050017908532
          ],
          [
            121.1943354362903,
            24.92836890584311
          ],
          [
            121.19473339119922,
            24.92857042487217
          ],
          [
            121.1952419117602,
            24.92881489981042
          ],
          [
            121.19578862547682,
            24.929092222454855
          ],
          [
            121.19648044704509,
            24.92944048691792
          ],
          [
            121.19700375102532,
            24.929699824184656
          ],
          [
            121.1977730279876,
            24.930079814459226
          ],
          [
            121.19829872871803,
            24.930342376130383
          ],
          [
            121.19883975607343,
            24.930609375529396
          ],
          [
            121.19923841043122,
            24.930799686213717
          ],
          [
            121.19973623177479,
            24.931047843559927
          ],
          [
            121.20026247508379,
            24.931310198878744
          ],
          [
            121.20102735534188,
            24.93168980792043
          ],
          [
            121.20185373870665,
            24.93210033334582
          ],
          [
            121.20256945914083,
            24.93245630132623
          ],
          [
            121.20442437943211,
            24.933378559747325
          ],
          [
            121.20509706366511,
            24.933723126429975
          ],
          [
            121.20526767470051,
            24.93381145139672
          ],
          [
            121.20554113285243,
            24.93395322710831
          ],
          [
            121.20587860204023,
            24.93415269582883
          ],
          [
            121.20619917972468,
            24.934369720343472
          ],
          [
            121.20652175360313,
            24.934607479680523
          ],
          [
            121.20674788562424,
            24.934791030031555
          ],
          [
            121.20721782907772,
            24.93521319653923
          ],
          [
            121.20740405066594,
            24.935415110992015
          ],
          [
            121.20765092366398,
            24.935689727855934
          ],
          [
            121.20800524378276,
            24.936125153081683
          ],
          [
            121.2080555528064,
            24.936189058256183
          ],
          [
            121.2080587479915,
            24.936193125613904
          ],
          [
            121.20844623852182,
            24.93668540957399
          ],
          [
            121.20917597768893,
            24.937617347977344
          ],
          [
            121.20973604704167,
            24.938331891493117
          ],
          [
            121.2100957122076,
            24.938786534525697
          ],
          [
            121.21028221060077,
            24.939011413137223
          ],
          [
            121.21046568121298,
            24.93920805489311
          ],
          [
            121.21084895008902,
            24.939594055756043
          ],
          [
            121.21110371839713,
            24.939826411536128
          ],
          [
            121.21115319646077,
            24.939871537689527
          ],
          [
            121.21137442502113,
            24.94007329806861
          ],
          [
            121.21140348319047,
            24.94009979136342
          ],
          [
            121.21149871443392,
            24.94018296142916
          ],
          [
            121.21164448204355,
            24.940310262789946
          ],
          [
            121.21167086086967,
            24.940333301953395
          ],
          [
            121.21172683160933,
            24.94038218353802
          ],
          [
            121.21208696330345,
            24.940696690888757
          ],
          [
            121.2127870554522,
            24.941322165491744
          ],
          [
            121.21345414752352,
            24.94191131754429
          ],
          [
            121.21414305170856,
            24.942529723354046
          ],
          [
            121.21435645992753,
            24.942727328324676
          ],
          [
            121.21456762070393,
            24.942930470632895
          ],
          [
            121.21469154901706,
            24.94306846293127
          ],
          [
            121.21480789200668,
            24.943206195205068
          ],
          [
            121.21497935784394,
            24.943410387250957
          ],
          [
            121.21514628613673,
            24.943618639398526
          ],
          [
            121.21535237015256,
            24.943884616586693
          ],
          [
            121.21570351944857,
            24.944340964231326
          ],
          [
            121.2160493169141,
            24.944787550029375
          ],
          [
            121.21632129839328,
            24.945128835511895
          ],
          [
            121.21660032815424,
            24.945496274552063
          ],
          [
            121.21687093047407,
            24.94584556015556
          ],
          [
            121.21728687376948,
            24.946369901801805
          ],
          [
            121.2176881360306,
            24.94690605477826
          ],
          [
            121.21809442893509,
            24.947429044868652
          ],
          [
            121.21857386673534,
            24.948013978723587
          ],
          [
            121.21881689802615,
            24.948333471219026
          ],
          [
            121.21881718587346,
            24.94833384998918
          ],
          [
            121.21912400165327,
            24.948737194352663
          ],
          [
            121.21949812257046,
            24.94920984022887
          ],
          [
            121.21980467307029,
            24.949628622075725
          ],
          [
            121.21999000895312,
            24.949843305710743
          ],
          [
            121.22028157134793,
            24.950190594699777
          ],
          [
            121.22058481621882,
            24.950518653362472
          ],
          [
            121.22094572162169,
            24.95086021362139
          ],
          [
            121.22114822086897,
            24.951040390850164
          ],
          [
            121.22148782245581,
            24.951306801908498
          ],
          [
            121.22185910604662,
            24.951557193761396
          ],
          [
            121.22217581162971,
            24.95175554514164
          ],
          [
            121.22248212755837,
            24.951930491693002
          ],
          [
            121.22267524491701,
            24.952023764435378
          ],
          [
            121.22294373105889,
            24.952153769037203
          ],
          [
            121.2233920666187,
            24.952355333482867
          ],
          [
            121.22432355747267,
            24.95278920171314
          ],
          [
            121.22523063676186,
            24.953175683842105
          ],
          [
            121.22597392434591,
            24.9534808013002
          ],
          [
            121.2266923428459,
            24.9537664244501
          ],
          [
            121.22755851705219,
            24.954115333206307
          ],
          [
            121.22863880088107,
            24.954543629099877
          ],
          [
            121.22902018121863,
            24.954703595116094
          ],
          [
            121.22940116610673,
            24.954863398244882
          ],
          [
            121.22940589355437,
            24.954865350125218
          ],
          [
            121.22946442665595,
            24.954889492170345
          ],
          [
            121.2295813541988,
            24.954937731262728
          ],
          [
            121.22958771693368,
            24.954940357746185
          ],
          [
            121.23024376361872,
            24.955211009411904
          ],
          [
            121.23067738064309,
            24.955393759307054
          ],
          [
            121.23110500952343,
            24.955567001296863
          ],
          [
            121.23157813476386,
            24.95575586266291
          ],
          [
            121.23225273057918,
            24.95602732523131
          ],
          [
            121.23283433724431,
            24.956261985939165
          ],
          [
            121.23305549794838,
            24.956351291959447
          ],
          [
            121.23305873880824,
            24.956352605033263
          ],
          [
            121.23345071384071,
            24.956510872774274
          ],
          [
            121.23418927566249,
            24.956809528071116
          ],
          [
            121.23499753080682,
            24.95713929892108
          ],
          [
            121.23538033905264,
            24.957307362770454
          ],
          [
            121.23560830001088,
            24.95742417273729
          ],
          [
            121.23603361367833,
            24.957658824212217
          ],
          [
            121.23641342166881,
            24.957882613317757
          ],
          [
            121.23678510321622,
            24.95810275786389
          ],
          [
            121.2372025809738,
            24.958349362960767
          ],
          [
            121.23751985420368,
            24.958537875573303
          ],
          [
            121.23801243727601,
            24.958827767041146
          ],
          [
            121.23802173728963,
            24.958833232407354
          ],
          [
            121.2380572122516,
            24.958854112529814
          ],
          [
            121.23808586587538,
            24.958870976889376
          ],
          [
            121.23809290551921,
            24.958875208975883
          ],
          [
            121.23810471430261,
            24.958882322520324
          ],
          [
            121.23848276442772,
            24.959109946141115
          ],
          [
            121.23882147448595,
            24.95930957166397
          ],
          [
            121.2392550373361,
            24.959563096980943
          ],
          [
            121.23968672791726,
            24.95982056943199
          ],
          [
            121.24004378385148,
            24.960035772676854
          ],
          [
            121.24039324988925,
            24.960233129168476
          ],
          [
            121.24073323323344,
            24.960442670410877
          ],
          [
            121.24111400173675,
            24.960667827135975
          ],
          [
            121.24141177001803,
            24.960858051212057
          ],
          [
            121.2415950578521,
            24.96098000727098
          ],
          [
            121.2418277257818,
            24.96115258629776
          ],
          [
            121.24214381873814,
            24.961383578365844
          ],
          [
            121.24236815881444,
            24.961561045393317
          ],
          [
            121.24263709460548,
            24.961778146226766
          ],
          [
            121.24266869811112,
            24.961803717267763
          ],
          [
            121.24268629541773,
            24.961818016627046
          ],
          [
            121.24271023132093,
            24.96183746085737
          ],
          [
            121.24273724231081,
            24.961859409960418
          ],
          [
            121.24275698223948,
            24.96187543926721
          ],
          [
            121.24295839938159,
            24.962039066132228
          ],
          [
            121.24325448541369,
            24.962292388515056
          ],
          [
            121.24380426102229,
            24.962742836047557
          ],
          [
            121.24391228478615,
            24.96282961144272
          ],
          [
            121.24412602154429,
            24.963001323991783
          ],
          [
            121.24439023974145,
            24.963213581076847
          ],
          [
            121.24493610415374,
            24.963665303745316
          ],
          [
            121.24518748673738,
            24.9638710800623
          ],
          [
            121.24556695199216,
            24.9641887230093
          ],
          [
            121.24595596356113,
            24.964509807064044
          ],
          [
            121.24634369044136,
            24.964826323845934
          ],
          [
            121.24675936260702,
            24.965174672466052
          ],
          [
            121.2471110604763,
            24.96546032472672
          ],
          [
            121.24748293037757,
            24.96576369238767
          ],
          [
            121.2478727963827,
            24.966086106085957
          ],
          [
            121.24829038550126,
            24.96642798281917
          ],
          [
            121.24872231619881,
            24.966783674885527
          ],
          [
            121.24909449485212,
            24.96708887969123
          ],
          [
            121.24943519883237,
            24.96736904643876
          ],
          [
            121.24988114283128,
            24.96773560882195
          ],
          [
            121.25031392033478,
            24.968089227236696
          ],
          [
            121.25061334938047,
            24.968330566400486
          ],
          [
            121.25092858526683,
            24.968600425999433
          ],
          [
            121.25124851907829,
            24.968856589985574
          ],
          [
            121.25142140490645,
            24.968995985011983
          ],
          [
            121.25162190036433,
            24.969157732548357
          ],
          [
            121.25187266518229,
            24.96934588399986
          ],
          [
            121.25220474037944,
            24.969584889510273
          ],
          [
            121.25254129944965,
            24.969817034132358
          ],
          [
            121.2528828684139,
            24.97003801944277
          ],
          [
            121.25322702611734,
            24.97025053094959
          ],
          [
            121.25343759934995,
            24.970369040080804
          ],
          [
            121.25384014420455,
            24.970595309287962
          ],
          [
            121.25421469811779,
            24.970796327718606
          ],
          [
            121.2545614745616,
            24.97098937550461
          ],
          [
            121.25487805459461,
            24.971168651747504
          ],
          [
            121.25539673012818,
            24.971464443861706
          ],
          [
            121.25589998642582,
            24.971721772751582
          ],
          [
            121.25633887076218,
            24.97191490176697
          ],
          [
            121.25668924612305,
            24.97205405709178
          ],
          [
            121.25714431609155,
            24.972213416831043
          ],
          [
            121.25766665746727,
            24.97237667637937
          ],
          [
            121.25805552484226,
            24.972496802292014
          ],
          [
            121.25805879547899,
            24.972497816827396
          ],
          [
            121.25854956866114,
            24.972649418192297
          ],
          [
            121.25958415542996,
            24.97292781295801
          ],
          [
            121.26035509340525,
            24.97316328956703
          ],
          [
            121.2608641152676,
            24.973333142786455
          ],
          [
            121.26086524519576,
            24.973333519997517
          ],
          [
            121.26101814233516,
            24.973384542096003
          ],
          [
            121.26131014482976,
            24.97347491830767
          ],
          [
            121.26175039357811,
            24.97363192445123
          ],
          [
            121.26243433713222,
            24.973858135597123
          ],
          [
            121.26312869549908,
            24.97405756513424
          ],
          [
            121.26410622764386,
            24.974319552368794
          ],
          [
            121.26454669644542,
            24.974414317367017
          ],
          [
            121.26472092197659,
            24.97445636869611
          ],
          [
            121.26486763674826,
            24.974495922772984
          ],
          [
            121.26560816342217,
            24.97470672453834
          ],
          [
            121.26635708435802,
            24.974923240581546
          ],
          [
            121.26698441108198,
            24.97514188495819
          ],
          [
            121.26745860599097,
            24.975316842831578
          ],
          [
            121.26779228680456,
            24.97547103401285
          ],
          [
            121.26792240160225,
            24.975528129915098
          ],
          [
            121.26801475686354,
            24.975579560685443
          ],
          [
            121.26851429152994,
            24.975836645565117
          ],
          [
            121.26900127660211,
            24.97611095042492
          ],
          [
            121.26924272993783,
            24.976271037937607
          ],
          [
            121.26955558591857,
            24.976484506787944
          ],
          [
            121.26980960583192,
            24.97664265659903
          ],
          [
            121.2701791746595,
            24.976903799321132
          ],
          [
            121.2707314315115,
            24.977300286940462
          ],
          [
            121.27122367755422,
            24.977669742615063
          ],
          [
            121.27127659619966,
            24.977708630578643
          ],
          [
            121.27130920598783,
            24.977736847922543
          ],
          [
            121.27251523805438,
            24.978607496135293
          ],
          [
            121.27303094518689,
            24.978965824970473
          ],
          [
            121.2739297350753,
            24.979618502707815
          ],
          [
            121.27415483490734,
            24.979777077366148
          ],
          [
            121.2743060028975,
            24.979873113201577
          ],
          [
            121.27433300190482,
            24.979889829072437
          ],
          [
            121.27495353290556,
            24.98029992500582
          ],
          [
            121.27497617003792,
            24.98031495148721
          ],
          [
            121.27510891513064,
            24.980397423845346
          ],
          [
            121.27512608459637,
            24.98040799138113
          ],
          [
            121.27567219027712,
            24.980737038984035
          ],
          [
            121.27579811439375,
            24.98079413566217
          ],
          [
            121.27633753783961,
            24.981056852939922
          ],
          [
            121.2768370034638,
            24.981269959621628
          ],
          [
            121.27803100116041,
            24.981720640611282
          ],
          [
            121.27946840737226,
            24.982256849993632
          ],
          [
            121.2801377333051,
            24.982475359453606
          ],
          [
            121.28030977313404,
            24.982524718473115
          ],
          [
            121.28110064384391,
            24.98271814864565
          ],
          [
            121.28137121871747,
            24.982765415325083
          ],
          [
            121.28183054785474,
            24.982837161162088
          ],
          [
            121.28210358988878,
            24.982862798977386
          ],
          [
            121.28222203583118,
            24.982878789316842
          ],
          [
            121.28231546056644,
            24.982890385084392
          ],
          [
            121.28261348006355,
            24.98292716971541
          ],
          [
            121.28262493397145,
            24.982928583471146
          ],
          [
            121.28266457677455,
            24.98293347377188
          ],
          [
            121.28280651981662,
            24.982950023917134
          ],
          [
            121.28305549048024,
            24.982983614537453
          ],
          [
            121.28305875036648,
            24.98298405072613
          ],
          [
            121.28332790475828,
            24.983020356144173
          ],
          [
            121.28337788260463,
            24.983026824595015
          ],
          [
            121.28364862906719,
            24.983061871462247
          ],
          [
            121.28373774505174,
            24.983073402319558
          ],
          [
            121.2843334342122,
            24.983149105656587
          ],
          [
            121.28503752252303,
            24.98323903534853
          ],
          [
            121.28555619439166,
            24.98330447159027
          ],
          [
            121.28614015994398,
            24.983376885801807
          ],
          [
            121.28667963955813,
            24.98344453519669
          ],
          [
            121.28733316051952,
            24.98352882743237
          ],
          [
            121.2879121358641,
            24.98360128944976
          ],
          [
            121.28825603049287,
            24.983646379379348
          ],
          [
            121.28860776204424,
            24.98369208529877
          ],
          [
            121.2891011996998,
            24.9837538384146
          ],
          [
            121.28933214585028,
            24.983783300487822
          ],
          [
            121.29114918504719,
            24.984025255354865
          ],
          [
            121.29265087301197,
            24.98422296470008
          ],
          [
            121.29309972016799,
            24.984288972312036
          ],
          [
            121.2934353480014,
            24.98435519280313
          ],
          [
            121.29374792445336,
            24.98442910502341
          ],
          [
            121.29444027394213,
            24.98461692546167
          ],
          [
            121.29532146728008,
            24.984863611916552
          ],
          [
            121.29647008302237,
            24.985179495411188
          ],
          [
            121.29685608270157,
            24.98528600051178
          ],
          [
            121.29732722097786,
            24.98541686448931
          ],
          [
            121.29772802545281,
            24.98552927837179
          ],
          [
            121.29819301013094,
            24.98566258051924
          ],
          [
            121.29822130965135,
            24.985670423595447
          ],
          [
            121.29827026634962,
            24.985683994364532
          ],
          [
            121.298768963063,
            24.985822201737527
          ],
          [
            121.29934986486282,
            24.985987760421168
          ],
          [
            121.29989738282009,
            24.986143814079732
          ],
          [
            121.30034179009758,
            24.98626979285299
          ],
          [
            121.30084965208258,
            24.986411197821386
          ],
          [
            121.30130088698793,
            24.986537457843916
          ],
          [
            121.30178040445682,
            24.986672172844347
          ],
          [
            121.30198300638591,
            24.986729055574145
          ],
          [
            121.30286317862006,
            24.98697539219321
          ],
          [
            121.30367923949277,
            24.987155279608178
          ],
          [
            121.30461471207674,
            24.987289045281265
          ],
          [
            121.30624228577125,
            24.98749973918279
          ],
          [
            121.3079432564933,
            24.987710263375597
          ],
          [
            121.30820017734764,
            24.98770792585172
          ],
          [
            121.30929281388718,
            24.987813773031174
          ],
          [
            121.31043235416689,
            24.98800162683105
          ],
          [
            121.31128885341322,
            24.988211091139444
          ],
          [
            121.31184610835278,
            24.988325811829668
          ],
          [
            121.3131852817712,
            24.988530027678912
          ],
          [
            121.3136383008149,
            24.9886332061041
          ],
          [
            121.31432941640367,
            24.98885252615737
          ],
          [
            121.31513505817307,
            24.98914241853321
          ],
          [
            121.31597759419205,
            24.989545009776876
          ],
          [
            121.31606466407194,
            24.989578572678663
          ],
          [
            121.31615877417858,
            24.989614856148307
          ],
          [
            121.31641980580595,
            24.989715490586708
          ],
          [
            121.3165209166447,
            24.98975447645888
          ],
          [
            121.31655735177313,
            24.98976647882871
          ],
          [
            121.31706020701077,
            24.98993219717802
          ],
          [
            121.31827996304203,
            24.990272370911693
          ],
          [
            121.31838371577216,
            24.99029824978696
          ],
          [
            121.318469937432,
            24.990317412938516
          ],
          [
            121.31858219349981,
            24.99033327914316
          ],
          [
            121.31867689168303,
            24.990343567260197
          ],
          [
            121.3190538631799,
            24.990377554556023
          ],
          [
            121.319075361702,
            24.99037851962947
          ],
          [
            121.31926772278236,
            24.99037711392225
          ],
          [
            121.31945467262942,
            24.99037088944089
          ],
          [
            121.31960240098384,
            24.990359440326973
          ],
          [
            121.3197759359443,
            24.990337083590994
          ],
          [
            121.31992789849502,
            24.990312028430477
          ],
          [
            121.32008327002222,
            24.99028367948005
          ],
          [
            121.3202294994879,
            24.990248163512433
          ],
          [
            121.32034642173507,
            24.990218280959482
          ],
          [
            121.32045451315018,
            24.990186647785038
          ],
          [
            121.32056765196963,
            24.990149424167694
          ],
          [
            121.32070429232436,
            24.9900987066732
          ],
          [
            121.32082816926233,
            24.990046292166408
          ],
          [
            121.32090251661995,
            24.990013106321822
          ],
          [
            121.32101135187142,
            24.989974311696084
          ],
          [
            121.32129150092976,
            24.98982121001939
          ],
          [
            121.32153645675017,
            24.989680796404695
          ],
          [
            121.32184403969548,
            24.98943476025689
          ],
          [
            121.32195503294841,
            24.989327245860387
          ],
          [
            121.32206091187385,
            24.98923010694211
          ],
          [
            121.32219356586883,
            24.989098602426424
          ],
          [
            121.32227587937432,
            24.989009477338918
          ],
          [
            121.32241974417097,
            24.988839153721376
          ],
          [
            121.32259069434781,
            24.988620686505666
          ],
          [
            121.32273788369612,
            24.9884264755078
          ],
          [
            121.32285962314121,
            24.98826966967394
          ],
          [
            121.32305945703087,
            24.988009473624196
          ],
          [
            121.323224277128,
            24.987800065342764
          ],
          [
            121.32346055961735,
            24.987489456782537
          ],
          [
            121.3236515541139,
            24.98724024853317
          ],
          [
            121.32389189208973,
            24.986935778737642
          ],
          [
            121.32414823973917,
            24.986609876597406
          ],
          [
            121.32437311977046,
            24.98631949675798
          ],
          [
            121.32457168957524,
            24.986063165529643
          ],
          [
            121.32580625807194,
            24.984472009706643
          ],
          [
            121.32636883102596,
            24.9837359180556
          ],
          [
            121.32682285670646,
            24.983150808310988
          ],
          [
            121.3272525674029,
            24.982605764096036
          ],
          [
            121.32762025539563,
            24.98213113152002
          ],
          [
            121.32806349532294,
            24.981550871844924
          ],
          [
            121.32866241631287,
            24.980797131270595
          ],
          [
            121.32910969977378,
            24.980217599846945
          ],
          [
            121.32958983312695,
            24.97958555790652
          ],
          [
            121.32994589514249,
            24.97912602255835
          ],
          [
            121.32994800754616,
            24.97912329132612
          ],
          [
            121.32994811614027,
            24.979123155660737
          ],
          [
            121.33007980583751,
            24.97895298699985
          ],
          [
            121.33018482216127,
            24.97882783837977
          ],
          [
            121.33031173175254,
            24.97867054545874
          ],
          [
            121.33044133341296,
            24.978519999629814
          ],
          [
            121.33056941009458,
            24.978377131138934
          ],
          [
            121.33073171656396,
            24.978207706451848
          ],
          [
            121.33089371502734,
            24.978041794285467
          ],
          [
            121.33100243899983,
            24.977936932489634
          ],
          [
            121.33114146955063,
            24.97780893586298
          ],
          [
            121.33139912433865,
            24.977570972048753
          ],
          [
            121.33167382734388,
            24.97732296643557
          ],
          [
            121.33195989721088,
            24.97706280994532
          ],
          [
            121.3322724351304,
            24.976781774541774
          ],
          [
            121.33259964125524,
            24.97648618818483
          ],
          [
            121.33291232735297,
            24.976202406501542
          ],
          [
            121.33305554100535,
            24.976073396591808
          ],
          [
            121.3330589499165,
            24.976070328367072
          ],
          [
            121.33319383372012,
            24.975948830460208
          ],
          [
            121.33350515759099,
            24.975667777132834
          ],
          [
            121.33383559006646,
            24.975369734162303
          ],
          [
            121.33410388991999,
            24.975127281814014
          ],
          [
            121.33439635207472,
            24.974864939506837
          ],
          [
            121.33467300680765,
            24.974606911583095
          ],
          [
            121.33503653250278,
            24.974278627956398
          ],
          [
            121.33534722712378,
            24.973998727822604
          ],
          [
            121.33578030354231,
            24.97360616661553
          ],
          [
            121.3360858046853,
            24.973333526392434
          ],
          [
            121.33608633823192,
            24.973333046687305
          ],
          [
            121.33623213725103,
            24.97320292643556
          ],
          [
            121.33647706573535,
            24.972979770963498
          ],
          [
            121.33702729274765,
            24.972480533607506
          ],
          [
            121.33761436302761,
            24.97194969283123
          ],
          [
            121.33809770478496,
            24.9715261701786
          ],
          [
            121.33840579229998,
            24.97122154103636
          ],
          [
            121.33854619791236,
            24.971062296406032
          ],
          [
            121.33864182953273,
            24.97093719023609
          ],
          [
            121.33871077783279,
            24.970844420937667
          ],
          [
            121.33876829708606,
            24.970759162085677
          ],
          [
            121.33882502607744,
            24.970671079146612
          ],
          [
            121.33887876988578,
            24.970577965179565
          ],
          [
            121.33891327445458,
            24.97051924772982
          ],
          [
            121.33894646504967,
            24.970454520404544
          ],
          [
            121.33899986461536,
            24.97034428046035
          ],
          [
            121.33903829249032,
            24.970260735206562
          ],
          [
            121.33907724460595,
            24.9701733426857
          ],
          [
            121.3391118758051,
            24.97009224370353
          ],
          [
            121.339146359048,
            24.970004157132777
          ],
          [
            121.339178054533,
            24.969914397636977
          ],
          [
            121.33921468866016,
            24.969805270171342
          ],
          [
            121.3392352396977,
            24.96972924103582
          ],
          [
            121.33926471724834,
            24.969610866807802
          ],
          [
            121.3392939549165,
            24.969470048722762
          ],
          [
            121.33931536296679,
            24.969356243141398
          ],
          [
            121.3393296452027,
            24.969247988153683
          ],
          [
            121.33934352965831,
            24.96912471094942
          ],
          [
            121.33935049280574,
            24.969038203797588
          ],
          [
            121.33935346163364,
            24.96899036500443
          ],
          [
            121.33935457688408,
            24.96893476608215
          ],
          [
            121.33935513498656,
            24.968834920643484
          ],
          [
            121.33935279455285,
            24.968739930016273
          ],
          [
            121.3393482182507,
            24.968631402006253
          ],
          [
            121.33934185524663,
            24.968550324153778
          ],
          [
            121.33933332160262,
            24.96845421006848
          ],
          [
            121.33931747850079,
            24.968350817757084
          ],
          [
            121.33930506176182,
            24.968283350342656
          ],
          [
            121.33928124005162,
            24.968167020568075
          ],
          [
            121.33926045735953,
            24.968075385343827
          ],
          [
            121.33923702643888,
            24.96797512507569
          ],
          [
            121.33920868762802,
            24.967887362148037
          ],
          [
            121.33917412163953,
            24.967782450563202
          ],
          [
            121.33914351955971,
            24.967692787800036
          ],
          [
            121.33911563538075,
            24.96761908090826
          ],
          [
            121.33907646774087,
            24.967533563577682
          ],
          [
            121.33902675960846,
            24.9674254362367
          ],
          [
            121.3389747894014,
            24.967315842410205
          ],
          [
            121.33892858629129,
            24.967225348390294
          ],
          [
            121.33887432267538,
            24.96712812854313
          ],
          [
            121.33881187126926,
            24.967017475106985
          ],
          [
            121.3387362613318,
            24.966886546882833
          ],
          [
            121.33862140475057,
            24.966688004491722
          ],
          [
            121.33854513589712,
            24.966555010174275
          ],
          [
            121.33846852207493,
            24.966422567325754
          ],
          [
            121.3383714681465,
            24.96626177681068
          ],
          [
            121.33826140724024,
            24.96607082506535
          ],
          [
            121.33820469910572,
            24.965970251967672
          ],
          [
            121.33815862113832,
            24.965885291761023
          ],
          [
            121.33813583152255,
            24.965841637403646
          ],
          [
            121.33812403347628,
            24.965819030189227
          ],
          [
            121.33808200796821,
            24.965734656623834
          ],
          [
            121.33808103173179,
            24.965732591354396
          ],
          [
            121.33804734244396,
            24.96566161493879
          ],
          [
            121.33802239987506,
            24.96560566887415
          ],
          [
            121.33800799048169,
            24.965573380186854
          ],
          [
            121.33797282948792,
            24.965492954438798
          ],
          [
            121.3379469254117,
            24.965422177007483
          ],
          [
            121.33790572270222,
            24.965308974083168
          ],
          [
            121.33788544200867,
            24.965251915957957
          ],
          [
            121.33786371423747,
            24.965183566680302
          ],
          [
            121.3378460314509,
            24.96511673400843
          ],
          [
            121.33782115177569,
            24.965029333083
          ],
          [
            121.33780556144701,
            24.964967109131027
          ],
          [
            121.33778778918301,
            24.964885614655266
          ],
          [
            121.33777137436405,
            24.964800704390996
          ],
          [
            121.33775701907788,
            24.964708350113735
          ],
          [
            121.33774587505744,
            24.964616864298065
          ],
          [
            121.33773621213102,
            24.96454186986931
          ],
          [
            121.33772924754477,
            24.964450365543048
          ],
          [
            121.33772476913025,
            24.964355334530552
          ],
          [
            121.33772207232984,
            24.96425627284358
          ],
          [
            121.33772113396095,
            24.964173719972955
          ],
          [
            121.33772628720091,
            24.964047880526856
          ],
          [
            121.33773611222176,
            24.963917371867886
          ],
          [
            121.33775128284181,
            24.963796845438207
          ],
          [
            121.33776070521674,
            24.963725662810692
          ],
          [
            121.3377685522741,
            24.96367603436691
          ],
          [
            121.33777866972821,
            24.963620035803626
          ],
          [
            121.33779559509857,
            24.963543726122207
          ],
          [
            121.3378063799802,
            24.96349278190447
          ],
          [
            121.33783484354744,
            24.96338391698838
          ],
          [
            121.33785273893706,
            24.963314683305256
          ],
          [
            121.33786846569862,
            24.963260080426906
          ],
          [
            121.33790171281984,
            24.963151258812804
          ],
          [
            121.33793624342763,
            24.963055498265035
          ],
          [
            121.33800682990487,
            24.962853184831836
          ],
          [
            121.33809349254037,
            24.9626191815548
          ],
          [
            121.33817349416593,
            24.962408585741848
          ],
          [
            121.33826974884033,
            24.962144108026777
          ],
          [
            121.33836417468052,
            24.961884627063384
          ],
          [
            121.33846618014695,
            24.96161201064944
          ],
          [
            121.33861111220475,
            24.961228834981377
          ],
          [
            121.33869159891725,
            24.961000713778613
          ],
          [
            121.33871536595935,
            24.9609204791487
          ],
          [
            121.33873958679487,
            24.960850463549445
          ],
          [
            121.33876655031355,
            24.960758520926987
          ],
          [
            121.33878716618418,
            24.9606812727997
          ],
          [
            121.33880988369187,
            24.960583083194972
          ],
          [
            121.33883446154198,
            24.960469875243525
          ],
          [
            121.33884648449639,
            24.96039390159239
          ],
          [
            121.3388602970083,
            24.960316840468593
          ],
          [
            121.33886819358557,
            24.96025659452266
          ],
          [
            121.3388821092051,
            24.960148475710596
          ],
          [
            121.33889098046923,
            24.960053576818826
          ],
          [
            121.33889369487225,
            24.959974301915526
          ],
          [
            121.3388959972651,
            24.959900083813086
          ],
          [
            121.33889671259472,
            24.95983218915143
          ],
          [
            121.33889396144421,
            24.959717183527065
          ],
          [
            121.33888702442152,
            24.95960338819297
          ],
          [
            121.33887934657336,
            24.95949753044388
          ],
          [
            121.33886936966319,
            24.959405608636153
          ],
          [
            121.33885907524625,
            24.959327934253086
          ],
          [
            121.33884343940845,
            24.959238146973476
          ],
          [
            121.33881878959991,
            24.959122369578164
          ],
          [
            121.33879764474402,
            24.959027963289543
          ],
          [
            121.33877478493086,
            24.95893655830281
          ],
          [
            121.33873656730762,
            24.958813471715434
          ],
          [
            121.33869400674723,
            24.958699305953626
          ],
          [
            121.33864761308624,
            24.958577700519694
          ],
          [
            121.33860594821759,
            24.958483178339193
          ],
          [
            121.33855788033343,
            24.95837941666055
          ],
          [
            121.33852325971233,
            24.958311259224757
          ],
          [
            121.33849962973841,
            24.958264031559178
          ],
          [
            121.33840927555151,
            24.958106331360412
          ],
          [
            121.33827897440342,
            24.95788815978321
          ],
          [
            121.3381827911876,
            24.957735366028835
          ],
          [
            121.33806295185181,
            24.95755095451115
          ],
          [
            121.33796247601501,
            24.95739632856613
          ],
          [
            121.33785702683929,
            24.957237298974245
          ],
          [
            121.33777121241312,
            24.957102276257235
          ],
          [
            121.33768799289665,
            24.956974533468784
          ],
          [
            121.33762075825044,
            24.956868855759073
          ],
          [
            121.33755269896206,
            24.956765789073753
          ],
          [
            121.33750553544247,
            24.956691674017165
          ],
          [
            121.33744507736944,
            24.956597780898964
          ],
          [
            121.33734958552222,
            24.95645445571952
          ],
          [
            121.33723908469688,
            24.956279935447846
          ],
          [
            121.3371540646649,
            24.95614883787392
          ],
          [
            121.33705591241724,
            24.95599565957209
          ],
          [
            121.33696318228752,
            24.955858801192793
          ],
          [
            121.33686059834746,
            24.955699990068084
          ],
          [
            121.336811922584,
            24.955626654631267
          ],
          [
            121.33675587836836,
            24.955542203898197
          ],
          [
            121.3367065595982,
            24.955465439110515
          ],
          [
            121.33666342678433,
            24.955398275501853
          ],
          [
            121.33648315073069,
            24.9551183259221
          ],
          [
            121.3363125907944,
            24.954838489595915
          ],
          [
            121.3362401946305,
            24.954702045266647
          ],
          [
            121.33618094588499,
            24.954585975269058
          ],
          [
            121.33613166271783,
            24.95447827911176
          ],
          [
            121.3360746558145,
            24.954341619398836
          ],
          [
            121.3360303358584,
            24.954230851398947
          ],
          [
            121.33598593154468,
            24.954114513089475
          ],
          [
            121.3359620872557,
            24.95404968923331
          ],
          [
            121.33593321359014,
            24.953952519151564
          ],
          [
            121.33589874939601,
            24.953835165276473
          ],
          [
            121.33587819542161,
            24.953752972490005
          ],
          [
            121.33586212742357,
            24.953685332295024
          ],
          [
            121.33584370839127,
            24.953597952421994
          ],
          [
            121.33582527309134,
            24.95350821618575
          ],
          [
            121.33581157343217,
            24.953433808417863
          ],
          [
            121.3358014428537,
            24.953368168147644
          ],
          [
            121.33578927149784,
            24.953283988268378
          ],
          [
            121.33577973242481,
            24.953202745692227
          ],
          [
            121.33577023893397,
            24.953098137670352
          ],
          [
            121.33576006366398,
            24.953005042315382
          ],
          [
            121.33575281473306,
            24.952895508785396
          ],
          [
            121.33574984358488,
            24.95282237690489
          ],
          [
            121.33574853780914,
            24.95273159989481
          ],
          [
            121.33575133134026,
            24.952629672673442
          ],
          [
            121.33576006855374,
            24.952451758575226
          ],
          [
            121.33576322084275,
            24.952398141188272
          ],
          [
            121.33576428136935,
            24.952380217543272
          ],
          [
            121.33576716198182,
            24.95234327611199
          ],
          [
            121.33578147068847,
            24.95220777361865
          ],
          [
            121.33579253136072,
            24.9521234510755
          ],
          [
            121.33581036520478,
            24.95202436998318
          ],
          [
            121.33583310808662,
            24.95190965879223
          ],
          [
            121.33585874732404,
            24.95180034904261
          ],
          [
            121.33588900379613,
            24.951677368997558
          ],
          [
            121.33591379783562,
            24.951581423085877
          ],
          [
            121.3359338456581,
            24.951513683380377
          ],
          [
            121.3359536699496,
            24.95145116255687
          ],
          [
            121.33597749834422,
            24.951386231161425
          ],
          [
            121.33600073744552,
            24.95132310675914
          ],
          [
            121.33605431926365,
            24.95117619410248
          ],
          [
            121.3360901598791,
            24.95108578469635
          ],
          [
            121.33611903161345,
            24.951025581777657
          ],
          [
            121.33615850194525,
            24.95094444529965
          ],
          [
            121.33620165274674,
            24.95085843422888
          ],
          [
            121.33623992829399,
            24.95078225698418
          ],
          [
            121.33628402247221,
            24.950704540805386
          ],
          [
            121.33633358521085,
            24.950620366031522
          ],
          [
            121.33637385552508,
            24.95054947485613
          ],
          [
            121.3364156261534,
            24.950476792669956
          ],
          [
            121.33645063526428,
            24.950423121373266
          ],
          [
            121.3364929304554,
            24.950361299075585
          ],
          [
            121.3365447447319,
            24.95028584052281
          ],
          [
            121.3365868161276,
            24.950229155830275
          ],
          [
            121.33663727768308,
            24.950158837427683
          ],
          [
            121.33669049363155,
            24.950089063511893
          ],
          [
            121.3367513649555,
            24.950015868588206
          ],
          [
            121.33682285838105,
            24.949930470391376
          ],
          [
            121.33689031407583,
            24.949856980645727
          ],
          [
            121.3369435352935,
            24.94980380072025
          ],
          [
            121.33699649224057,
            24.949744500157422
          ],
          [
            121.3370856359575,
            24.949656913162833
          ],
          [
            121.33719478256587,
            24.949550962336666
          ],
          [
            121.33729333915859,
            24.949465421403776
          ],
          [
            121.33740645829789,
            24.94936743345545
          ],
          [
            121.3375917178064,
            24.94921472369775
          ],
          [
            121.3378140369475,
            24.949041787452114
          ],
          [
            121.33800037308819,
            24.948902942281087
          ],
          [
            121.33805173919097,
            24.9488670103036
          ],
          [
            121.33815646651252,
            24.948796893265904
          ],
          [
            121.3382703378452,
            24.94872460664836
          ],
          [
            121.33834862258135,
            24.948679034376767
          ],
          [
            121.33842757746861,
            24.948635925279582
          ],
          [
            121.33850695070161,
            24.94859372705287
          ],
          [
            121.33859321578139,
            24.948551404781522
          ],
          [
            121.33868001820758,
            24.948510056299998
          ],
          [
            121.33877191948804,
            24.94846836212565
          ],
          [
            121.33887548845598,
            24.948427562247993
          ],
          [
            121.3389854478584,
            24.94838073488267
          ],
          [
            121.33903165717898,
            24.948363981473612
          ],
          [
            121.33912097517818,
            24.948333695760333
          ],
          [
            121.33912187547101,
            24.948333386747468
          ],
          [
            121.33913456874231,
            24.948329078420507
          ],
          [
            121.3392383836057,
            24.948294985790707
          ],
          [
            121.33940398703206,
            24.94824507914122
          ],
          [
            121.33949968221836,
            24.948218435152985
          ],
          [
            121.33954913773547,
            24.948204662568475
          ],
          [
            121.33965469347396,
            24.94818075868117
          ],
          [
            121.33976542444451,
            24.948159081946436
          ],
          [
            121.3398821183531,
            24.948141598734438
          ],
          [
            121.34001245910216,
            24.948124508620158
          ],
          [
            121.34011716448535,
            24.948115548253625
          ],
          [
            121.34023785345336,
            24.948106876334045
          ],
          [
            121.34036083966713,
            24.948101756235754
          ],
          [
            121.34046341920862,
            24.948101187812544
          ],
          [
            121.34058673519759,
            24.948100761512226
          ],
          [
            121.34068307815116,
            24.948104540798575
          ],
          [
            121.34079500576289,
            24.948111173444833
          ],
          [
            121.34091354949258,
            24.948121826537065
          ],
          [
            121.34103829812786,
            24.948134605048807
          ],
          [
            121.3411403531285,
            24.948152112100228
          ],
          [
            121.34125225109202,
            24.94816952431023
          ],
          [
            121.34136038726342,
            24.948190953638527
          ],
          [
            121.34145193567542,
            24.948212050742608
          ],
          [
            121.34155750962802,
            24.948237972884847
          ],
          [
            121.34162253773258,
            24.948255058897065
          ],
          [
            121.34170537761419,
            24.948278216217517
          ],
          [
            121.34177897264715,
            24.948302884375792
          ],
          [
            121.34186869303313,
            24.948332535254693
          ],
          [
            121.34187139907431,
            24.94833348604955
          ],
          [
            121.34187223171195,
            24.948333782074215
          ],
          [
            121.34197816439925,
            24.948371205199614
          ],
          [
            121.34207013138752,
            24.948407522743317
          ],
          [
            121.34216029678498,
            24.948444070075613
          ],
          [
            121.3422678699706,
            24.948490968983133
          ],
          [
            121.34242843525561,
            24.9485640184968
          ],
          [
            121.34258118943683,
            24.948637753893358
          ],
          [
            121.34275146693919,
            24.948720576470645
          ],
          [
            121.34292000678786,
            24.94880162426707
          ],
          [
            121.34311298176713,
            24.948895210132104
          ],
          [
            121.3432836266705,
            24.948978139586295
          ],
          [
            121.34346533509171,
            24.949065358883296
          ],
          [
            121.34371569594097,
            24.94918711549319
          ],
          [
            121.34398766990614,
            24.949317777887444
          ],
          [
            121.34432461728981,
            24.94948090901431
          ],
          [
            121.3446552394633,
            24.94964111076274
          ],
          [
            121.34492913450781,
            24.949771044702306
          ],
          [
            121.34521470295857,
            24.94990363249859
          ],
          [
            121.34536217931648,
            24.94996565845069
          ],
          [
            121.34541821847127,
            24.949986772209293
          ],
          [
            121.3454740086923,
            24.9500073899653
          ],
          [
            121.34553429775458,
            24.95002552350175
          ],
          [
            121.34558797233822,
            24.95004385292396
          ],
          [
            121.34564983064685,
            24.950063625930394
          ],
          [
            121.34570134342584,
            24.950080867898237
          ],
          [
            121.34578772874391,
            24.950103409800736
          ],
          [
            121.34587947508525,
            24.950127239286992
          ],
          [
            121.34597059604201,
            24.950146971303948
          ],
          [
            121.34605949897282,
            24.950166762587045
          ],
          [
            121.34615867022929,
            24.950186241051725
          ],
          [
            121.3462579070231,
            24.950204356018986
          ],
          [
            121.34635015112318,
            24.950218442482125
          ],
          [
            121.34643534875984,
            24.95023052292657
          ],
          [
            121.34653213627128,
            24.950243894501202
          ],
          [
            121.34662179536753,
            24.950257824298287
          ],
          [
            121.34673652183602,
            24.95027297772507
          ],
          [
            121.34685587305009,
            24.950288174465946
          ],
          [
            121.34697690987853,
            24.95030412556529
          ],
          [
            121.34711833507858,
            24.950323080640448
          ],
          [
            121.3472803106853,
            24.95034278217161
          ],
          [
            121.3474503601492,
            24.950367096232497
          ],
          [
            121.34759184307953,
            24.950385400681988
          ],
          [
            121.3477566539052,
            24.950406124308877
          ],
          [
            121.34793973661695,
            24.950430795604195
          ],
          [
            121.34811947118644,
            24.95045508627904
          ],
          [
            121.3482848729974,
            24.950474616198704
          ],
          [
            121.34847650516288,
            24.950500404415198
          ],
          [
            121.34860525945734,
            24.950524380381275
          ],
          [
            121.34872625971947,
            24.950544772080924
          ],
          [
            121.3488373418056,
            24.95056672172269
          ],
          [
            121.34894188351427,
            24.95059056449393
          ],
          [
            121.34905726855231,
            24.950617821581012
          ],
          [
            121.34915345385876,
            24.950642189368466
          ],
          [
            121.34925934908557,
            24.950671888132028
          ],
          [
            121.34934358899342,
            24.95069881173322
          ],
          [
            121.34943427573413,
            24.950729268300247
          ],
          [
            121.3495499551106,
            24.950773010049648
          ],
          [
            121.34965451766358,
            24.950814647113535
          ],
          [
            121.34976468816173,
            24.95086431518199
          ],
          [
            121.34985098670002,
            24.95090827012482
          ],
          [
            121.34994295210006,
            24.95095657239048
          ],
          [
            121.35004269328441,
            24.951012584581193
          ],
          [
            121.35014347417331,
            24.951072034055034
          ],
          [
            121.35025192099145,
            24.95113885061253
          ],
          [
            121.35039921665171,
            24.951226611734317
          ],
          [
            121.3505605352651,
            24.95133546600743
          ],
          [
            121.35072179817092,
            24.95144553002943
          ],
          [
            121.35089727654795,
            24.95156419147506
          ],
          [
            121.35113096114719,
            24.951720110876767
          ],
          [
            121.35137883161005,
            24.951888022181215
          ],
          [
            121.35150808666499,
            24.95197606849921
          ],
          [
            121.3515703360696,
            24.952017822088173
          ],
          [
            121.35178542139232,
            24.952162128757482
          ],
          [
            121.35199344284624,
            24.952301693870126
          ],
          [
            121.3523719323485,
            24.952552003326257
          ],
          [
            121.35240996314668,
            24.952577571876045
          ],
          [
            121.35280920306582,
            24.952845959991812
          ],
          [
            121.35282600098141,
            24.952857250760303
          ],
          [
            121.35314160281463,
            24.95307038403833
          ],
          [
            121.35344670405914,
            24.953275009776974
          ],
          [
            121.35382832387882,
            24.9535374511221
          ],
          [
            121.35431321970225,
            24.953867511791234
          ],
          [
            121.35592327336269,
            24.95497832861635
          ],
          [
            121.35670422001584,
            24.95550228819325
          ],
          [
            121.35760635132273,
            24.956078416272543
          ],
          [
            121.35774402073906,
            24.95616224771109
          ],
          [
            121.35784697776857,
            24.956224936833006
          ],
          [
            121.35786452749144,
            24.956235620316498
          ],
          [
            121.35805170472274,
            24.956350651760456
          ],
          [
            121.35805547404358,
            24.956352755326943
          ],
          [
            121.35805880689325,
            24.95635460714956
          ],
          [
            121.35818222211093,
            24.956423359029156
          ],
          [
            121.35827578290947,
            24.956469467360808
          ],
          [
            121.3584215413587,
            24.95653180032883
          ],
          [
            121.35856297359756,
            24.956587769572252
          ],
          [
            121.35865598936746,
            24.956619993416666
          ],
          [
            121.3587340905353,
            24.95664527423157
          ],
          [
            121.35884323805288,
            24.956673811664135
          ],
          [
            121.35896047793214,
            24.95670280801548
          ],
          [
            121.35913649566169,
            24.956746080793767
          ],
          [
            121.35924196381345,
            24.956765923502903
          ],
          [
            121.35938476525509,
            24.95679185143598
          ],
          [
            121.35951204919662,
            24.956807858448983
          ],
          [
            121.35963017893617,
            24.956819219813916
          ],
          [
            121.35975464064516,
            24.956828462193297
          ],
          [
            121.35987360002005,
            24.956835632220727
          ],
          [
            121.35996919471772,
            24.956838425715247
          ],
          [
            121.36009989700239,
            24.956837956308952
          ],
          [
            121.360192430243,
            24.95683348023599
          ],
          [
            121.36034709092228,
            24.956823608364424
          ],
          [
            121.36045314047169,
            24.956811759406456
          ],
          [
            121.3605938499287,
            24.95679256770087
          ],
          [
            121.36076198597243,
            24.95676810009759
          ],
          [
            121.3608876245378,
            24.95674620000734
          ],
          [
            121.36103861199861,
            24.956712925887615
          ],
          [
            121.3612272578736,
            24.956668211696762
          ],
          [
            121.36145935742718,
            24.956616115000923
          ],
          [
            121.36175065139868,
            24.956544634847702
          ],
          [
            121.36197247295573,
            24.9564932394404
          ],
          [
            121.36214167401218,
            24.956453916112533
          ],
          [
            121.36228672318428,
            24.956422135813973
          ],
          [
            121.36239603735983,
            24.95639914561967
          ],
          [
            121.36250648664283,
            24.956378265209448
          ],
          [
            121.36263457682422,
            24.956355111776258
          ],
          [
            121.36274257707375,
            24.956336638686516
          ],
          [
            121.36285695430146,
            24.956317933304565
          ],
          [
            121.36296628007624,
            24.95630234588587
          ],
          [
            121.36309177063748,
            24.95628768501448
          ],
          [
            121.3632300370565,
            24.956273263733156
          ],
          [
            121.36336000178159,
            24.956261282164483
          ],
          [
            121.36349268538328,
            24.956251144652935
          ],
          [
            121.36362891875197,
            24.95624251511504
          ],
          [
            121.36375266209845,
            24.95623657027995
          ],
          [
            121.3639015275131,
            24.95623316412525
          ],
          [
            121.36404117588094,
            24.956230737350147
          ],
          [
            121.36418722222348,
            24.956231842930233
          ],
          [
            121.36431441944144,
            24.956235206407698
          ],
          [
            121.36449861456337,
            24.95624018180357
          ],
          [
            121.3646348666317,
            24.95624801895114
          ],
          [
            121.36478327056427,
            24.95625941045671
          ],
          [
            121.3649584785978,
            24.956276162160947
          ],
          [
            121.36512744315243,
            24.956294752683323
          ],
          [
            121.36536375004502,
            24.9563268376895
          ],
          [
            121.36560322415646,
            24.956364972545995
          ],
          [
            121.3657399739934,
            24.956390385590776
          ],
          [
            121.36595346512817,
            24.95643621260539
          ],
          [
            121.3661926383335,
            24.95649301780674
          ],
          [
            121.36632750566937,
            24.956528086206905
          ],
          [
            121.36645135234909,
            24.956563696211454
          ],
          [
            121.3666412741541,
            24.95661952039277
          ],
          [
            121.36685938268083,
            24.956692672473807
          ],
          [
            121.3670144133983,
            24.956747751500775
          ],
          [
            121.36720142227983,
            24.956816294006366
          ],
          [
            121.36739195310096,
            24.95689021749155
          ],
          [
            121.3676867808196,
            24.957009187389232
          ],
          [
            121.36800420511914,
            24.95713702987202
          ],
          [
            121.36839265626581,
            24.95729801049479
          ],
          [
            121.36873271705124,
            24.9574378121032
          ],
          [
            121.36910057873109,
            24.957588062020367
          ],
          [
            121.36956832465728,
            24.957777480828792
          ],
          [
            121.37004458822054,
            24.957973296118894
          ],
          [
            121.37049889524054,
            24.958161752242102
          ],
          [
            121.37083029666937,
            24.958298717595877
          ],
          [
            121.37176662713759,
            24.958685693199186
          ],
          [
            121.37197406123407,
            24.958780207276497
          ],
          [
            121.37218732985335,
            24.958881667307494
          ],
          [
            121.37243383926257,
            24.959007646053802
          ],
          [
            121.37258192376832,
            24.95908598448355
          ],
          [
            121.37272357043814,
            24.959164068025075
          ],
          [
            121.37282725885936,
            24.95922295295661
          ],
          [
            121.37299933266048,
            24.959321860596262
          ],
          [
            121.37322172549447,
            24.959453324423293
          ],
          [
            121.37340114649514,
            24.959568039801514
          ],
          [
            121.37368395632895,
            24.959750271095075
          ],
          [
            121.37402935684995,
            24.95996840372383
          ],
          [
            121.37444287155974,
            24.960240985553778
          ],
          [
            121.37483435318084,
            24.96049739779803
          ],
          [
            121.3753146392778,
            24.96080845023546
          ],
          [
            121.37574801543104,
            24.96109377141318
          ],
          [
            121.37607749604551,
            24.9613013942908
          ],
          [
            121.37635256003401,
            24.961480642564922
          ],
          [
            121.37682151369009,
            24.96178182364938
          ],
          [
            121.3773475488429,
            24.962126609754314
          ],
          [
            121.37776732951453,
            24.96240316580187
          ],
          [
            121.37824210627701,
            24.962724668301327
          ],
          [
            121.37883748212796,
            24.963149164318253
          ],
          [
            121.37936651686326,
            24.963525353971548
          ],
          [
            121.37977553328653,
            24.963818661077948
          ],
          [
            121.3802322792912,
            24.96414450955182
          ],
          [
            121.38069274446141,
            24.96448092824416
          ],
          [
            121.38131436519026,
            24.964957647923
          ],
          [
            121.3817587385834,
            24.965299250559273
          ],
          [
            121.38192400275274,
            24.9654201851303
          ],
          [
            121.38206179260973,
            24.965521544436978
          ],
          [
            121.38220831896388,
            24.96562321523617
          ],
          [
            121.38238148185475,
            24.965739154422472
          ],
          [
            121.38253822089435,
            24.965841195909213
          ],
          [
            121.38270584713547,
            24.965950431881883
          ],
          [
            121.38286538838848,
            24.9660553006986
          ],
          [
            121.38305550262072,
            24.96617904108466
          ],
          [
            121.38305888671296,
            24.966181244311166
          ],
          [
            121.38306354108148,
            24.966184274872816
          ],
          [
            121.38364354659628,
            24.96656318880451
          ],
          [
            121.38413397115636,
            24.966880821794188
          ],
          [
            121.38459837852083,
            24.96718518554651
          ],
          [
            121.3852825776055,
            24.96762537868
          ],
          [
            121.38549323710866,
            24.967758416028342
          ],
          [
            121.38575147657866,
            24.967929555593116
          ],
          [
            121.38590862406095,
            24.968030581223502
          ],
          [
            121.38606940399421,
            24.968133935592824
          ],
          [
            121.38622811999821,
            24.96823596797977
          ],
          [
            121.38659266162242,
            24.968460476369767
          ],
          [
            121.3867872859999,
            24.96856719990619
          ],
          [
            121.38718549108845,
            24.968797081479693
          ],
          [
            121.38736325910955,
            24.96889735674171
          ],
          [
            121.38765259353276,
            24.969065513958185
          ],
          [
            121.38814525262471,
            24.969337616033357
          ],
          [
            121.3884139525566,
            24.96949441377718
          ],
          [
            121.38865162992006,
            24.96964080113891
          ],
          [
            121.38878155454596,
            24.96972592369122
          ],
          [
            121.3891165874212,
            24.969968414935774
          ],
          [
            121.38929729435446,
            24.970110878360575
          ],
          [
            121.38937452583075,
            24.970182460294545
          ],
          [
            121.38946035564744,
            24.970263887610304
          ],
          [
            121.38963435832726,
            24.970425273374108
          ],
          [
            121.3897559452072,
            24.970541907523188
          ],
          [
            121.38984263792555,
            24.97063299261373
          ],
          [
            121.38988389424644,
            24.97070359409693
          ],
          [
            121.39024369200791,
            24.97106196810368
          ],
          [
            121.39034128910886,
            24.971187232469415
          ],
          [
            121.39034764976188,
            24.971194149513963
          ],
          [
            121.39035400053973,
            24.971201075612402
          ],
          [
            121.39036034147097,
            24.971208019792957
          ],
          [
            121.39036667249854,
            24.971214963999184
          ],
          [
            121.3903729936795,
            24.971221926287505
          ],
          [
            121.39037930495682,
            24.971228888601512
          ],
          [
            121.39038560635902,
            24.97123585996942
          ],
          [
            121.39039190779037,
            24.97124284036523
          ],
          [
            121.39039819931814,
            24.97124982078675
          ],
          [
            121.39040448097076,
            24.971256810262172
          ],
          [
            121.39041077249993,
            24.97126379068312
          ],
          [
            121.39041705418245,
            24.971270789186175
          ],
          [
            121.39042332593286,
            24.97127777868672
          ],
          [
            121.39042960761682,
            24.971284777189222
          ],
          [
            121.39043587936867,
            24.97129176668919
          ],
          [
            121.39044216102553,
            24.971298756162934
          ],
          [
            121.39044844271163,
            24.9713057546646
          ],
          [
            121.39045472436995,
            24.97131274413776
          ],
          [
            121.3904610159048,
            24.971319724556462
          ],
          [
            121.3904673074404,
            24.971326704974903
          ],
          [
            121.39047360888102,
            24.971333685367075
          ],
          [
            121.3904799102939,
            24.971340656730764
          ],
          [
            121.39048622158333,
            24.97134761903998
          ],
          [
            121.3904925427778,
            24.97135458132294
          ],
          [
            121.39049887382036,
            24.971361525523225
          ],
          [
            121.390505214768,
            24.971368469697243
          ],
          [
            121.39051156556366,
            24.971375395788584
          ],
          [
            121.39051792623593,
            24.971382312825472
          ],
          [
            121.3905243066891,
            24.971389220781887
          ],
          [
            121.39053069699033,
            24.97139611065564
          ],
          [
            121.39053710707248,
            24.971402991448933
          ],
          [
            121.39054353693555,
            24.97140986316175
          ],
          [
            121.39054998652256,
            24.971416707737717
          ],
          [
            121.3905564459576,
            24.971423534230986
          ],
          [
            121.39056293507795,
            24.9714303516178
          ],
          [
            121.39056944392222,
            24.971437141867753
          ],
          [
            121.39057598242326,
            24.971443913983038
          ],
          [
            121.39058254064821,
            24.971450658961437
          ],
          [
            121.39058912852995,
            24.97145738580516
          ],
          [
            121.39059573613561,
            24.971464085512004
          ],
          [
            121.39060238330241,
            24.97147076705817
          ],
          [
            121.39060906004048,
            24.97147740338506
          ],
          [
            121.39061373961749,
            24.9714820226163
          ],
          [
            121.39062047566888,
            24.971488622673924
          ],
          [
            121.3906272413486,
            24.971495195568647
          ],
          [
            121.39063403665658,
            24.971501741300465
          ],
          [
            121.39064085168847,
            24.971508259895355
          ],
          [
            121.390647706253,
            24.971514751301353
          ],
          [
            121.39065458056994,
            24.97152122459865
          ],
          [
            121.39066148454371,
            24.971527679761223
          ],
          [
            121.39066840824137,
            24.971534107786876
          ],
          [
            121.39067535171996,
            24.971540526732014
          ],
          [
            121.3906823149225,
            24.971546918540206
          ],
          [
            121.3906893077818,
            24.97155329221368
          ],
          [
            121.39069632039354,
            24.971559647778413
          ],
          [
            121.39070334288185,
            24.971565994288607
          ],
          [
            121.39071038509407,
            24.971572313661856
          ],
          [
            121.39071744711575,
            24.97157863298277
          ],
          [
            121.39072452886136,
            24.971584925166738
          ],
          [
            121.39073162048352,
            24.971591208296143
          ],
          [
            121.39073873188663,
            24.97159748234502
          ],
          [
            121.39074585313779,
            24.971603738311135
          ],
          [
            121.39075298426552,
            24.971609985222692
          ],
          [
            121.39076013517422,
            24.97161622305369
          ],
          [
            121.39076729595945,
            24.971622451830136
          ],
          [
            121.39077446659277,
            24.971628662523813
          ],
          [
            121.39078165703555,
            24.971634873165137
          ],
          [
            121.390788847422,
            24.9716410657497
          ],
          [
            121.39079604771356,
            24.97164725830789
          ],
          [
            121.39080326775752,
            24.97165343275732
          ],
          [
            121.39081048780221,
            24.971659607206373
          ],
          [
            121.3908177177235,
            24.971665772600875
          ],
          [
            121.39082495752132,
            24.9716719289408
          ],
          [
            121.39083220719574,
            24.971678076226162
          ],
          [
            121.39083945687086,
            24.971684223511147
          ],
          [
            121.39084672632696,
            24.971690361715556
          ],
          [
            121.39085399575521,
            24.971696490891393
          ],
          [
            121.3908612750886,
            24.971702620040862
          ],
          [
            121.39086855439417,
            24.97170874016175
          ],
          [
            121.39087584357631,
            24.971714851228064
          ],
          [
            121.39088313275916,
            24.971720962294004
          ],
          [
            121.3908904318186,
            24.971727064305377
          ],
          [
            121.3908977407831,
            24.971733166290356
          ],
          [
            121.39090504971985,
            24.971739259246778
          ],
          [
            121.39091236856166,
            24.971745352176807
          ],
          [
            121.3909196874042,
            24.971751445106452
          ],
          [
            121.39092700621893,
            24.971757529007537
          ],
          [
            121.39093433493878,
            24.971763612882235
          ],
          [
            121.39094166363078,
            24.971769687728354
          ],
          [
            121.39094900222791,
            24.971775762548102
          ],
          [
            121.39095634082577,
            24.971781837367455
          ],
          [
            121.39096367939577,
            24.971787903158237
          ],
          [
            121.39097102787092,
            24.971793968922647
          ],
          [
            121.39097837634677,
            24.97180003468665
          ],
          [
            121.3909857247948,
            24.97180609142209
          ],
          [
            121.39099308317648,
            24.97181215715936
          ],
          [
            121.39100044153034,
            24.971818213868033
          ],
          [
            121.39100778995201,
            24.97182426157412
          ],
          [
            121.3910151582117,
            24.971830318256032
          ],
          [
            121.39102251653918,
            24.97183636593537
          ],
          [
            121.39102988477177,
            24.97184241358832
          ],
          [
            121.39103725300507,
            24.971848461240892
          ],
          [
            121.3910446212391,
            24.971854508893085
          ],
          [
            121.39105198947385,
            24.971860556544897
          ],
          [
            121.39105936758517,
            24.971866595142096
          ],
          [
            121.39106674572575,
            24.971872642767135
          ],
          [
            121.39107411393411,
            24.9718786813896
          ],
          [
            121.39108149204759,
            24.97188471998568
          ],
          [
            121.39108887016181,
            24.971890758581377
          ],
          [
            121.39109625818111,
            24.971896797150677
          ],
          [
            121.39110363629675,
            24.97190283574562
          ],
          [
            121.39111101438455,
            24.97190886531197
          ],
          [
            121.39111840240602,
            24.971914903880123
          ],
          [
            121.39112579042819,
            24.971920942447905
          ],
          [
            121.39113316851817,
            24.97192697201312
          ],
          [
            121.39114055651326,
            24.971933001551935
          ],
          [
            121.39114794453761,
            24.971939040118574
          ],
          [
            121.39115533253411,
            24.971945069656623
          ],
          [
            121.39116272053136,
            24.971951099194296
          ],
          [
            121.39117010852931,
            24.97195712873159
          ],
          [
            121.39117750646095,
            24.971963167270683
          ],
          [
            121.39118489446035,
            24.971969196807212
          ],
          [
            121.39119228246044,
            24.971975226343368
          ],
          [
            121.39145005579229,
            24.97215029332403
          ],
          [
            121.39178470734227,
            24.972349967274802
          ],
          [
            121.39205416885564,
            24.972493538874616
          ],
          [
            121.39231156648687,
            24.972602509290052
          ],
          [
            121.39242863676324,
            24.972652063940988
          ],
          [
            121.39250031356258,
            24.972679429301298
          ],
          [
            121.3926894618972,
            24.97275163525053
          ],
          [
            121.39298553877055,
            24.972848413596388
          ],
          [
            121.39346558168943,
            24.97296024293622
          ],
          [
            121.39396250632507,
            24.973051396433906
          ],
          [
            121.3941520841615,
            24.9730745577709
          ],
          [
            121.39465467168469,
            24.973130474648546
          ],
          [
            121.39469207751316,
            24.97313551257665
          ],
          [
            121.39545172674306,
            24.973246539788164
          ],
          [
            121.39599521295767,
            24.973333843138462
          ],
          [
            121.396115942639,
            24.973353239719632
          ],
          [
            121.39620434706185,
            24.973373661172467
          ],
          [
            121.39632186288597,
            24.973400821426946
          ],
          [
            121.39669479619218,
            24.97349523899952
          ],
          [
            121.3971878709733,
            24.973656911788158
          ],
          [
            121.39770334120752,
            24.973877062428294
          ],
          [
            121.39777525682868,
            24.973907277522652
          ],
          [
            121.39797256955353,
            24.973997357950978
          ],
          [
            121.39823655241584,
            24.974112575065476
          ],
          [
            121.39839533953092,
            24.974188159257785
          ],
          [
            121.39867840657135,
            24.974317841968375
          ],
          [
            121.39897502809002,
            24.97445806894253
          ],
          [
            121.39927492622374,
            24.974600588737914
          ],
          [
            121.39947225901822,
            24.974693140841225
          ],
          [
            121.39969112191781,
            24.974800089138427
          ],
          [
            121.39988020412501,
            24.97488939460929
          ],
          [
            121.40020993382828,
            24.975046133139557
          ],
          [
            121.40045544808352,
            24.975164230785833
          ],
          [
            121.40069382714444,
            24.975277959486725
          ],
          [
            121.40089802423459,
            24.975376061637004
          ],
          [
            121.40106378561636,
            24.97545716751425
          ],
          [
            121.40129502398908,
            24.975573803520344
          ],
          [
            121.40158633110737,
            24.975731879393383
          ],
          [
            121.40193195659701,
            24.975935608443276
          ],
          [
            121.40218276115074,
            24.976098703851967
          ],
          [
            121.4024036443496,
            24.976249754749396
          ],
          [
            121.40263366657267,
            24.976420976825846
          ],
          [
            121.40281992132365,
            24.976553089157584
          ],
          [
            121.40311113612191,
            24.97677270792424
          ],
          [
            121.40328406774223,
            24.97689809356521
          ],
          [
            121.40356816151174,
            24.977114354131757
          ],
          [
            121.40375909940377,
            24.9772574038453
          ],
          [
            121.40407572902055,
            24.97749080109368
          ],
          [
            121.40438164823628,
            24.97772286347714
          ],
          [
            121.40456795889675,
            24.97785575886795
          ],
          [
            121.40477555902373,
            24.978004801863317
          ],
          [
            121.40498042196954,
            24.978158700185286
          ],
          [
            121.4051819480558,
            24.97830371446109
          ],
          [
            121.40542281318574,
            24.97847771037998
          ],
          [
            121.4056424014534,
            24.97863914237065
          ],
          [
            121.40590057895123,
            24.97883036138147
          ],
          [
            121.40606833924446,
            24.978950720028305
          ],
          [
            121.40665132788541,
            24.979320776867816
          ],
          [
            121.40700180097323,
            24.979526177936183
          ],
          [
            121.4073460528402,
            24.979709927364485
          ],
          [
            121.40805548260914,
            24.980066442230335
          ],
          [
            121.40805888569339,
            24.980068148270206
          ],
          [
            121.40855556499288,
            24.98031913467349
          ],
          [
            121.40901198262861,
            24.980543407077647
          ],
          [
            121.4092173329208,
            24.980650152524568
          ],
          [
            121.40998482452152,
            24.98105648785561
          ],
          [
            121.41032465441158,
            24.981251274978607
          ],
          [
            121.41058526120977,
            24.98140066009565
          ],
          [
            121.41073929339548,
            24.98148894675043
          ],
          [
            121.41093220386526,
            24.98158618124992
          ],
          [
            121.4109940666849,
            24.98161737459941
          ],
          [
            121.41203028038541,
            24.982139692260287
          ],
          [
            121.41270640342262,
            24.9824746360456
          ],
          [
            121.41380687226558,
            24.98301314019311
          ],
          [
            121.41445455659267,
            24.983339216999006
          ],
          [
            121.41503431515076,
            24.983630495904123
          ],
          [
            121.41643973407803,
            24.984333924324815
          ],
          [
            121.41719918486679,
            24.984712572706357
          ],
          [
            121.41754144076069,
            24.984883203737628
          ],
          [
            121.41888878892576,
            24.985553574680324
          ],
          [
            121.420249231614,
            24.98622238852237
          ],
          [
            121.42075129261782,
            24.986474347540124
          ],
          [
            121.42096789178426,
            24.986579925180866
          ],
          [
            121.42107547574638,
            24.98663778074902
          ],
          [
            121.42115636309428,
            24.986680797136916
          ],
          [
            121.42129087970483,
            24.986755811237252
          ],
          [
            121.42143258125209,
            24.986843381206207
          ],
          [
            121.42152607345741,
            24.986910990733534
          ],
          [
            121.42160829855648,
            24.986968574661308
          ],
          [
            121.42175180630925,
            24.98707151429463
          ],
          [
            121.42184806476145,
            24.98715138515236
          ],
          [
            121.42194378646708,
            24.987236484818265
          ],
          [
            121.42200130717059,
            24.987285354087593
          ],
          [
            121.42216449688911,
            24.987440113760695
          ],
          [
            121.42225748802323,
            24.987537679932977
          ],
          [
            121.4223503501348,
            24.987632230978747
          ],
          [
            121.4223962952176,
            24.987682216329905
          ],
          [
            121.42255479955038,
            24.98787435673404
          ],
          [
            121.42260252217808,
            24.987931378996723
          ],
          [
            121.42266084949601,
            24.9880102916866
          ],
          [
            121.42271489147787,
            24.988090308941647
          ],
          [
            121.42277433577401,
            24.988180070352936
          ],
          [
            121.42282970020624,
            24.98826150123921
          ],
          [
            121.42290684010479,
            24.98838709955762
          ],
          [
            121.42292762926293,
            24.988420950536096
          ],
          [
            121.42305286235802,
            24.988630609424206
          ],
          [
            121.42353391903676,
            24.989507137727017
          ],
          [
            121.42461965633458,
            24.99164545931918
          ],
          [
            121.424411,
            24.991235
          ],
          [
            121.4252548505956,
            24.99287475298636
          ],
          [
            121.42568179380106,
            24.993659620106065
          ],
          [
            121.42576770956525,
            24.99382908692663
          ],
          [
            121.42587648070187,
            24.994033481687854
          ],
          [
            121.42604162881754,
            24.994361500973998
          ],
          [
            121.42621753354693,
            24.994697416023502
          ],
          [
            121.42640322021683,
            24.99506304178528
          ],
          [
            121.42655847777456,
            24.995366116695273
          ],
          [
            121.42667003375087,
            24.995593019218116
          ],
          [
            121.42685836323672,
            24.995945753483422
          ],
          [
            121.42703308879206,
            24.99628886632936
          ],
          [
            121.4271965973303,
            24.996610785797667
          ],
          [
            121.42735833942848,
            24.99692296868413
          ],
          [
            121.42763183464643,
            24.99745479382438
          ],
          [
            121.42780016192192,
            24.997794177334434
          ],
          [
            121.4280598597346,
            24.99833130471417
          ],
          [
            121.42806087685607,
            24.998333224798767
          ],
          [
            121.42806108633059,
            24.998333639494238
          ],
          [
            121.4285077831862,
            24.99918201743616
          ],
          [
            121.42873936067244,
            24.99963881914167
          ],
          [
            121.42891549312199,
            24.99995609570909
          ],
          [
            121.42905840555025,
            25.000181018904133
          ],
          [
            121.4292240685246,
            25.000412846092924
          ],
          [
            121.42942580294138,
            25.00067897549795
          ],
          [
            121.42998971860754,
            25.00132330645838
          ],
          [
            121.43080388856943,
            25.002246415123107
          ],
          [
            121.43124987953739,
            25.00276385691516
          ],
          [
            121.43148204042427,
            25.003022600350594
          ],
          [
            121.43173098601666,
            25.00328456290204
          ],
          [
            121.43195422979599,
            25.003494335334203
          ],
          [
            121.43220400582112,
            25.00371559546595
          ],
          [
            121.43243056389787,
            25.003886825117274
          ],
          [
            121.43262058093146,
            25.00401997136272
          ],
          [
            121.4327730041089,
            25.004120011954964
          ],
          [
            121.4330555011835,
            25.004272127648562
          ],
          [
            121.43305894544145,
            25.004273986460436
          ],
          [
            121.43306350136517,
            25.00427643789755
          ],
          [
            121.4332289407993,
            25.00436453190533
          ],
          [
            121.43347231494249,
            25.004479636735415
          ],
          [
            121.43357951181922,
            25.004525530677746
          ],
          [
            121.43370684995276,
            25.004568639295353
          ],
          [
            121.43383642597348,
            25.004611407231735
          ],
          [
            121.43384814969902,
            25.004615273223227
          ],
          [
            121.43421942154407,
            25.004737795054545
          ],
          [
            121.4346735713423,
            25.004833440558418
          ],
          [
            121.43520691224624,
            25.004907465154222
          ],
          [
            121.43554993440334,
            25.004943783708093
          ],
          [
            121.43570701568927,
            25.004950654556758
          ],
          [
            121.43570701568927,
            25.004950654556758
          ],
          [
            121.43593268049054,
            25.004984670689648
          ],
          [
            121.43616363188507,
            25.0049811046057
          ],
          [
            121.43686183159723,
            25.0049412093383
          ],
          [
            121.43751911036475,
            25.00490851831381
          ],
          [
            121.43825376083575,
            25.00486683005073
          ],
          [
            121.43891981896627,
            25.004829276886106
          ],
          [
            121.43945724440486,
            25.004794836390627
          ],
          [
            121.43983888176513,
            25.0047578663782
          ],
          [
            121.44012219088184,
            25.00472635050466
          ],
          [
            121.44032241879377,
            25.004705832654086
          ],
          [
            121.44071227290777,
            25.004653424936873
          ],
          [
            121.44140997810939,
            25.004553779221546
          ],
          [
            121.44189052366715,
            25.00448014480019
          ],
          [
            121.44215753934364,
            25.004438913977378
          ],
          [
            121.44252139995316,
            25.00439598618794
          ],
          [
            121.44298015438324,
            25.004351556125354
          ],
          [
            121.44352810776255,
            25.004311643648652
          ],
          [
            121.44383802044142,
            25.00429261767224
          ],
          [
            121.44411914957581,
            25.004275365269642
          ],
          [
            121.44434825339863,
            25.004262664497325
          ],
          [
            121.44498007651929,
            25.004227642183558
          ],
          [
            121.44621572000798,
            25.004159136091378
          ],
          [
            121.44675741477622,
            25.0041314727512
          ],
          [
            121.44734709549095,
            25.00407826680546
          ],
          [
            121.44734709549095,
            25.00407826680546
          ],
          [
            121.44825122564481,
            25.00402826421748
          ],
          [
            121.44978400846041,
            25.003941525721665
          ],
          [
            121.45083303789689,
            25.00388388278979
          ],
          [
            121.45179998035411,
            25.00382986739702
          ],
          [
            121.45267742034369,
            25.00378614846213
          ],
          [
            121.45269764689435,
            25.003785193113888
          ],
          [
            121.45273938811911,
            25.003783341685885
          ],
          [
            121.45278115955941,
            25.003781625577144
          ],
          [
            121.45282293159406,
            25.00378007196239
          ],
          [
            121.45286473404309,
            25.003778707835423
          ],
          [
            121.45290655699988,
            25.003777533226376
          ],
          [
            121.45294839069015,
            25.00377658427779
          ],
          [
            121.45299025499406,
            25.003775878985497
          ],
          [
            121.45303212025749,
            25.003775435496156
          ],
          [
            121.45307400632757,
            25.003775262777527
          ],
          [
            121.45311590346326,
            25.003775406000223
          ],
          [
            121.45315782153861,
            25.00377585610599
          ],
          [
            121.453199730999,
            25.003776658325798
          ],
          [
            121.45324208762692,
            25.003777829327216
          ],
          [
            121.45360980299195,
            25.003804280516036
          ],
          [
            121.45397401959997,
            25.00385991156908
          ],
          [
            121.4543315459304,
            25.00394425376262
          ],
          [
            121.45467963565335,
            25.004056674534535
          ],
          [
            121.45501565052204,
            25.004196306283273
          ],
          [
            121.45533703084365,
            25.00436210062442
          ],
          [
            121.45564133496747,
            25.00455279215385
          ],
          [
            121.4559261598236,
            25.004766844518475
          ],
          [
            121.45612798633144,
            25.004943909576923
          ],
          [
            121.45615729482878,
            25.004971653610944
          ],
          [
            121.45618607833704,
            25.004999417305466
          ],
          [
            121.45621459523721,
            25.00502741654488
          ],
          [
            121.4562428354889,
            25.00505561524739
          ],
          [
            121.45627082884633,
            25.005084022350044
          ],
          [
            121.45629857514272,
            25.00511259271255
          ],
          [
            121.45632610413227,
            25.005141335271944
          ],
          [
            121.45635342565525,
            25.005170231941765
          ],
          [
            121.45638054951849,
            25.005199255607497
          ],
          [
            121.45640750544288,
            25.005228406178006
          ],
          [
            121.4564342933617,
            25.005257665597227
          ],
          [
            121.45646094292907,
            25.005287015717858
          ],
          [
            121.45648746405196,
            25.00531645650956
          ],
          [
            121.45651386653726,
            25.005345960857756
          ],
          [
            121.45654018994614,
            25.00537551058467
          ],
          [
            121.45656642440494,
            25.005405114748847
          ],
          [
            121.45659260944149,
            25.005434746144445
          ],
          [
            121.45661874498902,
            25.00546438671528
          ],
          [
            121.45805546119317,
            25.00709584075181
          ],
          [
            121.46001683007891,
            25.00932295384669
          ],
          [
            121.46004782292682,
            25.0093581852584
          ],
          [
            121.46007878613781,
            25.00939343481134
          ],
          [
            121.4600943076651,
            25.0094111362013
          ],
          [
            121.46048308890514,
            25.00986125176626
          ],
          [
            121.46051348956756,
            25.009897017571713
          ],
          [
            121.46055894670205,
            25.00995060351579
          ],
          [
            121.46289046502984,
            25.012703152606115
          ],
          [
            121.46291895671781,
            25.01273675707034
          ],
          [
            121.46294748791625,
            25.012770325293065
          ],
          [
            121.46297606849888,
            25.012803848215356
          ],
          [
            121.46300471821321,
            25.01283730771936
          ],
          [
            121.46303344693295,
            25.01287069474609
          ],
          [
            121.46306228431317,
            25.012903991146818
          ],
          [
            121.46309124019372,
            25.012937178834505
          ],
          [
            121.4631203443313,
            25.01297026674455
          ],
          [
            121.4631495965566,
            25.01300320973655
          ],
          [
            121.46317903653392,
            25.01303601671503
          ],
          [
            121.46320866419553,
            25.013068669623745
          ],
          [
            121.46323849925511,
            25.013101141316632
          ],
          [
            121.46326856152784,
            25.013133431731866
          ],
          [
            121.46329886081979,
            25.013165513754196
          ],
          [
            121.46332942685378,
            25.013197387290894
          ],
          [
            121.46336026940195,
            25.013229016198647
          ],
          [
            121.46339267139166,
            25.013261687508535
          ],
          [
            121.46372728623354,
            25.013567990569907
          ],
          [
            121.46376124714264,
            25.013596242156897
          ],
          [
            121.46379580262757,
            25.01362451896594
          ],
          [
            121.46383060497156,
            25.013652569292283
          ],
          [
            121.46386562445163,
            25.0136803932285
          ],
          [
            121.46390085126183,
            25.01370801788955
          ],
          [
            121.46393628543608,
            25.01373545230334
          ],
          [
            121.4639718775039,
            25.01376271468045
          ],
          [
            121.46400764734841,
            25.013789823015067
          ],
          [
            121.46404354546526,
            25.013816786489716
          ],
          [
            121.46407958182994,
            25.013843623129528
          ],
          [
            121.46411572675332,
            25.013870342055263
          ],
          [
            121.46415197046352,
            25.013896979410006
          ],
          [
            121.4641883030528,
            25.013923535224624
          ],
          [
            121.46422470477373,
            25.013950027617074
          ],
          [
            121.46426114597115,
            25.013976474736207
          ],
          [
            121.46429763662066,
            25.01400289460721
          ],
          [
            121.46476974003865,
            25.01434434591897
          ],
          [
            121.46481340360401,
            25.01437588027052
          ],
          [
            121.46485708683707,
            25.014407369406527
          ],
          [
            121.4649008094852,
            25.014438795208864
          ],
          [
            121.46494460116949,
            25.014470130500374
          ],
          [
            121.46498847176362,
            25.01450136622197
          ],
          [
            121.4650324310392,
            25.014532466230293
          ],
          [
            121.46507637961297,
            25.014563349582573
          ],
          [
            121.46540772238494,
            25.014788098449742
          ],
          [
            121.4654527855436,
            25.014817605916935
          ],
          [
            121.46549809621294,
            25.01484705842623
          ],
          [
            121.46554352532007,
            25.01487638415616
          ],
          [
            121.46558903337016,
            25.014905619342958
          ],
          [
            121.46563461048947,
            25.014934773045617
          ],
          [
            121.46568024687234,
            25.014963872379326
          ],
          [
            121.46572593267913,
            25.01499293543121
          ],
          [
            121.46829954081261,
            25.016628195816747
          ],
          [
            121.46836048340674,
            25.016666978463448
          ],
          [
            121.4684213866472,
            25.016705824405673
          ],
          [
            121.46848223088955,
            25.016744778846224
          ],
          [
            121.46854297660515,
            25.016783868994207
          ],
          [
            121.46860361402331,
            25.016823130993206
          ],
          [
            121.46866410361535,
            25.016862592052448
          ],
          [
            121.46872447534517,
            25.016902315274816
          ],
          [
            121.468924781851,
            25.017036934657423
          ],
          [
            121.46898426622116,
            25.01707776200624
          ],
          [
            121.46904350361861,
            25.017118770673026
          ],
          [
            121.46910257330676,
            25.01715996040797
          ],
          [
            121.46916150490648,
            25.0172013040333
          ],
          [
            121.4692203081886,
            25.01724276540568
          ],
          [
            121.46927903255548,
            25.017284308256695
          ],
          [
            121.46933768784645,
            25.01732591449904
          ],
          [
            121.47171663653185,
            25.01901550923897
          ],
          [
            121.47176548756143,
            25.01905017586008
          ],
          [
            121.47178991795427,
            25.01906748657856
          ],
          [
            121.47181435826195,
            25.019084797261428
          ],
          [
            121.47183880838104,
            25.019102080824553
          ],
          [
            121.47186322864466,
            25.019119328365633
          ],
          [
            121.4722022308235,
            25.019355891339462
          ],
          [
            121.47222685825604,
            25.01937287634442
          ],
          [
            121.47225155512106,
            25.019389879180984
          ],
          [
            121.47230096854948,
            25.019423848666218
          ],
          [
            121.47237516780032,
            25.019474748442104
          ],
          [
            121.47273566383761,
            25.019721904130762
          ],
          [
            121.4727851468532,
            25.019755864201088
          ],
          [
            121.47283460027526,
            25.019789851433057
          ],
          [
            121.47285931719207,
            25.019806872158323
          ],
          [
            121.4728840540703,
            25.019823928928524
          ],
          [
            121.47318923106945,
            25.020036645460902
          ],
          [
            121.47321378071862,
            25.02005394653084
          ],
          [
            121.47323827082192,
            25.020071220701674
          ],
          [
            121.47328722153227,
            25.02010582329373
          ],
          [
            121.47338502416115,
            25.020175082911585
          ],
          [
            121.47492448882316,
            25.021265947712983
          ],
          [
            121.47497337136164,
            25.021300613148266
          ],
          [
            121.47502222430695,
            25.021335305746007
          ],
          [
            121.47504667569949,
            25.02135268807168
          ],
          [
            121.47543105149651,
            25.02162804594206
          ],
          [
            121.47547962876295,
            25.021663127477265
          ],
          [
            121.47555240063775,
            25.021715763592407
          ],
          [
            121.47778646772883,
            25.023333695057392
          ],
          [
            121.48006440381566,
            25.024983310583075
          ],
          [
            121.4801072704274,
            25.02501432827905
          ],
          [
            121.48015016661057,
            25.025045300726035
          ],
          [
            121.48019309236517,
            25.025076227923993
          ],
          [
            121.48023606740284,
            25.025107082724794
          ],
          [
            121.4802791115055,
            25.02513785603633
          ],
          [
            121.4803222245677,
            25.02516852077444
          ],
          [
            121.48036543627985,
            25.025199067814967
          ],
          [
            121.48040874657167,
            25.025229479101768
          ],
          [
            121.48045216528128,
            25.025259736546655
          ],
          [
            121.48049572206395,
            25.025289821997426
          ],
          [
            121.48053941688448,
            25.025319726425888
          ],
          [
            121.48058326948959,
            25.025349431711806
          ],
          [
            121.48062728968219,
            25.025378910738905
          ],
          [
            121.48067147742704,
            25.025408154479024
          ],
          [
            121.48071587232307,
            25.025437153775787
          ],
          [
            121.48076045441236,
            25.02546587258098
          ],
          [
            121.48080525338526,
            25.02549430177029
          ],
          [
            121.48085026913603,
            25.025522414259406
          ],
          [
            121.48090327861988,
            25.025554942721897
          ],
          [
            121.4814269903805,
            25.02584380033193
          ],
          [
            121.48197594317156,
            25.026089789841045
          ],
          [
            121.48254633502492,
            25.026291253114277
          ],
          [
            121.4830554886944,
            25.026425933395313
          ],
          [
            121.48313426570239,
            25.02644676711627
          ],
          [
            121.48318690642236,
            25.026458251345876
          ],
          [
            121.4832400911374,
            25.026469481000206
          ],
          [
            121.48329337360467,
            25.02648036724812
          ],
          [
            121.48334673414787,
            25.026490946266076
          ],
          [
            121.48340018267527,
            25.02650121802177
          ],
          [
            121.48345369947529,
            25.026511209663663
          ],
          [
            121.48350728465374,
            25.026520948275763
          ],
          [
            121.48356093824565,
            25.026530442886006
          ],
          [
            121.48361464053956,
            25.02653972064292
          ],
          [
            121.4836683915706,
            25.026548790574463
          ],
          [
            121.48372219144467,
            25.026557679764675
          ],
          [
            121.4837760402677,
            25.026566415297573
          ],
          [
            121.48382991825764,
            25.02657500626565
          ],
          [
            121.48388382552046,
            25.02658347975297
          ],
          [
            121.48393776212683,
            25.026591853815543
          ],
          [
            121.48399172814747,
            25.026600146509384
          ],
          [
            121.48404571374445,
            25.026608375922798
          ],
          [
            121.48409970911527,
            25.026616569172127
          ],
          [
            121.48738661211866,
            25.027113724294725
          ],
          [
            121.48743737568032,
            25.027121421346678
          ],
          [
            121.48748813935501,
            25.02712914546526
          ],
          [
            121.48751917275199,
            25.027133900824232
          ],
          [
            121.48751917274487,
            25.02713389901863
          ],
          [
            121.48798309931179,
            25.027207696666434
          ],
          [
            121.4885668116858,
            25.027323632550416
          ],
          [
            121.48889662137987,
            25.027409678699982
          ],
          [
            121.48926402109747,
            25.027537048560855
          ],
          [
            121.48966060321334,
            25.027689401533046
          ],
          [
            121.4900878562377,
            25.027899630994472
          ],
          [
            121.49040493286363,
            25.028077242972863
          ],
          [
            121.4906359234436,
            25.028222871890172
          ],
          [
            121.4910290958713,
            25.028505716926162
          ],
          [
            121.49147507737189,
            25.02887152545668
          ],
          [
            121.49552369722673,
            25.032468206562573
          ],
          [
            121.49568342714723,
            25.032592225922535
          ],
          [
            121.49592868963039,
            25.032752099297415
          ],
          [
            121.49612020483197,
            25.032855301589105
          ],
          [
            121.49632276114124,
            25.032946648942506
          ],
          [
            121.49652301976816,
            25.033021004637824
          ],
          [
            121.49681012257345,
            25.033102471934317
          ],
          [
            121.49702145842467,
            25.03314413429636
          ],
          [
            121.49727670030772,
            25.03317590810766
          ],
          [
            121.4980546116304,
            25.03322789621967
          ],
          [
            121.49909796026473,
            25.0332652275098
          ],
          [
            121.49995903683089,
            25.033301128012347
          ],
          [
            121.5007776374432,
            25.033362625045434
          ],
          [
            121.50298597855698,
            25.033556413185536
          ],
          [
            121.50331965650223,
            25.033593902159108
          ],
          [
            121.50374430010143,
            25.033647119618717
          ],
          [
            121.50393348010277,
            25.033681326784762
          ],
          [
            121.50416833646575,
            25.033740792907032
          ],
          [
            121.50441312764973,
            25.033823400107888
          ],
          [
            121.50456842328813,
            25.03388793856436
          ],
          [
            121.50472456266488,
            25.033962478044742
          ],
          [
            121.50494216398482,
            25.034086390045697
          ],
          [
            121.50514277150519,
            25.03422248424195
          ],
          [
            121.50532219646291,
            25.034366631040285
          ],
          [
            121.50550247602334,
            25.034537859048108
          ],
          [
            121.50561231196043,
            25.034658778104642
          ],
          [
            121.50571506766626,
            25.034785698683027
          ],
          [
            121.50581186610982,
            25.03492182014999
          ],
          [
            121.5058945072744,
            25.03505386389615
          ],
          [
            121.5060043370201,
            25.03526244563645
          ],
          [
            121.50606172032144,
            25.035392300194022
          ],
          [
            121.50613623088418,
            25.035602717432283
          ],
          [
            121.50647242820071,
            25.036818372648792
          ],
          [
            121.50805547617676,
            25.042334548940197
          ],
          [
            121.50881942476927,
            25.04499635891467
          ],
          [
            121.50895863980479,
            25.04553316220074
          ],
          [
            121.50912761222828,
            25.046292045679657
          ],
          [
            121.50920514789,
            25.046557458747614
          ],
          [
            121.50929148107062,
            25.04677674504939
          ],
          [
            121.50936096273944,
            25.046920667460636
          ],
          [
            121.50943936732567,
            25.047060613958507
          ],
          [
            121.50961808904232,
            25.047323738699973
          ],
          [
            121.50971928587707,
            25.047448746602257
          ],
          [
            121.50988520851712,
            25.047626591297654
          ],
          [
            121.51013130205436,
            25.04784389225048
          ],
          [
            121.51029619265611,
            25.047966071882623
          ],
          [
            121.5104342389979,
            25.048055445195818
          ],
          [
            121.51062165368161,
            25.048162534245122
          ],
          [
            121.5107677929946,
            25.04823411213613
          ],
          [
            121.510963331525,
            25.048316489105634
          ],
          [
            121.51101133743238,
            25.048333568533867
          ],
          [
            121.51112511132506,
            25.04837404638232
          ],
          [
            121.51145247476045,
            25.048462342900205
          ],
          [
            121.51178631917318,
            25.048516987625145
          ],
          [
            121.51209382313567,
            25.048538814106855
          ],
          [
            121.5123849099292,
            25.04853286297485
          ],
          [
            121.51267511858644,
            25.048504028094406
          ],
          [
            121.51366724413718,
            25.048333712034182
          ],
          [
            121.51366724413718,
            25.048333712034182
          ],
          [
            121.5272162178154,
            25.0454691065286
          ],
          [
            121.53163036130755,
            25.045379991522548
          ],
          [
            121.53630234317556,
            25.04452715190262
          ],
          [
            121.54154112843167,
            25.04429786105115
          ],
          [
            121.54610629977573,
            25.04479688441678
          ],
          [
            121.54739481763065,
            25.04476446683333
          ],
          [
            121.54879498692463,
            25.044630895572958
          ],
          [
            121.55343757425737,
            25.04395913740518
          ],
          [
            121.5567793788367,
            25.04459292450565
          ],
          [
            121.56000629084808,
            25.04578185806164
          ],
          [
            121.56273037502638,
            25.04696615689626
          ],
          [
            121.5653012691119,
            25.047907583259907
          ],
          [
            121.56772606746853,
            25.048560447622418
          ],
          [
            121.57011256830351,
            25.04900513833691
          ],
          [
            121.57449054034302,
            25.049224307777298
          ],
          [
            121.57906,
            25.04927
          ],
          [
            121.57906,
            25.04927
          ],
          [
            121.580804476621,
            25.049342241732163
          ],
          [
            121.58152332036686,
            25.04938549665669
          ],
          [
            121.5823600866245,
            25.049481999856003
          ],
          [
            121.58305549131482,
            25.04958833766432
          ],
          [
            121.58596995299314,
            25.05003396613131
          ],
          [
            121.58772570771505,
            25.050247929865602
          ],
          [
            121.58837509625539,
            25.050340991006138
          ],
          [
            121.59235785781463,
            25.050963703039077
          ],
          [
            121.59586565002508,
            25.051500879568035
          ],
          [
            121.59633037738116,
            25.051564881065556
          ],
          [
            121.59704225814744,
            25.051674624941366
          ],
          [
            121.59849170920299,
            25.05190663447853
          ],
          [
            121.59970675007864,
            25.052124321790487
          ],
          [
            121.60054608025722,
            25.052256954572663
          ],
          [
            121.60096511937367,
            25.052311834587087
          ],
          [
            121.60172136930323,
            25.05237989453265
          ]
        ]
      }
    }
  ]
}