{
  "type": "FeatureCollection",
  "features": [
    {
      "type": "Feature",
      "properties": {
        "track_id": "OD-ML-桃園",
        "source_track": "BB-ZY-TT-1",
        "point_count": 1948
      },
      "geometry": {
        "type": "LineString",
        "coordinates": [
          [
            120.79907802801884,
            24.53360578969777
          ],
          [
            120.79909515303264,
            24.533630136386513
          ],
          [
            120.79909794977162,
            24.533634103802196
          ],
          [
            120.79911188078606,
            24.533656035516398
          ],
          [
            120.7994402799755,
            24.53417305246387
          ],
          [
            120.79944556535088,
            24.534182359266357
          ],
          [
            120.79946461021638,
            24.534216026297365
          ],
          [
            120.79948214922328,
            24.534247027796297
          ],
          [
            120.79969632872049,
            24.534625497186294
          ],
          [
            120.79988889561517,
            24.53510265965413
          ],
          [
            120.80008701760606,
            24.535675309898828
          ],
          [
            120.80023765717236,
            24.5361850286994
          ],
          [
            120.80032155326359,
            24.53670272178581
          ],
          [
            120.80037009656986,
            24.53731303164914
          ],
          [
            120.80036569403443,
            24.537824964674563
          ],
          [
            120.80026215387906,
            24.53858044746107
          ],
          [
            120.80010434031469,
            24.539295426745355
          ],
          [
            120.79968327199052,
            24.54070018034097
          ],
          [
            120.79942593457214,
            24.541603522772885
          ],
          [
            120.79934949522726,
            24.541970978515373
          ],
          [
            120.7993327431397,
            24.54210241698263
          ],
          [
            120.79930527604735,
            24.54231791828304
          ],
          [
            120.79928036771379,
            24.542513315622703
          ],
          [
            120.79926210635185,
            24.54283640846691
          ],
          [
            120.79928294658092,
            24.54351063296309
          ],
          [
            120.79928403517219,
            24.543546090888295
          ],
          [
            120.79928672969073,
            24.54363306983327
          ],
          [
            120.79928792157558,
            24.543671850529172
          ],
          [
            120.79929129207216,
            24.54378065321434
          ],
          [
            120.79940461139019,
            24.54450471377479
          ],
          [
            120.79956614720379,
            24.545100627984578
          ],
          [
            120.79963284824868,
            24.545346699834624
          ],
          [
            120.79963359541833,
            24.545348596895284
          ],
          [
            120.79978634951654,
            24.54573848687334
          ],
          [
            120.79980487904102,
            24.545780811844168
          ],
          [
            120.79993333694047,
            24.546074258870657
          ],
          [
            120.80012296091586,
            24.54642038920664
          ],
          [
            120.80015252487821,
            24.546469861584676
          ],
          [
            120.80017470527186,
            24.546506963616892
          ],
          [
            120.80020117803527,
            24.54655124027475
          ],
          [
            120.80037192721002,
            24.546836887804346
          ],
          [
            120.80045848606237,
            24.546961330235742
          ],
          [
            120.80056646577398,
            24.547116544330493
          ],
          [
            120.80061897840484,
            24.547192050177266
          ],
          [
            120.80062130268271,
            24.547195384912097
          ],
          [
            120.80066540918426,
            24.547249697844503
          ],
          [
            120.8009406200603,
            24.54758857266855
          ],
          [
            120.80122210900869,
            24.547890734756287
          ],
          [
            120.80150799429254,
            24.54817256903702
          ],
          [
            120.80162191426847,
            24.548280388502388
          ],
          [
            120.80168462711687,
            24.548333711668565
          ],
          [
            120.80171346436708,
            24.54835823865892
          ],
          [
            120.80175984631731,
            24.548403579541638
          ],
          [
            120.80206956935957,
            24.548656046021478
          ],
          [
            120.8021705591011,
            24.548738702632637
          ],
          [
            120.80219879366894,
            24.548761808494405
          ],
          [
            120.80228031937293,
            24.54881825571039
          ],
          [
            120.80235183684081,
            24.54886777363185
          ],
          [
            120.80239856530696,
            24.548900122197065
          ],
          [
            120.80283306389997,
            24.549189155075794
          ],
          [
            120.80283375418574,
            24.549189598394182
          ],
          [
            120.80329258607875,
            24.549472991624203
          ],
          [
            120.80329264524921,
            24.54947302781696
          ],
          [
            120.80329267483442,
            24.549473045913338
          ],
          [
            120.80365313235026,
            24.54969326091924
          ],
          [
            120.8044739813852,
            24.550194744935073
          ],
          [
            120.80611571883485,
            24.551197699606405
          ],
          [
            120.80693658749342,
            24.55169917926463
          ],
          [
            120.80775747258313,
            24.55220064544385
          ],
          [
            120.808055488339,
            24.552382704485836
          ],
          [
            120.8085783543475,
            24.552702107147365
          ],
          [
            120.81022015725743,
            24.553705017188893
          ],
          [
            120.81035505545859,
            24.553787422068236
          ],
          [
            120.81036448393453,
            24.553793185330978
          ],
          [
            120.81115912700965,
            24.554269075299413
          ],
          [
            120.8133993594943,
            24.555631209221705
          ],
          [
            120.81346904978196,
            24.55567357775305
          ],
          [
            120.8134937856068,
            24.555688614370272
          ],
          [
            120.81351637134694,
            24.555702348163784
          ],
          [
            120.81358492749108,
            24.555744029043044
          ],
          [
            120.8136926847672,
            24.55580522462744
          ],
          [
            120.81370754886692,
            24.555813666949636
          ],
          [
            120.81372577638034,
            24.55582401852186
          ],
          [
            120.81374314579831,
            24.555833872442804
          ],
          [
            120.8137449606448,
            24.55583491300726
          ],
          [
            120.81379135797329,
            24.55586126244796
          ],
          [
            120.81383517112543,
            24.55588613697436
          ],
          [
            120.81387536442925,
            24.55590895746113
          ],
          [
            120.81391090222475,
            24.555929135754965
          ],
          [
            120.81391278612217,
            24.555930212518206
          ],
          [
            120.81394092638088,
            24.555946192268998
          ],
          [
            120.813944575837,
            24.555948264388633
          ],
          [
            120.81395528748651,
            24.555954345021537
          ],
          [
            120.81396694601541,
            24.555960968555475
          ],
          [
            120.81576063881883,
            24.556979535293735
          ],
          [
            120.81576263125764,
            24.55698066633983
          ],
          [
            120.81579526977295,
            24.556999197388365
          ],
          [
            120.8157972720709,
            24.55700033747491
          ],
          [
            120.81582839160359,
            24.557018008915826
          ],
          [
            120.81583039391535,
            24.557019139973082
          ],
          [
            120.81776990283728,
            24.558120457140138
          ],
          [
            120.81783936240646,
            24.558160502947693
          ],
          [
            120.81784094059253,
            24.558161407743533
          ],
          [
            120.81790293343401,
            24.558197155777282
          ],
          [
            120.817904511621,
            24.558198060572444
          ],
          [
            120.81796470932619,
            24.558232768090207
          ],
          [
            120.81796628751407,
            24.55823367288473
          ],
          [
            120.81862187557203,
            24.55861162684156
          ],
          [
            120.81893463168646,
            24.558800309305017
          ],
          [
            120.81923536693975,
            24.55900124695722
          ],
          [
            120.81962534181562,
            24.559280499029615
          ],
          [
            120.81967750651813,
            24.559320884446546
          ],
          [
            120.81967873913774,
            24.559321842983003
          ],
          [
            120.8197160630583,
            24.55935073491826
          ],
          [
            120.81971728581952,
            24.55935168441371
          ],
          [
            120.81975286436551,
            24.559379219919435
          ],
          [
            120.81975409698627,
            24.55938017845528
          ],
          [
            120.81996013329626,
            24.559539685203806
          ],
          [
            120.82035194712206,
            24.559895502525364
          ],
          [
            120.82082917443445,
            24.560349446975064
          ],
          [
            120.82122282072274,
            24.56078797779592
          ],
          [
            120.82150421992715,
            24.561118010025577
          ],
          [
            120.82175421498216,
            24.561456789686826
          ],
          [
            120.82175487493039,
            24.561457837817727
          ],
          [
            120.82179255103891,
            24.561517716777367
          ],
          [
            120.82179269878827,
            24.561517951703024
          ],
          [
            120.82182897622283,
            24.561575616923147
          ],
          [
            120.82201946540027,
            24.561878345676014
          ],
          [
            120.82202886290855,
            24.56189286618743
          ],
          [
            120.82204226961206,
            24.561913594274458
          ],
          [
            120.8221482723899,
            24.56207746721158
          ],
          [
            120.82234997357413,
            24.562488320593935
          ],
          [
            120.8224069571466,
            24.562634493115446
          ],
          [
            120.82248321545524,
            24.56281282210669
          ],
          [
            120.82257706370224,
            24.563091166623142
          ],
          [
            120.82263162141795,
            24.563263854017457
          ],
          [
            120.82276811204753,
            24.56382762440387
          ],
          [
            120.82276836721564,
            24.563828699140682
          ],
          [
            120.82276893649353,
            24.563831056347908
          ],
          [
            120.82277061493906,
            24.563837965415157
          ],
          [
            120.82277230956213,
            24.563847411616713
          ],
          [
            120.82277630609106,
            24.5638697176506
          ],
          [
            120.82278284944356,
            24.56390622910766
          ],
          [
            120.82278294743001,
            24.56390675289793
          ],
          [
            120.82278872680389,
            24.563938956680396
          ],
          [
            120.82279363428832,
            24.56396636510199
          ],
          [
            120.82279372245334,
            24.56396685276517
          ],
          [
            120.8227966611359,
            24.56398321655126
          ],
          [
            120.82279840469265,
            24.563992969791823
          ],
          [
            120.82283452075522,
            24.56419437433358
          ],
          [
            120.82286161273689,
            24.56474063532919
          ],
          [
            120.82282820220615,
            24.565283222638357
          ],
          [
            120.82276352190857,
            24.565807209752485
          ],
          [
            120.82259859101379,
            24.567092213115515
          ],
          [
            120.82234491543991,
            24.568766653214194
          ],
          [
            120.82234486561846,
            24.568766978194923
          ],
          [
            120.82233901588339,
            24.568805623907817
          ],
          [
            120.82233896604919,
            24.56880595791741
          ],
          [
            120.82233760083099,
            24.56881494003741
          ],
          [
            120.82233319614446,
            24.56884399878943
          ],
          [
            120.82233314629748,
            24.568844341827855
          ],
          [
            120.82224412499042,
            24.56943188107711
          ],
          [
            120.82220811956351,
            24.56966954173968
          ],
          [
            120.8218132167301,
            24.57227610766782
          ],
          [
            120.82165301259478,
            24.573333460517187
          ],
          [
            120.82165296274282,
            24.573333804458066
          ],
          [
            120.82149954294485,
            24.574346335786853
          ],
          [
            120.82134043972285,
            24.575403337168552
          ],
          [
            120.82133592456536,
            24.575433379879318
          ],
          [
            120.82132941608904,
            24.5754765933409
          ],
          [
            120.82132244910106,
            24.575522867043592
          ],
          [
            120.82131901035456,
            24.575545778226147
          ],
          [
            120.82030391416563,
            24.58228930177124
          ],
          [
            120.82027206648611,
            24.58261794125557
          ],
          [
            120.820251151805,
            24.58312441709241
          ],
          [
            120.82026162805582,
            24.58339412152657
          ],
          [
            120.82026225672497,
            24.583410238784648
          ],
          [
            120.82026228527681,
            24.58341098821375
          ],
          [
            120.82026349489593,
            24.583442066979288
          ],
          [
            120.82026352343492,
            24.583442825437245
          ],
          [
            120.8202647234127,
            24.583473741671742
          ],
          [
            120.82026475195171,
            24.583474500129675
          ],
          [
            120.82026633308165,
            24.58351508672345
          ],
          [
            120.82026687104157,
            24.58352557889586
          ],
          [
            120.82029441594445,
            24.58406744240957
          ],
          [
            120.82049520561885,
            24.585698933978286
          ],
          [
            120.82063451308947,
            24.586658830885458
          ],
          [
            120.82096955641566,
            24.588869663813806
          ],
          [
            120.82110953571332,
            24.589889792156974
          ],
          [
            120.82127001476312,
            24.591168476584023
          ],
          [
            120.82140958336558,
            24.592105664894433
          ],
          [
            120.82157962807591,
            24.592993266553517
          ],
          [
            120.82201710930849,
            24.5949078450469
          ],
          [
            120.82210876937853,
            24.595213173396367
          ],
          [
            120.82238308383907,
            24.596126963253848
          ],
          [
            120.82238720134879,
            24.596141161450046
          ],
          [
            120.8223911911114,
            24.596154917082174
          ],
          [
            120.82239240964894,
            24.596159125959733
          ],
          [
            120.82239753934714,
            24.59617681048239
          ],
          [
            120.82240011399512,
            24.596185706928267
          ],
          [
            120.82245964589696,
            24.596391102020313
          ],
          [
            120.82246037310537,
            24.596393603866836
          ],
          [
            120.82276294909123,
            24.597437531821967
          ],
          [
            120.82283839242538,
            24.59769780469659
          ],
          [
            120.82283871670893,
            24.597698933683155
          ],
          [
            120.82302202460791,
            24.59833129443985
          ],
          [
            120.82302263382135,
            24.59833345304853
          ],
          [
            120.82302273211396,
            24.59833377820229
          ],
          [
            120.82311418529012,
            24.59864926302312
          ],
          [
            120.82311431304318,
            24.598649705586308
          ],
          [
            120.8232732121114,
            24.599190954370265
          ],
          [
            120.8232753251513,
            24.599198143805875
          ],
          [
            120.82327732029961,
            24.59920489971883
          ],
          [
            120.82328778732393,
            24.59924044048323
          ],
          [
            120.82331193525435,
            24.599322405531147
          ],
          [
            120.82361391015229,
            24.600347180565052
          ],
          [
            120.82364064337607,
            24.600437915579683
          ],
          [
            120.82364068267417,
            24.6004380600871
          ],
          [
            120.82365101233287,
            24.600473113103245
          ],
          [
            120.82365473729554,
            24.600485757838104
          ],
          [
            120.8236612001583,
            24.600503678620623
          ],
          [
            120.82366281344346,
            24.60050813172685
          ],
          [
            120.82367205035683,
            24.60053372124056
          ],
          [
            120.82368449409691,
            24.600568216942456
          ],
          [
            120.82373051149956,
            24.600695712859622
          ],
          [
            120.82373135746178,
            24.600698070376485
          ],
          [
            120.82374060426534,
            24.60072366892589
          ],
          [
            120.82374448985192,
            24.600734453905986
          ],
          [
            120.8237506674733,
            24.600751579812616
          ],
          [
            120.82375753376515,
            24.600770557436675
          ],
          [
            120.8237588912134,
            24.600774360166003
          ],
          [
            120.82382859631518,
            24.60096749633326
          ],
          [
            120.82402528051918,
            24.601454714704364
          ],
          [
            120.82426497819473,
            24.601874591791145
          ],
          [
            120.82449886090441,
            24.602273234909987
          ],
          [
            120.82461876494577,
            24.602451630941246
          ],
          [
            120.82471886693547,
            24.602582105850598
          ],
          [
            120.8248769112118,
            24.602788093052848
          ],
          [
            120.8250809251485,
            24.603015829800704
          ],
          [
            120.82510346522645,
            24.603040992265893
          ],
          [
            120.82705568855035,
            24.605186160251847
          ],
          [
            120.82727480839665,
            24.605400684105764
          ],
          [
            120.82728829012939,
            24.605413890699722
          ],
          [
            120.82730177187734,
            24.605427088263657
          ],
          [
            120.82764235701933,
            24.605760534208112
          ],
          [
            120.82764813635005,
            24.605766192874693
          ],
          [
            120.8276944499201,
            24.605811534520246
          ],
          [
            120.82769639279557,
            24.60581344182788
          ],
          [
            120.82776007401078,
            24.605875786566287
          ],
          [
            120.8277616914397,
            24.605877368462693
          ],
          [
            120.82780713720345,
            24.60592186037003
          ],
          [
            120.8278261715655,
            24.605940499595455
          ],
          [
            120.8278407087035,
            24.605954727604733
          ],
          [
            120.82785000892282,
            24.605963830275503
          ],
          [
            120.82785317474273,
            24.605966930785574
          ],
          [
            120.82786323435732,
            24.605976783717068
          ],
          [
            120.82787765315746,
            24.60599089421261
          ],
          [
            120.82788787057505,
            24.60600090081304
          ],
          [
            120.82882028625087,
            24.606913740664098
          ],
          [
            120.82882486245602,
            24.606918224168734
          ],
          [
            120.83305554006489,
            24.611059895666052
          ],
          [
            120.8330584200976,
            24.61106272488379
          ],
          [
            120.83457776093452,
            24.612549987708302
          ],
          [
            120.83458987318058,
            24.61256185587053
          ],
          [
            120.83460454993546,
            24.612576218806307
          ],
          [
            120.83510094759332,
            24.61306213517573
          ],
          [
            120.83511192565085,
            24.613072882478356
          ],
          [
            120.83514407076187,
            24.613104347038007
          ],
          [
            120.83514523465433,
            24.61310548594505
          ],
          [
            120.83518289347785,
            24.6131423467452
          ],
          [
            120.83518613856167,
            24.613145528445855
          ],
          [
            120.83522263351524,
            24.613181250329276
          ],
          [
            120.83621764478153,
            24.614155223153542
          ],
          [
            120.83692214413071,
            24.61482985096919
          ],
          [
            120.83755661928417,
            24.61542315311038
          ],
          [
            120.83813155496463,
            24.615928826994093
          ],
          [
            120.83817528740113,
            24.615967300702774
          ],
          [
            120.83819592883216,
            24.615982798302742
          ],
          [
            120.83820860772303,
            24.615992319286555
          ],
          [
            120.83821965858425,
            24.616000619627822
          ],
          [
            120.83822911102098,
            24.616007717416377
          ],
          [
            120.83823851412345,
            24.616014779036018
          ],
          [
            120.83829582077426,
            24.616057817828647
          ],
          [
            120.83829845522145,
            24.616059797971957
          ],
          [
            120.83835313734072,
            24.616100856610018
          ],
          [
            120.83836257005143,
            24.616107945340143
          ],
          [
            120.83846147549444,
            24.616182232361275
          ],
          [
            120.83861127447474,
            24.616294720688217
          ],
          [
            120.8392762167146,
            24.616724454980638
          ],
          [
            120.83971886845734,
            24.616980226136587
          ],
          [
            120.83991304483628,
            24.61709241733614
          ],
          [
            120.84089625152778,
            24.617650538525602
          ],
          [
            120.84097388333619,
            24.617695439666832
          ],
          [
            120.8409827459671,
            24.617700559346723
          ],
          [
            120.84099105591453,
            24.61770536243323
          ],
          [
            120.84133606719648,
            24.61790488439464
          ],
          [
            120.84155034190091,
            24.618043206022445
          ],
          [
            120.8419552229053,
            24.61832429276631
          ],
          [
            120.84208186846918,
            24.618419896497336
          ],
          [
            120.84228390972663,
            24.618572424629157
          ],
          [
            120.84286733416859,
            24.61906627051229
          ],
          [
            120.84339742135545,
            24.619598169257124
          ],
          [
            120.84380028847394,
            24.62006073721366
          ],
          [
            120.84415885858215,
            24.620501679318586
          ],
          [
            120.84418800911179,
            24.620538059535964
          ],
          [
            120.84418957710469,
            24.620540002355924
          ],
          [
            120.84421314604087,
            24.62056942459719
          ],
          [
            120.8442147140234,
            24.620571376445675
          ],
          [
            120.84424312498292,
            24.62060682591804
          ],
          [
            120.84424476199159,
            24.62060886812585
          ],
          [
            120.8448452615613,
            24.6213581672701
          ],
          [
            120.84489616923733,
            24.62142005813775
          ],
          [
            120.84489771757653,
            24.621421937728186
          ],
          [
            120.84491188928463,
            24.621439170293918
          ],
          [
            120.84491330941538,
            24.621440896262104
          ],
          [
            120.84492693871711,
            24.621457469163552
          ],
          [
            120.84492832925126,
            24.621459168014635
          ],
          [
            120.84536964651069,
            24.621995717342948
          ],
          [
            120.84561270893641,
            24.622282758330627
          ],
          [
            120.84562106252818,
            24.6222926263715
          ],
          [
            120.84563082647229,
            24.622304157161455
          ],
          [
            120.84571256753556,
            24.622400677810678
          ],
          [
            120.84575764605496,
            24.622448621909857
          ],
          [
            120.8460741515655,
            24.62279486714503
          ],
          [
            120.84622798847668,
            24.62294500214363
          ],
          [
            120.84641192046483,
            24.623119644833373
          ],
          [
            120.84664200950141,
            24.623333501361895
          ],
          [
            120.84664237752253,
            24.623333820454278
          ],
          [
            120.84678997518661,
            24.623463956004834
          ],
          [
            120.84703416047014,
            24.623669266967386
          ],
          [
            120.8473519373142,
            24.623917502984323
          ],
          [
            120.84798705124868,
            24.624364187663165
          ],
          [
            120.84798734731916,
            24.62436438659629
          ],
          [
            120.84863007306744,
            24.624768442179285
          ],
          [
            120.84863026059014,
            24.624768559742584
          ],
          [
            120.84877667858756,
            24.62485857983092
          ],
          [
            120.8495962679558,
            24.625362460003455
          ],
          [
            120.85020373953367,
            24.6257359200869
          ],
          [
            120.85041562668579,
            24.625866479933183
          ],
          [
            120.85069328408173,
            24.626040497257765
          ],
          [
            120.85121956166499,
            24.626389007261324
          ],
          [
            120.85199101007402,
            24.626951053548808
          ],
          [
            120.85272728706104,
            24.62755135262495
          ],
          [
            120.85297337363912,
            24.62776759868352
          ],
          [
            120.85303301716685,
            24.627822994563925
          ],
          [
            120.85358512224914,
            24.628329110378957
          ],
          [
            120.8541118905359,
            24.62887420404178
          ],
          [
            120.85452155606353,
            24.629334365965835
          ],
          [
            120.85511128125886,
            24.630059786195904
          ],
          [
            120.85572462576528,
            24.630858116307056
          ],
          [
            120.85603699402093,
            24.631245516803347
          ],
          [
            120.85636173857999,
            24.631626256169074
          ],
          [
            120.85653869518616,
            24.631817257970525
          ],
          [
            120.85664285243521,
            24.631923165896733
          ],
          [
            120.85674941981982,
            24.632020570908228
          ],
          [
            120.85702193045218,
            24.63225809828144
          ],
          [
            120.85722420252205,
            24.63243427094349
          ],
          [
            120.85730439980796,
            24.632494749783383
          ],
          [
            120.85733267246455,
            24.632518432083327
          ],
          [
            120.85805548971085,
            24.633104896959605
          ],
          [
            120.85871786947426,
            24.63364231849046
          ],
          [
            120.8600536692216,
            24.634706935187985
          ],
          [
            120.86119429755992,
            24.635625021049492
          ],
          [
            120.86119865972779,
            24.635628528252305
          ],
          [
            120.86245082694977,
            24.636610170908508
          ],
          [
            120.86269497978425,
            24.636801569942588
          ],
          [
            120.86272156913533,
            24.636821728452176
          ],
          [
            120.86272193431583,
            24.636822008678497
          ],
          [
            120.86273825884072,
            24.636834564589524
          ],
          [
            120.8627400649974,
            24.636835956674027
          ],
          [
            120.86275009264185,
            24.63684366739685
          ],
          [
            120.86275709985502,
            24.636849325823775
          ],
          [
            120.86277142023535,
            24.636860886733555
          ],
          [
            120.86277176565018,
            24.636861175970502
          ],
          [
            120.86279793006452,
            24.63688152368362
          ],
          [
            120.8629435314555,
            24.636999852535926
          ],
          [
            120.86300521140471,
            24.637052817532712
          ],
          [
            120.86300537917366,
            24.637052962146406
          ],
          [
            120.86302967616707,
            24.63707381373064
          ],
          [
            120.8630528579747,
            24.637093725299685
          ],
          [
            120.863052986271,
            24.637093833762176
          ],
          [
            120.8635035577549,
            24.637480694292858
          ],
          [
            120.8641193000523,
            24.638062752044327
          ],
          [
            120.8646533332771,
            24.638628897202864
          ],
          [
            120.86507864523833,
            24.639099959924817
          ],
          [
            120.86509742041339,
            24.639121411146604
          ],
          [
            120.86510033090185,
            24.639124745385747
          ],
          [
            120.86512913005562,
            24.639157636059583
          ],
          [
            120.86516019840869,
            24.639193138086508
          ],
          [
            120.865160356266,
            24.639193318804104
          ],
          [
            120.86728009048825,
            24.641615131082165
          ],
          [
            120.86780183664969,
            24.642104256445236
          ],
          [
            120.86805289706177,
            24.64232996221209
          ],
          [
            120.86838152428226,
            24.642602658146874
          ],
          [
            120.86849727234443,
            24.642704559135552
          ],
          [
            120.86878213965167,
            24.642930058492354
          ],
          [
            120.86882837233625,
            24.64296664741148
          ],
          [
            120.86884455969798,
            24.642979464369514
          ],
          [
            120.86925954350805,
            24.643285342285456
          ],
          [
            120.87019013093494,
            24.643973140848672
          ],
          [
            120.87117079691473,
            24.644715384073304
          ],
          [
            120.87118027305837,
            24.644722552029226
          ],
          [
            120.87119735973148,
            24.644735477848617
          ],
          [
            120.87121848363152,
            24.644751467886564
          ],
          [
            120.8712189080981,
            24.644751775229256
          ],
          [
            120.87121991496905,
            24.644752507424286
          ],
          [
            120.87123266869645,
            24.6447617548077
          ],
          [
            120.8712513155942,
            24.644775277857875
          ],
          [
            120.87126307231492,
            24.644783811109914
          ],
          [
            120.8712711766616,
            24.64478968676746
          ],
          [
            120.8734667020803,
            24.64638206343324
          ],
          [
            120.8737867899067,
            24.64665161632697
          ],
          [
            120.87418926324203,
            24.647024951270105
          ],
          [
            120.87441917734043,
            24.6472973165226
          ],
          [
            120.87442096330618,
            24.647299421723645
          ],
          [
            120.87444395377919,
            24.64732666274253
          ],
          [
            120.87447172675444,
            24.647362656653115
          ],
          [
            120.87447183528634,
            24.647362792175663
          ],
          [
            120.87447892897741,
            24.647371998440367
          ],
          [
            120.87448548004609,
            24.647380490976946
          ],
          [
            120.87448556884738,
            24.64738059939662
          ],
          [
            120.87486650919334,
            24.647874331545726
          ],
          [
            120.8748850673882,
            24.647898417757037
          ],
          [
            120.8749381066897,
            24.647968326698155
          ],
          [
            120.87500214658454,
            24.648052745010297
          ],
          [
            120.87510296691902,
            24.64818565139289
          ],
          [
            120.87510299651983,
            24.64818568753267
          ],
          [
            120.87510974484707,
            24.64819458650096
          ],
          [
            120.87515038598407,
            24.648264864273266
          ],
          [
            120.87519003109175,
            24.648333434765156
          ],
          [
            120.87519020860717,
            24.648333741891513
          ],
          [
            120.87533781309654,
            24.64858899098059
          ],
          [
            120.87533919376362,
            24.64859139378451
          ],
          [
            120.87536040696624,
            24.64862807730337
          ],
          [
            120.87536644996015,
            24.64864097543015
          ],
          [
            120.87538754618613,
            24.648686046596545
          ],
          [
            120.87538781234424,
            24.648686624659938
          ],
          [
            120.87568546740698,
            24.64932304886733
          ],
          [
            120.87579419516746,
            24.64959326214742
          ],
          [
            120.87590498756045,
            24.64990401631901
          ],
          [
            120.87596997099577,
            24.650134999350524
          ],
          [
            120.87602717977012,
            24.650366039136937
          ],
          [
            120.87610781863265,
            24.650700595236195
          ],
          [
            120.8761978513237,
            24.651317344819596
          ],
          [
            120.87622312219347,
            24.651758259485636
          ],
          [
            120.8762409453134,
            24.652458691490757
          ],
          [
            120.87624096443102,
            24.65245934157926
          ],
          [
            120.87624158245175,
            24.652483819133707
          ],
          [
            120.87624219122544,
            24.65250765563647
          ],
          [
            120.87624221035198,
            24.6525082966962
          ],
          [
            120.8762430853844,
            24.652542642927816
          ],
          [
            120.87625031383494,
            24.652826468837308
          ],
          [
            120.87626960909579,
            24.65357717423964
          ],
          [
            120.87627945663985,
            24.653930198887043
          ],
          [
            120.87628691310825,
            24.65415322508277
          ],
          [
            120.8762881510566,
            24.654190253154987
          ],
          [
            120.87628967703179,
            24.654235759494515
          ],
          [
            120.87630805452743,
            24.6547853297405
          ],
          [
            120.87633752326339,
            24.655178070044336
          ],
          [
            120.87641438487275,
            24.655720564610423
          ],
          [
            120.87669573405121,
            24.657238597462225
          ],
          [
            120.87714888624527,
            24.65959703352159
          ],
          [
            120.87716498807414,
            24.659680102432556
          ],
          [
            120.87717964457127,
            24.65975603742346
          ],
          [
            120.87750094450271,
            24.661428005210404
          ],
          [
            120.87750111159811,
            24.66142889016688
          ],
          [
            120.87751382184632,
            24.661495009240504
          ],
          [
            120.87752550979975,
            24.661555791471564
          ],
          [
            120.87753718787562,
            24.661616582721997
          ],
          [
            120.8775496720498,
            24.661681545923262
          ],
          [
            120.87754984902585,
            24.661682430887698
          ],
          [
            120.87818777852891,
            24.665001196070328
          ],
          [
            120.8782614884654,
            24.665384689772456
          ],
          [
            120.87826302203322,
            24.665392681479524
          ],
          [
            120.87826907774618,
            24.665424151661426
          ],
          [
            120.87827287233577,
            24.66544393677829
          ],
          [
            120.87827507441703,
            24.66545537801822
          ],
          [
            120.87838335960005,
            24.666018698629177
          ],
          [
            120.87839678838995,
            24.666088574141643
          ],
          [
            120.87850677541351,
            24.666660717107163
          ],
          [
            120.87852895382514,
            24.666776086630126
          ],
          [
            120.87861688139074,
            24.66723348303301
          ],
          [
            120.87865457320001,
            24.66742960936255
          ],
          [
            120.8787840673295,
            24.668103260192503
          ],
          [
            120.87878604336869,
            24.668113545556217
          ],
          [
            120.87878930731266,
            24.668130495191452
          ],
          [
            120.87889852121847,
            24.6686985922131
          ],
          [
            120.87891667938811,
            24.66879304777882
          ],
          [
            120.87950456830401,
            24.671851184897342
          ],
          [
            120.87950464694252,
            24.671851609312423
          ],
          [
            120.87950545314125,
            24.671855799306506
          ],
          [
            120.87950702619787,
            24.671863989659027
          ],
          [
            120.87951006387473,
            24.671880108442775
          ],
          [
            120.87952016979509,
            24.671933747417803
          ],
          [
            120.87953027572398,
            24.671987386391812
          ],
          [
            120.87953900537501,
            24.672033710960896
          ],
          [
            120.87953905452747,
            24.672033972834512
          ],
          [
            120.87953914299499,
            24.67203445143003
          ],
          [
            120.87970311015036,
            24.67290463076295
          ],
          [
            120.87971305887613,
            24.67295750214732
          ],
          [
            120.87977961377383,
            24.6733107155506
          ],
          [
            120.87978204271026,
            24.673333172031207
          ],
          [
            120.87978208190495,
            24.673333515155615
          ],
          [
            120.87988885691759,
            24.6743218348691
          ],
          [
            120.87997843015738,
            24.675692680238985
          ],
          [
            120.87997845936853,
            24.675693131700406
          ],
          [
            120.87998162441058,
            24.675741519361775
          ],
          [
            120.87998482833987,
            24.675790575182194
          ],
          [
            120.87998485754245,
            24.67579103567236
          ],
          [
            120.87998714607969,
            24.675826060065994
          ],
          [
            120.87998847048324,
            24.675846357779506
          ],
          [
            120.8799907395972,
            24.675881030035622
          ],
          [
            120.87999468364444,
            24.67594142657026
          ],
          [
            120.8799963099838,
            24.67596630210653
          ],
          [
            120.8799977317065,
            24.675988161873008
          ],
          [
            120.88019138931236,
            24.679248104820154
          ],
          [
            120.8801936260832,
            24.679285720406877
          ],
          [
            120.88019366493573,
            24.679286424680924
          ],
          [
            120.88019454023024,
            24.679301106138283
          ],
          [
            120.88019537658617,
            24.67931517360906
          ],
          [
            120.88019541545593,
            24.679315859825607
          ],
          [
            120.88019741886362,
            24.67934951160143
          ],
          [
            120.8802725156107,
            24.680613696690326
          ],
          [
            120.88067588188119,
            24.686528834575967
          ],
          [
            120.88095809988766,
            24.691780357430446
          ],
          [
            120.88098875552754,
            24.692227169034982
          ],
          [
            120.88099324905166,
            24.692292721262078
          ],
          [
            120.8809932879981,
            24.692293335247385
          ],
          [
            120.88099509129562,
            24.6923196012864
          ],
          [
            120.88099664120159,
            24.692342129225406
          ],
          [
            120.88099818122573,
            24.69236465715651
          ],
          [
            120.88100011123858,
            24.6923927741877
          ],
          [
            120.88100461455369,
            24.6924584347657
          ],
          [
            120.88106716484312,
            24.69336988156007
          ],
          [
            120.88106969490366,
            24.693442610068107
          ],
          [
            120.88106971395732,
            24.693443359468635
          ],
          [
            120.88107157126294,
            24.69349605266837
          ],
          [
            120.88107319738047,
            24.693542434595155
          ],
          [
            120.8810748333645,
            24.69358883458695
          ],
          [
            120.88107645010739,
            24.693634683810036
          ],
          [
            120.88107646916112,
            24.693635433210545
          ],
          [
            120.88109260664369,
            24.694094304608626
          ],
          [
            120.88107573493093,
            24.694638074148244
          ],
          [
            120.88096114895616,
            24.695207534208045
          ],
          [
            120.88083624197552,
            24.695602929938282
          ],
          [
            120.88068192110302,
            24.695969536606782
          ],
          [
            120.88047020307744,
            24.696354200018078
          ],
          [
            120.88026200605199,
            24.69667258596335
          ],
          [
            120.87991876382526,
            24.69711072912322
          ],
          [
            120.87964366030796,
            24.697426297836948
          ],
          [
            120.87957168359519,
            24.697508862061
          ],
          [
            120.87949804463561,
            24.697593339006666
          ],
          [
            120.8788530786793,
            24.698333203137746
          ],
          [
            120.8788527224947,
            24.698333618172004
          ],
          [
            120.87814935472397,
            24.699140461345387
          ],
          [
            120.87756935223783,
            24.69981080610748
          ],
          [
            120.87755997257732,
            24.699821641962988
          ],
          [
            120.8775594184952,
            24.699822291579675
          ],
          [
            120.8775021510602,
            24.699888470598616
          ],
          [
            120.87746438499569,
            24.699932111745802
          ],
          [
            120.87746383091259,
            24.699932761362113
          ],
          [
            120.87744840589198,
            24.699950580513033
          ],
          [
            120.87743336672759,
            24.699967966598315
          ],
          [
            120.877432792887,
            24.69996860716965
          ],
          [
            120.87741000656291,
            24.699994952456244
          ],
          [
            120.87647857932247,
            24.7010714247155
          ],
          [
            120.87645295290291,
            24.70110106300069
          ],
          [
            120.87645239881827,
            24.701101703584413
          ],
          [
            120.87640304565005,
            24.701158796752775
          ],
          [
            120.87636664418186,
            24.70120092191112
          ],
          [
            120.87636042060915,
            24.701208121710714
          ],
          [
            120.87384935294253,
            24.704113453905236
          ],
          [
            120.87384878893882,
            24.7041141034994
          ],
          [
            120.87379865169315,
            24.70417210702317
          ],
          [
            120.8737954952296,
            24.704175761002638
          ],
          [
            120.87370702517921,
            24.70427811746876
          ],
          [
            120.8737035223932,
            24.70428216841872
          ],
          [
            120.87364714132475,
            24.704347407673165
          ],
          [
            120.87364657731892,
            24.704348057266536
          ],
          [
            120.87228768495329,
            24.70592020731896
          ],
          [
            120.87227975894909,
            24.70592937375613
          ],
          [
            120.872266667673,
            24.705944521839783
          ],
          [
            120.87226610365282,
            24.705945171427768
          ],
          [
            120.87220436781087,
            24.70601659926693
          ],
          [
            120.87214953873635,
            24.706080024487058
          ],
          [
            120.87214542234614,
            24.706084788145677
          ],
          [
            120.87214486820814,
            24.706085437741606
          ],
          [
            120.87154204143184,
            24.70678286122075
          ],
          [
            120.87097320698793,
            24.707451979297403
          ],
          [
            120.87057356599661,
            24.70798573813528
          ],
          [
            120.87030411701387,
            24.708397531126987
          ],
          [
            120.8701868179369,
            24.708597542238852
          ],
          [
            120.87006304148424,
            24.708819668005887
          ],
          [
            120.8699475102329,
            24.709048780009343
          ],
          [
            120.8698304432574,
            24.709300101231282
          ],
          [
            120.8697072003021,
            24.709597147447656
          ],
          [
            120.8695754894661,
            24.709957630989493
          ],
          [
            120.86945707558955,
            24.710342720191658
          ],
          [
            120.86923878823993,
            24.711131387162464
          ],
          [
            120.86911451744227,
            24.711595445099952
          ],
          [
            120.8691040192664,
            24.71163465668271
          ],
          [
            120.86910381089254,
            24.711635432970457
          ],
          [
            120.86909651775883,
            24.711662648185442
          ],
          [
            120.86908922461248,
            24.711689872428664
          ],
          [
            120.86908902614124,
            24.711690630667597
          ],
          [
            120.8690757198302,
            24.711740331165153
          ],
          [
            120.86883343618264,
            24.71264504959554
          ],
          [
            120.86856426542592,
            24.713642875138607
          ],
          [
            120.86843918214029,
            24.714160462870197
          ],
          [
            120.8683666582907,
            24.714530946636422
          ],
          [
            120.86833933933092,
            24.714774508283018
          ],
          [
            120.868320112838,
            24.714954740608338
          ],
          [
            120.8683200429745,
            24.71495538158554
          ],
          [
            120.8683175373251,
            24.71497888112237
          ],
          [
            120.86831518142853,
            24.715000963282833
          ],
          [
            120.86831511156494,
            24.71500160426003
          ],
          [
            120.86831467238719,
            24.7150056667947
          ],
          [
            120.86829813567391,
            24.71519400925517
          ],
          [
            120.86828486595644,
            24.715443108773734
          ],
          [
            120.86828146767208,
            24.715685535704424
          ],
          [
            120.86828246463625,
            24.715865280149846
          ],
          [
            120.86830116177163,
            24.716216540480254
          ],
          [
            120.86832682090962,
            24.716489446731927
          ],
          [
            120.86835432842382,
            24.716715459474955
          ],
          [
            120.8683930550228,
            24.71696001798945
          ],
          [
            120.86843717367415,
            24.717199886286895
          ],
          [
            120.86849460124765,
            24.717454392739988
          ],
          [
            120.8685334455763,
            24.717615571177234
          ],
          [
            120.86857008264474,
            24.71774208645642
          ],
          [
            120.86862677562831,
            24.71792474174014
          ],
          [
            120.86871771353724,
            24.71820618297879
          ],
          [
            120.86879217353625,
            24.718403651790094
          ],
          [
            120.86887411757917,
            24.718599908226857
          ],
          [
            120.86899741328322,
            24.718876736800798
          ],
          [
            120.86916697593641,
            24.719222603002887
          ],
          [
            120.86935176792011,
            24.719609869855123
          ],
          [
            120.86966731252114,
            24.720245530507793
          ],
          [
            120.86999968335475,
            24.72081518714747
          ],
          [
            120.87029220769188,
            24.721226914582285
          ],
          [
            120.8702923458713,
            24.72122711333327
          ],
          [
            120.8703096682117,
            24.7212514877566
          ],
          [
            120.87032226269828,
            24.72126920393523
          ],
          [
            120.87032785912788,
            24.721277099861254
          ],
          [
            120.8703280269427,
            24.72127731669524
          ],
          [
            120.87041979102908,
            24.721406488414424
          ],
          [
            120.87042721407049,
            24.721416381258308
          ],
          [
            120.87042740162698,
            24.721416625195342
          ],
          [
            120.87043427188473,
            24.721425786236296
          ],
          [
            120.87044062885049,
            24.721434260652035
          ],
          [
            120.87044080653172,
            24.72143449555181
          ],
          [
            120.87113282292185,
            24.72235676887906
          ],
          [
            120.87156267067904,
            24.722916330306965
          ],
          [
            120.87156283848893,
            24.72291655616822
          ],
          [
            120.87157646132052,
            24.722934291176745
          ],
          [
            120.87157663901523,
            24.72293451704645
          ],
          [
            120.87188312417034,
            24.72333347763442
          ],
          [
            120.87188341046065,
            24.723333839027067
          ],
          [
            120.8720897290585,
            24.723602420382605
          ],
          [
            120.87272068099243,
            24.72447577077233
          ],
          [
            120.87331727711974,
            24.725353405136467
          ],
          [
            120.87376032221033,
            24.725981002505065
          ],
          [
            120.8739391239572,
            24.726166439877044
          ],
          [
            120.8741801193692,
            24.72643427096063
          ],
          [
            120.87460022883323,
            24.726864993823778
          ],
          [
            120.87481463501308,
            24.727074512358335
          ],
          [
            120.87532088735018,
            24.72749614996383
          ],
          [
            120.87569179956249,
            24.727773819480074
          ],
          [
            120.87588605684168,
            24.727909907423793
          ],
          [
            120.87619368635436,
            24.72811763215528
          ],
          [
            120.8765546945035,
            24.7283581021447
          ],
          [
            120.8770576660649,
            24.72868925457585
          ],
          [
            120.87760045041941,
            24.729048607348854
          ],
          [
            120.87785815301326,
            24.729217753414527
          ],
          [
            120.87802654714038,
            24.729331390223226
          ],
          [
            120.8783083935177,
            24.72951813402055
          ],
          [
            120.87865181779523,
            24.729744355445447
          ],
          [
            120.87912410320544,
            24.730058357675354
          ],
          [
            120.87957244605845,
            24.730354417224518
          ],
          [
            120.88000427644491,
            24.730646363187255
          ],
          [
            120.88049868185372,
            24.73099197920283
          ],
          [
            120.88104959210442,
            24.731361817259643
          ],
          [
            120.88110113057517,
            24.73139764788092
          ],
          [
            120.88110953755921,
            24.731403496112353
          ],
          [
            120.88113039203688,
            24.731417985643528
          ],
          [
            120.88114072542129,
            24.731425171647118
          ],
          [
            120.88115134529693,
            24.731432556508363
          ],
          [
            120.88115303459783,
            24.73143373157759
          ],
          [
            120.8811602956351,
            24.731438775344056
          ],
          [
            120.8811710538239,
            24.73144625060045
          ],
          [
            120.8815750547502,
            24.731727100783324
          ],
          [
            120.88224361417592,
            24.732196749233566
          ],
          [
            120.88268768341842,
            24.732501571962416
          ],
          [
            120.88305551239304,
            24.73275861728228
          ],
          [
            120.88305864407062,
            24.732760813697258
          ],
          [
            120.88397006784109,
            24.733397737657146
          ],
          [
            120.88427646586898,
            24.733587279052266
          ],
          [
            120.88427868886953,
            24.733588653129285
          ],
          [
            120.88427886374019,
            24.733588767025765
          ],
          [
            120.88445592630555,
            24.733698298828966
          ],
          [
            120.88490213153439,
            24.733938850383215
          ],
          [
            120.88583885319264,
            24.734443530073868
          ],
          [
            120.88650771061184,
            24.734792771081686
          ],
          [
            120.88698574714647,
            24.73504298315656
          ],
          [
            120.88848479591317,
            24.735829628838076
          ],
          [
            120.88956231764043,
            24.736382937148814
          ],
          [
            120.88979279897967,
            24.73650400994126
          ],
          [
            120.88980517037906,
            24.73651051066309
          ],
          [
            120.88981809513442,
            24.73651730070866
          ],
          [
            120.88983101989119,
            24.736524090753115
          ],
          [
            120.88984697821498,
            24.73653247207479
          ],
          [
            120.89097644751209,
            24.73712577837193
          ],
          [
            120.89155217817446,
            24.73741811153519
          ],
          [
            120.89190190306773,
            24.73759050510139
          ],
          [
            120.89240810864955,
            24.737815286343828
          ],
          [
            120.89292558383131,
            24.738008085279084
          ],
          [
            120.893520373821,
            24.738230388944164
          ],
          [
            120.89454901482091,
            24.738605048194927
          ],
          [
            120.89642583836373,
            24.739301980954814
          ],
          [
            120.89684365265069,
            24.73947249592688
          ],
          [
            120.89789127848078,
            24.7400009038498
          ],
          [
            120.89873119989838,
            24.74043674662464
          ],
          [
            120.8993577132513,
            24.740761849172305
          ],
          [
            120.89937579748786,
            24.74077123308951
          ],
          [
            120.8993915890832,
            24.740779423679207
          ],
          [
            120.90044540091216,
            24.741326254444928
          ],
          [
            120.90056485281478,
            24.74139328143874
          ],
          [
            120.90063497453941,
            24.74143262980827
          ],
          [
            120.9007194843217,
            24.741480050291734
          ],
          [
            120.90077644347522,
            24.74151201343997
          ],
          [
            120.90087855301581,
            24.741569304807594
          ],
          [
            120.90147851968297,
            24.741948805833267
          ],
          [
            120.90179352093857,
            24.74217101889245
          ],
          [
            120.90182125651711,
            24.74219058416542
          ],
          [
            120.90185248005207,
            24.74221260751954
          ],
          [
            120.90189414767308,
            24.742242005110416
          ],
          [
            120.90204310695333,
            24.74235329079064
          ],
          [
            120.90235725026777,
            24.74258797071193
          ],
          [
            120.9024547224767,
            24.74266078731947
          ],
          [
            120.90248965045394,
            24.74268688488771
          ],
          [
            120.90251767189076,
            24.74270782257713
          ],
          [
            120.90272994745501,
            24.74286639584281
          ],
          [
            120.9031431828807,
            24.743205672489815
          ],
          [
            120.9035085339734,
            24.743553404133877
          ],
          [
            120.90387350190757,
            24.74387492436069
          ],
          [
            120.90478631445785,
            24.744881320383598
          ],
          [
            120.90491104264912,
            24.74503797498264
          ],
          [
            120.90494287664426,
            24.74507794709635
          ],
          [
            120.90495499588738,
            24.7450931681123
          ],
          [
            120.9049749872159,
            24.74511827149713
          ],
          [
            120.90499165982966,
            24.74513921055289
          ],
          [
            120.90522977855498,
            24.74543825583682
          ],
          [
            120.90542687897614,
            24.74569791883198
          ],
          [
            120.90576837979692,
            24.746199767487084
          ],
          [
            120.90667166448462,
            24.747761725636575
          ],
          [
            120.9069584500771,
            24.748333076272246
          ],
          [
            120.90695861791109,
            24.748333401408892
          ],
          [
            120.90782164606394,
            24.750052751274005
          ],
          [
            120.90805555055185,
            24.750511307980695
          ],
          [
            120.90805868021808,
            24.750517440372313
          ],
          [
            120.90885323970699,
            24.752075137589017
          ],
          [
            120.90923014099337,
            24.752831499800624
          ],
          [
            120.90953168497362,
            24.753446285649023
          ],
          [
            120.90954095046918,
            24.753465166587315
          ],
          [
            120.90955077376981,
            24.753485189086035
          ],
          [
            120.90958066424895,
            24.753546138030327
          ],
          [
            120.91032193705612,
            24.755057409048888
          ],
          [
            120.91156669014075,
            24.75752409541132
          ],
          [
            120.91243554735438,
            24.759416517921814
          ],
          [
            120.91246604392063,
            24.759482941586235
          ],
          [
            120.91286241337285,
            24.76034624993099
          ],
          [
            120.91339406105566,
            24.76147745629202
          ],
          [
            120.91340125375498,
            24.761492760424606
          ],
          [
            120.91342758586113,
            24.761548789477153
          ],
          [
            120.91345256534184,
            24.76160194662805
          ],
          [
            120.91346366196731,
            24.761625556675174
          ],
          [
            120.91410548528846,
            24.762991156568283
          ],
          [
            120.91697031084338,
            24.769193934941505
          ],
          [
            120.91698064918124,
            24.769216340766853
          ],
          [
            120.91699622090101,
            24.76925005336854
          ],
          [
            120.9170024416997,
            24.769263509512665
          ],
          [
            120.91701187114894,
            24.76928465082024
          ],
          [
            120.91702549992037,
            24.7693152032155
          ],
          [
            120.91738489476886,
            24.770121054959326
          ],
          [
            120.91751299424072,
            24.77044551608861
          ],
          [
            120.91761545886645,
            24.770746452382323
          ],
          [
            120.91771609707973,
            24.77110362707414
          ],
          [
            120.9178286881341,
            24.77160076139074
          ],
          [
            120.91800864135705,
            24.772640861443865
          ],
          [
            120.91812368769607,
            24.773333503194117
          ],
          [
            120.91812373693283,
            24.77333381922381
          ],
          [
            120.91843670277171,
            24.7752181518315
          ],
          [
            120.91848417015957,
            24.775508279889383
          ],
          [
            120.91849178592139,
            24.77555482942511
          ],
          [
            120.91905970007973,
            24.779025906162964
          ],
          [
            120.91929141272458,
            24.780360220951337
          ],
          [
            120.91943523107629,
            24.78093110722329
          ],
          [
            120.91959226514582,
            24.781375942524388
          ],
          [
            120.91977388893275,
            24.781846314782168
          ],
          [
            120.9199710246454,
            24.782249079597644
          ],
          [
            120.92025779580901,
            24.782721006140328
          ],
          [
            120.9204339647966,
            24.782990063043155
          ],
          [
            120.92045007120687,
            24.78301137919116
          ],
          [
            120.92050570257773,
            24.7830850282659
          ],
          [
            120.92070476065926,
            24.78334855340621
          ],
          [
            120.92102808615734,
            24.783715919049005
          ],
          [
            120.92145435061705,
            24.784153084251695
          ],
          [
            120.92198309223681,
            24.78459483403487
          ],
          [
            120.9219924924253,
            24.784602693848083
          ],
          [
            120.9220134970626,
            24.784620247434432
          ],
          [
            120.9220254783135,
            24.784628352363256
          ],
          [
            120.92206023581359,
            24.784651862977633
          ],
          [
            120.92207412497622,
            24.784661259991005
          ],
          [
            120.92268861139404,
            24.78507685979103
          ],
          [
            120.92318702279414,
            24.785384712988613
          ],
          [
            120.92378639806763,
            24.785633370037836
          ],
          [
            120.92489173259989,
            24.78605511457214
          ],
          [
            120.92686217796034,
            24.786799390736054
          ],
          [
            120.92768426239076,
            24.787108885460377
          ],
          [
            120.92878732454494,
            24.78752414733287
          ],
          [
            120.92889653342087,
            24.787565258768957
          ],
          [
            120.92898878700302,
            24.78759952108643
          ],
          [
            120.92908186133133,
            24.787634081680743
          ],
          [
            120.92917198912957,
            24.787667548358183
          ],
          [
            120.92935653916807,
            24.787736084353718
          ],
          [
            120.92940373100339,
            24.787753610431285
          ],
          [
            120.93071130819112,
            24.78823916740358
          ],
          [
            120.93271403425831,
            24.788984401619857
          ],
          [
            120.93305549174057,
            24.789106685045535
          ],
          [
            120.9340265588813,
            24.78945443507434
          ],
          [
            120.93416165959226,
            24.789502816706477
          ],
          [
            120.93533248210781,
            24.78992209587612
          ],
          [
            120.93707355111552,
            24.79044732927059
          ],
          [
            120.9390987289666,
            24.79105768992276
          ],
          [
            120.93911468253216,
            24.79106243012479
          ],
          [
            120.93925711954937,
            24.7911047645653
          ],
          [
            120.93947953623292,
            24.791170873823283
          ],
          [
            120.94194472342453,
            24.791884706800968
          ],
          [
            120.94200743318983,
            24.791902868728585
          ],
          [
            120.94208630516225,
            24.79193064605673
          ],
          [
            120.94243671033475,
            24.792054074410242
          ],
          [
            120.94283417668507,
            24.792193782294262
          ],
          [
            120.94455034955773,
            24.792977742896646
          ],
          [
            120.94652606663082,
            24.793882200584903
          ],
          [
            120.94723778365251,
            24.79420673445663
          ],
          [
            120.94726296980517,
            24.79421821872104
          ],
          [
            120.94728798785512,
            24.794229630692957
          ],
          [
            120.94920554121025,
            24.795103994168617
          ],
          [
            120.95051505211907,
            24.795691690957433
          ],
          [
            120.95093742567276,
            24.795877088427734
          ],
          [
            120.95125566234151,
            24.795986330464338
          ],
          [
            120.9516094861791,
            24.796095095788314
          ],
          [
            120.95215119999757,
            24.79623687495399
          ],
          [
            120.95262807314016,
            24.79632369245155
          ],
          [
            120.95362687617852,
            24.79643642070885
          ],
          [
            120.95514850769248,
            24.79641984744602
          ],
          [
            120.9562650499844,
            24.796394707239365
          ],
          [
            120.95631961804904,
            24.796393478128202
          ],
          [
            120.95634362281233,
            24.79639294341482
          ],
          [
            120.95636827047306,
            24.796392390827783
          ],
          [
            120.95637832933004,
            24.79639216443287
          ],
          [
            120.95798891309892,
            24.796355891336592
          ],
          [
            120.95805552715476,
            24.796354004980742
          ],
          [
            120.95805866251276,
            24.7963539246018
          ],
          [
            120.95856741480249,
            24.796339543765548
          ],
          [
            120.95878494844818,
            24.796333396649455
          ],
          [
            120.95893238947883,
            24.79632922984061
          ],
          [
            120.95907991951553,
            24.796325062910824
          ],
          [
            120.95915649547536,
            24.79632289528946
          ],
          [
            120.95923597534886,
            24.796320645356527
          ],
          [
            120.96065560025164,
            24.796280504818466
          ],
          [
            120.96079693858907,
            24.796276506111994
          ],
          [
            120.96102290187868,
            24.79627010966333
          ],
          [
            120.961842108298,
            24.796252814265006
          ],
          [
            120.96224729053752,
            24.796276102540382
          ],
          [
            120.96260627434712,
            24.79629755440001
          ],
          [
            120.96298138064208,
            24.79638351893368
          ],
          [
            120.96348189474011,
            24.79652400997699
          ],
          [
            120.96387663875656,
            24.796666234434436
          ],
          [
            120.96401348925534,
            24.79672321998648
          ],
          [
            120.9641417636372,
            24.79678379675216
          ],
          [
            120.9642354741369,
            24.79683078609595
          ],
          [
            120.9643585738519,
            24.796898575311644
          ],
          [
            120.96481813654954,
            24.79717107773518
          ],
          [
            120.96569132366092,
            24.79772266772539
          ],
          [
            120.96615929387166,
            24.79801576222895
          ],
          [
            120.9666471599753,
            24.79833344464294
          ],
          [
            120.96664772366344,
            24.79833376979909
          ],
          [
            120.96706857266365,
            24.798574340444276
          ],
          [
            120.96859531246558,
            24.799539756407064
          ],
          [
            120.97418854560782,
            24.8029058926563
          ],
          [
            120.97450476647768,
            24.803096188933676
          ],
          [
            120.97881242681967,
            24.8056197098726
          ],
          [
            120.9830555121833,
            24.80793364479908
          ],
          [
            120.98305861592358,
            24.80793533259871
          ],
          [
            120.98554006198484,
            24.809288476672073
          ],
          [
            120.98554006198484,
            24.809288476672073
          ],
          [
            120.98657147150179,
            24.809784162407546
          ],
          [
            120.98680885917794,
            24.809908417238326
          ],
          [
            120.98730282451913,
            24.81017056059866
          ],
          [
            120.98794674320622,
            24.81051234683394
          ],
          [
            120.98881399761316,
            24.81101513631972
          ],
          [
            120.98905297420987,
            24.811120608177912
          ],
          [
            120.9893362661742,
            24.811230416551854
          ],
          [
            120.98959423834106,
            24.811306997340417
          ],
          [
            120.98990035945256,
            24.811369472834496
          ],
          [
            120.98554006198484,
            24.809288476672073
          ],
          [
            120.98598322082354,
            24.809530115510018
          ],
          [
            120.98858897533808,
            24.81094679079359
          ],
          [
            120.9895088746747,
            24.811509241289727
          ],
          [
            120.98981880765741,
            24.811728016911058
          ],
          [
            120.98982187394824,
            24.811730274272332
          ],
          [
            120.98983164651447,
            24.811737470739477
          ],
          [
            120.98984125093057,
            24.81174454079401
          ],
          [
            120.9903242624727,
            24.81210014657289
          ],
          [
            120.99098905841183,
            24.8126209041334
          ],
          [
            120.99108493456148,
            24.812695040178227
          ],
          [
            120.99128566167944,
            24.81285023935345
          ],
          [
            120.99132581092178,
            24.81288128204518
          ],
          [
            120.99136613822982,
            24.812912460165414
          ],
          [
            120.99145916312864,
            24.81298438921096
          ],
          [
            120.9918151802599,
            24.813259644448877
          ],
          [
            120.99281136346366,
            24.814035123975344
          ],
          [
            120.992907740294,
            24.814110149985886
          ],
          [
            120.9929186210623,
            24.81411861030674
          ],
          [
            120.99293054044979,
            24.814127901307806
          ],
          [
            120.99294441442214,
            24.81413870017759
          ],
          [
            120.9930543142515,
            24.81422425137772
          ],
          [
            120.99389988473648,
            24.814876731516602
          ],
          [
            120.99417097887161,
            24.815088311471097
          ],
          [
            120.9942198530892,
            24.8151264574243
          ],
          [
            120.99422770715272,
            24.81513258815136
          ],
          [
            120.99423445333896,
            24.8151378520891
          ],
          [
            120.994258294484,
            24.815156464575434
          ],
          [
            120.99463737578324,
            24.815452324403896
          ],
          [
            120.995150040474,
            24.81585902642535
          ],
          [
            120.9954959102102,
            24.816148395014377
          ],
          [
            120.99590934201554,
            24.816543290988555
          ],
          [
            120.99618277459757,
            24.81682583936819
          ],
          [
            120.99650193799684,
            24.817195505313983
          ],
          [
            120.99674360843657,
            24.817504966165032
          ],
          [
            120.9969625178628,
            24.81781206968691
          ],
          [
            120.99711681320579,
            24.818043439723223
          ],
          [
            120.99730534500351,
            24.818350144874156
          ],
          [
            120.99732344045314,
            24.81838195928586
          ],
          [
            120.99738079140704,
            24.818482794442122
          ],
          [
            120.99743915440939,
            24.81858542357565
          ],
          [
            120.9976128388847,
            24.818913372362136
          ],
          [
            120.99774325562517,
            24.81918964057089
          ],
          [
            120.99782635860834,
            24.819388650234536
          ],
          [
            120.99791253829457,
            24.81959503625676
          ],
          [
            120.99809960758937,
            24.820079982955434
          ],
          [
            120.99830108131694,
            24.820607959860034
          ],
          [
            120.99837553018378,
            24.82080306872728
          ],
          [
            120.9984587537475,
            24.821019602509338
          ],
          [
            120.9986118075129,
            24.821417864543506
          ],
          [
            120.99880862623417,
            24.821934834765514
          ],
          [
            120.99888769645874,
            24.822142538274168
          ],
          [
            120.99900470465742,
            24.82244913222298
          ],
          [
            120.9990049123997,
            24.822449701026002
          ],
          [
            120.9990051597122,
            24.822450351086687
          ],
          [
            120.99921782962673,
            24.823007588345963
          ],
          [
            120.99921998621105,
            24.823013249287513
          ],
          [
            120.99932550078371,
            24.823293271729487
          ],
          [
            120.99934064640767,
            24.823333476137616
          ],
          [
            120.99934076511929,
            24.823333801167596
          ],
          [
            120.99957944601366,
            24.823967248336672
          ],
          [
            120.99977561985591,
            24.824480939728037
          ],
          [
            120.99987888135148,
            24.82475131015336
          ],
          [
            120.99988755739523,
            24.824774026104727
          ],
          [
            121.00013306995596,
            24.82540335523426
          ],
          [
            121.00040651305292,
            24.82607557868101
          ],
          [
            121.00071629642224,
            24.82677458020268
          ],
          [
            121.00110712852126,
            24.827577978042395
          ],
          [
            121.00119953193503,
            24.827757249038882
          ],
          [
            121.00128504985005,
            24.827923193832962
          ],
          [
            121.00138855399926,
            24.828111628628182
          ],
          [
            121.00163028915021,
            24.82855173386113
          ],
          [
            121.00192975419584,
            24.82906984495807
          ],
          [
            121.00228353712525,
            24.829659813138935
          ],
          [
            121.00276886841968,
            24.830400122106663
          ],
          [
            121.00315077520727,
            24.830954569143916
          ],
          [
            121.00323892857425,
            24.831082538456034
          ],
          [
            121.00339363731486,
            24.831293849104444
          ],
          [
            121.00378133654023,
            24.831823393491664
          ],
          [
            121.00442592572496,
            24.832690309631978
          ],
          [
            121.0050618168787,
            24.833541242592226
          ],
          [
            121.00552891111793,
            24.83416816187893
          ],
          [
            121.00580608950305,
            24.83455442124596
          ],
          [
            121.0058609731734,
            24.834628570855838
          ],
          [
            121.00643699345123,
            24.835406666508536
          ],
          [
            121.00644219792048,
            24.83541369954966
          ],
          [
            121.00690648681467,
            24.83604792764451
          ],
          [
            121.00694568889217,
            24.836099767940958
          ],
          [
            121.0070684206934,
            24.836262023845535
          ],
          [
            121.00735282051885,
            24.83663803245447
          ],
          [
            121.00791356306812,
            24.83740997449311
          ],
          [
            121.00805551301039,
            24.837597219647094
          ],
          [
            121.00805863975319,
            24.837601345539287
          ],
          [
            121.0085698253905,
            24.838275625546054
          ],
          [
            121.00909957832981,
            24.838957910961753
          ],
          [
            121.00912970862066,
            24.838998871780934
          ],
          [
            121.00923197364605,
            24.83913787850696
          ],
          [
            121.01021020680412,
            24.840467507528686
          ],
          [
            121.01089981955569,
            24.841384915555114
          ],
          [
            121.01152243959753,
            24.842208581784664
          ],
          [
            121.01174666249757,
            24.84251030828322
          ],
          [
            121.01175654816214,
            24.84252362465147
          ],
          [
            121.01176627549864,
            24.842536715317177
          ],
          [
            121.01211953851417,
            24.843012068539224
          ],
          [
            121.01232585414364,
            24.843299999928156
          ],
          [
            121.0125446797446,
            24.843612848829906
          ],
          [
            121.01273828597014,
            24.8439294464067
          ],
          [
            121.01287958595312,
            24.844195569494474
          ],
          [
            121.0130340396554,
            24.84449398649034
          ],
          [
            121.01314968493226,
            24.844763948680022
          ],
          [
            121.01326245506323,
            24.845068174449274
          ],
          [
            121.0133487255443,
            24.845347655180436
          ],
          [
            121.01339087116173,
            24.845484470355508
          ],
          [
            121.0133977997594,
            24.845506959901453
          ],
          [
            121.0134047283625,
            24.845529476532697
          ],
          [
            121.01343615454532,
            24.84563148751757
          ],
          [
            121.01343880721372,
            24.845640091505736
          ],
          [
            121.01345163610087,
            24.845691435825824
          ],
          [
            121.0134679691917,
            24.845756819253968
          ],
          [
            121.01348544066676,
            24.84582674394736
          ],
          [
            121.01349314197948,
            24.84585755775889
          ],
          [
            121.01350015037741,
            24.84588561791892
          ],
          [
            121.01350111056797,
            24.845889464002628
          ],
          [
            121.01350783245424,
            24.845921460644185
          ],
          [
            121.01356422121363,
            24.8461900193485
          ],
          [
            121.01361435044755,
            24.84649076543868
          ],
          [
            121.01365851832003,
            24.84683582425675
          ],
          [
            121.01368079617696,
            24.847151361635337
          ],
          [
            121.01369019033285,
            24.84754844619698
          ],
          [
            121.01367870099888,
            24.847894015648485
          ],
          [
            121.01365303149436,
            24.84823118981276
          ],
          [
            121.01364177256238,
            24.848333285868268
          ],
          [
            121.01364173302392,
            24.848333656043085
          ],
          [
            121.01362132060397,
            24.848518770595575
          ],
          [
            121.0135621469667,
            24.84885559565248
          ],
          [
            121.01350033385151,
            24.849126692954716
          ],
          [
            121.01341382858537,
            24.84945028451652
          ],
          [
            121.01341290873496,
            24.84945372448228
          ],
          [
            121.01334733694682,
            24.84965124826445
          ],
          [
            121.01323608284747,
            24.849966002945177
          ],
          [
            121.01320685151978,
            24.850042143413475
          ],
          [
            121.01317464261106,
            24.850126039674354
          ],
          [
            121.01313423302945,
            24.85023128017358
          ],
          [
            121.0131256663891,
            24.850253608564874
          ],
          [
            121.01312180823255,
            24.850261770725496
          ],
          [
            121.0130470885236,
            24.85042005702022
          ],
          [
            121.0130297861299,
            24.85045670546996
          ],
          [
            121.01301049525284,
            24.850497263458692
          ],
          [
            121.0129766916699,
            24.85056833022201
          ],
          [
            121.01288962525375,
            24.850751364795418
          ],
          [
            121.01286492291813,
            24.85080329019164
          ],
          [
            121.01261547496736,
            24.851233007858546
          ],
          [
            121.01250234323187,
            24.851407395025934
          ],
          [
            121.0124133513187,
            24.85154455533764
          ],
          [
            121.01217692198352,
            24.85187084897209
          ],
          [
            121.01185958551447,
            24.852261161163696
          ],
          [
            121.01154503285457,
            24.852601697989325
          ],
          [
            121.01136550225056,
            24.852777326293573
          ],
          [
            121.01123991390635,
            24.852892206173426
          ],
          [
            121.0110412853697,
            24.853073902709685
          ],
          [
            121.0107278685487,
            24.85332510009224
          ],
          [
            121.01053427207738,
            24.85346972431541
          ],
          [
            121.01049879022648,
            24.853496234665222
          ],
          [
            121.01047325238657,
            24.853515304776334
          ],
          [
            121.01046246726892,
            24.853522727008293
          ],
          [
            121.01016842884422,
            24.853725068307853
          ],
          [
            121.00988185820214,
            24.85390043119384
          ],
          [
            121.00953770808074,
            24.85409689695631
          ],
          [
            121.00923424292,
            24.854250654327405
          ],
          [
            121.0092086646978,
            24.854263611888502
          ],
          [
            121.00885973044011,
            24.854422716198187
          ],
          [
            121.00833936381653,
            24.854640343446228
          ],
          [
            121.00826910931778,
            24.854668733139647
          ],
          [
            121.0082352387215,
            24.85468241327683
          ],
          [
            121.00805865237322,
            24.854753757547602
          ],
          [
            121.00805550575835,
            24.854755030744055
          ],
          [
            121.00747218357259,
            24.8549907064318
          ],
          [
            121.00662847947653,
            24.855330499915937
          ],
          [
            121.00399600212405,
            24.85639376030799
          ],
          [
            121.00286057423266,
            24.856849656230498
          ],
          [
            121.00248989425717,
            24.85701265538932
          ],
          [
            121.00221886990407,
            24.857138743442277
          ],
          [
            121.00205932666366,
            24.857219298500436
          ],
          [
            121.00183551258698,
            24.857333440417328
          ],
          [
            121.0015881272547,
            24.857464050334553
          ],
          [
            121.00122479650105,
            24.857663810539155
          ],
          [
            121.00081760776324,
            24.857884480234258
          ],
          [
            121.00037721809028,
            24.85812210452595
          ],
          [
            121.00019706988923,
            24.858219920231374
          ],
          [
            120.99988229226442,
            24.858390848905206
          ],
          [
            120.99943966260898,
            24.858628515557875
          ],
          [
            120.99898504762693,
            24.858873620338652
          ],
          [
            120.99851184676298,
            24.859128041010834
          ],
          [
            120.99769363872511,
            24.85957321954099
          ],
          [
            120.9972146830172,
            24.85983435323406
          ],
          [
            120.99666507897872,
            24.86012972009127
          ],
          [
            120.99609031687318,
            24.860441642621932
          ],
          [
            120.9956577367885,
            24.860675181245494
          ],
          [
            120.99486749434284,
            24.861102901851662
          ],
          [
            120.99454596292652,
            24.8612768435459
          ],
          [
            120.99434852665479,
            24.86139322325245
          ],
          [
            120.99418498376133,
            24.861496973077465
          ],
          [
            120.99405428554837,
            24.861585492868564
          ],
          [
            120.99396603150682,
            24.8616500615211
          ],
          [
            120.99388063713296,
            24.86171737491735
          ],
          [
            120.99374245577617,
            24.8618345778296
          ],
          [
            120.99363318078188,
            24.861935133201104
          ],
          [
            120.99355647416533,
            24.862010635674128
          ],
          [
            120.9934761055598,
            24.862094299756027
          ],
          [
            120.99337499349178,
            24.862208371030068
          ],
          [
            120.99326690358104,
            24.86234208804303
          ],
          [
            120.99316501805359,
            24.862477746397442
          ],
          [
            120.99310016504535,
            24.862572263296958
          ],
          [
            120.99301365699513,
            24.862714910350338
          ],
          [
            120.99295156385685,
            24.862824450816575
          ],
          [
            120.99289016274568,
            24.862944103262823
          ],
          [
            120.99282526706504,
            24.863084304490457
          ],
          [
            120.99277067377905,
            24.86320974450972
          ],
          [
            120.99271212012152,
            24.863367226631166
          ],
          [
            120.99267179601068,
            24.86350242716544
          ],
          [
            120.99263388614595,
            24.863642449049976
          ],
          [
            120.99260768442856,
            24.863761064815694
          ],
          [
            120.99257890712427,
            24.863922845932564
          ],
          [
            120.99256966982674,
            24.86399521830949
          ],
          [
            120.99256356112625,
            24.864043069306465
          ],
          [
            120.99255975871134,
            24.86408226204094
          ],
          [
            120.99255280741642,
            24.864153894188284
          ],
          [
            120.99254709388723,
            24.864212678773832
          ],
          [
            120.9925425223192,
            24.86437103926047
          ],
          [
            120.99254616323978,
            24.86454980466931
          ],
          [
            120.99255408072587,
            24.864704301554006
          ],
          [
            120.99256557256204,
            24.86482793001305
          ],
          [
            120.99258954101671,
            24.864991302749132
          ],
          [
            120.99260245082579,
            24.865068398144548
          ],
          [
            120.99262318700202,
            24.86517018699808
          ],
          [
            120.99264146063769,
            24.86524566654342
          ],
          [
            120.99267313176729,
            24.865352854996317
          ],
          [
            120.99272594747065,
            24.865519921786564
          ],
          [
            120.9927710765378,
            24.865643542822287
          ],
          [
            120.99281223850636,
            24.86574695776717
          ],
          [
            120.9928557659861,
            24.865845831454248
          ],
          [
            120.99289035874571,
            24.86591938866197
          ],
          [
            120.99293926065808,
            24.8660061282138
          ],
          [
            120.99300228300952,
            24.866119051190907
          ],
          [
            120.99305735022193,
            24.866209023209517
          ],
          [
            120.99313116011731,
            24.86631324311331
          ],
          [
            120.99320973961703,
            24.866426419512226
          ],
          [
            120.9932898938113,
            24.86652007622603
          ],
          [
            120.99339042332662,
            24.866634680021367
          ],
          [
            120.99352441113562,
            24.86676931051249
          ],
          [
            120.99364503065026,
            24.866879725758043
          ],
          [
            120.99381856379239,
            24.867026898305696
          ],
          [
            120.99384457004902,
            24.867048956112132
          ],
          [
            120.99387168464918,
            24.867071952928004
          ],
          [
            120.99393431545562,
            24.86712507040719
          ],
          [
            120.99423798077056,
            24.86736880796288
          ],
          [
            120.9949680047415,
            24.86797427037869
          ],
          [
            120.9956581255478,
            24.8685280757347
          ],
          [
            120.99573023841603,
            24.86858593271041
          ],
          [
            120.99599230745461,
            24.86879624179609
          ],
          [
            120.99825392377414,
            24.870648851591074
          ],
          [
            120.99837789641236,
            24.87074977400178
          ],
          [
            120.9983984018446,
            24.870766467992212
          ],
          [
            120.99841196987255,
            24.8707775100406
          ],
          [
            120.99896251121666,
            24.871225646411872
          ],
          [
            120.99951116634485,
            24.871656364670347
          ],
          [
            120.99992464693402,
            24.87198661131345
          ],
          [
            121.0005093822824,
            24.872447788158883
          ],
          [
            121.00112852339525,
            24.872955901791897
          ],
          [
            121.00154918791777,
            24.873299614400516
          ],
          [
            121.00159075470398,
            24.873333362631655
          ],
          [
            121.0015912297531,
            24.873333750853654
          ],
          [
            121.00235760657836,
            24.87395596031923
          ],
          [
            121.00310723535102,
            24.874563955234976
          ],
          [
            121.00361135335686,
            24.874975771461187
          ],
          [
            121.0040134148937,
            24.875300914816954
          ],
          [
            121.00415117371084,
            24.875412314127612
          ],
          [
            121.00425273870705,
            24.875494443839155
          ],
          [
            121.00428870513937,
            24.875523532745344
          ],
          [
            121.00504833922577,
            24.876140356432074
          ],
          [
            121.00556797902858,
            24.876560056375272
          ],
          [
            121.00618762642283,
            24.877067056275717
          ],
          [
            121.0068565385413,
            24.87760745687949
          ],
          [
            121.00759627421151,
            24.878208648982103
          ],
          [
            121.00805546643086,
            24.878582135196886
          ],
          [
            121.00805862379492,
            24.878584699128947
          ],
          [
            121.00814119040369,
            24.878651857881785
          ],
          [
            121.00822703324312,
            24.878721643709923
          ],
          [
            121.00832219983843,
            24.87879901293336
          ],
          [
            121.00841576311797,
            24.878875073048942
          ],
          [
            121.00851652217888,
            24.878956992210263
          ],
          [
            121.00881613764815,
            24.87920051939125
          ],
          [
            121.00968482229364,
            24.879906686096863
          ],
          [
            121.0099656361849,
            24.880134069149655
          ],
          [
            121.01003143770572,
            24.880187342085176
          ],
          [
            121.01008799459424,
            24.880233139995358
          ],
          [
            121.01015128213797,
            24.88028438162846
          ],
          [
            121.01019136889636,
            24.880316854511154
          ],
          [
            121.01068932735086,
            24.880720051775576
          ],
          [
            121.01098522970219,
            24.88096107390765
          ],
          [
            121.0112099162979,
            24.88114389389908
          ],
          [
            121.01174589002363,
            24.881574630766334
          ],
          [
            121.01204823024199,
            24.881820318003804
          ],
          [
            121.01245502794312,
            24.8821508369949
          ],
          [
            121.01284571354185,
            24.88247007962185
          ],
          [
            121.01327563768463,
            24.882815699076282
          ],
          [
            121.01340707817444,
            24.882921962090396
          ],
          [
            121.01346308323548,
            24.882967244128057
          ],
          [
            121.01349664867757,
            24.88299438084116
          ],
          [
            121.01353408440903,
            24.883024659122196
          ],
          [
            121.01363887881442,
            24.883109382283966
          ],
          [
            121.01369444851308,
            24.883154303132454
          ],
          [
            121.01407356885063,
            24.883461598824567
          ],
          [
            121.0145326515087,
            24.88383517319517
          ],
          [
            121.01507372666421,
            24.884272614675393
          ],
          [
            121.0154472612196,
            24.88457640432743
          ],
          [
            121.0158784076984,
            24.884924291243966
          ],
          [
            121.01621852771177,
            24.885198739793704
          ],
          [
            121.01639819085186,
            24.885349532586897
          ],
          [
            121.01668184044475,
            24.88557804914233
          ],
          [
            121.0168930914384,
            24.885751273672515
          ],
          [
            121.01720716233302,
            24.88600616710767
          ],
          [
            121.0176183925035,
            24.88634031884321
          ],
          [
            121.01773993158957,
            24.886438507660497
          ],
          [
            121.01780535371036,
            24.886491361855136
          ],
          [
            121.01793197126136,
            24.88659365788455
          ],
          [
            121.01800762908421,
            24.88665478088339
          ],
          [
            121.01858391982903,
            24.887120365162737
          ],
          [
            121.01893603005904,
            24.887406597186494
          ],
          [
            121.01897288442186,
            24.88743654913162
          ],
          [
            121.01898442678151,
            24.88744593732346
          ],
          [
            121.01899597904078,
            24.887455325513155
          ],
          [
            121.01904875120903,
            24.88749821327992
          ],
          [
            121.01935283286403,
            24.887745402084935
          ],
          [
            121.01985438428224,
            24.888147836576216
          ],
          [
            121.0201306500816,
            24.888359238427405
          ],
          [
            121.02034764783728,
            24.888510499869785
          ],
          [
            121.02068366039596,
            24.88872736381033
          ],
          [
            121.02098439065084,
            24.888902709803112
          ],
          [
            121.02139948038769,
            24.88911838727328
          ],
          [
            121.02172073572216,
            24.889262968672305
          ],
          [
            121.02188534187742,
            24.889330721698514
          ],
          [
            121.02192037354367,
            24.889345144126604
          ],
          [
            121.02195126753834,
            24.88935785173696
          ],
          [
            121.02197963735931,
            24.889369530461792
          ],
          [
            121.02200159279407,
            24.889378573800172
          ],
          [
            121.02212587169558,
            24.889429729057962
          ],
          [
            121.02266842100997,
            24.88963778202101
          ],
          [
            121.02351906234406,
            24.88996573763045
          ],
          [
            121.02381596716675,
            24.890079720697226
          ],
          [
            121.02464827138094,
            24.890397750434808
          ],
          [
            121.02512263598013,
            24.890581320357775
          ],
          [
            121.02568581523201,
            24.89079931729095
          ],
          [
            121.02629388751929,
            24.891030982387534
          ],
          [
            121.0267824221324,
            24.891218598321775
          ],
          [
            121.02742148299143,
            24.891464391896154
          ],
          [
            121.02819977644154,
            24.891761429406323
          ],
          [
            121.02889457489829,
            24.89202830574285
          ],
          [
            121.02998271945526,
            24.89244263524447
          ],
          [
            121.03102227783208,
            24.89284639450429
          ],
          [
            121.0319528991284,
            24.893201163101864
          ],
          [
            121.03247998849747,
            24.893401771170343
          ],
          [
            121.03248373044745,
            24.89340319686059
          ],
          [
            121.0325033113387,
            24.893410650147064
          ],
          [
            121.03252264474744,
            24.893418004171266
          ],
          [
            121.03256941913587,
            24.893435807222147
          ],
          [
            121.03300860407256,
            24.893602963885964
          ],
          [
            121.0330554875952,
            24.8936211910998
          ],
          [
            121.03305864550175,
            24.893622418277715
          ],
          [
            121.03374282378266,
            24.89388838048915
          ],
          [
            121.03430875507652,
            24.894105892714947
          ],
          [
            121.03480742077844,
            24.894295673881196
          ],
          [
            121.0351210969228,
            24.894418397145248
          ],
          [
            121.03514972636287,
            24.894429603813276
          ],
          [
            121.03517486127215,
            24.89443943896609
          ],
          [
            121.0352610763161,
            24.894473167187446
          ],
          [
            121.03567136170574,
            24.89462863089181
          ],
          [
            121.03609711158644,
            24.894791204189097
          ],
          [
            121.03641085856428,
            24.894910584166265
          ],
          [
            121.03666388240168,
            24.89500809330808
          ],
          [
            121.0370861708882,
            24.895172271697806
          ],
          [
            121.03729045068353,
            24.895253504450086
          ],
          [
            121.03756526056968,
            24.895377270542333
          ],
          [
            121.03777085360186,
            24.895478166394156
          ],
          [
            121.03793174932417,
            24.895560068320442
          ],
          [
            121.03826059308327,
            24.89573659100865
          ],
          [
            121.03844814448138,
            24.89584476752335
          ],
          [
            121.03862999711703,
            24.895960908419436
          ],
          [
            121.03882604876446,
            24.896090254104067
          ],
          [
            121.038989936252,
            24.896206561743494
          ],
          [
            121.03922175804671,
            24.896385581425957
          ],
          [
            121.03943485960795,
            24.896556281408724
          ],
          [
            121.03966476711403,
            24.89675016182075
          ],
          [
            121.03987604663617,
            24.896945681011715
          ],
          [
            121.04008371647598,
            24.897149434864854
          ],
          [
            121.04024004900997,
            24.89731184269179
          ],
          [
            121.04029120275017,
            24.897364979700654
          ],
          [
            121.04032275124219,
            24.897399884409637
          ],
          [
            121.0403329901447,
            24.897411203388355
          ],
          [
            121.04037095530813,
            24.897453202757646
          ],
          [
            121.04041618874518,
            24.897503244546854
          ],
          [
            121.04045342119478,
            24.89754442249907
          ],
          [
            121.04046582871827,
            24.89755815149141
          ],
          [
            121.04049982316437,
            24.89759575502168
          ],
          [
            121.04051443944871,
            24.897613600408775
          ],
          [
            121.04072538576672,
            24.897871117206194
          ],
          [
            121.04089269747648,
            24.898092847639468
          ],
          [
            121.04106309450849,
            24.898333365346577
          ],
          [
            121.04106337180174,
            24.898333753495955
          ],
          [
            121.04109158650873,
            24.898373579489704
          ],
          [
            121.0413254946839,
            24.898732677811093
          ],
          [
            121.04143215522686,
            24.898914292699075
          ],
          [
            121.0414770519914,
            24.898990742622406
          ],
          [
            121.04152931772184,
            24.89907974912884
          ],
          [
            121.04155605974242,
            24.89912529951151
          ],
          [
            121.0415754922874,
            24.899158392591378
          ],
          [
            121.04169289997917,
            24.899358440490186
          ],
          [
            121.04188155137643,
            24.89967986555816
          ],
          [
            121.0418848000397,
            24.89968531786185
          ],
          [
            121.04200919043758,
            24.89989424758264
          ],
          [
            121.04229480758832,
            24.900373968579917
          ],
          [
            121.04286424650327,
            24.901274922723257
          ],
          [
            121.0433115348438,
            24.902020972003953
          ],
          [
            121.04430888795152,
            24.903671368577484
          ],
          [
            121.04497167620711,
            24.904816525376543
          ],
          [
            121.04564929301374,
            24.905980363488965
          ],
          [
            121.04605848481364,
            24.906679160542684
          ],
          [
            121.04667596709005,
            24.90772300551096
          ],
          [
            121.04668057328175,
            24.90773078663019
          ],
          [
            121.04672042430803,
            24.907798144765266
          ],
          [
            121.04678090960464,
            24.907901465932948
          ],
          [
            121.04688704142833,
            24.908082742792214
          ],
          [
            121.04689277695641,
            24.908092545931744
          ],
          [
            121.04718574562528,
            24.908592911873953
          ],
          [
            121.04766946734688,
            24.909415867535895
          ],
          [
            121.0479380611956,
            24.909869643656194
          ],
          [
            121.04837455764478,
            24.910607094202664
          ],
          [
            121.04853952802671,
            24.910888991283713
          ],
          [
            121.04883238129747,
            24.91138945313948
          ],
          [
            121.0491804962326,
            24.911985950248337
          ],
          [
            121.04979795107808,
            24.913027361862554
          ],
          [
            121.05096967254023,
            24.91502003109379
          ],
          [
            121.05200378571281,
            24.916745739320078
          ],
          [
            121.05292206449619,
            24.91812484166129
          ],
          [
            121.05345570043842,
            24.918902653410605
          ],
          [
            121.05383678925799,
            24.919457388518317
          ],
          [
            121.05407970315088,
            24.919813681712036
          ],
          [
            121.05430588513224,
            24.92014396954389
          ],
          [
            121.05456513706564,
            24.92052162636293
          ],
          [
            121.05473358292276,
            24.920764999432205
          ],
          [
            121.05478167080713,
            24.92083448298151
          ],
          [
            121.05485628935735,
            24.92094229166513
          ],
          [
            121.05488618833421,
            24.92098549997631
          ],
          [
            121.05491744457132,
            24.92103065793213
          ],
          [
            121.05494497584574,
            24.921070454339166
          ],
          [
            121.05498342453976,
            24.921126001405508
          ],
          [
            121.05512663005446,
            24.921334948709124
          ],
          [
            121.05532313594475,
            24.92162164738618
          ],
          [
            121.05548099479948,
            24.921851110619457
          ],
          [
            121.0557392033638,
            24.922226418286005
          ],
          [
            121.05624821495132,
            24.922967103687917
          ],
          [
            121.05649974089424,
            24.92333303191251
          ],
          [
            121.05650002820485,
            24.923333447113396
          ],
          [
            121.05705587133563,
            24.92414209627401
          ],
          [
            121.05781968809558,
            24.925245081178968
          ],
          [
            121.05805546891635,
            24.925585534417625
          ],
          [
            121.05805861954282,
            24.92559009256805
          ],
          [
            121.05811981893967,
            24.92567845744293
          ],
          [
            121.0584996506932,
            24.926229424718564
          ],
          [
            121.05877954360075,
            24.926589505393885
          ],
          [
            121.05901511380709,
            24.926871786708368
          ],
          [
            121.0591979942901,
            24.9270764798594
          ],
          [
            121.0592370637088,
            24.92711776958147
          ],
          [
            121.05924003552165,
            24.927120910307462
          ],
          [
            121.05924024355133,
            24.92712113593649
          ],
          [
            121.05924029307809,
            24.927121181059157
          ],
          [
            121.0593716869845,
            24.92726004982441
          ],
          [
            121.05952328731235,
            24.92741549569937
          ],
          [
            121.05969445118505,
            24.927588674522386
          ],
          [
            121.05982621488626,
            24.927712104049988
          ],
          [
            121.06003630176878,
            24.92790768453068
          ],
          [
            121.0603351035367,
            24.928164703659842
          ],
          [
            121.06065307360355,
            24.928418545390276
          ],
          [
            121.06079168426466,
            24.928528771644835
          ],
          [
            121.06098257724517,
            24.928667136175655
          ],
          [
            121.06111440614116,
            24.928757213364168
          ],
          [
            121.06112307258861,
            24.92876314151305
          ],
          [
            121.06113180836293,
            24.928769105746856
          ],
          [
            121.0612410353539,
            24.92884373535542
          ],
          [
            121.0614805265065,
            24.929006401954712
          ],
          [
            121.06174795237378,
            24.929174672301855
          ],
          [
            121.0620145511761,
            24.929330970763885
          ],
          [
            121.06228738549652,
            24.929481442779824
          ],
          [
            121.06271949084436,
            24.929708237204643
          ],
          [
            121.06291520430372,
            24.92979694967961
          ],
          [
            121.06337677722433,
            24.930002702453788
          ],
          [
            121.06390471193716,
            24.930212027713775
          ],
          [
            121.06439308988921,
            24.930377778766726
          ],
          [
            121.06486241602538,
            24.930518888800485
          ],
          [
            121.06537506563994,
            24.93064905391838
          ],
          [
            121.06581066694888,
            24.93074716414805
          ],
          [
            121.06623075643522,
            24.930832143582023
          ],
          [
            121.0667521780471,
            24.93093776069543
          ],
          [
            121.06711595173964,
            24.931007784619297
          ],
          [
            121.06748922404547,
            24.931082958605813
          ],
          [
            121.06789605430787,
            24.931161402735153
          ],
          [
            121.06834963739024,
            24.93125426083313
          ],
          [
            121.06847350705249,
            24.931278580831545
          ],
          [
            121.06869689638518,
            24.93132242860125
          ],
          [
            121.06870468961574,
            24.931323959847997
          ],
          [
            121.06953450628376,
            24.9314868367411
          ],
          [
            121.07075940853647,
            24.931732457429252
          ],
          [
            121.0717689422742,
            24.93193106137743
          ],
          [
            121.07261044432389,
            24.932099964561534
          ],
          [
            121.07275365526016,
            24.932127846845038
          ],
          [
            121.07332335063955,
            24.93223878929977
          ],
          [
            121.07355190245092,
            24.932283295348444
          ],
          [
            121.07471083858927,
            24.93251500319134
          ],
          [
            121.07561037742886,
            24.932694008299766
          ],
          [
            121.07639380841735,
            24.932848058691235
          ],
          [
            121.07680234568676,
            24.93293048623481
          ],
          [
            121.07699220026588,
            24.932967486227486
          ],
          [
            121.07734036961851,
            24.933035344445706
          ],
          [
            121.07901488678907,
            24.933351437300235
          ],
          [
            121.07939004340383,
            24.933409128427957
          ],
          [
            121.08042705111407,
            24.933591696692734
          ],
          [
            121.08188496452595,
            24.933874450622213
          ],
          [
            121.0830555258427,
            24.934106294743284
          ],
          [
            121.08305877400028,
            24.934106942982147
          ],
          [
            121.08307308370595,
            24.93410977897121
          ],
          [
            121.08412654553703,
            24.934316093239378
          ],
          [
            121.08523498085262,
            24.934473633018737
          ],
          [
            121.08591047189094,
            24.934548316814432
          ],
          [
            121.08599812776039,
            24.93455789059858
          ],
          [
            121.08610701435043,
            24.93456978140905
          ],
          [
            121.08660254961,
            24.93462390881236
          ],
          [
            121.08716432062297,
            24.934668588196644
          ],
          [
            121.08739822506637,
            24.93467982707916
          ],
          [
            121.08769609867744,
            24.934683471153942
          ],
          [
            121.08804834371229,
            24.934675291362165
          ],
          [
            121.0880988016368,
            24.93467412396121
          ],
          [
            121.08840794897624,
            24.93465794249075
          ],
          [
            121.08844783128141,
            24.9346558513133
          ],
          [
            121.08862930962535,
            24.934643582182712
          ],
          [
            121.08872902108666,
            24.934632517171515
          ],
          [
            121.08916578224985,
            24.93457748089289
          ],
          [
            121.08939745660984,
            24.934544469514687
          ],
          [
            121.08973631137967,
            24.934491476515106
          ],
          [
            121.0900726674794,
            24.934420499573132
          ],
          [
            121.09036441044711,
            24.93435490280015
          ],
          [
            121.09058459818691,
            24.934294784090376
          ],
          [
            121.09089368698365,
            24.93420053747923
          ],
          [
            121.09126721322838,
            24.93407716110217
          ],
          [
            121.09142435636856,
            24.934016682489506
          ],
          [
            121.09166284651918,
            24.933923714467447
          ],
          [
            121.0918197131705,
            24.93386477947349
          ],
          [
            121.09218502096631,
            24.933703874568224
          ],
          [
            121.09267736373708,
            24.933462274753538
          ],
          [
            121.09323773227676,
            24.933186819205627
          ],
          [
            121.09390876604708,
            24.932857364897657
          ],
          [
            121.09509642170308,
            24.93227834832006
          ],
          [
            121.09609050699434,
            24.931792882671527
          ],
          [
            121.09721295180782,
            24.93123929729731
          ],
          [
            121.09793271695777,
            24.930895212090412
          ],
          [
            121.09851106628153,
            24.930611725650152
          ],
          [
            121.09926356845655,
            24.930243831408536
          ],
          [
            121.09929720973653,
            24.930227377208897
          ],
          [
            121.09930386079768,
            24.930224131561786
          ],
          [
            121.09932624872327,
            24.930213183182932
          ],
          [
            121.0993478349601,
            24.930202632587164
          ],
          [
            121.09936215649537,
            24.930195625986464
          ],
          [
            121.09989172243554,
            24.92993267934546
          ],
          [
            121.10032066249241,
            24.92972192889357
          ],
          [
            121.10085695010484,
            24.929462432193127
          ],
          [
            121.10111589229093,
            24.929335623609077
          ],
          [
            121.10122172360632,
            24.929283791629427
          ],
          [
            121.10146984687893,
            24.92916167554548
          ],
          [
            121.10226720656362,
            24.928773457653364
          ],
          [
            121.10297877424094,
            24.928428604299146
          ],
          [
            121.10368718673257,
            24.928080562690564
          ],
          [
            121.1047743758324,
            24.92755078895393
          ],
          [
            121.1051180573276,
            24.92738220233791
          ],
          [
            121.10512687550117,
            24.927377880515618
          ],
          [
            121.10513958316983,
            24.927371650944547
          ],
          [
            121.10592923736809,
            24.92698431268263
          ],
          [
            121.10624648002737,
            24.92682728061748
          ],
          [
            121.10633611540096,
            24.92678290502252
          ],
          [
            121.10787107044759,
            24.926023077472557
          ],
          [
            121.1080555449573,
            24.925932334238542
          ],
          [
            121.1080588108637,
            24.925930724805188
          ],
          [
            121.1102589156444,
            24.924848425056286
          ],
          [
            121.11065182927928,
            24.92465804870604
          ],
          [
            121.1109376400166,
            24.92451794027725
          ],
          [
            121.111146464592,
            24.92441453524354
          ],
          [
            121.11140491276846,
            24.924301342105522
          ],
          [
            121.11165252481626,
            24.924205491284123
          ],
          [
            121.11188967174118,
            24.924121050854726
          ],
          [
            121.11211351594376,
            24.924052266379032
          ],
          [
            121.11223300618796,
            24.92401686615895
          ],
          [
            121.11240174010726,
            24.923967524893207
          ],
          [
            121.11245046880316,
            24.92395336763231
          ],
          [
            121.11272828432807,
            24.923887692452055
          ],
          [
            121.11299929383193,
            24.923828603662766
          ],
          [
            121.11336189268928,
            24.923756118759545
          ],
          [
            121.1137848231539,
            24.92368017418548
          ],
          [
            121.11431747332519,
            24.923582882295808
          ],
          [
            121.11483167401596,
            24.923492437261757
          ],
          [
            121.11530293086179,
            24.923408758905307
          ],
          [
            121.11571161264366,
            24.923333731761925
          ],
          [
            121.11571370134185,
            24.923333350945466
          ],
          [
            121.11579271539524,
            24.92331883503254
          ],
          [
            121.11625948521981,
            24.923234434861975
          ],
          [
            121.11681840609619,
            24.923135127294167
          ],
          [
            121.11723621461356,
            24.92306022425026
          ],
          [
            121.11778002817218,
            24.92296378698081
          ],
          [
            121.11872419945112,
            24.922789195090253
          ],
          [
            121.11964338625825,
            24.92262237272502
          ],
          [
            121.1200306409842,
            24.922550691473973
          ],
          [
            121.12054125731417,
            24.92245848715303
          ],
          [
            121.12105660221042,
            24.92236302699854
          ],
          [
            121.12163240321262,
            24.92226113263498
          ],
          [
            121.12218405641806,
            24.922160050343983
          ],
          [
            121.12269160137734,
            24.922068915567692
          ],
          [
            121.12322716760526,
            24.921971110960175
          ],
          [
            121.12378637112683,
            24.921868788633663
          ],
          [
            121.12453270271537,
            24.92173464521797
          ],
          [
            121.12519069126405,
            24.921611821734306
          ],
          [
            121.12557724783736,
            24.921531648945663
          ],
          [
            121.12584625938442,
            24.921466164407008
          ],
          [
            121.12616346678847,
            24.921371648214244
          ],
          [
            121.12659815593344,
            24.921230769798285
          ],
          [
            121.12704299895933,
            24.92107721452966
          ],
          [
            121.12751522602771,
            24.920914299086668
          ],
          [
            121.12818669798337,
            24.920682594668094
          ],
          [
            121.12861998698388,
            24.920532710184496
          ],
          [
            121.12867345030328,
            24.92051421890624
          ],
          [
            121.12868901820033,
            24.920508833535127
          ],
          [
            121.1287185605833,
            24.920498614899817
          ],
          [
            121.12875230915976,
            24.920486939044064
          ],
          [
            121.12878170307178,
            24.920476765666766
          ],
          [
            121.12880735594536,
            24.920467895614223
          ],
          [
            121.12897922611482,
            24.920408439066417
          ],
          [
            121.12951758139732,
            24.920224775857324
          ],
          [
            121.12993142983098,
            24.920081729967563
          ],
          [
            121.13029485410266,
            24.91995734369229
          ],
          [
            121.13065214245344,
            24.919835887130407
          ],
          [
            121.13099440051,
            24.91971373869701
          ],
          [
            121.13131160222481,
            24.91960312283756
          ],
          [
            121.1316740422799,
            24.91947753328273
          ],
          [
            121.13207723013547,
            24.919341208030282
          ],
          [
            121.13242260776187,
            24.919222547572417
          ],
          [
            121.13282920610484,
            24.91908296701133
          ],
          [
            121.13305548516101,
            24.919005301047786
          ],
          [
            121.1330586521165,
            24.919004214806133
          ],
          [
            121.13322737154117,
            24.918946300042197
          ],
          [
            121.1336319072721,
            24.91880531069533
          ],
          [
            121.1340361051351,
            24.918664013587264
          ],
          [
            121.134392933665,
            24.918545338274324
          ],
          [
            121.1347647874797,
            24.918415037923356
          ],
          [
            121.1352149657043,
            24.918260947867015
          ],
          [
            121.13573086330723,
            24.918081796827813
          ],
          [
            121.1362083313229,
            24.917916059296946
          ],
          [
            121.13676271533132,
            24.917725222810343
          ],
          [
            121.13724673347804,
            24.91755850990283
          ],
          [
            121.13801752128637,
            24.91729428468513
          ],
          [
            121.13830477512148,
            24.917195165878113
          ],
          [
            121.13858096240988,
            24.917089303509776
          ],
          [
            121.13883244166865,
            24.916986461085223
          ],
          [
            121.13911410537578,
            24.916856369256415
          ],
          [
            121.13930422162903,
            24.916761744999572
          ],
          [
            121.1394804924087,
            24.916671728939914
          ],
          [
            121.13969019239862,
            24.9165610693732
          ],
          [
            121.13989518419176,
            24.916445764267735
          ],
          [
            121.14017792005853,
            24.91628531571771
          ],
          [
            121.14051887633862,
            24.916088490261938
          ],
          [
            121.14087571304017,
            24.91590187827778
          ],
          [
            121.14112708726732,
            24.915771432057735
          ],
          [
            121.14145875597572,
            24.915610772249266
          ],
          [
            121.14170101072634,
            24.91550607387079
          ],
          [
            121.14192935653745,
            24.915419634868716
          ],
          [
            121.14202808728592,
            24.91538256930151
          ],
          [
            121.14241938270723,
            24.91522259089295
          ],
          [
            121.14269872545451,
            24.915112700216408
          ],
          [
            121.14320363085845,
            24.91490015560461
          ],
          [
            121.14346761772605,
            24.91479070257028
          ],
          [
            121.14349741244165,
            24.9147783410184
          ],
          [
            121.14352177464885,
            24.914768241805536
          ],
          [
            121.14358607779118,
            24.91474466075135
          ],
          [
            121.14367356684086,
            24.914712579603606
          ],
          [
            121.14377987769565,
            24.9146735915392
          ],
          [
            121.14385511333133,
            24.9146525639137
          ],
          [
            121.14407180408912,
            24.914591999433867
          ],
          [
            121.14436566905475,
            24.914526177614125
          ],
          [
            121.14498665176691,
            24.91440266165047
          ],
          [
            121.14540637118905,
            24.914350890072058
          ],
          [
            121.1459651433567,
            24.914305590122552
          ],
          [
            121.14695081266531,
            24.914251805636283
          ],
          [
            121.14767961302395,
            24.914212200139577
          ],
          [
            121.14778549648454,
            24.9142064524627
          ],
          [
            121.14779842517977,
            24.914205870857366
          ],
          [
            121.14790822008952,
            24.914200931779092
          ],
          [
            121.14801783680126,
            24.91419600182535
          ],
          [
            121.14804063525533,
            24.914194977036697
          ],
          [
            121.14849184259182,
            24.91417467487125
          ],
          [
            121.1491471714096,
            24.914140994815433
          ],
          [
            121.14998936618177,
            24.914094375872438
          ],
          [
            121.15090371787855,
            24.914044997728073
          ],
          [
            121.15172544300079,
            24.914002344164167
          ],
          [
            121.15253039392884,
            24.91395720234588
          ],
          [
            121.15310104774075,
            24.913924927712362
          ],
          [
            121.15363572714512,
            24.91389456588028
          ],
          [
            121.15406892480527,
            24.913874617509993
          ],
          [
            121.15425952970506,
            24.913867396338258
          ],
          [
            121.15429902869445,
            24.913865901895306
          ],
          [
            121.1544168722712,
            24.913861428208666
          ],
          [
            121.1544525503036,
            24.91386028076285
          ],
          [
            121.15457524549596,
            24.913856325577655
          ],
          [
            121.15469820796723,
            24.913852360985814
          ],
          [
            121.15473317322032,
            24.91385123226916
          ],
          [
            121.15476027821845,
            24.913850355469517
          ],
          [
            121.15487667727119,
            24.91384660519587
          ],
          [
            121.1553527945501,
            24.913829596943287
          ],
          [
            121.15586601720216,
            24.913812963706643
          ],
          [
            121.15634496504651,
            24.913795524991446
          ],
          [
            121.1568928740113,
            24.913776648910797
          ],
          [
            121.15755169624391,
            24.913753347113083
          ],
          [
            121.15805550364247,
            24.91373690588777
          ],
          [
            121.15805854280812,
            24.913736812382272
          ],
          [
            121.15809403265555,
            24.913735655236547
          ],
          [
            121.15888973503998,
            24.913707697165975
          ],
          [
            121.15944729584041,
            24.91368898198994
          ],
          [
            121.1600716882248,
            24.913668125497097
          ],
          [
            121.16015970483551,
            24.913665187037648
          ],
          [
            121.16018158277214,
            24.913664459321584
          ],
          [
            121.16081730646967,
            24.913640626201232
          ],
          [
            121.16132507443194,
            24.91362536142084
          ],
          [
            121.16360497808232,
            24.913547977710117
          ],
          [
            121.16408241140252,
            24.91353234859401
          ],
          [
            121.16410326965736,
            24.913531666566982
          ],
          [
            121.16424846567708,
            24.913526920275395
          ],
          [
            121.1643930974015,
            24.913522183492983
          ],
          [
            121.16443120058958,
            24.913520940702913
          ],
          [
            121.1647859887805,
            24.91350931771354
          ],
          [
            121.16573161240927,
            24.91347385340194
          ],
          [
            121.16651126863748,
            24.913449781835574
          ],
          [
            121.16744573671289,
            24.913416287318295
          ],
          [
            121.16873647798684,
            24.91337217310334
          ],
          [
            121.16959712961946,
            24.91334487893224
          ],
          [
            121.1712420192295,
            24.913286715951962
          ],
          [
            121.17256022896163,
            24.913241941235384
          ],
          [
            121.17294215897104,
            24.91323593731728
          ],
          [
            121.1731151333319,
            24.91323823752463
          ],
          [
            121.17329636921355,
            24.91324411223116
          ],
          [
            121.17345222489743,
            24.913252237237888
          ],
          [
            121.17353069756903,
            24.913256533786203
          ],
          [
            121.1737368595628,
            24.91326812105429
          ],
          [
            121.1740054300938,
            24.913293448783076
          ],
          [
            121.17425246981563,
            24.91331976723025
          ],
          [
            121.17441546504168,
            24.913343077787037
          ],
          [
            121.17456080414463,
            24.91336309538663
          ],
          [
            121.17476326550856,
            24.91339694974919
          ],
          [
            121.17501411733897,
            24.913444515461247
          ],
          [
            121.17529630421774,
            24.91350021467984
          ],
          [
            121.17554386678901,
            24.913559728017017
          ],
          [
            121.17572482689461,
            24.913608133168726
          ],
          [
            121.17572824367092,
            24.9136090500458
          ],
          [
            121.17592144912159,
            24.91366371530872
          ],
          [
            121.17618611895104,
            24.91374381034038
          ],
          [
            121.17643129024205,
            24.913826735818635
          ],
          [
            121.17665116200497,
            24.91390582667947
          ],
          [
            121.17699836157874,
            24.914043288627457
          ],
          [
            121.17725364417758,
            24.914148609379676
          ],
          [
            121.17736910419094,
            24.914201604588488
          ],
          [
            121.17758958734461,
            24.914312708242782
          ],
          [
            121.17784919222535,
            24.91444211074666
          ],
          [
            121.17809787057209,
            24.914580175105435
          ],
          [
            121.17826669423457,
            24.914675756311592
          ],
          [
            121.17840690066693,
            24.91475999570429
          ],
          [
            121.17855754461245,
            24.914852980070858
          ],
          [
            121.17873443477453,
            24.914967258046175
          ],
          [
            121.17885815845646,
            24.9150516251032
          ],
          [
            121.17906014637714,
            24.915193716345712
          ],
          [
            121.17924348901506,
            24.915326250528263
          ],
          [
            121.17959238170357,
            24.915602715487424
          ],
          [
            121.17992190922324,
            24.915884556852152
          ],
          [
            121.18019061520752,
            24.91613467275338
          ],
          [
            121.18034390685479,
            24.916283059715276
          ],
          [
            121.18045406388043,
            24.91639742532747
          ],
          [
            121.18064005730841,
            24.91659400240727
          ],
          [
            121.18080234548529,
            24.916766917325138
          ],
          [
            121.18105208305012,
            24.917021541766132
          ],
          [
            121.18148366313586,
            24.917481901666495
          ],
          [
            121.18186605588437,
            24.917884186064143
          ],
          [
            121.18236519884813,
            24.91838972054858
          ],
          [
            121.18286500605237,
            24.91891325522682
          ],
          [
            121.18304967284534,
            24.919077861083455
          ],
          [
            121.18305549337369,
            24.919083966199576
          ],
          [
            121.18352841584947,
            24.91958011217849
          ],
          [
            121.18439305098764,
            24.920494132999465
          ],
          [
            121.1850497211917,
            24.921178127294226
          ],
          [
            121.1860045074036,
            24.922167043921846
          ],
          [
            121.18659286551691,
            24.92283432348253
          ],
          [
            121.18701053509474,
            24.923333217652267
          ],
          [
            121.18701083263286,
            24.923333560359954
          ],
          [
            121.1871938108663,
            24.923552126060244
          ],
          [
            121.18749701735116,
            24.92391009303534
          ],
          [
            121.18801017945032,
            24.924514767813022
          ],
          [
            121.18824539129156,
            24.92477461656048
          ],
          [
            121.18841012929626,
            24.92494284308596
          ],
          [
            121.18850720740893,
            24.925040796339424
          ],
          [
            121.18856098306482,
            24.92509562126337
          ],
          [
            121.18865079269634,
            24.925179580499837
          ],
          [
            121.18874255549505,
            24.925271735032958
          ],
          [
            121.18884152381429,
            24.925362282347162
          ],
          [
            121.18896040790246,
            24.925462582155234
          ],
          [
            121.18907301386474,
            24.925555630961647
          ],
          [
            121.18922373201471,
            24.925670425970136
          ],
          [
            121.18940812632027,
            24.925806566419173
          ],
          [
            121.18953690122822,
            24.925893211217833
          ],
          [
            121.18970344665836,
            24.926004654115484
          ],
          [
            121.18986812111581,
            24.926109634843694
          ],
          [
            121.19007660616506,
            24.926233122010025
          ],
          [
            121.19039580177333,
            24.92640671982937
          ],
          [
            121.19071115617346,
            24.926567104235797
          ],
          [
            121.1912346115734,
            24.926831129478085
          ],
          [
            121.19177383646576,
            24.92709830156002
          ],
          [
            121.1921784340216,
            24.927298130619896
          ],
          [
            121.19285935830158,
            24.927636278151176
          ],
          [
            121.19317554412187,
            24.92779244896129
          ],
          [
            121.19369300967232,
            24.928050017908532
          ],
          [
            121.1943354362903,
            24.92836890584311
          ],
          [
            121.19473339119922,
            24.92857042487217
          ],
          [
            121.1952419117602,
            24.92881489981042
          ],
          [
            121.19578862547682,
            24.929092222454855
          ],
          [
            121.19648044704509,
            24.92944048691792
          ],
          [
            121.19700375102532,
            24.929699824184656
          ],
          [
            121.1977730279876,
            24.930079814459226
          ],
          [
            121.19829872871803,
            24.930342376130383
          ],
          [
            121.19883975607343,
            24.930609375529396
          ],
          [
            121.19923841043122,
            24.930799686213717
          ],
          [
            121.19973623177479,
            24.931047843559927
          ],
          [
            121.20026247508379,
            24.931310198878744
          ],
          [
            121.20102735534188,
            24.93168980792043
          ],
          [
            121.20185373870665,
            24.93210033334582
          ],
          [
            121.20256945914083,
            24.93245630132623
          ],
          [
            121.20442437943211,
            24.933378559747325
          ],
          [
            121.20509706366511,
            24.933723126429975
          ],
          [
            121.20526767470051,
            24.93381145139672
          ],
          [
            121.20554113285243,
            24.93395322710831
          ],
          [
            121.20587860204023,
            24.93415269582883
          ],
          [
            121.20619917972468,
            24.934369720343472
          ],
          [
            121.20652175360313,
            24.934607479680523
          ],
          [
            121.20674788562424,
            24.934791030031555
          ],
          [
            121.20721782907772,
            24.93521319653923
          ],
          [
            121.20740405066594,
            24.935415110992015
          ],
          [
            121.20765092366398,
            24.935689727855934
          ],
          [
            121.20800524378276,
            24.936125153081683
          ],
          [
            121.2080555528064,
            24.936189058256183
          ],
          [
            121.2080587479915,
            24.936193125613904
          ],
          [
            121.20844623852182,
            24.93668540957399
          ],
          [
            121.20917597768893,
            24.937617347977344
          ],
          [
            121.20973604704167,
            24.938331891493117
          ],
          [
            121.2100957122076,
            24.938786534525697
          ],
          [
            121.21028221060077,
            24.939011413137223
          ],
          [
            121.21046568121298,
            24.93920805489311
          ],
          [
            121.21084895008902,
            24.939594055756043
          ],
          [
            121.21110371839713,
            24.939826411536128
          ],
          [
            121.21115319646077,
            24.939871537689527
          ],
          [
            121.21137442502113,
            24.94007329806861
          ],
          [
            121.21140348319047,
            24.94009979136342
          ],
          [
            121.21149871443392,
            24.94018296142916
          ],
          [
            121.21164448204355,
            24.940310262789946
          ],
          [
            121.21167086086967,
            24.940333301953395
          ],
          [
            121.21172683160933,
            24.94038218353802
          ],
          [
            121.21208696330345,
            24.940696690888757
          ],
          [
            121.2127870554522,
            24.941322165491744
          ],
          [
            121.21345414752352,
            24.94191131754429
          ],
          [
            121.21414305170856,
            24.942529723354046
          ],
          [
            121.21435645992753,
            24.942727328324676
          ],
          [
            121.21456762070393,
            24.942930470632895
          ],
          [
            121.21469154901706,
            24.94306846293127
          ],
          [
            121.21480789200668,
            24.943206195205068
          ],
          [
            121.21497935784394,
            24.943410387250957
          ],
          [
            121.21514628613673,
            24.943618639398526
          ],
          [
            121.21535237015256,
            24.943884616586693
          ],
          [
            121.21570351944857,
            24.944340964231326
          ],
          [
            121.2160493169141,
            24.944787550029375
          ],
          [
            121.21632129839328,
            24.945128835511895
          ],
          [
            121.21660032815424,
            24.945496274552063
          ],
          [
            121.21687093047407,
            24.94584556015556
          ],
          [
            121.21728687376948,
            24.946369901801805
          ],
          [
            121.2176881360306,
            24.94690605477826
          ],
          [
            121.21809442893509,
            24.947429044868652
          ],
          [
            121.21857386673534,
            24.948013978723587
          ],
          [
            121.21881689802615,
            24.948333471219026
          ],
          [
            121.21881718587346,
            24.94833384998918
          ],
          [
            121.21912400165327,
            24.948737194352663
          ],
          [
            121.21949812257046,
            24.94920984022887
          ],
          [
            121.21980467307029,
            24.949628622075725
          ],
          [
            121.21999000895312,
            24.949843305710743
          ],
          [
            121.22028157134793,
            24.950190594699777
          ],
          [
            121.22058481621882,
            24.950518653362472
          ],
          [
            121.22094572162169,
            24.95086021362139
          ],
          [
            121.22114822086897,
            24.951040390850164
          ],
          [
            121.22148782245581,
            24.951306801908498
          ],
          [
            121.22185910604662,
            24.951557193761396
          ],
          [
            121.22217581162971,
            24.95175554514164
          ],
          [
            121.22248212755837,
            24.951930491693002
          ],
          [
            121.22267524491701,
            24.952023764435378
          ],
          [
            121.22294373105889,
            24.952153769037203
          ],
          [
            121.2233920666187,
            24.952355333482867
          ],
          [
            121.22432355747267,
            24.95278920171314
          ],
          [
            121.22523063676186,
            24.953175683842105
          ],
          [
            121.22597392434591,
            24.9534808013002
          ],
          [
            121.2266923428459,
            24.9537664244501
          ],
          [
            121.22755851705219,
            24.954115333206307
          ],
          [
            121.22863880088107,
            24.954543629099877
          ],
          [
            121.22902018121863,
            24.954703595116094
          ],
          [
            121.22940116610673,
            24.954863398244882
          ],
          [
            121.22940589355437,
            24.954865350125218
          ],
          [
            121.22946442665595,
            24.954889492170345
          ],
          [
            121.2295813541988,
            24.954937731262728
          ],
          [
            121.22958771693368,
            24.954940357746185
          ],
          [
            121.23024376361872,
            24.955211009411904
          ],
          [
            121.23067738064309,
            24.955393759307054
          ],
          [
            121.23110500952343,
            24.955567001296863
          ],
          [
            121.23157813476386,
            24.95575586266291
          ],
          [
            121.23225273057918,
            24.95602732523131
          ],
          [
            121.23283433724431,
            24.956261985939165
          ],
          [
            121.23305549794838,
            24.956351291959447
          ],
          [
            121.23305873880824,
            24.956352605033263
          ],
          [
            121.23345071384071,
            24.956510872774274
          ],
          [
            121.23418927566249,
            24.956809528071116
          ],
          [
            121.23499753080682,
            24.95713929892108
          ],
          [
            121.23538033905264,
            24.957307362770454
          ],
          [
            121.23560830001088,
            24.95742417273729
          ],
          [
            121.23603361367833,
            24.957658824212217
          ],
          [
            121.23641342166881,
            24.957882613317757
          ],
          [
            121.23678510321622,
            24.95810275786389
          ],
          [
            121.2372025809738,
            24.958349362960767
          ],
          [
            121.23751985420368,
            24.958537875573303
          ],
          [
            121.23801243727601,
            24.958827767041146
          ],
          [
            121.23802173728963,
            24.958833232407354
          ],
          [
            121.2380572122516,
            24.958854112529814
          ],
          [
            121.23808586587538,
            24.958870976889376
          ],
          [
            121.23809290551921,
            24.958875208975883
          ],
          [
            121.23810471430261,
            24.958882322520324
          ],
          [
            121.23848276442772,
            24.959109946141115
          ],
          [
            121.23882147448595,
            24.95930957166397
          ],
          [
            121.2392550373361,
            24.959563096980943
          ],
          [
            121.23968672791726,
            24.95982056943199
          ],
          [
            121.24004378385148,
            24.960035772676854
          ],
          [
            121.24039324988925,
            24.960233129168476
          ],
          [
            121.24073323323344,
            24.960442670410877
          ],
          [
            121.24111400173675,
            24.960667827135975
          ],
          [
            121.24141177001803,
            24.960858051212057
          ],
          [
            121.2415950578521,
            24.96098000727098
          ],
          [
            121.2418277257818,
            24.96115258629776
          ],
          [
            121.24214381873814,
            24.961383578365844
          ],
          [
            121.24236815881444,
            24.961561045393317
          ],
          [
            121.24263709460548,
            24.961778146226766
          ],
          [
            121.24266869811112,
            24.961803717267763
          ],
          [
            121.24268629541773,
            24.961818016627046
          ],
          [
            121.24271023132093,
            24.96183746085737
          ],
          [
            121.24273724231081,
            24.961859409960418
          ],
          [
            121.24275698223948,
            24.96187543926721
          ],
          [
            121.24295839938159,
            24.962039066132228
          ],
          [
            121.24325448541369,
            24.962292388515056
          ],
          [
            121.24380426102229,
            24.962742836047557
          ],
          [
            121.24391228478615,
            24.96282961144272
          ],
          [
            121.24412602154429,
            24.963001323991783
          ],
          [
            121.24439023974145,
            24.963213581076847
          ],
          [
            121.24493610415374,
            24.963665303745316
          ],
          [
            121.24518748673738,
            24.9638710800623
          ],
          [
            121.24556695199216,
            24.9641887230093
          ],
          [
            121.24595596356113,
            24.964509807064044
          ],
          [
            121.24634369044136,
            24.964826323845934
          ],
          [
            121.24675936260702,
            24.965174672466052
          ],
          [
            121.2471110604763,
            24.96546032472672
          ],
          [
            121.24748293037757,
            24.96576369238767
          ],
          [
            121.2478727963827,
            24.966086106085957
          ],
          [
            121.24829038550126,
            24.96642798281917
          ],
          [
            121.24872231619881,
            24.966783674885527
          ],
          [
            121.24909449485212,
            24.96708887969123
          ],
          [
            121.24943519883237,
            24.96736904643876
          ],
          [
            121.24988114283128,
            24.96773560882195
          ],
          [
            121.25031392033478,
            24.968089227236696
          ],
          [
            121.25061334938047,
            24.968330566400486
          ],
          [
            121.25092858526683,
            24.968600425999433
          ],
          [
            121.25124851907829,
            24.968856589985574
          ],
          [
            121.25142140490645,
            24.968995985011983
          ],
          [
            121.25162190036433,
            24.969157732548357
          ],
          [
            121.25187266518229,
            24.96934588399986
          ],
          [
            121.25220474037944,
            24.969584889510273
          ],
          [
            121.25254129944965,
            24.969817034132358
          ],
          [
            121.2528828684139,
            24.97003801944277
          ],
          [
            121.25322702611734,
            24.97025053094959
          ],
          [
            121.25343759934995,
            24.970369040080804
          ],
          [
            121.25384014420455,
            24.970595309287962
          ],
          [
            121.25421469811779,
            24.970796327718606
          ],
          [
            121.2545614745616,
            24.97098937550461
          ],
          [
            121.25487805459461,
            24.971168651747504
          ],
          [
            121.25539673012818,
            24.971464443861706
          ],
          [
            121.25589998642582,
            24.971721772751582
          ],
          [
            121.25633887076218,
            24.97191490176697
          ],
          [
            121.25668924612305,
            24.97205405709178
          ],
          [
            121.25714431609155,
            24.972213416831043
          ],
          [
            121.25766665746727,
            24.97237667637937
          ],
          [
            121.25805552484226,
            24.972496802292014
          ],
          [
            121.25805879547899,
            24.972497816827396
          ],
          [
            121.25854956866114,
            24.972649418192297
          ],
          [
            121.25958415542996,
            24.97292781295801
          ],
          [
            121.26035509340525,
            24.97316328956703
          ],
          [
            121.2608641152676,
            24.973333142786455
          ],
          [
            121.26086524519576,
            24.973333519997517
          ],
          [
            121.26101814233516,
            24.973384542096003
          ],
          [
            121.26131014482976,
            24.97347491830767
          ],
          [
            121.26175039357811,
            24.97363192445123
          ],
          [
            121.26243433713222,
            24.973858135597123
          ],
          [
            121.26312869549908,
            24.97405756513424
          ],
          [
            121.26410622764386,
            24.974319552368794
          ],
          [
            121.26454669644542,
            24.974414317367017
          ],
          [
            121.26472092197659,
            24.97445636869611
          ],
          [
            121.26486763674826,
            24.974495922772984
          ],
          [
            121.26560816342217,
            24.97470672453834
          ],
          [
            121.26635708435802,
            24.974923240581546
          ],
          [
            121.26698441108198,
            24.97514188495819
          ],
          [
            121.26745860599097,
            24.975316842831578
          ],
          [
            121.26779228680456,
            24.97547103401285
          ],
          [
            121.26792240160225,
            24.975528129915098
          ],
          [
            121.26801475686354,
            24.975579560685443
          ],
          [
            121.26851429152994,
            24.975836645565117
          ],
          [
            121.26900127660211,
            24.97611095042492
          ],
          [
            121.26924272993783,
            24.976271037937607
          ],
          [
            121.26955558591857,
            24.976484506787944
          ],
          [
            121.26980960583192,
            24.97664265659903
          ],
          [
            121.2701791746595,
            24.976903799321132
          ],
          [
            121.2707314315115,
            24.977300286940462
          ],
          [
            121.27122367755422,
            24.977669742615063
          ],
          [
            121.27127659619966,
            24.977708630578643
          ],
          [
            121.27130920598783,
            24.977736847922543
          ],
          [
            121.27251523805438,
            24.978607496135293
          ],
          [
            121.27303094518689,
            24.978965824970473
          ]
        ]
      }
    }
  ]
}