{"type": "FeatureCollection", "features": [{"type": "Feature", "properties": {"track_id": "OD-TC-TT-SK", "name": "台中-台東(南迴)", "route": "south_link"}, "geometry": {"type": "LineString", "coordinates": [[120.68530592758262, 24.136437220605504], [120.68324099343702, 24.13571089172919], [120.68305814007944, 24.135645513773778], [120.68305553895615, 24.135644583771487], [120.68298887904481, 24.135620748823246], [120.6829763004246, 24.135616108721372], [120.6828998496215, 24.135587915717277], [120.6828633503987, 24.13557445664493], [120.68262663892028, 24.135483382609127], [120.68257876867283, 24.135463983818934], [120.68246712456556, 24.135418740494003], [120.68237912763081, 24.135383079442352], [120.68219469093049, 24.13530582721257], [120.68201654098014, 24.135231209969877], [120.68195430276005, 24.135205140895973], [120.68189274865219, 24.13517935854875], [120.6804130376938, 24.134559565696957], [120.6803336076988, 24.134526294309293], [120.68025553607411, 24.134493592766653], [120.67830522100311, 24.133676647557323], [120.6782151693527, 24.133638926520106], [120.67814331442372, 24.133608826613823], [120.67626975146248, 24.13282399374561], [120.67624526086455, 24.132813735073643], [120.67615599671436, 24.1327763413592], [120.67606705499205, 24.132739081910827], [120.6760478521412, 24.132731037579795], [120.67290918869696, 24.131416169219534], [120.67282393054215, 24.13138044896091], [120.67273351063304, 24.13134256861358], [120.66860484164174, 24.129612807491018], [120.66852493624702, 24.129579328508854], [120.66843543683257, 24.129541828664987], [120.66836538504145, 24.129512479335332], [120.66722944159945, 24.1290365304463], [120.6671807385048, 24.129016124588954], [120.66715752896424, 24.129006399988818], [120.66712572395886, 24.12899307381444], [120.66578287321616, 24.128430414990685], [120.662735706456, 24.127153582963327], [120.66264429603707, 24.127115277331058], [120.66255611108085, 24.127078325945977], [120.66017757785622, 24.12608160185127], [120.66008209058683, 24.126041588110013], [120.66001486115582, 24.126013415063525], [120.65998679010377, 24.126001650571514], [120.65987147712292, 24.125953328925448], [120.6597828201032, 24.125916174445347], [120.65956681377966, 24.12582565452861], [120.65954477132343, 24.12581626907569], [120.65949455029586, 24.12579488945312], [120.65941088925035, 24.125759270046018], [120.65935446140425, 24.125735247197703], [120.65931779412603, 24.12571963678369], [120.6592723000621, 24.125700268530128], [120.65897969948703, 24.125571169769092], [120.65878631097239, 24.125481965164237], [120.65854263155555, 24.125363829905993], [120.65830202212142, 24.12524050926868], [120.65806461632117, 24.12511206677116], [120.65805825652922, 24.12510849859169], [120.65805553146434, 24.125106970147048], [120.65797228445356, 24.125060257457147], [120.65769792443282, 24.124900959703382], [120.65760940867241, 24.12484746662842], [120.65755374109649, 24.12481382678807], [120.65749205045218, 24.124776545439286], [120.65733638697692, 24.124682475532087], [120.6551423838709, 24.12333355367168], [120.65514180830556, 24.123333200228597], [120.65382982291214, 24.1225265342578], [120.65373012982006, 24.122465237562988], [120.65363004984431, 24.12240370335792], [120.6504466638481, 24.12044632386384], [120.6504151212137, 24.12042692893006], [120.65028699826934, 24.12034814737227], [120.65024188636826, 24.120320407136923], [120.64945390048538, 24.119835875244377], [120.6488937377418, 24.119491425746105], [120.6488050531739, 24.119436894255884], [120.64873411186419, 24.11939327120847], [120.64820279606413, 24.11906655590619], [120.6421776098359, 24.115361320912086], [120.64214721087176, 24.11534262582967], [120.64212512807005, 24.115329046371574], [120.64210637645489, 24.115317513535057], [120.6420487447648, 24.11528207025299], [120.64196359558454, 24.11522970291252], [120.64194256363587, 24.115216768778676], [120.64191229044312, 24.115198151596747], [120.64188571179491, 24.115181805817294], [120.64105346885681, 24.114669972325565], [120.64053849760093, 24.11434856914161], [120.64012856209467, 24.114106873330247], [120.63970004634649, 24.113871850429376], [120.63929922775498, 24.113648936841354], [120.63893646650207, 24.1134529472985], [120.63853757656817, 24.113220970841194], [120.63816264720897, 24.113003903331396], [120.63789112687674, 24.112830122800712], [120.63785639673844, 24.112809350696], [120.63762024111358, 24.112668112116783], [120.63751154828128, 24.112600625558358], [120.63726129049564, 24.11244760040317], [120.6369991383258, 24.112288917702834], [120.63673996443823, 24.11212852606455], [120.63647526846333, 24.111965390384224], [120.63623155411207, 24.111815427420527], [120.63594011871105, 24.11163534412773], [120.63575185354256, 24.111518872248077], [120.63541787223623, 24.11131361210454], [120.63520914044932, 24.11118685688991], [120.63498453909796, 24.11104646712695], [120.63473389616743, 24.110892633328913], [120.63471719621474, 24.110882384853795], [120.63470049234013, 24.11087213275578], [120.63464767237471, 24.11083971219129], [120.63436624682699, 24.110668951859083], [120.63403388322217, 24.11046369619262], [120.63378073892136, 24.11030886343067], [120.63349366406158, 24.110150969196678], [120.63324687029096, 24.11000911147991], [120.63316133533294, 24.10996343448637], [120.63307561961956, 24.109919763327138], [120.63307490240952, 24.109919449190322], [120.63305905675652, 24.109911207096566], [120.63305833773359, 24.109910838779395], [120.63305552782826, 24.109909613073096], [120.63299819007875, 24.10988459236282], [120.63286857362553, 24.10981817009937], [120.6327156775129, 24.109753620438298], [120.63254044810402, 24.10967853207066], [120.63235857830496, 24.1096077868853], [120.6321708303376, 24.109537646747143], [120.63194152203117, 24.10946031645789], [120.63180510651888, 24.109414086355113], [120.6316400449392, 24.109366064285773], [120.63152642813272, 24.109333500597565], [120.63097967193974, 24.10918669173102], [120.63094339382299, 24.109177165767594], [120.63066297010121, 24.109105270369547], [120.62978864605346, 24.108881575090066], [120.62978864605346, 24.108881575090066], [120.62864697631512, 24.108610092323755], [120.62820778885984, 24.10854326657871], [120.62774415729827, 24.10850153752989], [120.6273415881959, 24.10848315593805], [120.62703535807248, 24.108480478381964], [120.6266074095411, 24.10849103328913], [120.6257929611116, 24.10855484224896], [120.62529576751601, 24.108613226476063], [120.62473505574106, 24.108692373144294], [120.62413822873293, 24.10878739727406], [120.623535, 24.108862], [120.6196025792799, 24.10925414067286], [120.61598, 24.109618], [120.61524434254368, 24.109694523724755], [120.61478845158582, 24.10975494062473], [120.61378451694591, 24.10984627886621], [120.61116487145532, 24.110142965997774], [120.60805552228993, 24.11046786597209], [120.60750058426565, 24.110525845355923], [120.60568117420715, 24.110726500158236], [120.60524250762953, 24.110774875200082], [120.60488506075916, 24.110814292466895], [120.60047773353011, 24.1112819832198], [120.59957912578602, 24.11140435635133], [120.59870929126691, 24.111566741749442], [120.59813610290597, 24.111703112714316], [120.59769215665177, 24.111819186297808], [120.5974105448431, 24.111900022466287], [120.596763598566, 24.11210917949797], [120.59553645823596, 24.112539687187684], [120.59471280006885, 24.112837970672675], [120.59290607857822, 24.113552153003514], [120.59222057645071, 24.113693231605343], [120.59096115766535, 24.11413573148217], [120.59016310938335, 24.114415117976627], [120.58918420990959, 24.11476975445083], [120.58698939924518, 24.115584117008996], [120.58649848524023, 24.11572998181906], [120.58615570638648, 24.115806223375024], [120.58572052395904, 24.11586741011132], [120.58535750235883, 24.11590070046225], [120.58495766611799, 24.115907343850495], [120.58455794699356, 24.115902076886858], [120.58420938130958, 24.115875955020044], [120.5838457114045, 24.115829726347716], [120.58343221617837, 24.1157618550241], [120.58312990588615, 24.11569048467329], [120.58305556319486, 24.115669535226623], [120.5828425898008, 24.11560952042545], [120.5824865754333, 24.115484221958248], [120.58216159863719, 24.11535596649193], [120.58162613446352, 24.11509049217825], [120.58131975300688, 24.11491663380945], [120.5811071137271, 24.11477575398949], [120.5808577429574, 24.114595351272502], [120.58042222783112, 24.114250337121195], [120.58025591707253, 24.114102684974434], [120.58007764557739, 24.11391550389377], [120.57972003247745, 24.11351685301306], [120.57956123371584, 24.113316652301293], [120.57915654464709, 24.112662276873984], [120.57896458192991, 24.112280026099516], [120.57873986144236, 24.11169971593981], [120.57861400598055, 24.11128526612945], [120.57835228720569, 24.11049782449045], [120.57801950610906, 24.109481091512375], [120.57789627308159, 24.109103711692626], [120.57770614345263, 24.108513790754383], [120.57748920752896, 24.10787008744078], [120.57728065546097, 24.107229144660167], [120.57709639621669, 24.106674489457507], [120.57695811711257, 24.10626242359499], [120.5767352801307, 24.105581765758483], [120.57652266368522, 24.1049292422542], [120.57629674809701, 24.104240909314303], [120.5761044436199, 24.10366694392738], [120.57606309138836, 24.103555016821343], [120.57588256153727, 24.103066384398982], [120.57569908433734, 24.102642157625525], [120.57552921718195, 24.10229935845223], [120.57535184896024, 24.101967516057776], [120.57515185111686, 24.101616876579804], [120.5749452551895, 24.101283807548914], [120.57469146276792, 24.100903941729975], [120.57443418542047, 24.100567074111282], [120.5741533850863, 24.100223034473785], [120.57384739984738, 24.099871771103885], [120.57356524860656, 24.099592060335922], [120.57330147831365, 24.0993254747781], [120.57305306541001, 24.099099825332054], [120.5727982774674, 24.098865903089212], [120.57251253190626, 24.098633241023382], [120.5725117097482, 24.09863260486777], [120.57223941578332, 24.098421670081994], [120.5721172183071, 24.098333799919757], [120.57211662365907, 24.098333372072602], [120.57158799466237, 24.097952801998993], [120.57097359250994, 24.097584305367185], [120.57010026994945, 24.097154519797506], [120.5694642794947, 24.096887406867097], [120.56910393999428, 24.096753351288207], [120.56885000339057, 24.096658877838202], [120.56920529993872, 24.09686796316689], [120.56709038295904, 24.096095316106712], [120.56612675159701, 24.09572727181878], [120.56565608501845, 24.095519505741425], [120.56516296471689, 24.095317596018006], [120.56420504198292, 24.094974313500067], [120.56328755501511, 24.09462839448082], [120.55951650676926, 24.09319486881316], [120.55747019, 24.09244482], [120.55542387, 24.09169477], [120.55337756, 24.09094473], [120.5524897692477, 24.090613376120373], [120.55184627113834, 24.090367340350316], [120.55142411114117, 24.09020961235624], [120.551031462895, 24.09006385831347], [120.54911000800965, 24.089379064104914], [120.54815758439547, 24.089032210313455], [120.54722579835266, 24.088690589905916], [120.5449586470759, 24.087858719643933], [120.54435105065889, 24.087637269874133], [120.5425134505747, 24.086892478096935], [120.54220655060988, 24.08674711636522], [120.54192420941001, 24.086586807700968], [120.54156409878578, 24.086340553968526], [120.5413554338827, 24.086180245360932], [120.54112411729196, 24.085965781584918], [120.54101382876313, 24.085853647453362], [120.54091642767679, 24.085739552422694], [120.54061491272404, 24.08532898501354], [120.53990555624678, 24.084347183869603], [120.53972009908537, 24.08408696494303], [120.53953464192395, 24.083795291610386], [120.53934143053115, 24.08347545759591], [120.53914821913835, 24.083070672692], [120.538402, 24.081859], [120.53776618092267, 24.080872695488413], [120.53762116640364, 24.080657980469415], [120.53725724028193, 24.080086206403585], [120.53686197318147, 24.079533086787503], [120.53657906785051, 24.079117354043063], [120.53638738392613, 24.07880998508436], [120.5360181426413, 24.078246775193524], [120.53568667850709, 24.077722189901426], [120.53548530344379, 24.07737618205899], [120.53532288041512, 24.07708595694102], [120.53516144958162, 24.076716847578837], [120.53499697057556, 24.076290310625055], [120.53486757387941, 24.075882570790917], [120.53481022329592, 24.075647973477903], [120.53472711632804, 24.07530801718921], [120.53445392776636, 24.0741033135029], [120.53431766546201, 24.073515612916726], [120.53427541884635, 24.07333340052359], [120.53427531232468, 24.07333294241422], [120.53427514770179, 24.07333223401661], [120.53425875168662, 24.07326128971611], [120.5330603505137, 24.068075548963613], [120.53305843546413, 24.06806642623859], [120.53305554500683, 24.068052656769577], [120.53302083736307, 24.067887308396113], [120.53298986506965, 24.067751455679392], [120.53273502488712, 24.06663085335866], [120.53245271427788, 24.065399988355562], [120.5323168932712, 24.064787098762814], [120.53229725829473, 24.064698498340135], [120.53223030570038, 24.064396375569057], [120.53165710781752, 24.061901672014745], [120.53164070345073, 24.06183027316463], [120.53162515483912, 24.061762600615822], [120.53161153069085, 24.061703305924663], [120.53123505462507, 24.06006472425264], [120.53035297314136, 24.056225380321504], [120.53034837341201, 24.056205359067086], [120.53030958551032, 24.056036527423984], [120.53027343246833, 24.055879164755698], [120.53026521167733, 24.055843376242542], [120.53006192102808, 24.054958497578767], [120.52862730714008, 24.048629994392876], [120.52862730714008, 24.048629994392876], [120.52861779590626, 24.048580834797207], [120.52856880850163, 24.04833362472931], [120.52856872934164, 24.048333223583942], [120.52856858934678, 24.04833251886624], [120.5285374781305, 24.04817551793445], [120.52847321192773, 24.04777370777617], [120.52843555487927, 24.047366542079047], [120.52842594816893, 24.04686732218113], [120.52843776361969, 24.046471785974074], [120.52845599805771, 24.04626534072834], [120.52852018470672, 24.045756761582247], [120.52862409719941, 24.045273761033556], [120.52875994795419, 24.044774916504565], [120.52888634205492, 24.044419497852804], [120.52888811128278, 24.044414521820123], [120.52892663105041, 24.044336072600245], [120.52895350185399, 24.044281345482837], [120.52915724213813, 24.043782097152214], [120.5291648134471, 24.043764099713268], [120.52917231334928, 24.04374627090265], [120.5292399567952, 24.04358233483937], [120.52951039202436, 24.04293553515565], [120.5298348925065, 24.04217019419951], [120.53027379794732, 24.041142143033618], [120.53039589208423, 24.040858802531353], [120.53071041138887, 24.04013492936982], [120.53109954403658, 24.039214149301923], [120.53273476072437, 24.03537777409373], [120.53280947760798, 24.035201586878394], [120.53299827579175, 24.034756268791543], [120.53305555387858, 24.034612293689857], [120.53305848366088, 24.034604928363105], [120.53342649212667, 24.033679886394403], [120.53386130972281, 24.032690137485154], [120.53443207945557, 24.031369153623967], [120.53489595726948, 24.03029798805505], [120.53539187775014, 24.029115791174796], [120.53594726675772, 24.027809320163282], [120.53609029117173, 24.0274767672837], [120.5361918808452, 24.02724055564795], [120.53625954044314, 24.027087955019443], [120.5362765901045, 24.027049500975775], [120.53629228097914, 24.02701411098942], [120.53656580543155, 24.026397193085185], [120.53706407839044, 24.025369970381888], [120.53723462225547, 24.024945848105098], [120.53731639162254, 24.024742497429738], [120.537901527272, 24.02333358776959], [120.53790168889985, 24.023333198188976], [120.53790199231744, 24.0233324686294], [120.53791296812598, 24.023304915251313], [120.53793532387033, 24.023254727096816], [120.53812947099446, 24.022762181531824], [120.53817219252849, 24.02265820456069], [120.53818566912057, 24.02262540451559], [120.53820037238333, 24.022589618546956], [120.5382558553806, 24.02245458020431], [120.53853583383619, 24.02179796743146], [120.53867706993, 24.021466905201915], [120.53869129728639, 24.021433556573772], [120.53880042204284, 24.021177761052694], [120.53906771847184, 24.02054772750653], [120.5393349355528, 24.01992238934151], [120.53936155512577, 24.01986014602346], [120.539376679911, 24.0198247819565], [120.53939153805392, 24.019790036500304], [120.5395634492974, 24.01938805773192], [120.53971189868385, 24.01904085530611], [120.53982883519164, 24.01878146793477], [120.53997521432055, 24.018468966951794], [120.54013902468364, 24.018152473865833], [120.54026826742707, 24.01792327207496], [120.54042047665651, 24.01766247216445], [120.54057287566002, 24.017422784207394], [120.54072093077501, 24.017199000929697], [120.54092666200468, 24.01691355810377], [120.54109308045354, 24.01669188813908], [120.54126610948067, 24.016471719486603], [120.5415535758985, 24.016115991127755], [120.54209140163775, 24.01546583144111], [120.54285850703518, 24.014533814061092], [120.542974757905, 24.01438785972166], [120.5430932911838, 24.01424379110389], [120.54310420773622, 24.014230522485395], [120.54321182518342, 24.01409972148777], [120.54333035793152, 24.013955652673282], [120.54344889041751, 24.013811582857485], [120.54356742361792, 24.01366751384921], [120.54368595557322, 24.01352344383672], [120.54380448824615, 24.0133793737288], [120.54392301966763, 24.01323530442253], [120.54404155180673, 24.013091235020823], [120.54416008171462, 24.01294716551493], [120.54427861332626, 24.012803095013613], [120.54439714368966, 24.01265902441103], [120.5445156747675, 24.012514954615945], [120.54463420558322, 24.012370883819585], [120.54474147145442, 24.012240503208943], [120.54474965120623, 24.01223056178673], [120.5447527351475, 24.012226813824896], [120.54476057824544, 24.01221728855913], [120.5447942388831, 24.01217641143514], [120.54487133308723, 24.01208279088843], [120.5449903200397, 24.011939038987375], [120.54507692526137, 24.011835282200007], [120.54511007350283, 24.011795824704702], [120.54523083857242, 24.01165333025624], [120.54535263580642, 24.011511579176975], [120.54547545732426, 24.011370575955777], [120.54559822350043, 24.01123153906391], [120.54559930014743, 24.011230328707853], [120.54572409562162, 24.011090793886254], [120.5458495290166, 24.010951744821817], [120.54594271867434, 24.010848807929893], [120.54597523663337, 24.01081290413685], [120.54610096848937, 24.010674081473553], [120.54622670007149, 24.010535259603483], [120.54635243236899, 24.010396436723717], [120.5464781624299, 24.01025761372844], [120.54660389319673, 24.01011879243224], [120.54672962369922, 24.00997996922051], [120.54685535392778, 24.009841146802014], [120.54697527488428, 24.009708737827996], [120.54698108487176, 24.00970232337382], [120.54710675573843, 24.00956345631822], [120.54723211165688, 24.009424348042142], [120.54735684773178, 24.00928477100864], [120.54748065709288, 24.00914450038474], [120.54759763689974, 24.00900981854882], [120.54760322892288, 24.00900331584148], [120.54772430727493, 24.00886104687431], [120.54784383323884, 24.0087176752542], [120.54797383832452, 24.008558153789284], [120.54798824117174, 24.008540143822458], [120.54807818063466, 24.008427679912078], [120.5481385880549, 24.008350927676673], [120.5481716051224, 24.008308539059154], [120.54819298524475, 24.00828108955629], [120.54830635289797, 24.008133557624888], [120.54831375305706, 24.008123782553003], [120.5483371691177, 24.008092850075275], [120.54841858657888, 24.007985296301065], [120.54853000794682, 24.0078365178221], [120.54864093377114, 24.007687427186454], [120.54869905667029, 24.00760913209054], [120.54875168377858, 24.00753822669153], [120.5488624266643, 24.007389021575012], [120.54897316831004, 24.007239816368884], [120.54908390969868, 24.007090611076055], [120.54919465083024, 24.006941405696516], [120.5493053926876, 24.006792200233175], [120.54941613330816, 24.006642993777287], [120.54950262747863, 24.0065264565271], [120.54952687464822, 24.00649378904346], [120.54963773244486, 24.006344656800874], [120.54974907055819, 24.006195826561335], [120.54980852777965, 24.00611699497532], [120.54986127146609, 24.006047544143154], [120.54997453422394, 24.00589994556951], [120.550088866646, 24.005753044405107], [120.55020426182837, 24.005606846947853], [120.55032071581903, 24.005461358601448], [120.55033115796978, 24.00544841129572], [120.55043817366226, 24.00531655392003], [120.55055633332256, 24.00517223156352], [120.55065576098751, 24.005051289977573], [120.550674812375, 24.00502813036319], [120.55079332940716, 24.004884054459012], [120.55089958468463, 24.00475522296832], [120.55137533877777, 24.004176658390737], [120.55169860050972, 24.003783533525414], [120.55265681301405, 24.00261871050184], [120.55371340498694, 24.001331508620396], [120.55469169099472, 24.000147652294906], [120.55564575499571, 23.998986477737205], [120.55609713811886, 23.998435363900086], [120.5561183247051, 23.998409496413498], [120.55613954187783, 23.998383591991775], [120.5561806437749, 23.998333409088712], [120.55618095960891, 23.99833302354462], [120.55618159029099, 23.99833225335652], [120.55636465936021, 23.998108733948644], [120.55721766714235, 23.997069072195377], [120.55760649364736, 23.99659628633116], [120.5577405994884, 23.996435280733525], [120.55790285617984, 23.996224821776533], [120.55802770932071, 23.99606253505238], [120.55804339037569, 23.99603433808245], [120.55805550465253, 23.99601594940337], [120.5580583479801, 23.996011633416924], [120.55806011345878, 23.996008951354796], [120.55824304516327, 23.995729876668896], [120.558357879727, 23.995556553952767], [120.55846851903735, 23.9953740804056], [120.55859201159736, 23.995157549642833], [120.55868980356998, 23.994960710178855], [120.5588273820897, 23.994679892459], [120.55893829786964, 23.994412688302056], [120.55904297224313, 23.994154441333016], [120.55922386367857, 23.993682289127378], [120.55941131785178, 23.9931870682285], [120.55960682770369, 23.992675353592364], [120.55970183601383, 23.99242298355989], [120.5597208749214, 23.99237241032827], [120.55973065966234, 23.99234642017913], [120.5597468898816, 23.99230330529795], [120.5597843011482, 23.992203928474876], [120.55979025172194, 23.99218812061441], [120.5598194110716, 23.992111359529968], [120.55999225318787, 23.99165635254513], [120.56020352400446, 23.99110307649485], [120.56040199202299, 23.990587748322106], [120.56062090148869, 23.990019962019062], [120.56074046199839, 23.989709857476207], [120.56099800746304, 23.989045839572288], [120.56106627227095, 23.988862634021338], [120.56108197644767, 23.9888204890286], [120.5610986744011, 23.988775675977166], [120.56112212848524, 23.98871272952276], [120.56126866816419, 23.988333136849025], [120.56152588035337, 23.987658515487837], [120.56175268723042, 23.987070074679217], [120.56190831916584, 23.986650804903928], [120.56202921574983, 23.98633983300997], [120.56212115420901, 23.98608658557346], [120.56222813777138, 23.985809651696847], [120.56236073488584, 23.9854650963571], [120.56244162822075, 23.985252182285333], [120.56250915992611, 23.985074437565064], [120.56270761652704, 23.984552560333107], [120.56292074688177, 23.98399337982018], [120.56312337011057, 23.98346443474369], [120.56333780287522, 23.982904083414855], [120.56362308498784, 23.98215197586449], [120.56388025535476, 23.98147941915459], [120.56410656770278, 23.980882476050002], [120.56429298426819, 23.98039520893543], [120.56452734244144, 23.97978033833407], [120.56454535814206, 23.979732782719108], [120.56459563448334, 23.979600064615653], [120.56476733190945, 23.979146832992225], [120.5647802015621, 23.9791128592577], [120.56495352066571, 23.97865565813103], [120.56512517473793, 23.978208139722142], [120.56527917716843, 23.977805503317832], [120.56541791708422, 23.97743899900769], [120.56552803675393, 23.97716028250685], [120.56563471100178, 23.976877647317814], [120.56577533390737, 23.976516055443334], [120.5660313186036, 23.97585064233274], [120.56617137870239, 23.97547743567663], [120.56625943685776, 23.975224273573964], [120.56639727290292, 23.974860722776384], [120.56657845150288, 23.974397662573494], [120.5667141132315, 23.97404052612182], [120.56686121239262, 23.973665460455035], [120.56698745505531, 23.973333807086593], [120.56698760177319, 23.973333422846615], [120.5669994456024, 23.973302307420667], [120.56705758143984, 23.97315094667361], [120.56714043869206, 23.97293521525372], [120.56740857531996, 23.97222798220694], [120.56745301969988, 23.97211258937218], [120.56749006043505, 23.972016414679622], [120.5677192144969, 23.97142143523691], [120.56796602560706, 23.970772182174542], [120.56819695884879, 23.970153854941653], [120.56830488723406, 23.969880560185317], [120.56834096731829, 23.969789197040825], [120.56839632410578, 23.969649019857798], [120.56858247680834, 23.969145221829336], [120.56880476519282, 23.968571980281144], [120.56898696626764, 23.968103420598638], [120.5690581182818, 23.9679118015964], [120.56908413716745, 23.96784173031551], [120.5691801634873, 23.96758312030003], [120.56929620545765, 23.967254972836322], [120.56930859969307, 23.967219925513234], [120.56936212882323, 23.96703886829072], [120.56938672956896, 23.96695131196222], [120.56945179215612, 23.966681575462925], [120.56949207608506, 23.96646832536226], [120.56953817174012, 23.96619982501147], [120.56956616412845, 23.96595515766019], [120.56961225930004, 23.965565069441645], [120.56964111818279, 23.96534078123645], [120.56964508381151, 23.965299687601973], [120.56965608966148, 23.96501327007326], [120.5696570838471, 23.964867123123152], [120.5696592513686, 23.964548683143807], [120.56966137152914, 23.964237102690443], [120.56965893215127, 23.963777325349362], [120.5696497145117, 23.963414152215364], [120.56965038184511, 23.963298375775405], [120.56964810833755, 23.963171045131958], [120.5696493305669, 23.962802574764144], [120.56964740697336, 23.962551486543408], [120.56965519605198, 23.96167705119758], [120.56965304694049, 23.961176276291372], [120.56964847008558, 23.960474154906297], [120.56965424926874, 23.959537908883338], [120.56965403514798, 23.959469999889176], [120.56965124605735, 23.958585432062986], [120.56964203816621, 23.957565708917688], [120.56964812328918, 23.956558756426563], [120.56965602787218, 23.955450234715148], [120.56965637052551, 23.9544741204192], [120.56964795658502, 23.953314821548283], [120.56965018979491, 23.952175417160635], [120.56964530638459, 23.951231815546084], [120.56964825300886, 23.950437269783148], [120.56963498813853, 23.949457475139127], [120.56961925714118, 23.948333817799014], [120.56961195385162, 23.94748882066158], [120.56961034950119, 23.946683007432846], [120.56960976335698, 23.946647946168067], [120.56960265587514, 23.94622279265225], [120.56959821016558, 23.946123020808542], [120.56959412841057, 23.9460314081093], [120.56959870700335, 23.945337118794125], [120.56960775087764, 23.944663801136784], [120.56960764506479, 23.94465423592128], [120.5695975445988, 23.943737876946734], [120.56959939208645, 23.942685685756377], [120.56959841484768, 23.941494604153508], [120.56960113814307, 23.940178234301264], [120.56960113890042, 23.9387928497128], [120.56960113866577, 23.938552376644793], [120.5696005390322, 23.937989927826486], [120.56960022715332, 23.937697672504612], [120.56960027800353, 23.93745807811404], [120.56959750210927, 23.936706384169554], [120.56960127321533, 23.936102087688635], [120.5696190098594, 23.935454180860937], [120.56964214846508, 23.93518609623533], [120.56967855565411, 23.934829759377703], [120.56972806462073, 23.934480484121025], [120.56979344319379, 23.934103406335655], [120.56986759639898, 23.933772403433533], [120.5699420719094, 23.933468832050803], [120.57003230435748, 23.93315923960379], [120.57016858781171, 23.932737302834752], [120.57030557867299, 23.932332568158333], [120.57047039776982, 23.931838998664418], [120.57068846591213, 23.931191406444345], [120.57090641150856, 23.930550794191227], [120.57113358042821, 23.92987406314723], [120.57137116886823, 23.92917934510339], [120.57172506252854, 23.928131113865373], [120.57174079004791, 23.92808393001788], [120.57208892625702, 23.927039492849772], [120.57220448047767, 23.92672160072612], [120.57236226950138, 23.926243475734033], [120.57237452465591, 23.926207404494335], [120.572564221236, 23.92564906510548], [120.57280126991796, 23.924955382088843], [120.57297690308404, 23.92443890977047], [120.57302525924779, 23.924296707624237], [120.57317607799094, 23.923840030750775], [120.5731828603899, 23.9238194948348], [120.57319063097742, 23.923795966577842], [120.57320164690952, 23.923762612402278], [120.57321203281751, 23.923731165312283], [120.57322002266112, 23.92370697309119], [120.57322911478879, 23.92367944301566], [120.57324142348895, 23.923642171817644], [120.57324942820678, 23.92361793358545], [120.57325587027032, 23.923598428792168], [120.5732559783916, 23.923598108545157], [120.57334518260176, 23.923333781031268], [120.57334531255209, 23.923333394026468], [120.573352827477, 23.9233111255676], [120.57361229787405, 23.922549793714353], [120.57383965274803, 23.92187528483944], [120.57408540666867, 23.921143657133197], [120.57434248253884, 23.920389456729247], [120.57456426934777, 23.919731372914082], [120.57476865828772, 23.919126674475763], [120.57493071164579, 23.91862968177782], [120.57503005180703, 23.91830011669561], [120.57508427161928, 23.91810945503987], [120.57510283439942, 23.91804418057495], [120.57519113164145, 23.917709707091674], [120.57531967698603, 23.917188214497713], [120.57556528802104, 23.916182542302177], [120.57583201190369, 23.915083600573396], [120.57607362903158, 23.914102276904053], [120.57628746836357, 23.913230956745323], [120.57651584054021, 23.912286027853444], [120.57661296717059, 23.911888139774934], [120.57661911674762, 23.91186280273244], [120.57663654993374, 23.91179099385192], [120.57685446270996, 23.910900887029253], [120.57706720560992, 23.910031461196624], [120.57718389210588, 23.909576422595833], [120.5772974400986, 23.90911039263915], [120.5774579117936, 23.90844337249751], [120.57758109604052, 23.907946127480393], [120.57782312373635, 23.906954563311967], [120.57802361388065, 23.90615042601355], [120.57820171759359, 23.905417947551204], [120.57832802359238, 23.904903592065608], [120.57843560956282, 23.90445689391745], [120.57855461872776, 23.903971195934222], [120.57865727687661, 23.903546871864293], [120.57866663006867, 23.9035076777391], [120.57868565804208, 23.903427938647006], [120.57869949563998, 23.903369952813907], [120.57877962957775, 23.90303416012461], [120.57898169512455, 23.902212841253558], [120.57899782370177, 23.902147286781343], [120.57915200924383, 23.90150829800507], [120.5791610904695, 23.901471411942644], [120.57917200682836, 23.901427076120974], [120.57918811017679, 23.901361668732257], [120.57928243596892, 23.900978549189897], [120.57944126264768, 23.900343018359226], [120.57989639074532, 23.89833350622135], [120.57989648239824, 23.898333103754457], [120.57989667368629, 23.898332260015486], [120.5800802985964, 23.89764562468443], [120.58012452970597, 23.897480232244142], [120.5803824098511, 23.8966561862725], [120.58047983697698, 23.896257476523015], [120.58061680987896, 23.89568208428728], [120.58086153781052, 23.894727121842607], [120.58103028585722, 23.893965468532883], [120.58119535910689, 23.89316320902578], [120.58139721946192, 23.892339990632802], [120.58147016973032, 23.892034876806377], [120.58153326505357, 23.891734271665], [120.58160763804341, 23.891416508513064], [120.58172986329264, 23.890939998778137], [120.58183283726463, 23.890514355992785], [120.5819389001564, 23.890095696823792], [120.58207379642312, 23.88952030968634], [120.5821802965164, 23.889091905877684], [120.58232319807118, 23.888501202571987], [120.58233297877676, 23.888461506337723], [120.58242309536341, 23.888095736416126], [120.58252455024765, 23.887690033304125], [120.58260583524084, 23.88735219203975], [120.58273922516874, 23.886796352550114], [120.58284739454062, 23.886360440020237], [120.5829289193142, 23.88599811282384], [120.58293823271289, 23.885961627078643], [120.58302546816493, 23.8856198620268], [120.58305553108309, 23.885496056238214], [120.58305816917114, 23.885485192709396], [120.58305970067491, 23.885478886105634], [120.5834326857923, 23.883933021952185], [120.58355692741229, 23.88344246652665], [120.58364529441027, 23.883078361307863], [120.58372696501488, 23.882738438915993], [120.58380950447905, 23.882400279573996], [120.58392393916643, 23.8819358179016], [120.58407347277729, 23.88130565205213], [120.58417645289825, 23.880882054917613], [120.58429094328031, 23.880417747407595], [120.58439496920934, 23.879985999195842], [120.5844382775954, 23.879810033419194], [120.58443843776175, 23.879809384626355], [120.58445375365261, 23.87974715452856], [120.5845667256423, 23.879288142072195], [120.58473773023776, 23.878576350936257], [120.58482961976003, 23.87821401590542], [120.58496948746259, 23.87762714564852], [120.58514753602, 23.87690020318254], [120.5851645678977, 23.87683018509509], [120.58516963128828, 23.87680937024827], [120.5851763950691, 23.876781567490134], [120.58525427794329, 23.87646139130248], [120.58535771542056, 23.87603969137054], [120.58545827036217, 23.875625359827247], [120.58555629951077, 23.87522078234852], [120.58563873233939, 23.874882187884694], [120.58573727112892, 23.87447785540949], [120.58582536255032, 23.874119564486573], [120.58591277096717, 23.873756358666707], [120.58599391278962, 23.873424817965258], [120.58601063860458, 23.873355956510103], [120.58601626646283, 23.873333550325313], [120.58601637286681, 23.87333312893066], [120.58604684912075, 23.873211815570038], [120.58615571085811, 23.872768909967345], [120.58619716651943, 23.872597840650748], [120.5862114699174, 23.872538817591423], [120.58622228501216, 23.872494189122463], [120.58629005278966, 23.87221454761956], [120.58646935901182, 23.871485628855716], [120.58663031908135, 23.870819640889255], [120.58680533270172, 23.870152229411175], [120.58690119007895, 23.869804324397798], [120.58701815301112, 23.86941752143647], [120.58715094648088, 23.8690172444399], [120.58735935455327, 23.868449462783307], [120.58744132590184, 23.868240590008522], [120.58748280591881, 23.868134890785544], [120.5875817192009, 23.867882846863345], [120.58789693525229, 23.867124248451876], [120.5882302909068, 23.86632166144383], [120.58848295230327, 23.865698330757326], [120.58866362437001, 23.865265881313814], [120.58869234939131, 23.865197127368567], [120.58871602290186, 23.865140464075775], [120.58873445298757, 23.865096350531164], [120.58880366685607, 23.864930681864198], [120.58898223404185, 23.86449126545644], [120.58921675369048, 23.86392427374674], [120.58951078130731, 23.863213265820868], [120.58968187218846, 23.862826451124803], [120.59015407805175, 23.861724968870895], [120.59041360305788, 23.861119584565117], [120.59099030909567, 23.859528257577686], [120.59144865488841, 23.858424856642824], [120.59341180944105, 23.85369884714747], [120.5934815118497, 23.853529699091307], [120.59367361162248, 23.85307244871156], [120.59416503600289, 23.85188854711788], [120.59444775241055, 23.85121901275667], [120.59494415620186, 23.850008704346806], [120.59525004181471, 23.849321830035223], [120.59560873876565, 23.848458079102112], [120.5956593970926, 23.84833382655711], [120.59565955438345, 23.84833344050286], [120.59569329753603, 23.84825067431156], [120.59588635536876, 23.847795006095144], [120.5960839935981, 23.847315854569764], [120.59625353792579, 23.84690164048777], [120.5964454999898, 23.84642539010294], [120.59659119180344, 23.846070094497325], [120.59675768387633, 23.845671052344372], [120.59692054449705, 23.845283791342904], [120.59697457812986, 23.845159278937885], [120.59698952686205, 23.845124833058815], [120.59699694832946, 23.84510773142854], [120.59708065771416, 23.844914836808357], [120.59725344398298, 23.84446950574491], [120.59739758743962, 23.844089636525847], [120.59754399534607, 23.84376491689171], [120.59768745807521, 23.843420595151052], [120.59783116838045, 23.8430689599139], [120.59796564229077, 23.84274533736705], [120.59808298722488, 23.842462808922505], [120.59820255878452, 23.842171131053824], [120.59830613436684, 23.84191899539908], [120.59840071170859, 23.84168466157289], [120.59850123850777, 23.841447165657613], [120.59860788913188, 23.841184293437312], [120.5987462978978, 23.840853853948555], [120.59887290743039, 23.840548287281273], [120.59900793163536, 23.840223084913003], [120.5991586749886, 23.839858094556735], [120.59930348477383, 23.839500961522344], [120.59947976906584, 23.839075212797486], [120.59961530050235, 23.838736946166083], [120.59970105452257, 23.838538259077346], [120.59970853979699, 23.838520915465974], [120.5997554425845, 23.838412243018865], [120.599757582845, 23.83840703577831], [120.59975815450154, 23.838405645798662], [120.59988371748668, 23.83810014315737], [120.60002782441232, 23.837756428217762], [120.60015051991272, 23.83744798776654], [120.60027229448406, 23.83714869271916], [120.60038157263405, 23.8368877320166], [120.60052617808923, 23.83653420894348], [120.60065715639352, 23.83621928002832], [120.60078580246339, 23.835912443609743], [120.60091852988025, 23.835590728687738], [120.60106057924496, 23.835237190277933], [120.60119676869994, 23.834908963742915], [120.60135003799947, 23.834535634023272], [120.6014980912977, 23.834176375950463], [120.60167671521371, 23.833754054348162], [120.60180250976265, 23.83344720143592], [120.60193239570613, 23.833124690760716], [120.60206224420405, 23.832808448226046], [120.60217651491675, 23.832523470174454], [120.6023285493932, 23.83216371577716], [120.60247029199988, 23.831812007150877], [120.6026613886986, 23.831353171660304], [120.60269571763946, 23.831270749197657], [120.6028010269146, 23.831017910137838], [120.6029246675652, 23.830733252649164], [120.60303960274233, 23.830474155376898], [120.6031691190163, 23.830203392236463], [120.60333221718497, 23.82988368448863], [120.60347095187095, 23.829634670074643], [120.60364147149436, 23.82934977312535], [120.60384198606272, 23.82904232298626], [120.60402433467334, 23.8287724000143], [120.60421741894478, 23.82850959173028], [120.60443607127642, 23.82820826516655], [120.60463885301235, 23.82794212217526], [120.60479586043844, 23.82771882456866], [120.60492694811808, 23.827543200051814], [120.60509589189168, 23.827319715993816], [120.60541078637179, 23.826909195257336], [120.60590264052804, 23.826248747980248], [120.60626726860362, 23.825756686646624], [120.60665667049808, 23.82523225403404], [120.60712215238249, 23.824613957002597], [120.60758769421255, 23.823974576215846], [120.60804529838954, 23.823333342533346], [120.60804555364295, 23.823332997346903], [120.60805550558015, 23.823319535067814], [120.60805804530497, 23.82331609942398], [120.60873473178461, 23.822400705145114], [120.60930399846796, 23.821635088395197], [120.6094600096275, 23.821424598943747], [120.60971873825198, 23.82107743384896], [120.60997439551225, 23.82072856294801], [120.61022657518345, 23.820386824351154], [120.61046957435077, 23.8200582815275], [120.6108476081388, 23.819545563667592], [120.61113022760237, 23.819168833661426], [120.611464297923, 23.818717438341682], [120.6116174518966, 23.81850955614902], [120.61173614358859, 23.818345417860648], [120.61183330599607, 23.81821558310811], [120.61186613318173, 23.81817261777337], [120.6119670079488, 23.818040594457145], [120.61207776891331, 23.817910934618737], [120.6121657196086, 23.817806455210274], [120.61226806201552, 23.817692961512673], [120.61239891077727, 23.817550979504986], [120.61247504115425, 23.81747022360502], [120.61256772869243, 23.81737572369115], [120.61266116879956, 23.81728687907476], [120.61273403681757, 23.817219546455814], [120.61280929343911, 23.81714932218232], [120.6128533535007, 23.817108216040204], [120.61298943558413, 23.816991624486004], [120.61307884337411, 23.81691662639361], [120.61322129354777, 23.816803796104637], [120.61333031637625, 23.816720716753366], [120.6135291654012, 23.816591496075265], [120.61368648957256, 23.816478527441], [120.6146058688025, 23.815826529779567], [120.61540500694424, 23.815293071430457], [120.61585832159541, 23.81499038299507], [120.61608232148727, 23.814840810944293], [120.61608370908753, 23.81483987621686], [120.61695929820078, 23.814255204886436], [120.61786541754506, 23.813620926522162], [120.6188466235953, 23.812948152411625], [120.62104223642267, 23.81136094814179], [120.62150719674561, 23.811036000239433], [120.62200518448637, 23.810687970388766], [120.62317521114038, 23.809879841559113], [120.62333973273212, 23.809764724107875], [120.62403567841051, 23.80927775872006], [120.62459248307971, 23.80889472800878], [120.62527630394544, 23.808417984172134], [120.62600626947444, 23.80791194487423], [120.62669078403853, 23.80743921178036], [120.62735190334925, 23.806976582861946], [120.6277342241456, 23.806713249738102], [120.62817575257955, 23.8063820170334], [120.62852636677722, 23.806107969414608], [120.62863831632453, 23.806017236944843], [120.62890906004424, 23.80577986612537], [120.62931698717097, 23.805387411080233], [120.62942676866167, 23.8052817928016], [120.63033782221576, 23.804302259909527], [120.6303426151886, 23.80429710641619], [120.6303907919693, 23.804245308399487], [120.63040954448994, 23.804225146703676], [120.63042703662938, 23.804206121532047], [120.63128530475626, 23.803272652165692], [120.6327407613042, 23.801695006853873], [120.63305551590213, 23.801354511261852], [120.63305799058045, 23.80135183442738], [120.63342399487262, 23.800955895746114], [120.63422782216662, 23.80008630936944], [120.63503080637493, 23.799212565659435], [120.63508272148152, 23.79915648765178], [120.63563237887635, 23.798562747092486], [120.63578318907848, 23.79839775412761], [120.63584194381023, 23.798333472267487], [120.63584216725626, 23.79833322809016], [120.63639132480176, 23.797733240387508], [120.6373434846416, 23.796702654722278], [120.63782380287734, 23.796182684469432], [120.638064903498, 23.795921677898846], [120.6385410796038, 23.79540280443719], [120.63882832564552, 23.795083330853874], [120.63906876513563, 23.794845626740152], [120.63924079381994, 23.794638602366064], [120.6394971447068, 23.79429314001729], [120.63959828718535, 23.794147520424914], [120.63982634275173, 23.79377116311559], [120.64008963737056, 23.79326489335138], [120.64025032653052, 23.792917688642476], [120.64040109656837, 23.792491398376587], [120.64049135037446, 23.792230093134023], [120.64058249160308, 23.79187897506113], [120.64063805728243, 23.791599292941513], [120.64068501218877, 23.791302362071647], [120.64072102489838, 23.79097815676959], [120.6407416860382, 23.79066827023251], [120.64074627751039, 23.79035553533132], [120.64073731484122, 23.79007872515163], [120.64070820783006, 23.7897121850492], [120.64068141252993, 23.789464984176355], [120.64064788872223, 23.789263819123065], [120.64055173342707, 23.78875138521335], [120.64042813882317, 23.788128298686715], [120.64002503049653, 23.78610651254059], [120.64002468206124, 23.786104763576574], [120.63860516877321, 23.77898472868782], [120.63854977273316, 23.778716505861958], [120.63830107919298, 23.777505368129237], [120.6380712277206, 23.776411254917274], [120.63798485051294, 23.776081212184693], [120.63789224233678, 23.775780917639274], [120.63781189263672, 23.775532969974428], [120.63767865938003, 23.775188551992578], [120.63757227482085, 23.774938576433065], [120.6373962402228, 23.774570132592], [120.63729378582036, 23.77436737343526], [120.63698945331676, 23.773829457735104], [120.63698589186683, 23.773824094739318], [120.63688553730502, 23.77367296134665], [120.63674013801894, 23.773459623648982], [120.63664899523427, 23.77333352860993], [120.636590361931, 23.773252408500458], [120.63631205557238, 23.77289674717176], [120.63612914910024, 23.77267829010731], [120.63590167783131, 23.772423012922406], [120.63566218830505, 23.77217621395197], [120.6354904382267, 23.772017038191265], [120.63516283181434, 23.77171666479948], [120.63498693212661, 23.771562970555607], [120.63464368411326, 23.771303548619045], [120.6343233903926, 23.771069001173277], [120.634150557515, 23.770955697771498], [120.63391555600235, 23.770830490135346], [120.6337765098061, 23.770743635894647], [120.633600802935, 23.770640901580293], [120.63342365734513, 23.770545401877733], [120.63329280513153, 23.770475389926975], [120.63310115406408, 23.77037738488437], [120.6330580473823, 23.770356574616766], [120.63305552241509, 23.77035535592632], [120.63292066262811, 23.770290249018686], [120.63281410999787, 23.770237962872113], [120.63265631225497, 23.770167012247015], [120.63247598498101, 23.77008556317431], [120.63223273384281, 23.769983570450226], [120.63205031786028, 23.76990819381592], [120.63193953754217, 23.769862418263287], [120.63088507356093, 23.769423164065085], [120.62957643065975, 23.768880715711717], [120.6285902383236, 23.76847426655101], [120.62711093333894, 23.76785723129799], [120.62655836967471, 23.767628675187893], [120.62648225640625, 23.767597191432635], [120.6263656278574, 23.767548950711387], [120.62617157313817, 23.76746868284124], [120.62530960646829, 23.767110661739952], [120.6245625247176, 23.766800402430516], [120.624111753197, 23.766602497096862], [120.62379537335259, 23.76644775029712], [120.62359963084612, 23.76634858583537], [120.62350587314414, 23.766296561066326], [120.62330811730426, 23.766189070443772], [120.62314358609869, 23.766094095457294], [120.62282526030265, 23.76590152456751], [120.62264565272466, 23.76578767805208], [120.6226375332636, 23.76578253204525], [120.62219241220528, 23.76547292377417], [120.62182116307437, 23.765200928703624], [120.62148245985766, 23.76493961068081], [120.62118551781418, 23.764712982676535], [120.62078170949194, 23.764404793622774], [120.62000707793575, 23.763811996065996], [120.61971242085602, 23.763587122635833], [120.619437984164, 23.76337767878317], [120.61488651115081, 23.75988284348133], [120.61484958471988, 23.759854934046263], [120.61048119807747, 23.756553255539718], [120.61043144503093, 23.75651472218907], [120.61033578560406, 23.75644063411316], [120.61030406945876, 23.75641607003733], [120.60998910404008, 23.75617212934515], [120.60955835308036, 23.75584175646085], [120.60949541738182, 23.755794735875043], [120.60903130032125, 23.755447977655376], [120.60855647608845, 23.75510215349752], [120.60849081227467, 23.755057308078587], [120.60806102580254, 23.754763783791606], [120.60805807726973, 23.754761683223354], [120.60805549877173, 23.75475984635853], [120.60802460378702, 23.754737838409543], [120.60764490256226, 23.754486728008228], [120.6073298640522, 23.754281154458663], [120.60718602048343, 23.754189809005695], [120.60715878259118, 23.7541725119576], [120.60711417661823, 23.754144185187993], [120.6069870042693, 23.754063425039924], [120.60656763822303, 23.753809606956864], [120.60614872618217, 23.753564877317217], [120.60570220033935, 23.753316262844244], [120.60534823733639, 23.753120527688953], [120.60505035515756, 23.752968119712026], [120.60469580156476, 23.752786678323478], [120.60436280074622, 23.75261393726613], [120.60391556928299, 23.752395510351683], [120.6036089266301, 23.752233567964012], [120.60354292963488, 23.752198714603924], [120.60335847703696, 23.7521076135915], [120.6031348915279, 23.751997185787168], [120.60266199372963, 23.751761908523495], [120.60223870279214, 23.751551390590436], [120.6017242873935, 23.75129400360219], [120.60131192552696, 23.751076791396542], [120.6007863197087, 23.75078597240484], [120.60039835476681, 23.750555707838142], [120.6000011186962, 23.750312038069215], [120.59956349082934, 23.750025841910222], [120.59919430935291, 23.74977276517544], [120.5987443161695, 23.749443592904505], [120.59820970054999, 23.74904857676901], [120.59819398078456, 23.74903696160508], [120.59814984193726, 23.749004347977547], [120.59813067305546, 23.748990184681634], [120.59810839351762, 23.74897346330136], [120.59809029017423, 23.748959876158544], [120.59744436433455, 23.7484750833627], [120.59725365030594, 23.748333787875392], [120.59725327740735, 23.748333511497183], [120.59725085405556, 23.74833171549158], [120.5968517356253, 23.74803284493726], [120.596168182529, 23.74752701690336], [120.59559944793291, 23.747105376953918], [120.59533024303676, 23.746898572588], [120.59499044184372, 23.74662920818024], [120.5947449812336, 23.746426414618647], [120.59451103323596, 23.746223812504443], [120.59425782568142, 23.745996929127877], [120.59404050301134, 23.74579727842044], [120.59370472373669, 23.74547876576946], [120.59341184331049, 23.745195778005478], [120.5931886697496, 23.74497788151486], [120.59297360357927, 23.744765931356465], [120.59275793605767, 23.744553269580248], [120.59257217038859, 23.744371123710835], [120.59236517962668, 23.74416758170521], [120.59222143640179, 23.744029836114596], [120.59206113957136, 23.74387056680218], [120.59203763257817, 23.743847543985872], [120.59190396550106, 23.743716629493377], [120.5917887603677, 23.74360379509436], [120.59167627216009, 23.743493622525282], [120.59157403004926, 23.74339348639468], [120.59114174298242, 23.742962966763002], [120.59079740687257, 23.74262649307907], [120.59021672272344, 23.742050668083905], [120.58902111063588, 23.740873305040175], [120.58815948498429, 23.740024743644355], [120.58720066463685, 23.73908179665885], [120.58636299231183, 23.738256228384913], [120.58580443491623, 23.73770758857273], [120.5853480410458, 23.737257847052195], [120.58507427170602, 23.736988324760972], [120.58507321857977, 23.736987288031216], [120.5850171359713, 23.736932076056135], [120.58494626762301, 23.736862308183383], [120.58447210436589, 23.73639549445748], [120.58384727977993, 23.73577722009198], [120.58344110406294, 23.735369765214294], [120.58328429132793, 23.735211599680532], [120.58307390745583, 23.735009813223492], [120.58306204574465, 23.734998436291207], [120.58305811759305, 23.734994668429948], [120.5830555291401, 23.734992185499266], [120.58305093407513, 23.73498777743784], [120.58266766009453, 23.734610953337185], [120.58224842779508, 23.73419727203653], [120.581851180859, 23.733807645560038], [120.58125164436828, 23.733213124066182], [120.58061430129193, 23.73258620923572], [120.58021152747922, 23.732193740894832], [120.5799718717268, 23.73195348992615], [120.57983440549663, 23.731819583722853], [120.57961511397936, 23.731605971299963], [120.57901493444727, 23.731015775522994], [120.57807847619236, 23.73009866729094], [120.57743877528611, 23.72946681454186], [120.57691887943682, 23.728958754950515], [120.57638095163735, 23.728423297701163], [120.57627680233017, 23.72831962651325], [120.57618442952773, 23.72822848738137], [120.57600387763587, 23.728050346133507], [120.57553372406348, 23.727586467103855], [120.57524610329875, 23.727302880799922], [120.57501070470545, 23.72707136744409], [120.5749268933459, 23.7269889394973], [120.57441492609992, 23.726480306409677], [120.57361107622408, 23.72568975913658], [120.57277199480784, 23.72485871862001], [120.57208488204161, 23.72418292054343], [120.57165718904112, 23.72376455147259], [120.57159994725524, 23.723708557609275], [120.5712323945724, 23.72334901285968], [120.57121683812629, 23.72333381694675], [120.5712165350535, 23.723333520834455], [120.57121469706038, 23.723331726046876], [120.57088184934538, 23.72300661673574], [120.57048734125937, 23.722621276969786], [120.57038848680918, 23.722524719335055], [120.56991245907912, 23.72205267937376], [120.56987106674468, 23.7220117155863], [120.56984017574561, 23.721981145315635], [120.56928132480856, 23.721428083183692], [120.56874503390996, 23.720902507945855], [120.56795413662977, 23.720115764613357], [120.56719662577723, 23.71937414285233], [120.56666685199679, 23.71884380919566], [120.56623568600804, 23.718424101699934], [120.56548229119564, 23.717673283661476], [120.56500859095952, 23.717246677395273], [120.56479911868257, 23.717072507943406], [120.56458420813999, 23.716893816166056], [120.5640829440288, 23.716534317046065], [120.56375378997392, 23.716321631228176], [120.56345417462161, 23.716145714965407], [120.563219323462, 23.716012671745105], [120.56316009534258, 23.71598096728442], [120.56291557820785, 23.71585633911525], [120.5624931343558, 23.71566261407494], [120.56195790811549, 23.715446293178022], [120.56140831215244, 23.715260207304727], [120.56080866107236, 23.715095797761887], [120.56042077641438, 23.715007398596935], [120.55999625884584, 23.714929479845388], [120.5595777067698, 23.71486958851916], [120.5594156061754, 23.71485335478124], [120.55914751441517, 23.71482650515181], [120.55867905902252, 23.714794450532718], [120.55826208556896, 23.71477283357398], [120.55806207012698, 23.714761784299522], [120.55805814211104, 23.714761570813906], [120.55805549075173, 23.714761425988833], [120.55701983985851, 23.71470498667704], [120.55659439975807, 23.714679829328123], [120.5560945258116, 23.714654081640713], [120.55563344013639, 23.71462777554505], [120.55561078088768, 23.714626590779993], [120.55545716102877, 23.714618555485483], [120.55443503241924, 23.71456508866222], [120.55309509986498, 23.71449543543912], [120.5524256831617, 23.714459379835052], [120.55120204795725, 23.71439589245512], [120.55115350263674, 23.714393373207034], [120.55044888455203, 23.714355602359714], [120.54968335542495, 23.714315166966518], [120.54909562114754, 23.714283361037282], [120.54828122727906, 23.714242053928537], [120.54754183328818, 23.71420396425795], [120.54705841403647, 23.71417756191672], [120.54696662555564, 23.714171927730202], [120.54662983189301, 23.71415125464641], [120.54626268315113, 23.714128982950783], [120.54596884978413, 23.714102587662364], [120.54584360739086, 23.714085385089238], [120.5455620617467, 23.714039948910592], [120.5452718402145, 23.713987378529016], [120.54484526335526, 23.713878072844434], [120.54456346234556, 23.71379343790013], [120.54426321122706, 23.713679591140963], [120.5439186161763, 23.71352795827002], [120.54368461899945, 23.713413967962648], [120.54342873627321, 23.713285230404427], [120.54334982622612, 23.713236480860648], [120.54318534226334, 23.71313368681814], [120.5430167250914, 23.713028308731754], [120.5424237582455, 23.71267190600855], [120.54222601592382, 23.712522607974137], [120.5418691369405, 23.71230085820592], [120.54102910817068, 23.71177782626973], [120.5408734693661, 23.711680919987206], [120.53987523991519, 23.711062652757363], [120.5388766892567, 23.710436621670972], [120.53799431390954, 23.70987881471576], [120.5378931978219, 23.709814979698564], [120.53749338622328, 23.709562575801925], [120.53731978681459, 23.7094682705946], [120.53716927557734, 23.709383696950393], [120.53631595840187, 23.708848821649678], [120.53592800978895, 23.708608683661616], [120.5357248290229, 23.70848252684325], [120.5356838390841, 23.70845707640905], [120.53551768046356, 23.708352888634504], [120.53538340030809, 23.70826869066872], [120.53529652266985, 23.70821270381409], [120.53500756087094, 23.70802648373132], [120.53492348576289, 23.707972302907024], [120.53443716756279, 23.707624941069724], [120.53411415314706, 23.707368818076862], [120.53391370802036, 23.70718803825228], [120.53366818083701, 23.70696201979722], [120.53306227381793, 23.70637236818881], [120.53305834335445, 23.706368517797095], [120.53305554942958, 23.706365778780757], [120.53252450545097, 23.705845178161567], [120.5320175135793, 23.705359040859047], [120.5317200315317, 23.705073792531447], [120.53063362564023, 23.704014489678958], [120.52986336776215, 23.703267088184102], [120.52939462130495, 23.702811832728674], [120.5292157842634, 23.702639408184186], [120.52912665225527, 23.702553470307386], [120.52886368281574, 23.702299926455606], [120.52847055115937, 23.701915459304168], [120.52802283883885, 23.701477051867478], [120.52765075316643, 23.701130412725274], [120.5271931741565, 23.700722045383365], [120.52670039996248, 23.700344492272517], [120.52652781545048, 23.700225295007534], [120.52637044062601, 23.70011743846331], [120.52615609488501, 23.699980873465595], [120.52594724624156, 23.699858317461953], [120.52573444538349, 23.699737610999094], [120.52558371406498, 23.699657238812257], [120.52556174397043, 23.69964552404312], [120.52540300520761, 23.699561385224413], [120.52533000189916, 23.699525019032258], [120.5249636062502, 23.699350510042255], [120.52371277238684, 23.698800658428027], [120.52262795869184, 23.698333778167928], [120.52262693264116, 23.698333337062557], [120.52262276578678, 23.69833154355268], [120.52202542726162, 23.69807071631788], [120.52192267242921, 23.698025848198533], [120.52187596303857, 23.698005452993712], [120.52184325764246, 23.697991178030414], [120.52161851030999, 23.697893080115342], [120.5210967461813, 23.697665339286033], [120.52014462221186, 23.697247922407158], [120.51934908315421, 23.696897039245787], [120.51930195142384, 23.69687625097378], [120.51844873122398, 23.696507075922522], [120.51775585250842, 23.696201234453575], [120.51703801873131, 23.695884712082997], [120.51617091837417, 23.6955055522229], [120.51547376495611, 23.695199540096414], [120.51541487267002, 23.695173689712497], [120.51534541922194, 23.695143201993897], [120.51434392407722, 23.69470583640168], [120.5128985652093, 23.69407249989868], [120.51208760031103, 23.69371702723356], [120.51102684808936, 23.693250181118138], [120.50960554190608, 23.69262342042552], [120.50860675745899, 23.692185278110117], [120.50835643555648, 23.692075555341383], [120.50829656800799, 23.692049314514062], [120.5080626456373, 23.69194678675893], [120.50805871593644, 23.691945138089753], [120.50805550774993, 23.691943794208225], [120.50796344080544, 23.691905162410723], [120.5074067431172, 23.69165885871445], [120.50697862249243, 23.691468034705082], [120.50637061674803, 23.691203621904734], [120.50581212034348, 23.69095746933323], [120.50521428312778, 23.690699405288978], [120.50470299703947, 23.690475739112085], [120.50426278805827, 23.69028400214943], [120.5038399348803, 23.690097656119825], [120.50321079700628, 23.689816395150217], [120.50317726867769, 23.689801984517615], [120.50283572060209, 23.689655202947296], [120.50223681878808, 23.68938883483084], [120.50168568466844, 23.689147169928304], [120.50106368796074, 23.688872713646095], [120.50057081268281, 23.688658818279368], [120.50014884126283, 23.688472862423676], [120.49970286328201, 23.68827789749013], [120.49931523743874, 23.688105874829], [120.49894523023396, 23.687944680658028], [120.49851048014509, 23.687755509608284], [120.49810703958487, 23.68757639859577], [120.49770789520157, 23.687402293906473], [120.49738232022544, 23.687258586220462], [120.49725780102784, 23.687203624531243], [120.49720768406944, 23.687181501572095], [120.49709647359019, 23.68713339136381], [120.49683033622728, 23.687018255911514], [120.49630199092506, 23.686786416230802], [120.49577056520829, 23.68654783760458], [120.49530463521398, 23.686345824235804], [120.49481375735058, 23.686129966825792], [120.49462084231506, 23.686046679460954], [120.49457398399055, 23.686026453500986], [120.49442318165814, 23.68596092028552], [120.49431286069806, 23.685906417970596], [120.4938028344554, 23.685678548561107], [120.49344412794335, 23.68552713040119], [120.49321486565586, 23.68542666529596], [120.49290836653415, 23.685294288826285], [120.49274831918585, 23.685223865743538], [120.49273382738902, 23.685216305561863], [120.49250852378911, 23.68511676438856], [120.49237057629475, 23.685051596387968], [120.49216150281754, 23.684951394566422], [120.49185116666541, 23.684790036149444], [120.49162239436943, 23.68465988967823], [120.49138942064887, 23.684521015409956], [120.49100076052365, 23.68427246006731], [120.49075648283392, 23.6841008150264], [120.4906641366168, 23.684031271576536], [120.49060832379878, 23.683986815371302], [120.49050215255453, 23.683902228014183], [120.49020458644854, 23.6836651491224], [120.48980431510188, 23.6833099027499], [120.4895781855275, 23.683098846816343], [120.48951334816562, 23.683027921503577], [120.48941637633378, 23.682920337985152], [120.48934278271227, 23.68284458896198], [120.48919757995336, 23.68268962092045], [120.48903860670282, 23.682500673683307], [120.48870905849228, 23.68211630224677], [120.48850951595858, 23.6818717510629], [120.4884633799303, 23.681815217216215], [120.48826955649271, 23.68157767360669], [120.48767406216547, 23.680846908451112], [120.48742009571662, 23.68053525670251], [120.48480624736803, 23.677371233779386], [120.48223079148838, 23.674183770425923], [120.48089765629776, 23.67256395505178], [120.47707167555173, 23.667915227392935], [120.4770641733254, 23.66790600079981], [120.47686085235935, 23.66765602225827], [120.47658548868881, 23.66731676717617], [120.47658369450329, 23.6673143411533], [120.47633222434199, 23.666974832232246], [120.4760890985733, 23.66662539134754], [120.47589463612492, 23.66630600302216], [120.47577145300181, 23.666083040086797], [120.47574569899689, 23.666036440917757], [120.4757111949924, 23.665973983056723], [120.47570293150342, 23.6659590380154], [120.47568535747328, 23.665923753651036], [120.47563710906792, 23.665826909276472], [120.47546918186667, 23.665466931350984], [120.47538895998437, 23.665280449078136], [120.47527204578364, 23.66497081269817], [120.4752220648726, 23.664819422863445], [120.47509865506399, 23.66441813082629], [120.47508793402284, 23.664372991098205], [120.47506188335197, 23.664263336324534], [120.47502773550428, 23.664133969342437], [120.47493322763665, 23.663673558197456], [120.47480133439682, 23.662912872596976], [120.47474940786806, 23.662588710471436], [120.4747431428859, 23.66255209180586], [120.4747022591072, 23.66231277415945], [120.47462748434346, 23.66187515743005], [120.47462313211729, 23.661848080620384], [120.47453597182698, 23.66130616474657], [120.47443539902106, 23.660696236641527], [120.4744107143815, 23.66054923945007], [120.47435317786405, 23.660206574266898], [120.47425895981146, 23.659598879817725], [120.4741582543859, 23.65901537194188], [120.47404489019372, 23.65832994773133], [120.47396270201808, 23.657849883746866], [120.47388234787653, 23.65734767602079], [120.47387428563538, 23.657297307969106], [120.47386929339207, 23.657266111402304], [120.47386843268436, 23.657260726767934], [120.47386649137155, 23.657248566175916], [120.47386295630896, 23.657228029624076], [120.4738589900631, 23.65720500843562], [120.47384987927074, 23.657152108501393], [120.47384277081287, 23.657110818553093], [120.47381203757524, 23.656932359201733], [120.473804651367, 23.656889442958402], [120.47379534918801, 23.65683538656561], [120.47379076990464, 23.65680878752436], [120.47378543381218, 23.656777788440042], [120.47377635168841, 23.656725087250614], [120.47367766464066, 23.65612569345365], [120.47367370268402, 23.656101615795386], [120.47366963539403, 23.656076914728562], [120.47357279676926, 23.65547146816201], [120.47347148321009, 23.654855224813588], [120.47336149754989, 23.654204142322588], [120.47331373393206, 23.65392402252695], [120.4733116790932, 23.653908412184364], [120.47328761913968, 23.653774916281307], [120.47327741601644, 23.65371829233968], [120.47327319072619, 23.653693915790285], [120.47326514273739, 23.653647439549133], [120.47322369551358, 23.65340812843399], [120.47316396475155, 23.65300535328778], [120.47307120543933, 23.652464229796493], [120.47296191644469, 23.65178699013446], [120.47287170698584, 23.651216591731473], [120.4727809654897, 23.65068129901216], [120.47269531540275, 23.650113372037783], [120.4725815141238, 23.64948921141134], [120.47249010097919, 23.648911738293794], [120.47240013087567, 23.648380366765753], [120.47239280926073, 23.648333784571783], [120.47239276155442, 23.648333459339213], [120.47239247466482, 23.64833167047675], [120.4723466823965, 23.648049805173944], [120.47234165707044, 23.64801969198623], [120.4722862075877, 23.647687100893737], [120.47221602421695, 23.647247412176636], [120.47212839685044, 23.646706774851438], [120.47203242993146, 23.646175608331635], [120.47193379051106, 23.64556805012993], [120.4718582053944, 23.645107149989606], [120.47178026593771, 23.644607775114025], [120.47170481900909, 23.644161539614704], [120.47161838182511, 23.643647688091377], [120.47153413588264, 23.643147280206822], [120.4715144015136, 23.643026115196687], [120.47148372391075, 23.642837749726887], [120.47142173336617, 23.642458199316664], [120.47133127484284, 23.64191625137196], [120.47124967030935, 23.641427365170767], [120.47115565484623, 23.64087085804132], [120.47107311306354, 23.64035940319347], [120.4710083601897, 23.639970226441523], [120.4709533298597, 23.63963247104799], [120.47093647104407, 23.639530087099303], [120.4708761362664, 23.63916367270106], [120.47079452043428, 23.6386661988181], [120.47071105610779, 23.638138631472394], [120.4706303182869, 23.63764978385316], [120.4705247500106, 23.63703044391057], [120.47042882667593, 23.636418505059048], [120.470391191541, 23.636208606662958], [120.47031869700471, 23.63578839491237], [120.47023679687352, 23.635284607822168], [120.47015496748584, 23.634765822505614], [120.47007504902533, 23.634313005917665], [120.47006822808196, 23.634271463860127], [120.4700255794897, 23.634011983950238], [120.46993930678842, 23.63351391556931], [120.46985569657595, 23.63299005823931], [120.46977028126526, 23.632469219633464], [120.46970123786193, 23.63207154846074], [120.46964697204236, 23.631706127834036], [120.4696222186098, 23.631554388640012], [120.46960354851782, 23.631439899878263], [120.46959050228759, 23.631359932998116], [120.46956954611562, 23.63123147642767], [120.46953004123957, 23.631007096649796], [120.46951135236489, 23.63089487427321], [120.46948153452335, 23.630715802746472], [120.46940460229858, 23.630250245857784], [120.4694031766436, 23.630241644663332], [120.4694028511723, 23.630239720214206], [120.46931795787995, 23.629736097323196], [120.46928605864295, 23.629546866475785], [120.46922444833503, 23.62914544597766], [120.4691636169175, 23.628789890194575], [120.46915025588912, 23.628711797659648], [120.46910824069631, 23.628466216315402], [120.46901125459027, 23.627888222517075], [120.46897009018573, 23.627638362121846], [120.46889225416793, 23.627151329010957], [120.46885254483423, 23.62692230698698], [120.46877459424715, 23.626451487212297], [120.4687408412831, 23.62622653267202], [120.46866887790891, 23.62578526240471], [120.46863207221506, 23.625581017040115], [120.46856002233478, 23.62513924976379], [120.4685145096998, 23.624860838471054], [120.4684188695357, 23.62437189201328], [120.46838051313094, 23.62422327355582], [120.46830369039873, 23.623903313761538], [120.46825635414969, 23.62373651830797], [120.46821489550334, 23.623579120379247], [120.46814628458456, 23.623333815028804], [120.46814619281074, 23.62333348603123], [120.46808610079918, 23.623128391347066], [120.46806750043257, 23.62307440551295], [120.46803594321675, 23.622982807873594], [120.46801560125265, 23.622923761206515], [120.4679201419261, 23.622657724394447], [120.46779604453393, 23.622316836488835], [120.46763375153199, 23.621930180169887], [120.46752184352358, 23.621666977999677], [120.46729931984214, 23.62117660024727], [120.4671143163458, 23.620801759406564], [120.46680746878828, 23.62019001228333], [120.46674934868615, 23.62008161264214], [120.46659801594394, 23.619774555857905], [120.46646534209219, 23.619484412595842], [120.46633144008766, 23.61922132356214], [120.46619834455348, 23.618970474311393], [120.46606375885709, 23.61870151154575], [120.46595195631217, 23.618478026871056], [120.4658463633252, 23.61826711123627], [120.46574177059999, 23.618057076664513], [120.46563727570505, 23.617841364447152], [120.4654714170043, 23.617506744675264], [120.46543104706748, 23.617423820821802], [120.46528503039917, 23.617123873023825], [120.46510635228996, 23.616762018286202], [120.46496244535574, 23.61648297772922], [120.4648928566046, 23.616342776582393], [120.46482612431113, 23.616203854837156], [120.4647522652823, 23.616049144334823], [120.46465607069293, 23.615871841962175], [120.46458076109232, 23.615713420561395], [120.46446027843992, 23.61546887093899], [120.46434498326276, 23.61524141439777], [120.46424760641348, 23.615041833081417], [120.46411329257081, 23.61477012269234], [120.46401602925995, 23.614573635216413], [120.46388699860164, 23.614320161314517], [120.46375896237863, 23.614058912505104], [120.4636606262803, 23.613861411570902], [120.46347559661835, 23.61348954788114], [120.46333177684973, 23.613210049194326], [120.46312967583309, 23.612798395122134], [120.46301863597643, 23.612573877945806], [120.46301367135605, 23.61256383412586], [120.46299772583414, 23.61253158425707], [120.46297553276038, 23.612486694585925], [120.46286950307244, 23.612272226698355], [120.46281180718918, 23.612155134992076], [120.46277644561962, 23.61208337049648], [120.4626760017186, 23.6118820023177], [120.46256073995778, 23.611650732189062], [120.46244969239358, 23.611429051725647], [120.46235447681003, 23.61123623817741], [120.46217481980673, 23.610870302410248], [120.46209203719673, 23.61071474703212], [120.46193269585183, 23.610393363786443], [120.4617187340945, 23.609959744291572], [120.46163169477441, 23.609781406264343], [120.46148112679036, 23.609487631674945], [120.46138138565412, 23.609282377775102], [120.46119269107965, 23.608898507999346], [120.46109400035242, 23.60869372259097], [120.46106552434433, 23.60863517769818], [120.46100106277123, 23.608502649825645], [120.46095439974366, 23.60840671092299], [120.4607941985243, 23.608100919717977], [120.46070045315406, 23.607929299493637], [120.46060120732669, 23.607715886610325], [120.4604672182484, 23.607430908535715], [120.46028694072925, 23.60707423384458], [120.46012938136539, 23.606754114575413], [120.45999773250948, 23.606491568744445], [120.45986721906098, 23.606229697662243], [120.45971368282716, 23.605922333863433], [120.45969049861404, 23.605875941327852], [120.45931662021599, 23.605127777117307], [120.45911085232571, 23.6047116171947], [120.4589330212385, 23.60436729764402], [120.45874799513403, 23.604037230673967], [120.45858164068582, 23.6037672512508], [120.45836198724659, 23.60344823651088], [120.45816223818213, 23.603190937135036], [120.45806202321542, 23.603077122972856], [120.45805809622435, 23.603072751501905], [120.45805549578866, 23.603069856512683], [120.45789500776418, 23.602868214241205], [120.45765365565295, 23.602592016854917], [120.457358156076, 23.602280622384498], [120.45717152739527, 23.602079202259194], [120.45690330984901, 23.60184930835942], [120.45606159695585, 23.600980237895858], [120.45597267234957, 23.600887313547368], [120.45548025123693, 23.600372743812468], [120.45486190840596, 23.599744522624675], [120.4545276932312, 23.59940617756141], [120.45430913714135, 23.59917889803515], [120.45408290497696, 23.59895322380449], [120.45367387124848, 23.59855982760074], [120.45348634796653, 23.598333597905132], [120.45348605322822, 23.598333315139204], [120.45348418328615, 23.598331524276794], [120.45339120553581, 23.598193046132554], [120.45326038317758, 23.598078383455324], [120.45298286101156, 23.597843381725045], [120.45269238480105, 23.59752873916731], [120.4523883593125, 23.59724516849021], [120.45188132504289, 23.59671410006716], [120.45144671087556, 23.59626558311493], [120.45124246671682, 23.596049126012], [120.45093569097791, 23.595739556050795], [120.45054070170411, 23.59533460083039], [120.45013434385619, 23.594914911136108], [120.44971045022248, 23.594478742150592], [120.44919951688209, 23.593954530170695], [120.44909393697631, 23.593846705108614], [120.44903908848934, 23.593790690343], [120.44814391218151, 23.59286961128682], [120.4477214852095, 23.59243495375201], [120.44701212452458, 23.591708116222097], [120.44648170927198, 23.591163297811544], [120.44587384472469, 23.590535519386794], [120.44586065813941, 23.590522637434876], [120.44573504962624, 23.5903914003383], [120.44543235904594, 23.59008020347858], [120.44511663212633, 23.589756650093506], [120.44490577954609, 23.589537324030033], [120.44469495055684, 23.58932047373173], [120.44448537404999, 23.58910603316097], [120.44428738448961, 23.58890378782953], [120.44409595194433, 23.588705300425836], [120.44390707886406, 23.588512915239654], [120.44370652583214, 23.588307006559198], [120.4435163799911, 23.58811095387393], [120.44332359084973, 23.587913621902487], [120.44311534781426, 23.58769674625373], [120.44264324905615, 23.58721153262996], [120.44254235610937, 23.58710860149333], [120.44232881502646, 23.5868903711967], [120.4421323080716, 23.586683371602533], [120.44195253890855, 23.586502043922078], [120.44175839617137, 23.58630340308484], [120.44155138331645, 23.586086430466164], [120.44137940919894, 23.58590265057772], [120.44124488072022, 23.585759247244514], [120.44107150487919, 23.585567967271302], [120.4409124889638, 23.585381679872302], [120.44078534726218, 23.585226136018008], [120.44077392008451, 23.585211230081867], [120.44071476638481, 23.585133830688285], [120.4405989748635, 23.584983721925145], [120.44046992837708, 23.584808061662432], [120.4403569503403, 23.584647990376382], [120.44024499731786, 23.584485621916766], [120.44018041981245, 23.58438620265197], [120.44006584556378, 23.584208109209403], [120.43995784416654, 23.584027579665843], [120.43985117733436, 23.58384707653038], [120.43973915475922, 23.583644618893494], [120.43962853840047, 23.58342901348476], [120.43952713233314, 23.58323034856167], [120.43945066353447, 23.58306786011221], [120.43935318678635, 23.582849793438452], [120.4392675835712, 23.582648091764835], [120.4391726887334, 23.582414170792255], [120.43915728727745, 23.582369981295493], [120.43910288285267, 23.582213876896226], [120.43907399458335, 23.582130987675058], [120.43900390602002, 23.581924431468348], [120.43893801069191, 23.58171606274328], [120.43888395374248, 23.58153549425503], [120.43884966700986, 23.581413096498956], [120.43882332942233, 23.581317489879385], [120.43876800840354, 23.58112138376836], [120.43865605045262, 23.580707437483223], [120.43861911724514, 23.58057530143317], [120.43860398628546, 23.58051136835494], [120.43853474157451, 23.58026524831102], [120.43844763509797, 23.57994040714266], [120.4383360531674, 23.579538469746566], [120.4382285415871, 23.57915447468677], [120.438131831192, 23.57880534823979], [120.43804344581376, 23.578481735657753], [120.43798479589866, 23.578271415166864], [120.4378420483399, 23.5777509409756], [120.43765963333301, 23.577084062421388], [120.43750520227849, 23.576525521220702], [120.43748984259332, 23.57646997043233], [120.43739577445766, 23.576129752779167], [120.4371753252507, 23.57532501916703], [120.43699876212459, 23.574680471699786], [120.43680865841287, 23.573982985726726], [120.4366621072816, 23.573450958277938], [120.43663122036467, 23.573333527835484], [120.43663115674912, 23.57333328380089], [120.43663067669736, 23.57333145262778], [120.43635651349717, 23.57239255269649], [120.43600029592275, 23.57108070994464], [120.43566255019643, 23.569859152583714], [120.43531353420653, 23.56852828947789], [120.4350013859793, 23.56739996929059], [120.4346540108904, 23.566130632183153], [120.43432195597991, 23.564929253929073], [120.43401864033909, 23.563830180428965], [120.43367133278535, 23.562558450000353], [120.43332677073266, 23.561317726158645], [120.43306200376469, 23.560348502146667], [120.43305807865262, 23.56033413227606], [120.43305556154694, 23.560324921742946], [120.43288607254401, 23.559704462792784], [120.43254868929807, 23.55845136528541], [120.43169026978784, 23.55520892857497], [120.43106761648842, 23.552857031988452], [120.43080941058203, 23.55213879456408], [120.43069728404794, 23.551731821206168], [120.43038997499123, 23.550588733742135], [120.42998447412725, 23.549184463659294], [120.42974649335461, 23.548333536921792], [120.42974593182367, 23.548331562754978], [120.42954282904633, 23.54761829098835], [120.42937971080931, 23.54702772708898], [120.42933990310235, 23.54688359908136], [120.42908590827982, 23.545964005841924], [120.42904637611574, 23.545820173132537], [120.42900224436002, 23.54565960755992], [120.42862383560961, 23.544282818539994], [120.42847500479573, 23.54373633536545], [120.42842585177821, 23.543555853086957], [120.42817459510233, 23.54263327394748], [120.42802731766635, 23.542030995414674], [120.42800032379216, 23.541861899759997], [120.42798770226214, 23.541782835337248], [120.42794165426281, 23.541494364212614], [120.42788675085785, 23.540997550105107], [120.42786147417232, 23.54049634083156], [120.42788020732998, 23.53983722477248], [120.42795084255796, 23.53917077042302], [120.42804913841829, 23.53859364841683], [120.42819819859494, 23.538015658164014], [120.42836038064685, 23.53751301369556], [120.42853914084915, 23.537065107202782], [120.42870790781338, 23.53669666946062], [120.42889523928434, 23.536324940546702], [120.42911112002929, 23.535961885404618], [120.42938520564311, 23.5355160972996], [120.42973410501406, 23.53494940090808], [120.43035171009848, 23.533954075879524], [120.43117020869569, 23.5326298941329], [120.43182503222971, 23.531562478137513], [120.43248911639246, 23.530495282469023], [120.43256790519506, 23.53036743292959], [120.43264081023786, 23.53024913170511], [120.43305556352247, 23.529576115153727], [120.43305793429553, 23.529572268054107], [120.43306185928833, 23.529565898264707], [120.43316792911311, 23.52939318825753], [120.43330918221443, 23.529163185610418], [120.43367324072459, 23.528570386020064], [120.43441241638182, 23.52738147591906], [120.43512353633999, 23.526225848815706], [120.43583831394517, 23.525068416358735], [120.43665833263333, 23.523763107485046], [120.43692197828737, 23.52333352957603], [120.43692210846407, 23.523333315136778], [120.43692320897136, 23.523331520373894], [120.43786336791574, 23.521805274314104], [120.43845005413444, 23.52086188966169], [120.43912843737604, 23.51976350697706], [120.43963819622827, 23.518938411074004], [120.4398933516674, 23.518526481061393], [120.43993569731325, 23.518458116728738], [120.44016127771678, 23.518093936215443], [120.44069801852801, 23.517227224613247], [120.44120381283524, 23.51640501096801], [120.4412079973843, 23.516398206643107], [120.44120939353442, 23.516395939743433], [120.4412095374976, 23.516395703678025], [120.44121899116413, 23.516380336293302], [120.4417846648985, 23.515465010126448], [120.442331219105, 23.51456208343334], [120.44239313596641, 23.51446318085886], [120.44300111030435, 23.513492023386302], [120.44349820721484, 23.512693249777712], [120.44362726097141, 23.512496926864294], [120.44379191123623, 23.512227347137213], [120.44389947097703, 23.512044272564673], [120.44403437445493, 23.511822455403443], [120.44422300454399, 23.51147466649409], [120.44455248217221, 23.51089611782929], [120.44495091838934, 23.510213418142236], [120.44539849902138, 23.50946761195692], [120.44586263189298, 23.508699900796756], [120.44606183149108, 23.508351881505384], [120.44622904293956, 23.508037530726103], [120.44635376593192, 23.507741885785876], [120.44649350951627, 23.507425650931324], [120.44660087411368, 23.50711375532515], [120.44671620808487, 23.506803603607572], [120.44678112358582, 23.506538318208175], [120.4469112116486, 23.506102175321207], [120.44701901378902, 23.505680023512642], [120.44717527922218, 23.505016583130143], [120.44735451078414, 23.50426226792705], [120.44753931204788, 23.503472591330212], [120.44779724210589, 23.50238401580505], [120.44804244115572, 23.501353743765755], [120.44825508420733, 23.50043789980975], [120.44846399822178, 23.499539814811932], [120.44867833669693, 23.49862683122668], [120.4487473618303, 23.498333806728173], [120.44874742961709, 23.49833351620595], [120.44874785222088, 23.498331720755612], [120.44889143309182, 23.497722195439252], [120.44912229726955, 23.496770330747086], [120.44939206216682, 23.495638718757835], [120.4496272614325, 23.494587707523102], [120.44980191845625, 23.493864154790664], [120.4498783920622, 23.493606022024014], [120.45001734797698, 23.492967210253983], [120.4500808794781, 23.49253656447295], [120.45012400298549, 23.49221125790069], [120.45013650449538, 23.491779302337658], [120.45013336205201, 23.491498112328646], [120.45010775659841, 23.491147270480457], [120.45008657978153, 23.490882260677505], [120.45004473517278, 23.4906444915344], [120.45001445752494, 23.490490143371844], [120.4499662789634, 23.49030566791576], [120.44988461007229, 23.49000079251154], [120.44977073049367, 23.4896697340534], [120.44966245049392, 23.48937948509221], [120.44953817035585, 23.489099471808238], [120.44940476751675, 23.488833296104072], [120.44925817498627, 23.488567796068146], [120.44907992062436, 23.488283672706274], [120.44889533859528, 23.488021704175505], [120.44868177900877, 23.487745474062365], [120.44839774254068, 23.487417144627464], [120.44822255437285, 23.487222771993938], [120.44787063660155, 23.4868312178072], [120.44752818312894, 23.486456780936212], [120.44713189429775, 23.486014717161154], [120.44678919202175, 23.485635681595454], [120.44625823691425, 23.48506011108886], [120.4457186079801, 23.484465019650326], [120.44514697279062, 23.483879335370762], [120.44456708864357, 23.48326401152978], [120.44398571681792, 23.482656650040983], [120.44386914626969, 23.482529152952008], [120.44340986571687, 23.482097368624597], [120.44277000883176, 23.481461381295965], [120.44216011113062, 23.481085451974323], [120.4411618249554, 23.4800012109454], [120.44054516171886, 23.479328851677405], [120.4404784257927, 23.47925608826977], [120.43862364035012, 23.47717934810245], [120.43841506434774, 23.476612808378462], [120.43801496729186, 23.476154095788896], [120.43735154622395, 23.47541400800431], [120.4370661150636, 23.475075998455456], [120.4360336034759, 23.47391459101812], [120.43554416012772, 23.473340604812282], [120.43516947406833, 23.472865902007534], [120.43468436095738, 23.472306422710354], [120.4339237037109, 23.471446816803546], [120.43330782290424, 23.47080058604889], [120.43305552529044, 23.47056872589988], [120.43216770720433, 23.469669612997354], [120.4320516202692, 23.469540078155152], [120.43127233904566, 23.468688103234125], [120.43047163711022, 23.467809523661078], [120.42959685582764, 23.46684668571222], [120.42884480091219, 23.46602145107017], [120.4285798400868, 23.465727066826425], [120.42787436557023, 23.464948547332003], [120.42704765640337, 23.464021956913268], [120.42564448227849, 23.462421250390292], [120.42479779705036, 23.46149017352486], [120.4245658300775, 23.461227717456357], [120.4245149882557, 23.461175590852495], [120.42447616869818, 23.46113578743792], [120.42444944055323, 23.461108382424726], [120.42444934703472, 23.461108279138877], [120.4243909086218, 23.461046919392828], [120.42379456317634, 23.460388053955622], [120.42279423748586, 23.4592865555485], [120.42244791935853, 23.458909986877252], [120.42190576660204, 23.458313338601275], [120.421566520159, 23.45794917871235], [120.42109137465812, 23.457425840572288], [120.42049966159527, 23.456831425403664], [120.42017145048558, 23.456469999850697], [120.41973307715917, 23.455987304218436], [120.41938399541802, 23.455602926691192], [120.41854526858758, 23.454679172958567], [120.4180070954103, 23.454086421701223], [120.4176726329192, 23.453718038125277], [120.41727079004964, 23.453275299285206], [120.41719463707817, 23.453191396226586], [120.41694956157195, 23.45292137712953], [120.41686026918478, 23.452822996845832], [120.41598653515672, 23.451860302728058], [120.41569968832825, 23.451544336565973], [120.41516396975118, 23.450954228822358], [120.41467121154425, 23.450411443565994], [120.41450534415067, 23.450228735277943], [120.41431133044763, 23.450015035324835], [120.41374870084573, 23.449395312105736], [120.41307532948764, 23.44865387906937], [120.41287969029385, 23.448438298454736], [120.41278487371194, 23.448333814365885], [120.41278468087063, 23.448333600534728], [120.41225477419205, 23.447759867927726], [120.41156706329393, 23.446984488006102], [120.41071957636778, 23.44600540781016], [120.40979903324451, 23.444989141661384], [120.40976400140792, 23.444950465974166], [120.40965422342536, 23.444829270502268], [120.40833458558609, 23.443367465954655], [120.4080606468301, 23.443067286689246], [120.4080577036365, 23.443064059078203], [120.40805554345923, 23.44306169408282], [120.40772419719525, 23.44269860735772], [120.40693803303736, 23.44183338996254], [120.40576706079548, 23.440522236476184], [120.40501231757479, 23.439699378255067], [120.40423272013, 23.43885358860312], [120.40335215412122, 23.437867001588806], [120.402593376724, 23.43703821363077], [120.40185636825302, 23.43622188906153], [120.40118091291843, 23.435473667697355], [120.4006783045642, 23.43492322431587], [120.40002272210714, 23.43420498405113], [120.39976884233856, 23.433926143548195], [120.39938143712193, 23.43350064975619], [120.3990350889639, 23.433118547918436], [120.39871219150238, 23.432753665354454], [120.39811500734758, 23.432095123859114], [120.39752189048515, 23.431438255512695], [120.39681584234586, 23.43066494345867], [120.39639494590295, 23.430183403217853], [120.39619211051824, 23.429949465243087], [120.39575418624648, 23.429382904181544], [120.39540732982245, 23.428894676731648], [120.39510384705144, 23.42843164019718], [120.39479901698586, 23.427916773464652], [120.39450591140513, 23.427417176012966], [120.39411317590846, 23.426742544226492], [120.39379208804274, 23.426200382810237], [120.39332596475853, 23.42540193063372], [120.3928647620579, 23.42459879433932], [120.39239736532981, 23.423809684930273], [120.39212080237718, 23.423333775041314], [120.39212059266033, 23.423333414835025], [120.39211954992251, 23.423331619244266], [120.3920487346889, 23.423209761411716], [120.39182085428443, 23.422811692217433], [120.39140978458241, 23.422120798918698], [120.39103811257311, 23.421477295379553], [120.3907235040897, 23.42093785743713], [120.39057437640528, 23.420693524292282], [120.39048371222738, 23.420539559249814], [120.39037525649856, 23.42035537748629], [120.39019957437758, 23.420057030024065], [120.38981398171417, 23.41938753356943], [120.38937257378304, 23.418633968121878], [120.38893112940823, 23.41788088710646], [120.38862180553019, 23.417344933130167], [120.38822392347623, 23.416642989009222], [120.38799160442163, 23.416239194516475], [120.38786894480029, 23.416010413576043], [120.38778837214744, 23.41590086218684], [120.3876959296277, 23.415743917735803], [120.38753081947785, 23.4154408138599], [120.38730781133246, 23.414987181794636], [120.38719788912437, 23.414778296209075], [120.38710507485821, 23.414497597811], [120.38702965479179, 23.414266678134243], [120.38689019479618, 23.413867937350734], [120.38682678603936, 23.413556332831135], [120.38678193684129, 23.41337901597489], [120.38669924111502, 23.41305206818467], [120.38665067638023, 23.41282387239804], [120.3865823378442, 23.41246670967941], [120.38655188439955, 23.41217043082981], [120.38651232614414, 23.411638244189735], [120.38650558856743, 23.41144468152303], [120.38650842550824, 23.411101605811904], [120.38649786225761, 23.410910374081404], [120.38647788547156, 23.410544894058408], [120.38645322078965, 23.410086520281727], [120.38644111330713, 23.409910653174368], [120.38639976980927, 23.409273525483197], [120.38630515157719, 23.407935902626264], [120.38628407811746, 23.407603240075797], [120.38625569614887, 23.40721770756339], [120.38618603380888, 23.406278064730216], [120.3861493066328, 23.40576584669295], [120.38612752351858, 23.405462023705002], [120.38606373807845, 23.404587057919002], [120.3860585924462, 23.404518166539592], [120.38605839336877, 23.404515509156393], [120.3860583731438, 23.404515227343566], [120.38605836020864, 23.404515062045313], [120.38600350995094, 23.40378057263155], [120.38595054851768, 23.403026135348167], [120.38594921127384, 23.40301103026687], [120.38588345377681, 23.402268339307955], [120.38585164292336, 23.40199598756789], [120.38580722285987, 23.401718556599636], [120.38575993195862, 23.401476005935454], [120.3856918007745, 23.401161612578484], [120.38558600004988, 23.400754946068567], [120.38542597585949, 23.400278599110397], [120.38522632520593, 23.399782356721445], [120.38508056085256, 23.399474879836113], [120.38489276413445, 23.399108732559593], [120.38463069239212, 23.398654007133576], [120.38442011692749, 23.398333417670244], [120.38441980215244, 23.398332939650807], [120.38441862468939, 23.398331145283503], [120.38433797577366, 23.398208360259265], [120.38404734470626, 23.397837219715978], [120.38374522857801, 23.3974700859934], [120.38335902869115, 23.397068956484453], [120.38322731796043, 23.396937335052307], [120.38310298131424, 23.396813083938216], [120.38306066456644, 23.39677079596594], [120.38305772262687, 23.39676806815494], [120.38305549862946, 23.396766007779547], [120.38305502129052, 23.39676556613849], [120.38286705892449, 23.396598664627245], [120.38270335873247, 23.39645751361294], [120.38242479112817, 23.39623064364567], [120.38215352912717, 23.396015699889677], [120.3818414630796, 23.39576508867778], [120.38137086370071, 23.39539137315099], [120.38110836515777, 23.39517935006475], [120.3809296719722, 23.395030596083753], [120.38072028445852, 23.39484667519341], [120.38051637394186, 23.3946569126046], [120.38031930443701, 23.394468406747563], [120.38017856703891, 23.394328041272598], [120.37994676102858, 23.394082665852892], [120.37977122637015, 23.393885653663663], [120.37958400076162, 23.39366735199901], [120.37943415319087, 23.39348074632084], [120.37924976368934, 23.393243164902874], [120.37904015462968, 23.39295215781259], [120.37882583980229, 23.392664306669605], [120.37857064131843, 23.392310042920922], [120.37834056308326, 23.391993917190103], [120.37805513005223, 23.391600649554746], [120.37765167518198, 23.39104385206079], [120.37749546101591, 23.390832249680805], [120.37727304327186, 23.390518984691422], [120.37709023323912, 23.39027209902356], [120.37686068656974, 23.389952992496408], [120.3766230614118, 23.38962571837441], [120.37636092216705, 23.389270548414427], [120.37609924362226, 23.388904408506892], [120.37588976610552, 23.3886145283427], [120.37574755976411, 23.388418959509817], [120.37545715479062, 23.388018149960928], [120.37505079202047, 23.38746019469086], [120.37481168184613, 23.387129585309548], [120.37450806229458, 23.38671271204789], [120.374304363572, 23.38643444823834], [120.37405923863207, 23.38609096679068], [120.37378587930404, 23.385713824837783], [120.37353314937421, 23.38536841945468], [120.37333282708815, 23.385091950436756], [120.37310241290274, 23.384775115978353], [120.37287840126379, 23.384466840139474], [120.37263094302725, 23.384122853201568], [120.37243612799843, 23.383853867478663], [120.37223284782303, 23.383577459254195], [120.37212332292661, 23.383426599104514], [120.37206577307785, 23.38334733002501], [120.37198584079651, 23.38323723047725], [120.37175090437273, 23.382909884940837], [120.3715607666094, 23.382650905838897], [120.37134435581622, 23.382352005261225], [120.37112971882496, 23.382059883062038], [120.37093827459773, 23.381789711695326], [120.37073901034982, 23.381517446200736], [120.37049946671135, 23.38118677713735], [120.37026674035342, 23.380865656315137], [120.37004128864005, 23.38056181341496], [120.36980340689388, 23.380227127168787], [120.36953671877136, 23.37986208955873], [120.36928490896224, 23.379515803443425], [120.36901542333884, 23.37914471266163], [120.36860866965178, 23.37858619128084], [120.36826970297781, 23.378117355163294], [120.36785897833116, 23.377550544422167], [120.36740180037516, 23.37691893203941], [120.36736704723702, 23.376870918437188], [120.367269366179, 23.3767359666275], [120.36655594510358, 23.375754606494855], [120.36600201726783, 23.374987241515125], [120.36549301110703, 23.3742852709463], [120.36501148962813, 23.373580052991418], [120.36484432805678, 23.37333371164455], [120.36484399294618, 23.37333321725001], [120.36484277488086, 23.37333142257327], [120.36458050130123, 23.37291868227938], [120.364424176613, 23.37267024080288], [120.36416894527366, 23.37225587957592], [120.3639803212688, 23.371938602192696], [120.36395554616067, 23.37189933416376], [120.36387624476068, 23.371770933970986], [120.36376617039407, 23.371590783602812], [120.36332089966993, 23.370879272325382], [120.36302204399225, 23.370386314031176], [120.36261209974523, 23.369729621702152], [120.36250315660799, 23.369554156182193], [120.36223407036654, 23.36911805183108], [120.36184354515945, 23.368513995369682], [120.3614101872121, 23.36781299030784], [120.36107419357137, 23.367397373427664], [120.3604400178114, 23.36634498926669], [120.36032860868325, 23.366160111178843], [120.35908266666274, 23.36407311861657], [120.35879101881801, 23.36360291293259], [120.35855876055024, 23.363226653738547], [120.35825199252069, 23.36273443333046], [120.35806076523244, 23.36242718404411], [120.3580578224324, 23.36242245834928], [120.35805555224522, 23.36241881268412], [120.35805555150992, 23.362445385959422], [120.35744320923247, 23.36147639682286], [120.35671984158726, 23.360298096659466], [120.35625005434696, 23.359526851930323], [120.355870718277, 23.35891376259796], [120.35543255329807, 23.35820221514817], [120.35498141148864, 23.357476473947976], [120.35466670528841, 23.356968077429613], [120.35459898483319, 23.35685867689644], [120.35458386689714, 23.356834491095373], [120.35421843320542, 23.3562498579001], [120.35383375565108, 23.35563378888945], [120.35340774696475, 23.354945323213336], [120.35299251558017, 23.354286090202386], [120.35257242780011, 23.353609861555416], [120.35229231827807, 23.35315706708547], [120.35223554609783, 23.35306529393309], [120.35223151200621, 23.353058803680824], [120.35169912835919, 23.35220217123759], [120.35115646543808, 23.351329726341167], [120.35069200958762, 23.350583769318586], [120.35020525418695, 23.349797974035415], [120.34970650636303, 23.34899495342124], [120.34929275641676, 23.34833376555505], [120.34929252836646, 23.348333401603842], [120.34929140461692, 23.348331607200237], [120.34869768326534, 23.347376433394157], [120.34793941278625, 23.34615690258622], [120.34739947157249, 23.34528934413728], [120.34701221061425, 23.344666507949537], [120.34659697563438, 23.343997221489573], [120.34610246857333, 23.343201238004635], [120.34563396229935, 23.342450039058598], [120.34554407523034, 23.3423052620835], [120.34476632364367, 23.341052231225092], [120.34410105945885, 23.33998251314002], [120.34348702522537, 23.33899681390104], [120.34336768435762, 23.33880528433497], [120.34326097450706, 23.33863402477577], [120.34302426787376, 23.338254129465], [120.342424370649, 23.337280233387503], [120.34168404615757, 23.33608859380993], [120.3415823116269, 23.3359249753086], [120.34154732164312, 23.33586870082254], [120.3410275891583, 23.335032814161366], [120.34043642533814, 23.334084103862537], [120.33984197477378, 23.33313511655789], [120.33921920761202, 23.332130245904896], [120.33857085495912, 23.33108854092844], [120.33815487736939, 23.330411857320257], [120.3376942102506, 23.32967157635505], [120.33725220056137, 23.32896160433294], [120.33711352243837, 23.32874005312587], [120.33707159778568, 23.328673073119145], [120.3369565440888, 23.32848926215114], [120.3368730598959, 23.32835588692398], [120.33638163806803, 23.32756372952248], [120.33577956711711, 23.32659733023995], [120.33526942918304, 23.32576839238186], [120.33477671983553, 23.32497523219009], [120.33442666461167, 23.324417390926648], [120.33438234173833, 23.324346758250908], [120.33412738400747, 23.323940458060864], [120.3337472241389, 23.323333359061277], [120.33374699035083, 23.323332986033538], [120.33374586700552, 23.3233311933282], [120.33369366627534, 23.323233793815106], [120.33342398788814, 23.322789718149725], [120.3330608262988, 23.322213185753746], [120.33305788348737, 23.32220841986586], [120.33305549742823, 23.322204554827024], [120.33293187657124, 23.322004288058274], [120.33230928091255, 23.32100100845924], [120.33192955596934, 23.320392132605395], [120.33158319754959, 23.31983413111176], [120.33110556695885, 23.319064086397013], [120.33075098404792, 23.31849857120177], [120.3303277262778, 23.317814303344253], [120.33019219484927, 23.317593707721787], [120.32992476118122, 23.317168230210505], [120.32960578965138, 23.31665399679796], [120.32919703379162, 23.316001035204803], [120.32891207725534, 23.31554016849294], [120.32847730541204, 23.31484290652408], [120.3282710979503, 23.31450869416464], [120.32823672917083, 23.314453379309402], [120.3278660662323, 23.313859070860318], [120.32734794422979, 23.313023985494382], [120.32694338469692, 23.31237399165259], [120.32689790088124, 23.312300913831688], [120.32684852408127, 23.312221580488853], [120.32644415905028, 23.311574294301614], [120.32629261034523, 23.311328738206317], [120.32597695221548, 23.310819374425492], [120.32574536785656, 23.310427444040133], [120.32552768449834, 23.31012316995408], [120.32518787526185, 23.309579901607133], [120.3248377771712, 23.309023747640055], [120.3247278489173, 23.308872955315294], [120.32453765203279, 23.308577969095264], [120.32439537030402, 23.308340234044383], [120.32400879897453, 23.307574139999495], [120.32380744345457, 23.307169302411005], [120.32366037092088, 23.306852887048365], [120.32344006433188, 23.306498959955775], [120.32322456259918, 23.30615275196423], [120.32274255793847, 23.305303281097828], [120.32220199911573, 23.30448830472086], [120.3218660340543, 23.304035851124514], [120.32173671747847, 23.30373391896835], [120.32159768458355, 23.303420050414868], [120.32146949322836, 23.303171167550886], [120.32145125502711, 23.3031317126194], [120.3211821522981, 23.30254870201644], [120.32100867608709, 23.302148111874043], [120.3208912806204, 23.30185655819674], [120.32081892510904, 23.301645301518377], [120.32076841389647, 23.301466024190404], [120.32072785373339, 23.301290091302118], [120.32068660458526, 23.301097572811265], [120.32065790859544, 23.30088862451146], [120.32063532746311, 23.300624474596734], [120.32062902595841, 23.30038435166847], [120.32063222769456, 23.300202798453338], [120.32064107238574, 23.300044318638154], [120.32065301362444, 23.299895953140364], [120.32067631412, 23.299755412540293], [120.32071607782439, 23.29954551373202], [120.32076835947422, 23.299323151801616], [120.32081900195729, 23.29914614653166], [120.32088752231468, 23.298930150556902], [120.32096210953665, 23.29871144834694], [120.32107466949304, 23.29838721665413], [120.32109361967458, 23.298333800714847], [120.3211807702356, 23.29808815138128], [120.32130528193593, 23.297760127156494], [120.32142331470276, 23.29742145012573], [120.32143168648813, 23.297397429637748], [120.32155134014246, 23.29706864188278], [120.32169324335648, 23.296674651899483], [120.3219315039352, 23.296004222509268], [120.3221427757897, 23.295419482316845], [120.32232994047503, 23.294875484637046], [120.3223865526304, 23.294712077419533], [120.32240533831465, 23.29464749501784], [120.32248750705887, 23.294371140319093], [120.3225646441422, 23.29407908781276], [120.32262644256238, 23.293818164825108], [120.32268403254591, 23.293550235337673], [120.32272683365191, 23.293308180531398], [120.32275712083597, 23.293117491902727], [120.32278099173392, 23.29293190819147], [120.32279690960725, 23.29275433402748], [120.32281507359735, 23.292523104470128], [120.32282341602402, 23.2923009383188], [120.32283189818286, 23.29207877637554], [120.3228287454874, 23.29180017566977], [120.32283067392338, 23.291519491101745], [120.32282365846055, 23.291229768647728], [120.32282333337497, 23.291174035191624], [120.3228222795834, 23.290993567654198], [120.32282200366924, 23.290946277428045], [120.32281561330538, 23.290649707518902], [120.32281153082256, 23.290359538070376], [120.3228061472892, 23.2899938065419], [120.32280176457739, 23.289644728773716], [120.32279612227308, 23.289347537172777], [120.32279551009717, 23.289261792265236], [120.32279470696889, 23.289149254613907], [120.32279401794186, 23.289052807955894], [120.32278963929643, 23.28872398709582], [120.32278613963184, 23.288325955296266], [120.32277728940932, 23.28799623558444], [120.32277574241694, 23.28774978114223], [120.32277433864651, 23.287480424595174], [120.32276981026173, 23.287179076713112], [120.3227639141478, 23.286804527770506], [120.32276127491659, 23.286543645002617], [120.32275638414173, 23.286221568122755], [120.32275364963346, 23.28599072674115], [120.32274590012238, 23.285709712137447], [120.32274050700944, 23.285416216533907], [120.32273603827439, 23.28511718682725], [120.32273365273863, 23.28491243361249], [120.32272856262068, 23.28458957381189], [120.32272678653193, 23.284295257605965], [120.32272365984622, 23.284053053865414], [120.32271916890177, 23.2838378384363], [120.32271935341574, 23.2836946897449], [120.32271630259864, 23.2836094760494], [120.32270416959537, 23.282917713084505], [120.32269166520065, 23.2820717308986], [120.32268073871757, 23.281238455197016], [120.32267253478518, 23.280280470897598], [120.32265368183357, 23.279429247123883], [120.32264190581193, 23.27865030268608], [120.32263265650582, 23.27793688069453], [120.32262793469846, 23.277618000966953], [120.32261773912944, 23.276929459477625], [120.32261077533187, 23.27649894032806], [120.32260003605532, 23.275626714929874], [120.32258448621896, 23.274634772607335], [120.32257432748993, 23.27369007213515], [120.32257204400645, 23.27353239510252], [120.32256698465105, 23.27318297688897], [120.32256291685354, 23.272902086096153], [120.32254684948414, 23.271892656441544], [120.32253513969738, 23.271047859468542], [120.32252570481194, 23.27025786259542], [120.32251284819267, 23.269440774449087], [120.32250445894661, 23.268718270287163], [120.32248920731966, 23.2679225311951], [120.32248455467968, 23.267498477086598], [120.32248349887583, 23.267402256144255], [120.3224801745116, 23.26709920785288], [120.3224695493465, 23.2663491866637], [120.32245871114388, 23.26559316766606], [120.32244866157808, 23.26496533731344], [120.32243783025363, 23.264201967799522], [120.32242689065653, 23.263549136659016], [120.32242032488087, 23.262918697969145], [120.32241661928605, 23.262276755615517], [120.32240579740252, 23.2617508568274], [120.3223974657294, 23.26126499151938], [120.32239699980515, 23.261193986616007], [120.3223957381711, 23.26100160062303], [120.32239420181742, 23.26093045113293], [120.32238558265509, 23.2605314251536], [120.32237629444789, 23.259940917791237], [120.32237065671443, 23.259443760244018], [120.32236192474655, 23.2587948374047], [120.32235224278072, 23.258179371996015], [120.3223472338435, 23.257707849624754], [120.32234639282386, 23.257686300405283], [120.32234244547143, 23.25758518073355], [120.32233313503201, 23.257346712316306], [120.32231488807786, 23.257008682933666], [120.3222620037695, 23.256358008975933], [120.32221314509552, 23.255744507195395], [120.32216358692045, 23.25510145435305], [120.3221111814816, 23.254482532693956], [120.3220597281466, 23.253881621827844], [120.3220110067197, 23.253259830873095], [120.32196006548601, 23.25264438108607], [120.32191293700917, 23.25202737738591], [120.32187023565234, 23.251472071331538], [120.32181710525883, 23.250840818444225], [120.32177593499011, 23.250327432610366], [120.32177195908929, 23.250277853319403], [120.32176676696464, 23.25021311099835], [120.32172431923118, 23.24968591451884], [120.32168138925059, 23.249154420339636], [120.32164270995659, 23.248667872406255], [120.32161799167925, 23.248333784278447], [120.32161796329905, 23.248333405798284], [120.32161782969527, 23.248331611860532], [120.32153576878234, 23.24732855020123], [120.32148112961224, 23.24662730147517], [120.32147262389037, 23.24651813609326], [120.32144437068582, 23.245838449354654], [120.32125948103825, 23.243016269403387], [120.32123083541543, 23.24257901078224], [120.32120405551551, 23.24217023132633], [120.32114023057312, 23.24119596216461], [120.32105426620285, 23.240572215817192], [120.32096194303226, 23.240067996698553], [120.32090423206171, 23.23945760490158], [120.32088314398261, 23.23920885130214], [120.3208316445325, 23.238536679369975], [120.32081197895371, 23.238292269909596], [120.3208056538768, 23.23821366781394], [120.32077184711724, 23.237793522601944], [120.32067873360049, 23.236902771348305], [120.32061090681503, 23.23620564185176], [120.32056889788095, 23.235682802288252], [120.32056258644212, 23.23560425259533], [120.32050486739126, 23.234885881984972], [120.3204681840803, 23.234448825334415], [120.32046049285889, 23.2343571833444], [120.3204333790922, 23.234034142352925], [120.32036600780306, 23.233194061029582], [120.32030601395307, 23.232426836898767], [120.32024263385286, 23.231618151099408], [120.32017508847764, 23.230769426089587], [120.32010907987555, 23.22990313427741], [120.32004040350695, 23.22905053931361], [120.31997962792532, 23.228330033651122], [120.3199211007341, 23.227667482472995], [120.31987339051848, 23.226989473459472], [120.31980652163783, 23.226187535435713], [120.31974601122917, 23.225413373235337], [120.31967933336549, 23.22456048837916], [120.31960607682764, 23.223638729025794], [120.31958082112817, 23.223333794484354], [120.31958079348249, 23.223333465671264], [120.31958064624311, 23.223331671668124], [120.31956257237277, 23.223113437616654], [120.31956194165105, 23.223105827078268], [120.31952396987813, 23.222647381874136], [120.31944937615901, 23.221681351217516], [120.31938097715629, 23.220874492709992], [120.31931502859113, 23.220018990843826], [120.31924078967796, 23.21914169960531], [120.31918328203892, 23.218375450918348], [120.31911642559442, 23.217562801414395], [120.31904412969061, 23.216674628041474], [120.31896933514035, 23.21573620777411], [120.31889876337598, 23.214899664615682], [120.31884264760775, 23.21414565631132], [120.3187660515227, 23.213169924764674], [120.31870107861374, 23.212322099927256], [120.31865265429835, 23.211733988660793], [120.3186417534192, 23.211601593386852], [120.31863349744594, 23.211501327657228], [120.3185620319926, 23.2106355859554], [120.31849828870939, 23.20983659164038], [120.31842175376642, 23.208897765592685], [120.31836497413063, 23.208215190541075], [120.31829582336695, 23.20732915799072], [120.31827827596287, 23.20694389495878], [120.3182736704945, 23.20656703267354], [120.3182816125369, 23.20618944726194], [120.3182952684256, 23.205827300901827], [120.318319187537, 23.205458472507953], [120.31836105464936, 23.20495999513615], [120.31841525517271, 23.204360353216497], [120.31847251723879, 23.203773340384405], [120.31853262612783, 23.203098521563216], [120.31859127410345, 23.202447933009037], [120.31863040410074, 23.202003325867963], [120.31870723783277, 23.201214357959785], [120.31873222324191, 23.200943092874024], [120.31875296694633, 23.20071788259989], [120.31877437841528, 23.20048541593785], [120.31885342146143, 23.199608992126706], [120.31895721037792, 23.198769647074478], [120.31899301201716, 23.198333806928026], [120.31902388634802, 23.19802558361988], [120.31919361757244, 23.196163080804087], [120.31949647164586, 23.193565036828222], [120.31957126040749, 23.192747023808366], [120.31961698682174, 23.192246884463955], [120.31970496066648, 23.190954920079086], [120.3197132228788, 23.19050683011076], [120.31973925152606, 23.190044029252498], [120.31979688172544, 23.189392347341453], [120.31985593520713, 23.188860680343243], [120.31992747274077, 23.18799611824235], [120.32002153695814, 23.186978532033283], [120.32011594627414, 23.185904321259247], [120.32020019295753, 23.184984839296337], [120.32021389075851, 23.184835331364877], [120.32027312263754, 23.184188847079113], [120.32033211710325, 23.18355113892591], [120.3203908795077, 23.182895431821787], [120.32045548690878, 23.182200902425794], [120.32054123559811, 23.18127228689498], [120.32062906204274, 23.180325947765525], [120.32072975934817, 23.17922310207133], [120.32073404028532, 23.1791766832977], [120.32074255568575, 23.17908434310663], [120.32082603623672, 23.178179049149076], [120.32091314219227, 23.17723695406504], [120.32100627387655, 23.176215520182915], [120.3211002636679, 23.17529492706329], [120.3211910181935, 23.174317188191743], [120.32120595451023, 23.17416639577301], [120.32122088981217, 23.174015603344984], [120.32122587975728, 23.173908499903323], [120.32125653251298, 23.173333805787326], [120.32126290288505, 23.173029816014594], [120.3212588091276, 23.17284000411663], [120.32125435336641, 23.17263340748832], [120.32122087854817, 23.172152395965455], [120.3211706301015, 23.171781445918583], [120.32108862069394, 23.17130116514641], [120.32102994206576, 23.17106482471172], [120.32096893086333, 23.170819087405125], [120.32080293595662, 23.170260494678732], [120.3205783233217, 23.1695821562743], [120.32026158334753, 23.168654413078286], [120.31998996074728, 23.167835067228626], [120.31956048905717, 23.16656426892622], [120.3191597232049, 23.16538763660911], [120.31889935053508, 23.164605364469253], [120.31859325515879, 23.163692595999056], [120.31831525569336, 23.162867340960513], [120.31798798482265, 23.16189832591624], [120.31769382777786, 23.161084426487925], [120.31732908604239, 23.1601403369947], [120.31698160030292, 23.15928185554857], [120.31664082701914, 23.158515782266882], [120.31629290365606, 23.157761328773066], [120.31598363971877, 23.157109245136876], [120.31557866741105, 23.15633802904034], [120.31511553101251, 23.15540648324634], [120.31473163914923, 23.15468973415179], [120.31428345783897, 23.153814867972976], [120.31380755349558, 23.15288144686886], [120.31315381454576, 23.15159672477528], [120.31263271559523, 23.1506025075211], [120.31234862066657, 23.150029100331277], [120.31224458582781, 23.14981911883488], [120.3118013854474, 23.14890709406781], [120.31150686714149, 23.148333529695932], [120.31150661381459, 23.148333036448083], [120.31133799553938, 23.148004652909318], [120.31087041975839, 23.14709166931408], [120.31029126696325, 23.14594657821461], [120.30975553350729, 23.144882353822883], [120.3093293088019, 23.144036186338344], [120.30904604704905, 23.143485384722208], [120.3087967881666, 23.142970623710532], [120.3086149477047, 23.142557531010674], [120.30840527718766, 23.142009070141263], [120.30826898842514, 23.141578065172663], [120.30821169674635, 23.141319370002453], [120.30819131976041, 23.141234912192477], [120.30814880285101, 23.141058672625135], [120.30810628408446, 23.140882434842528], [120.30806866652534, 23.140726504718952], [120.30806476236586, 23.14070601088752], [120.30806045312717, 23.140683395006292], [120.30805751503004, 23.140667971311046], [120.30805555438624, 23.140657681012996], [120.30803087710345, 23.14052816568744], [120.30799699096609, 23.140350316861994], [120.30796310685535, 23.140172469841996], [120.30795950126057, 23.140153548558406], [120.30793049135698, 23.139994409852818], [120.30789802645683, 23.139816321619417], [120.30786556162207, 23.139638236086363], [120.3078330949277, 23.13946014782718], [120.3078006292798, 23.13928206136963], [120.30776816469688, 23.1391039731018], [120.30774393026743, 23.138971033634444], [120.30773576272146, 23.138925877875835], [120.3077035484605, 23.13874775185981], [120.30767133232074, 23.13856962672969], [120.30763911625962, 23.138391501591045], [120.30760690028643, 23.138213374637907], [120.30758682255512, 23.138102360464572], [120.30757468535903, 23.13803524948651], [120.30756861058074, 23.138001662364445], [120.30754246952922, 23.137857125225313], [120.30751025574484, 23.137678998255183], [120.307478040077, 23.13750087307396], [120.30744582448779, 23.1373227478842], [120.30741360898651, 23.137144620879944], [120.30740891672176, 23.137118674790063], [120.30737899539183, 23.136966885172395], [120.3073439733956, 23.136789215386827], [120.30730894856534, 23.13661154377288], [120.3072739247881, 23.136433873959696], [120.30723054820018, 23.13616127801231], [120.30720829621325, 23.13602143819879], [120.3070453624826, 23.13489038744769], [120.3067939199777, 23.13362975425779], [120.30672976414354, 23.13329204480647], [120.30650053487082, 23.13208540642457], [120.30650261114077, 23.13186560513963], [120.3064677210435, 23.13165855164549], [120.30638038000248, 23.13117624140147], [120.30631841284546, 23.130882654967277], [120.30628016289526, 23.13071482795658], [120.3062136671042, 23.130517217219158], [120.30616147310676, 23.130273378237167], [120.30597016456629, 23.129203650153546], [120.30586252870951, 23.128594618026302], [120.3056510236314, 23.127451660999647], [120.30546402735379, 23.12640258852961], [120.30511623836057, 23.124516517006253], [120.30489350670555, 23.123333525552667], [120.3047332174645, 23.122446902508354], [120.30353560390851, 23.115789854793668], [120.30318885921409, 23.113864198586516], [120.30249590373738, 23.110101542510808], [120.3024032491493, 23.109619335875184], [120.3020514311707, 23.107701449625132], [120.30197210214186, 23.1072689812638], [120.30171902155944, 23.105889292814766], [120.30134047582088, 23.103787603938372], [120.30079666043497, 23.100803788383303], [120.30040981699271, 23.098709723655436], [120.30034000326862, 23.09833373722661], [120.30027244440504, 23.09793200765029], [120.30001244780502, 23.096536979107494], [120.29998909697153, 23.096402016500324], [120.29977116669873, 23.095176209446976], [120.29904352905838, 23.09120770850721], [120.2990237401059, 23.09108962263499], [120.2989938271272, 23.09090341071565], [120.29890319260662, 23.090445249548104], [120.29887021044858, 23.09026724954487], [120.29883722447131, 23.090089248612554], [120.29880870330318, 23.089935311208162], [120.29880443882278, 23.08991121876117], [120.29877289877341, 23.08973299486536], [120.29874135684855, 23.08955477095265], [120.29870981597166, 23.089376547939004], [120.29868707716318, 23.089248051578668], [120.29867799677355, 23.089198366122496], [120.29864545672491, 23.08902029577886], [120.29861291772687, 23.088842226333988], [120.29858037588453, 23.088664155964516], [120.29854783607819, 23.088486084692157], [120.29851529634169, 23.088308015217187], [120.29848275571302, 23.088129944826324], [120.29845021613492, 23.087951875334195], [120.29841767664537, 23.08777380402749], [120.29834704838632, 23.087348382590683], [120.29831328896809, 23.08716826230832], [120.29829366018289, 23.0870635380541], [120.29826031124556, 23.086885596753618], [120.29822695947074, 23.086707653625265], [120.29819360971995, 23.086529712302724], [120.2981824814197, 23.086470340079355], [120.29816100833095, 23.086351652389425], [120.29812878506293, 23.086173533645475], [120.29809656285869, 23.0859954130914], [120.29806433877137, 23.085817294326187], [120.29805293476744, 23.08575427087209], [120.29803193112227, 23.08563920272978], [120.29799942292195, 23.085461129640898], [120.29796691383406, 23.085283054733132], [120.2979344048253, 23.08510497981679], [120.29790189589563, 23.084926904891887], [120.29790167573138, 23.084925695676798], [120.2978700571595, 23.084748725478466], [120.29783822532825, 23.084570546990076], [120.29780639065565, 23.084392366674336], [120.29778782809565, 23.084288462501533], [120.2977740735003, 23.08421426186419], [120.29774107653824, 23.084036264190626], [120.29770808064194, 23.08385826470668], [120.29767508188856, 23.083680267006972], [120.29764208712899, 23.083502267509893], [120.29761765253704, 23.083370445717033], [120.29760923700853, 23.083324247877545], [120.2975767991995, 23.083146162343528], [120.29754436342144, 23.082968076809646], [120.29752707696144, 23.08287317954348], [120.29749602837605, 23.082694882538615], [120.29746497791858, 23.082516584614012], [120.29743392460838, 23.082338286668307], [120.29742260373686, 23.08227326875853], [120.29740187990602, 23.082160141429274], [120.29736926288005, 23.08198208213125], [120.297336641044, 23.081804024608925], [120.29730402416736, 23.0816259670997], [120.29727140737478, 23.081447908678864], [120.29723878772883, 23.08126985113942], [120.29720616718629, 23.081091793587017], [120.29717355161247, 23.08091373424175], [120.29714093318063, 23.08073567668082], [120.29710831678952, 23.080557617314003], [120.2971054334282, 23.08054188295589], [120.29707617032243, 23.08037948507894], [120.29704407179014, 23.080201346727282], [120.29702889149688, 23.08011710352683], [120.29701197041729, 23.08002320654821], [120.29700016832017, 23.079957705147653], [120.29697987399302, 23.079845068188387], [120.29697738473051, 23.0798312572016], [120.29694754810068, 23.079666964919205], [120.2969152037337, 23.079488863364986], [120.29688285846937, 23.079310761797906], [120.29685051425497, 23.079132661129687], [120.29683251183526, 23.07903353716336], [120.29681807732996, 23.07895457358515], [120.29678552423816, 23.078776505381004], [120.29675297024956, 23.078598437163933], [120.29672041927276, 23.07842036804831], [120.29668786544252, 23.078242299814082], [120.29665531461937, 23.07806423158432], [120.29662276095216, 23.07788616242993], [120.2966151566226, 23.077844561780683], [120.29659063617099, 23.07770802745], [120.29655864528948, 23.077529871385106], [120.2965132539625, 23.077302570322907], [120.29648907953629, 23.07717535213664], [120.29642509539876, 23.076819040836266], [120.29641726254393, 23.076775425427765], [120.2964080021981, 23.07672385710775], [120.29639310296565, 23.076640883816825], [120.29636363837217, 23.076476807059436], [120.29636095138157, 23.07646275407335], [120.29632695665904, 23.076284916816434], [120.29629295909615, 23.076107078634404], [120.29625896454877, 23.075929239553325], [120.29622497007486, 23.075751402269166], [120.29619238471145, 23.075580936263957], [120.29619097471256, 23.07557356406857], [120.29616933572069, 23.075460366527533], [120.29616888537011, 23.075458009451463], [120.29615496019814, 23.075396086197323], [120.29611520038637, 23.075219274310882], [120.2961102744243, 23.075197366830498], [120.29608231996824, 23.075089608005946], [120.29606968192991, 23.075043673889017], [120.29602153028614, 23.07486865590522], [120.29601851301165, 23.074857692469415], [120.29596453515491, 23.07469593731345], [120.29594199704107, 23.074628406747856], [120.29590418941272, 23.074524197990776], [120.29584207259201, 23.074352988046527], [120.29582770064023, 23.074313379043904], [120.29577643943522, 23.07418291194564], [120.2957026058732, 23.074015729554787], [120.29569793527679, 23.074005153361295], [120.29562306005045, 23.07385080900719], [120.29558558385922, 23.073773560340015], [120.29554035204787, 23.073687242392726], [120.29545518807085, 23.073524733053915], [120.29545290939974, 23.073520381183908], [120.29544981675544, 23.073514907748304], [120.29535236093585, 23.073333797365628], [120.29533926418931, 23.07331472953088], [120.29529129155112, 23.07323714591909], [120.29523349907534, 23.073149577169964], [120.29505913696734, 23.07288338436958], [120.29488009235433, 23.07263844467914], [120.29473221452542, 23.072451766644676], [120.29460274234765, 23.072300165291765], [120.29445177274789, 23.072130082403724], [120.29429512082547, 23.07197116419188], [120.29411524175069, 23.071792365978045], [120.29400264741628, 23.071683533319806], [120.29368138010248, 23.071401617542474], [120.29285436763577, 23.070741218867553], [120.29203431108402, 23.07006159751195], [120.29155411437453, 23.069687265756443], [120.29093109553439, 23.069196724490073], [120.28990827860743, 23.06839864293825], [120.28973819285216, 23.068265928764347], [120.2884125829473, 23.067187944453124], [120.2879028224041, 23.066726090084142], [120.28760524599895, 23.066505080924657], [120.28686842972536, 23.065857249920555], [120.28582664479566, 23.06501880054006], [120.28468231329343, 23.064094877558727], [120.28413394365137, 23.063631476664355], [120.28345092130456, 23.063078063906385], [120.28305554349093, 23.06274121453478], [120.28304734019532, 23.062734021815846], [120.28262405601588, 23.062385373307773], [120.2821930566512, 23.06203434442573], [120.28152671642938, 23.06148828396772], [120.28123962455281, 23.061271657908982], [120.28058623795623, 23.060737706868203], [120.27908520688597, 23.059516340924276], [120.27838675290775, 23.058943486625417], [120.2778937658583, 23.058539147214294], [120.27677905682765, 23.057612353664926], [120.2755298374945, 23.056618690781686], [120.27472368452673, 23.05595294219119], [120.27411778522747, 23.055475509544884], [120.27171431116497, 23.053493790117123], [120.26974136412369, 23.051901380316014], [120.26689376616532, 23.049571375358703], [120.2666705108475, 23.049389480393863], [120.26540367489962, 23.048357994914156], [120.26537383643634, 23.048333699706532], [120.26537337789084, 23.048333326436566], [120.26537006315557, 23.048330627272733], [120.26518274807125, 23.048178406898977], [120.26502012985765, 23.04804625505103], [120.26409951425508, 23.04728826734571], [120.2634155340825, 23.046727173302255], [120.26326686208974, 23.04661709477654], [120.26269363332923, 23.046141895611523], [120.26230414723487, 23.04582575555705], [120.26174241512194, 23.045383438528496], [120.26072542730776, 23.04455858212052], [120.26064174999212, 23.044490713071074], [120.2604564868788, 23.04434044826158], [120.25957241818048, 23.043620450315846], [120.25871167992867, 23.042918324657016], [120.25825436177178, 23.04254969965753], [120.25805913516379, 23.042386902096364], [120.25805716923749, 23.04238526383335], [120.25805552772646, 23.042383896190902], [120.25790664870452, 23.042259843937874], [120.25761201641957, 23.0420228418276], [120.2571947298649, 23.041685012177492], [120.25699783614844, 23.04152224163375], [120.25697312421757, 23.04150258337787], [120.25613532039205, 23.04086420089606], [120.25499358174989, 23.039959597835846], [120.25463428669885, 23.039678638484876], [120.25375260559252, 23.039031616329844], [120.25328616547326, 23.038641275488843], [120.25317874462911, 23.038529244863014], [120.25279334363482, 23.03812730504464], [120.25192791658841, 23.03744327556376], [120.25140776637151, 23.037043870933722], [120.25080629059364, 23.036540225488814], [120.25020661868697, 23.036072511942393], [120.24966174912562, 23.035616339302457], [120.24917587958137, 23.035197594924114], [120.2488027372343, 23.034896520863715], [120.24856763282452, 23.034692125616324], [120.24829306396006, 23.0344815365631], [120.24743979273124, 23.033830074804694], [120.24686896434645, 23.033455162623845], [120.24644911440036, 23.033191886788195], [120.24622690888857, 23.033058211447756], [120.24563707702947, 23.032689644694784], [120.24467047269924, 23.032122515917393], [120.243501598943, 23.031436482416364], [120.24128792295922, 23.03014939982316], [120.24040012830012, 23.02964070716017], [120.24028815035474, 23.029575449579657], [120.24027898385994, 23.029570107580003], [120.23953964797057, 23.029137866016885], [120.23879437300059, 23.02871331328403], [120.23846923366324, 23.028518594887956], [120.23779999326582, 23.028142721095094], [120.23584202463171, 23.02699425695305], [120.23557704809677, 23.026837904291643], [120.23424935321216, 23.026059591160646], [120.23305553106876, 23.025364018055303], [120.23273764410864, 23.02518225988692], [120.23126139047426, 23.024326139607357], [120.23042770454903, 23.023830955599735], [120.22970182459879, 23.023430557685636], [120.2295360654177, 23.023333538285357], [120.22953548783157, 23.02333320045533], [120.22917547706363, 23.023122484577804], [120.22851483789785, 23.022727558005748], [120.22771330001358, 23.022257069688553], [120.22714113282805, 23.021926667831714], [120.22671145184367, 23.02167871994828], [120.22617688810335, 23.021324642592095], [120.2258238919827, 23.021051675423323], [120.22552210192157, 23.02080649094606], [120.22528189362856, 23.020594396674205], [120.22492287303888, 23.020208107782274], [120.22460562708027, 23.01982479952271], [120.22437567695954, 23.019514147794297], [120.22421175014566, 23.019286179664704], [120.22341631453749, 23.018179991094886], [120.2232580529919, 23.017955690706053], [120.22316964358866, 23.017830390836554], [120.22308807695688, 23.01771478945936], [120.22167199233046, 23.015735410197074], [120.22066748959995, 23.01431946791795], [120.21995580806266, 23.01332351206152], [120.21943839390327, 23.01259777525412], [120.21870623413213, 23.011582597115716], [120.21693111569778, 23.009104270485864], [120.21634542857899, 23.00827196205617], [120.21596077747054, 23.007749524716697], [120.21540769041009, 23.00695709431525], [120.2151993067706, 23.006659040611957], [120.21500842903332, 23.00632791656914], [120.21476245786393, 23.00584282618695], [120.21460870837073, 23.005418536735903], [120.21453960263088, 23.005188771603276], [120.2144400555559, 23.004816313807964], [120.21427963892214, 23.003975689846545], [120.21425241068826, 23.003842301513437], [120.21407619889598, 23.002773063257926], [120.21385369619286, 23.00163830704245], [120.21360594503952, 23.000499826568515], [120.21349894203556, 22.99995085141048], [120.21321961913699, 22.998523247985027], [120.21318215228469, 22.99833359502476], [120.21318205562123, 22.998333106916863], [120.21318170119906, 22.998331315381918], [120.21290140852487, 22.99681892428775], [120.21287066896556, 22.99665306110254], [120.21285586621373, 22.996287822036926], [120.21269778256467, 22.995474422683188], [120.21260555497979, 22.99502518319843], [120.21248949710464, 22.994609938369706], [120.21245305812212, 22.994401479604534], [120.21236358491383, 22.993928628073935], [120.21217018302009, 22.993063811820228], [120.21213089481718, 22.99284745186176], [120.21206858448933, 22.992519050514208], [120.21197018366793, 22.99196913075531], [120.21193647623002, 22.99167375940705], [120.21192967734896, 22.991532843527825], [120.21192018630279, 22.99133615579348], [120.21193231120051, 22.99091106945085], [120.21198284294762, 22.99050157774177], [120.21203118230527, 22.990262951720876], [120.21213371861303, 22.989849729022588], [120.21226275098246, 22.989421152149387], [120.212459592814, 22.9887809510263], [120.21251874235489, 22.988593124351024], [120.21305087402999, 22.98690330673837], [120.21306791154528, 22.986849202289864], [120.21308428133158, 22.98679721931853], [120.21331908382341, 22.986051573185385], [120.2135527280704, 22.985309596102837], [120.21380453823194, 22.984509920169476], [120.21387381658805, 22.984289369895336], [120.21390223611134, 22.984198895927637], [120.21393888870985, 22.984082212115776], [120.21459053057598, 22.98200764879098], [120.21461387682575, 22.981933327044313], [120.21466611646564, 22.981767014612544], [120.21466786318436, 22.98176145346293], [120.21469330139546, 22.981680544628755], [120.2149718082615, 22.980794697163674], [120.21527108474245, 22.97984554745047], [120.21567579392617, 22.978556802837698], [120.21603617814422, 22.977407842263688], [120.21635949681931, 22.97638036987692], [120.21663836620219, 22.97546811687456], [120.21694550598242, 22.974515749933722], [120.21731690350649, 22.973333764955143], [120.21759890032484, 22.972428373558742], [120.2176798561963, 22.972020357036037], [120.21774289687772, 22.971569088687254], [120.21776593521108, 22.971241912510788], [120.21777744728145, 22.970816779644572], [120.21768459503018, 22.96961101713534], [120.21758503676176, 22.968011089949528], [120.21749327688453, 22.96661584568892], [120.21740709974202, 22.965290345381334], [120.21732322130117, 22.964085485956236], [120.21729883091852, 22.963353822814703], [120.21729436492586, 22.9624485360677], [120.21731299067399, 22.962188590137927], [120.21732805591947, 22.961974752835165], [120.2173450392576, 22.961772433967692], [120.21735853331008, 22.961633680347205], [120.21737246847657, 22.961488083111842], [120.21739110650162, 22.961307453878323], [120.21742745605852, 22.961046508115587], [120.21746130132327, 22.9607984351567], [120.21749344460375, 22.960575314136086], [120.21750756073341, 22.96048024619636], [120.21751588335107, 22.960424188093516], [120.21753016608662, 22.960314054095598], [120.2175571785933, 22.96012318976526], [120.21759081838093, 22.95988904750753], [120.21762885514413, 22.959624187242888], [120.21766883593762, 22.959326647245824], [120.2177121268799, 22.959030505170066], [120.21775769677024, 22.958712951977066], [120.21779703731085, 22.95841591262885], [120.21780951882421, 22.958334038710447], [120.21784394751943, 22.958108200773214], [120.21789089386311, 22.957773643196916], [120.2181105192079, 22.95623028874421], [120.21814350692931, 22.95600098589398], [120.21818132328534, 22.9557238359401], [120.21821181213107, 22.955519540710704], [120.21824405884868, 22.955292872783673], [120.21828549405595, 22.955039871104677], [120.21831643056343, 22.954796129610262], [120.2183535620874, 22.954558613343202], [120.21837365508952, 22.954410105058198], [120.21839705451941, 22.954234456537016], [120.21842134399878, 22.954066641576333], [120.21843630306577, 22.953944081542456], [120.21847142615958, 22.9536976063883], [120.2185118837552, 22.95344758424488], [120.21856418454217, 22.953137826035622], [120.21859315384019, 22.952959006386383], [120.21860123016874, 22.952922226422146], [120.218617996649, 22.952845862025214], [120.2186528779409, 22.952686708553387], [120.21868290227559, 22.952559299400814], [120.21875198939219, 22.952340726760703], [120.21880470254817, 22.952149172187717], [120.21885633598109, 22.95197564649232], [120.21891002436678, 22.951811020223676], [120.21896267047322, 22.951645846083967], [120.21901079047417, 22.951516624167052], [120.21903655573199, 22.951451270283023], [120.21906054040403, 22.951392383188363], [120.21915790971569, 22.95116577087246], [120.2192396255503, 22.950981510770333], [120.21932985626435, 22.950796611639056], [120.21944820212686, 22.95056376312159], [120.21960443388096, 22.95028639772791], [120.21973066016652, 22.950096084783862], [120.21986451552189, 22.949880346765152], [120.21998537825785, 22.94969512283116], [120.22016271296765, 22.94945165521052], [120.22036048634776, 22.949216867407685], [120.22060799370598, 22.948917626719375], [120.2207676366426, 22.948694602527805], [120.22101696780332, 22.948414547556], [120.22107718227781, 22.94833539177218], [120.22144115723837, 22.947884759194313], [120.22171359746395, 22.94755589705518], [120.22192238082508, 22.947305536153866], [120.22220507376873, 22.946965331755912], [120.22242356822491, 22.94670481901401], [120.2226815067753, 22.946393184981314], [120.22290127463377, 22.946127226218344], [120.22304295246104, 22.94595487126778], [120.22320741844582, 22.945754010981382], [120.22323813603673, 22.94571729639678], [120.223248960662, 22.945704360321397], [120.22326369163973, 22.94568675126636], [120.2234211885274, 22.94549850795763], [120.22362772193263, 22.945247298299375], [120.22392878196348, 22.944887734739588], [120.22421253958684, 22.944545247900404], [120.2244767776007, 22.944230315647538], [120.2246928414701, 22.94397250480971], [120.22504921905174, 22.94354113538204], [120.22545956980244, 22.943042223284422], [120.22569779195696, 22.942759238991357], [120.22586474629568, 22.94256726454737], [120.22604478888871, 22.942348692005275], [120.22627017582505, 22.942082965955326], [120.22644615665186, 22.941865340249617], [120.22669023494461, 22.94156579615679], [120.22703646301034, 22.941145345026293], [120.22731161838787, 22.94080982853037], [120.22750523550509, 22.9405762488167], [120.22765369433026, 22.940379167806768], [120.227831312782, 22.94013383370978], [120.22803494667876, 22.939830177766215], [120.22819608372642, 22.93958408487575], [120.22829481276915, 22.93941227988481], [120.22833130694688, 22.939354298120275], [120.22836296597345, 22.939293240619914], [120.22839654798786, 22.93923763046683], [120.22846912334822, 22.939094546176708], [120.2284896248472, 22.93905922204177], [120.22851205124586, 22.939020580522925], [120.22865351975659, 22.93875540723627], [120.2288216661434, 22.938453433386165], [120.2290007526727, 22.938123810424795], [120.2291606104662, 22.93782280547424], [120.22944788521279, 22.937286277401956], [120.22971255800238, 22.936796394894856], [120.22998100416734, 22.936291645638736], [120.23022222541364, 22.935838074543106], [120.2303434078019, 22.935612914341093], [120.23055422955665, 22.935221203193937], [120.23056387772057, 22.9352032770762], [120.23060478487056, 22.935127267362425], [120.23062708538946, 22.935085830931527], [120.23239968887232, 22.931872428764972], [120.233032297289, 22.930696860188874], [120.23323921373786, 22.930314953647606], [120.23343539672959, 22.929922524392783], [120.23380641135894, 22.929243385692544], [120.23396467169391, 22.9289845838197], [120.23426089269631, 22.928566530470672], [120.2345069768067, 22.928282574253892], [120.23471555787384, 22.928071143047784], [120.2349436348287, 22.9278548162755], [120.23523548966101, 22.927615256295827], [120.23551655684489, 22.92738980415287], [120.23571289594115, 22.927233979618777], [120.23590646726335, 22.927080683526583], [120.23642403782317, 22.926662545828886], [120.23719448832041, 22.92604974967008], [120.23786792898274, 22.92551600355674], [120.23868039533032, 22.92486601888714], [120.23926095187073, 22.92440814496824], [120.23946222334104, 22.924245822036596], [120.23992835594854, 22.92386906537875], [120.24046004111887, 22.92344105107841], [120.24059336495094, 22.92333372345317], [120.24059440486943, 22.923332899447733], [120.24059781056141, 22.92333019942998], [120.24150562208926, 22.922608620106097], [120.24210186602473, 22.92213281916541], [120.24223849675585, 22.922023240464718], [120.24230120049775, 22.921972952071716], [120.24235782703207, 22.92192753719359], [120.24295690836857, 22.92144706059819], [120.2430306180768, 22.921385852585107], [120.24306839499499, 22.921354483580586], [120.24311470529467, 22.921316027642206], [120.24369851352198, 22.920831229266888], [120.24417485340403, 22.920348409552485], [120.24464752426239, 22.919862101422858], [120.24521673137559, 22.919252989097178], [120.24569969833512, 22.918748632562217], [120.24619728206181, 22.9182182634656], [120.24684056517818, 22.9175364974376], [120.24746455892925, 22.916890150616286], [120.24768037811583, 22.91666572109548], [120.2477882559141, 22.916559307121958], [120.24785590983707, 22.916481345763106], [120.24799794073067, 22.916333047446752], [120.24837073731781, 22.915930441170484], [120.24868582926723, 22.9155834341191], [120.24891361339007, 22.915252662720707], [120.24911242044226, 22.914974674184624], [120.24924520208788, 22.9147945334803], [120.24940510196411, 22.914533134403552], [120.24955425529544, 22.914244023689424], [120.24973284277705, 22.91388881645386], [120.24978172811387, 22.913783211417762], [120.24984116958451, 22.913648035953898], [120.24994057542172, 22.91342197054577], [120.2500929271628, 22.9129885232954], [120.25022729747461, 22.91254339608849], [120.25024717131829, 22.912477557906723], [120.25030365192535, 22.912277380835473], [120.25032289432104, 22.91220918275357], [120.2503709738936, 22.91203877771255], [120.25043928068166, 22.911795470799863], [120.25046574625554, 22.911701201998003], [120.25048644205106, 22.91162748149552], [120.25111365548301, 22.909407385260188], [120.25139223094536, 22.908399414077085], [120.25140755221304, 22.908294536118277], [120.25150262686952, 22.907944761003755], [120.25153982790066, 22.907811090038642], [120.25157705912059, 22.90767172740435], [120.25166891315295, 22.907331373638915], [120.25190946959569, 22.906329144114824], [120.25248931254879, 22.904358541296318], [120.25281120010024, 22.903264602820844], [120.253041947507, 22.902442029578115], [120.25308112460299, 22.902293312052095], [120.25319844520374, 22.901855988235614], [120.25340232306654, 22.901176262161357], [120.2534528150377, 22.90100793957626], [120.25348342629924, 22.900905888243756], [120.25354375823137, 22.90063651388856], [120.2535999327285, 22.900355382370236], [120.2536242184971, 22.900195841409307], [120.25367083840013, 22.89985200814339], [120.25369696927146, 22.899552228735566], [120.25371636475501, 22.89929253394785], [120.2537263397679, 22.89899146677743], [120.25373692154268, 22.898634529178793], [120.25373673170087, 22.89841265977904], [120.25373792857395, 22.898333561647707], [120.25374018383248, 22.89818446548376], [120.25374264018397, 22.89803905372669], [120.25374722243032, 22.897677313584936], [120.25375810306562, 22.896818253816004], [120.25377648034242, 22.895289027851433], [120.25378722188591, 22.89439518779414], [120.25378739620191, 22.894380779835032], [120.25378742484904, 22.894378393256126], [120.25379146027451, 22.894042401236703], [120.25381421686825, 22.892885303902297], [120.25377776841623, 22.891283246348436], [120.25372919469382, 22.88856898248433], [120.2538090514201, 22.8867456775519], [120.2538728874377, 22.8849653589717], [120.25392935018044, 22.88329904491176], [120.25394745797156, 22.881582206559685], [120.2539405153108, 22.881010194489413], [120.25395936458474, 22.880256637490476], [120.25397532428346, 22.87972366661999], [120.25398692986259, 22.879567781367847], [120.25404626519818, 22.878917132788622], [120.2541599739524, 22.878291547150045], [120.25417177544776, 22.878226619466467], [120.25430254080756, 22.87772175909917], [120.25435954758755, 22.87746794984622], [120.25449444481178, 22.877026758162877], [120.25576362671923, 22.87373361015265], [120.25590964825466, 22.87333349675854], [120.2559100499097, 22.873332396032197], [120.25591107679288, 22.8733295833679], [120.25600849915098, 22.873085598432052], [120.25794961266926, 22.867843487898863], [120.25805548990101, 22.867560517939538], [120.2580555393352, 22.8675603872299], [120.25805637195029, 22.867558159711955], [120.2581632405475, 22.86727253484467], [120.2584125777119, 22.86660188386441], [120.25869248634088, 22.865877920524035], [120.25879650960829, 22.865621944779747], [120.25887202621483, 22.865449875399527], [120.25898792869674, 22.86519980560426], [120.25914434193571, 22.86487306604285], [120.25935054566452, 22.864484672108254], [120.25953174411953, 22.864159638617835], [120.25967959935093, 22.863908384039465], [120.25985846318395, 22.86361289021592], [120.26012158662148, 22.863220381061236], [120.26034027702855, 22.862895798981256], [120.26068847220932, 22.86240133134585], [120.26102727149643, 22.86191761412993], [120.2611089860804, 22.861800943782633], [120.26143953244052, 22.861329898412528], [120.26167152330271, 22.86099418197846], [120.26196158915457, 22.860585639102716], [120.26234908375785, 22.860031100871012], [120.26275664119912, 22.859450626295978], [120.26312668851202, 22.85891931071215], [120.26346238541427, 22.85843972462795], [120.26382590087556, 22.857917929334224], [120.26402299275544, 22.857633809755004], [120.26425448057657, 22.857300104188894], [120.26443602912491, 22.857042897656324], [120.26449562644962, 22.85695845912528], [120.26450325578229, 22.856947652512655], [120.26473400425809, 22.856607123012918], [120.26563242845701, 22.855410831982695], [120.26646291113535, 22.854232937345373], [120.2665648231358, 22.85408839297145], [120.26723780462, 22.853100009661482], [120.26752251193331, 22.852619747663734], [120.2675423188728, 22.85258633788186], [120.26762072849547, 22.852454071192852], [120.26768202524451, 22.85235066992535], [120.26810907945057, 22.851668276997096], [120.26826932815386, 22.85138224832068], [120.26874546049251, 22.85041647155002], [120.26913670285609, 22.849604513576363], [120.26959132246513, 22.848664822272692], [120.26975219834581, 22.848333790864114], [120.26975277958867, 22.848332597003097], [120.26975416869656, 22.848329737127948], [120.27021641840811, 22.84737855411642], [120.27047158578456, 22.846855620160575], [120.27067506470749, 22.84643861571765], [120.27104936630441, 22.84565553865297], [120.27105458547784, 22.84564481456811], [120.27110160824434, 22.845548194175567], [120.27140026961675, 22.844934517839004], [120.2717639500283, 22.844177680376163], [120.27230621821774, 22.843048599613915], [120.27265414118428, 22.842399573955], [120.27311411765058, 22.841665461544697], [120.27371525363034, 22.840715315010005], [120.27431456540414, 22.83975720090971], [120.27464916686168, 22.839226214669072], [120.2751985635553, 22.83835381909393], [120.27575374190184, 22.837467503810352], [120.27582272672615, 22.83735737373565], [120.27598564557309, 22.837097277255275], [120.27724132017129, 22.83511031695215], [120.27728156213476, 22.83504663824289], [120.27815872760567, 22.833642466387793], [120.27816714211785, 22.833628996816184], [120.27858327627406, 22.83296968088588], [120.27874486787108, 22.832710398783075], [120.27881562393684, 22.832598218134915], [120.2791229320208, 22.832110991894908], [120.27955212715759, 22.831429272648126], [120.27998005029093, 22.83074443988045], [120.28043741324304, 22.830019722257546], [120.2808688212439, 22.829338167940307], [120.28153460380148, 22.828279325983466], [120.28200651750342, 22.827523922987815], [120.28238670797343, 22.826930183544924], [120.28282497068292, 22.82625205680253], [120.28305542914391, 22.825894418618596], [120.28305549593615, 22.825894314166078], [120.28305594182287, 22.825893626247147], [120.28390067110152, 22.824582697150788], [120.28424200513639, 22.82405961466517], [120.2844262911431, 22.823777200812167], [120.28460800833629, 22.82349872329591], [120.28469404189377, 22.823366878589034], [120.28471576951279, 22.82333339191355], [120.28471654535879, 22.823332196153675], [120.28471840738354, 22.823329327413568], [120.28573599896401, 22.821760979326328], [120.28646047782442, 22.82063144133559], [120.28748423348345, 22.819051970162274], [120.28837457560603, 22.817675399923626], [120.28938764565565, 22.81612021612834], [120.28980121319523, 22.815480033753452], [120.28988770890481, 22.81534614075584], [120.29011312366812, 22.8149972074135], [120.29062433462606, 22.814205164234963], [120.29117290290925, 22.813361631106872], [120.29179686428672, 22.812397370256754], [120.29238781135659, 22.811484444607057], [120.29268283826316, 22.81102532663049], [120.29274127385769, 22.81093438903149], [120.2927905033391, 22.810857778038915], [120.29284937969112, 22.81076615513229], [120.29373206275476, 22.80941139906239], [120.29414353417103, 22.808776057666616], [120.29498674325934, 22.807472850980215], [120.2956907578421, 22.806386499984917], [120.29611498671576, 22.80572873509295], [120.29623416399329, 22.80554570861619], [120.29696465538922, 22.80442384926917], [120.29709735235785, 22.804220055588907], [120.29767022786443, 22.80333557546238], [120.29824793618475, 22.802447217643415], [120.29864865605953, 22.80183083589693], [120.29900178997043, 22.801209390851646], [120.29927941394095, 22.8006102254566], [120.29945564361115, 22.80017268064381], [120.29966196332443, 22.799536461521175], [120.29983015174776, 22.798796491292155], [120.29989519085792, 22.79845206043398], [120.2999310957819, 22.798333749755027], [120.29994496021865, 22.798288064858944], [120.30003141943709, 22.79743446681737], [120.30011787865551, 22.7965808687758], [120.30011787865551, 22.7965808687758], [120.30020414348071, 22.795655653307563], [120.30035373272364, 22.794369336690774], [120.3004800189989, 22.793031792215622], [120.30055549874933, 22.792281949543714], [120.30057988079767, 22.792039729608263], [120.3006559162502, 22.791284284242927], [120.30074427754555, 22.790331607044322], [120.3008273173555, 22.789588967554128], [120.30083957523614, 22.789479329576942], [120.30085644431168, 22.789323148730748], [120.30086017324363, 22.789288621596043], [120.30110374986107, 22.787033318186893], [120.301135474435, 22.78669764698279], [120.30116207545521, 22.78641618691914], [120.30119713296286, 22.786045236342424], [120.30121666075871, 22.785838602742974], [120.30130595791582, 22.78502021851146], [120.30132501791313, 22.78483499505501], [120.3013390991169, 22.784698177694988], [120.30135973885153, 22.78449762282438], [120.30140255238827, 22.784128949233786], [120.30144143177561, 22.783862659845205], [120.30147874289912, 22.783632735752658], [120.30153803599558, 22.783338475183307], [120.30162561486003, 22.783010673544485], [120.30174145607889, 22.782639909145505], [120.30187834689943, 22.782229205376613], [120.3021222805613, 22.781545432723615], [120.3021631901097, 22.78143099185736], [120.30240943519546, 22.780742152696085], [120.30263106080571, 22.780113360424632], [120.30287069789318, 22.779444705371805], [120.30311317024119, 22.77875191914994], [120.30335913741192, 22.778073855711273], [120.30358331327405, 22.7774293371848], [120.30366113496846, 22.777210906112227], [120.3038000452767, 22.776821005386577], [120.30388055043412, 22.776595036367453], [120.30417334282765, 22.77577347197291], [120.30419215000565, 22.775720003877208], [120.30425209693857, 22.775549573000742], [120.30445629671782, 22.774969030131434], [120.30484969566513, 22.773871634454583], [120.30504128859371, 22.773333475565497], [120.30504281090965, 22.77332919901542], [120.30515676084906, 22.77300912770101], [120.30547865741369, 22.772103454681268], [120.30579460098747, 22.771239099405815], [120.3062002113784, 22.77007720503653], [120.3063758219725, 22.76962116960902], [120.30658073023547, 22.768976713618592], [120.30681413707649, 22.768399811117146], [120.30699187409562, 22.767858291995413], [120.30723433244957, 22.767178512422742], [120.30762285737082, 22.766141921008447], [120.30796697277987, 22.765365525170083], [120.30805552745903, 22.765179587304655], [120.3080835194928, 22.765120813250697], [120.30881128298334, 22.763721398889324], [120.3094329413121, 22.76261619025087], [120.30967916963625, 22.762227905795864], [120.31029624146731, 22.761080129818605], [120.31095040198223, 22.75986336754473], [120.31142878598666, 22.75890454175773], [120.31188573801613, 22.75806903888282], [120.31225450243596, 22.757357761929477], [120.31325652284252, 22.755499660109493], [120.31468525938836, 22.7528900675891], [120.31708477550283, 22.748429344731], [120.31713760456877, 22.748333756221328], [120.3171384603075, 22.748332208427414], [120.31774863338215, 22.747228173215966], [120.31867730910199, 22.745491838402046], [120.31929796326803, 22.74436180411785], [120.31967187891367, 22.743660029430337], [120.3213718642531, 22.740535968793203], [120.32185489542034, 22.739732624956993], [120.32231089530283, 22.739049342982256], [120.32291863141927, 22.738220978638903], [120.32419692028061, 22.736632777442747], [120.32466117945326, 22.735957149322086], [120.32475752362146, 22.735786348103005], [120.32500346339052, 22.735309384133604], [120.32525577193049, 22.73468528402552], [120.32539062007953, 22.7342220138653], [120.32544938844467, 22.733994750480036], [120.32553077330036, 22.733609231887677], [120.32558972340898, 22.733250304882816], [120.32561566029922, 22.732983327164785], [120.3256346511749, 22.732490744804764], [120.32562343915714, 22.73204894769357], [120.32557998068344, 22.731552201471775], [120.32546991220427, 22.730969816902327], [120.32541363877253, 22.730725215893948], [120.32534276131587, 22.73047831363486], [120.32525198967633, 22.730206115734138], [120.32512495692416, 22.72987336441928], [120.32507719711666, 22.729787249246748], [120.32497830648701, 22.729574133930363], [120.32477221935792, 22.729033825082578], [120.32435206452702, 22.727990389765846], [120.32418113456832, 22.72752055725828], [120.32401328412817, 22.727042900156324], [120.32389459564546, 22.726705144731675], [120.32349528278759, 22.72536002321059], [120.32325779878919, 22.724685560834327], [120.32277313092789, 22.72339282658381], [120.32275258249057, 22.7233337696936], [120.32275185201934, 22.72333166878986], [120.32253415793672, 22.722705996611342], [120.32244679326418, 22.722454899776526], [120.32225658255446, 22.721952578027107], [120.32219594663981, 22.721774702520353], [120.32217706565245, 22.72171931633959], [120.32204836840556, 22.721252016604332], [120.32196740614384, 22.720912963249873], [120.32188074642323, 22.720421253977424], [120.32184243022847, 22.720042420954826], [120.32183203926252, 22.71965770189439], [120.32184954734184, 22.71917655399857], [120.32187076244259, 22.718884791853977], [120.32192544335749, 22.71849007816894], [120.32199671042747, 22.718125962739833], [120.32215965411197, 22.717522868706403], [120.32273825688297, 22.71584189574344], [120.32305330539229, 22.714856720797524], [120.32312446634715, 22.714584802223218], [120.32319037415331, 22.714292363680684], [120.32323517451529, 22.714044434380593], [120.32339829964756, 22.712946139128157], [120.32379002932961, 22.709979860072714], [120.32394383668014, 22.708906399892534], [120.32399253540629, 22.70837367251364], [120.32400906384386, 22.708007931667833], [120.32399644128718, 22.707581258103893], [120.32397606420479, 22.70728143834576], [120.32394112224995, 22.70694585806124], [120.3238571144929, 22.70646638952847], [120.32377622132627, 22.706123429297524], [120.32372486288878, 22.70594357950965], [120.3235729833193, 22.70547574791246], [120.32320752449141, 22.704635304987775], [120.32264330989626, 22.703431404990727], [120.32236989446815, 22.70289526202798], [120.32220948726388, 22.702610831237173], [120.32204574362233, 22.702356367834888], [120.32175988592043, 22.701949459914186], [120.321293543852, 22.701331358848186], [120.3195470786664, 22.699234209952756], [120.31878870655459, 22.698333780510655], [120.31878656522885, 22.698331237400872], [120.31851630459765, 22.69801034917344], [120.31821620192954, 22.697680271128355], [120.31787371045061, 22.697320050942658], [120.31697714378423, 22.696434393253426], [120.31529823682179, 22.69482048437869], [120.31419098608859, 22.693733314487126], [120.31172841064644, 22.69135087855916], [120.3111216034674, 22.6907798452849], [120.31078565974705, 22.690480286404515], [120.31003470861609, 22.68984357718186], [120.30932143494549, 22.68922381322992], [120.3090680652344, 22.689029148337298], [120.3089154282936, 22.68891479295466], [120.30871117980138, 22.688753612913455], [120.30860766347756, 22.68867274360851], [120.30827073639398, 22.68835540397488], [120.30805552011005, 22.688169643128706], [120.30805402878347, 22.688168356139755], [120.30701310814358, 22.687269874712058], [120.30805402878347, 22.688168356139755], [120.30570249820522, 22.686138608174105], [120.30501282456463, 22.68558096645821], [120.30386249138247, 22.68461411780767], [120.30299664718366, 22.683811638989862], [120.30238701647127, 22.68320204560047], [120.29949999034649, 22.680152351273357], [120.29893383966768, 22.679547561711477], [120.2983694499587, 22.67893063263885], [120.29767418906994, 22.67820214587013], [120.2966966514447, 22.67715409089193], [120.29519177753701, 22.675569598563442], [120.29304651924653, 22.6733337817719], [120.29058512180237, 22.670768356322007], [120.28968538601039, 22.669787274737647], [120.2893315363308, 22.669317590367303], [120.28883008931182, 22.668627554896908], [120.28853971629478, 22.668189772255044], [120.28818583418631, 22.667695652943344], [120.28631682483189, 22.664945538913468], [120.28574852780679, 22.664085929022416], [120.28523266831456, 22.663325858155005], [120.28498104848194, 22.66293237930009], [120.28453281929487, 22.662293198455558], [120.28367772432533, 22.660996194620502], [120.28305553333334, 22.66006436497067], [120.28295174520517, 22.65990892424175], [120.28271908286067, 22.6595187488997], [120.28250502034281, 22.65910173532872], [120.28234292107868, 22.658749402150328], [120.28215919477879, 22.658246050363125], [120.2819932522861, 22.657703619462172], [120.28187653194857, 22.65716140897069], [120.28178204496761, 22.656400664820794], [120.28172254721956, 22.65567270955664], [120.28162839141592, 22.653912569922284], [120.28127607351652, 22.648333411079832], [120.28116130349304, 22.646515886145657], [120.281025031677, 22.64477926284045], [120.28086686142974, 22.64311034202101], [120.28085715655996, 22.64262860880082], [120.28094083505883, 22.64162255377889], [120.28132040130389, 22.64027916250815], [120.28176222365197, 22.638955951466546], [120.28206574171011, 22.638383976811234], [120.28227827135645, 22.63807492515888], [120.28261420972197, 22.637694636223763], [120.2829390916863, 22.637412192004653], [120.28305553156498, 22.637329084340884], [120.28327076604022, 22.637175461686297], [120.28362625746269, 22.636977996649474], [120.28395810943124, 22.636819582136265], [120.28434901680731, 22.636684273505786], [120.28473970385905, 22.636591384398805], [120.28521102200322, 22.636541274328682], [120.28576741905701, 22.636537604464493], [120.28603950203355, 22.636552282573746], [120.28671446645944, 22.636675504994717], [120.2877494632693, 22.636900371117726], [120.28913368878288, 22.637196132763616], [120.2902012415254, 22.637452115324265], [120.2906564988357, 22.63762055309599], [120.2911510918009, 22.637830768625733], [120.29167972120423, 22.63808763276802], [120.2926370382888, 22.638554416212756], [120.29382316432718, 22.639134781714734], [120.29493832508717, 22.639673220517583], [120.29569642307759, 22.6399163966596], [120.29623119085397, 22.64000685148401], [120.29665035049855, 22.640018479938842], [120.29733866061245, 22.639987234535372], [120.2983066267733, 22.63992131426054], [120.29896864532057, 22.63987526291783], [120.29987754446407, 22.63980593761422], [120.30046973563199, 22.63973279920957], [120.30259894126868, 22.639498422126422], [120.30415736097095, 22.639386489928793], [120.30669643351064, 22.639254467856485], [120.30805555326475, 22.639161047228402], [120.30912289250956, 22.639087674150037], [120.31164960045056, 22.638914985912685], [120.31244218202315, 22.638905968286977], [120.31355231681502, 22.638878907673917], [120.31441955720085, 22.638829591565987], [120.31696055136341, 22.638648993963983], [120.31767802446984, 22.6385835209604], [120.3184343098136, 22.63848884189073], [120.32143926487225, 22.637923999003593], [120.32380601825221, 22.637505490897706], [120.32609540050387, 22.637105996885996], [120.3279157113715, 22.636787033603934], [120.32918539377187, 22.636566136962813], [120.33228974732123, 22.636009687338394], [120.33303251599777, 22.63589457433888], [120.33305551816832, 22.635890551997893], [120.33447821021198, 22.63564178183251], [120.33648157272337, 22.63529035533787], [120.33764002669432, 22.635077324074782], [120.33893588957365, 22.634798771217906], [120.34113136268205, 22.63440153623266], [120.34279747478513, 22.634126245275915], [120.34383912966797, 22.63395018122456], [120.34531660400438, 22.633728535558777], [120.34577431799806, 22.633655533146573], [120.34921096217661, 22.633058859434257], [120.35130318163742, 22.63268050545006], [120.35334016294786, 22.63227958986292], [120.35639043793115, 22.631692297833123], [120.35805552004373, 22.631369554260022], [120.3592714558784, 22.631133856847296], [120.36108000882189, 22.63078252323498], [120.36157451361046, 22.630713277548224], [120.36194850889153, 22.630684615649802], [120.36231891348744, 22.630705475924792], [120.36257859285234, 22.630730449565615], [120.36317278215259, 22.63082946152569], [120.36361719328879, 22.6309358530721], [120.36421240586196, 22.63114333734701], [120.36472885749835, 22.63138630183204], [120.3650261523418, 22.631558186646803], [120.36540316869595, 22.631808857361772], [120.36606817972122, 22.632301645321892], [120.3665927839635, 22.632693335758947], [120.36743335555116, 22.633324321938005], [120.36903637997382, 22.634444480046575], [120.37141762810991, 22.6359306120821], [120.37171263827437, 22.636100814128973], [120.37207723647902, 22.63629900174756], [120.37251226480126, 22.636500104750283], [120.37311479762016, 22.63673578374952], [120.37357151052265, 22.636891114073926], [120.37400040683633, 22.637010663905066], [120.37441024559435, 22.63710330604202], [120.37625403204909, 22.63748211893055], [120.37763020931285, 22.637756605482917], [120.37790061848877, 22.637810538948102], [120.38000970456278, 22.63823117965528], [120.3818900919191, 22.638617274503012], [120.38305358648363, 22.638848109798126], [120.3830555305323, 22.63884849476423], [120.38528625050604, 22.639291039520955], [120.38664466717889, 22.639569490214004], [120.38793370697458, 22.639798496597557], [120.38901073413945, 22.640014394062998], [120.38974149604617, 22.640173482631468], [120.39106951164153, 22.640431613773508], [120.39344135362599, 22.640919789902977], [120.39458175441074, 22.641121878691912], [120.39491755152233, 22.641162478960812], [120.39586090932941, 22.641235402612015], [120.39655985505274, 22.641275928754965], [120.39947441632295, 22.64135375798188], [120.39954928813091, 22.64135575694909], [120.39998193393954, 22.641367305048874], [120.40509924556707, 22.641530475321872], [120.40805555593278, 22.641615351253737], [120.4105611258981, 22.64168724406096], [120.41176205383363, 22.64172693968949], [120.41216979804825, 22.641748767062495], [120.41262212188342, 22.64178939359724], [120.41310372208935, 22.641856975519747], [120.41371886544889, 22.641988483089804], [120.41418257101898, 22.642119437781396], [120.41445582980987, 22.64220958449583], [120.41483784454897, 22.64236161577759], [120.41534448975817, 22.64259333338523], [120.41566596092164, 22.642758510239272], [120.4160602753245, 22.642988775831736], [120.41648095419451, 22.643277321028673], [120.41686609680472, 22.64357972461694], [120.41708984927372, 22.64377523441805], [120.41741756834384, 22.644083024307815], [120.41755666948924, 22.644226053951606], [120.41806916634836, 22.64484189177121], [120.41831412508708, 22.645184700737435], [120.41849689470212, 22.64547026956437], [120.41868882903971, 22.645826372234342], [120.4188549326277, 22.64616563430686], [120.41904163669042, 22.64662781966106], [120.41913065276354, 22.646880079207346], [120.41925190094723, 22.647300546806157], [120.41942269390242, 22.647980125062773], [120.41948312362531, 22.64827023463353], [120.41949802866729, 22.648333804985977], [120.41950005882715, 22.648342463851044], [120.41987148634914, 22.649973463585216], [120.42025856154356, 22.651678923676474], [120.42039775654595, 22.652286290794724], [120.42041179265784, 22.652351690253198], [120.42050523225271, 22.65278704101734], [120.42050523225271, 22.65278704101734], [120.42063610223676, 22.65339678629737], [120.42094768781634, 22.654724279820037], [120.42126799237056, 22.656111428162834], [120.42147965671191, 22.65706508359376], [120.42162654621453, 22.65772044971254], [120.42164199133441, 22.6577884107436], [120.42173472952548, 22.658196402002552], [120.42187678909407, 22.658821372613758], [120.42201992683538, 22.659296280393168], [120.42220972414147, 22.65979220659427], [120.4224717855313, 22.660275121382835], [120.42260716062289, 22.66047097520172], [120.42273066653955, 22.66063807272817], [120.42309734777058, 22.66104965434979], [120.42331233583809, 22.661255388529728], [120.42351559497811, 22.661440030342906], [120.42382816334063, 22.66165795427745], [120.4241681209157, 22.661865677329118], [120.42444268966469, 22.662006842617977], [120.4248038791514, 22.662163663565224], [120.4252120975194, 22.662302183545552], [120.42549591202743, 22.662374682942747], [120.4258148029134, 22.66243704404671], [120.42612728514324, 22.66248031574402], [120.42629652889215, 22.662492682655486], [120.4265490808649, 22.662511137227085], [120.42705556999115, 22.6625093025836], [120.42756417746597, 22.66249832209403], [120.42835472204082, 22.662473717154704], [120.42915905682682, 22.662452811304764], [120.4298630298696, 22.662429694803716], [120.43045842593907, 22.66241443621066], [120.43106069774745, 22.662401957825764], [120.43199334365497, 22.662371434796498], [120.43275338886346, 22.662351278616136], [120.43305058684841, 22.662340493859578], [120.43305340713802, 22.662340402694213], [120.43305553257588, 22.66234033345324], [120.43392656845658, 22.662312040224368], [120.43620434763834, 22.662244640828703], [120.4362045967738, 22.66224463267456], [120.43620670076945, 22.662244571444003], [120.43841522567566, 22.662179170826043], [120.44428101539589, 22.662010875494676], [120.44671332007178, 22.66193086342597], [120.44713236440025, 22.66191788318603], [120.44764172351218, 22.661905429062816], [120.44795248734285, 22.66190750160977], [120.44826593271603, 22.661905733851007], [120.44865059045618, 22.66190801793978], [120.44888411105403, 22.66191357335994], [120.44918211543046, 22.661931705206122], [120.44965902626598, 22.661953854829076], [120.44996503447867, 22.66197216984985], [120.45030151415756, 22.661997286995714], [120.45079808442371, 22.662058233894406], [120.4514825243812, 22.66215191267523], [120.4519007558312, 22.662223916232083], [120.45230345752799, 22.662306270937457], [120.4524021509078, 22.662328331932148], [120.45295379845956, 22.66245164308151], [120.45353384644812, 22.662588545786768], [120.45394377013581, 22.662703911550977], [120.45440287304545, 22.66282764735924], [120.45495385758474, 22.662979384790493], [120.45568683176614, 22.663193495155713], [120.45617790917171, 22.66333249189273], [120.45665629397172, 22.66346258394565], [120.45719983580716, 22.663612092182245], [120.45783078517348, 22.663786997407158], [120.45805553080662, 22.663848731263432], [120.45862544171533, 22.66400527493169], [120.46049615908264, 22.664503750443238], [120.46077322680522, 22.664579832404407], [120.46087511614911, 22.664607810561808], [120.46160272497328, 22.664807606426066], [120.46356129245409, 22.665348726073045], [120.46454049974672, 22.665619946827395], [120.46518263339885, 22.665777740068673], [120.46588076068358, 22.665933811943606], [120.46657079922942, 22.66609319075951], [120.46697498011976, 22.666188934520168], [120.4675648915253, 22.666347051151998], [120.46813239664085, 22.666501726350678], [120.46847751683113, 22.666597319925543], [120.4691884756385, 22.66679487072007], [120.46960099221755, 22.66690830978543], [120.46991002046605, 22.666991511499088], [120.47045747915371, 22.667142708471978], [120.47123734239142, 22.667359405746293], [120.47180076705834, 22.667509757715997], [120.47222435563386, 22.667629154434497], [120.47324171975934, 22.66790811895257], [120.47381658859, 22.668069991464545], [120.4742308089176, 22.66818271177084], [120.47507749696196, 22.668416180519056], [120.47588273143289, 22.668637943399826], [120.4766553825922, 22.668850608319556], [120.47734467556248, 22.669039207624895], [120.47791343999079, 22.669197512773806], [120.47853769445524, 22.669366886870478], [120.47890268963992, 22.669466594882806], [120.47914110584489, 22.669521985258307], [120.47935339202847, 22.669567892852427], [120.47955280787801, 22.669602992677206], [120.47975124008224, 22.669633688328254], [120.47992007920836, 22.669654791717797], [120.48010105792396, 22.66966893542447], [120.48032408596985, 22.669679690612675], [120.48056488534951, 22.66968571225527], [120.48076340877061, 22.669681410607964], [120.48106345602645, 22.669664444064644], [120.48130120806024, 22.669641884732858], [120.48152597969924, 22.669611033351657], [120.48170082756356, 22.66958176398086], [120.48248645715017, 22.669435957024934], [120.48301853963348, 22.66933576652906], [120.48305553406684, 22.66932935751905], [120.48346122526496, 22.6692590714617], [120.48377552515156, 22.66919329970254], [120.48390067415954, 22.669169810946016], [120.48412133321371, 22.66913242959858], [120.48454222156964, 22.669059740558676], [120.48579806316508, 22.668872326047083], [120.48828394232797, 22.668618708601322], [120.48932781965607, 22.668535968456446], [120.49003488415255, 22.66848066932293], [120.49050366767182, 22.66840465309626], [120.49103536787915, 22.668259829254566], [120.49140395074923, 22.66812043190153], [120.4917363963736, 22.667953115373045], [120.4921459036407, 22.66769326930552], [120.4925554109078, 22.667340134095852], [120.49299530639271, 22.6668297710931], [120.49407729418988, 22.66548253142661], [120.49683533964698, 22.66132784916426], [120.49727563459655, 22.660622177975934], [120.49825467823092, 22.659154730039106], [120.49971746429046, 22.656917460683268], [120.50268648388219, 22.652434902005876], [120.50292311785927, 22.65203755964916], [120.50515774397061, 22.648629275419857], [120.50532179672386, 22.64839382611122], [120.50536385989705, 22.648333537404405], [120.505364451578, 22.648332689422745], [120.50613530139579, 22.647157060437525], [120.50728675669944, 22.645403673452556], [120.50789565266082, 22.64447625108754], [120.50805548900179, 22.644233351536503], [120.50842947091654, 22.643665020631527], [120.5086160131915, 22.64339205989556], [120.5094806176043, 22.64206920239595], [120.51037446636141, 22.64070714913476], [120.5112574049243, 22.639380507997117], [120.51250135077531, 22.63753289033094], [120.51340632136883, 22.636167715912347], [120.5142622845086, 22.634848903034232], [120.51531866293891, 22.633253259158902], [120.51632945082167, 22.631718665544064], [120.51755055872297, 22.62985754775836], [120.51890638778892, 22.627803290985565], [120.52015866518059, 22.62591590980405], [120.52131518781874, 22.62416454343294], [120.5218514663087, 22.623333788875787], [120.52185196510308, 22.623333016410704], [120.5225100767376, 22.622353988556615], [120.52366758334368, 22.620625385285706], [120.52447050679416, 22.619410994930785], [120.52485193435334, 22.618841233472512], [120.52532320104122, 22.618119385586564], [120.52578218989117, 22.617414186387602], [120.52633799399221, 22.616582351440314], [120.52725014060019, 22.615202501453854], [120.52754638050436, 22.614702491778726], [120.52834774171286, 22.613450712687], [120.52864874243544, 22.61301340495392], [120.52956181653379, 22.611616130689892], [120.5301616762501, 22.61069814752285], [120.53155369182288, 22.60860070525263], [120.53200328822847, 22.60791230549472], [120.53217540840305, 22.60764876068419], [120.53305332739689, 22.606317227754214], [120.5330555211035, 22.60631395860233], [120.53364468595151, 22.60543594268391], [120.53420768744802, 22.6045920316317], [120.5350836721399, 22.603270992994155], [120.53610557752557, 22.601738525739073], [120.53742370459426, 22.599748179065376], [120.53788593310189, 22.599048157628605], [120.53836241611747, 22.598333642154355], [120.53836288141223, 22.59833294359079], [120.53892256041073, 22.597486458174057], [120.53930150417621, 22.59690797956693], [120.53945386492269, 22.596653599191516], [120.53963001374791, 22.596331139025352], [120.53981582433127, 22.595939090058263], [120.54004024375493, 22.59533689647386], [120.54015603522107, 22.59492686807054], [120.54023163013954, 22.594617212301998], [120.54027051495066, 22.594425434959035], [120.54031981832524, 22.59408062839702], [120.54035261923812, 22.59379365238413], [120.54037392491549, 22.593411484808072], [120.5403680059791, 22.592999732341358], [120.54035531566164, 22.5927067478185], [120.5402844425847, 22.5919070429882], [120.54012711639973, 22.590296753940702], [120.5400445356549, 22.58940286715909], [120.53984351489926, 22.58740655237907], [120.53947226478128, 22.58352172003604], [120.53906516306279, 22.579420896236925], [120.53866787203643, 22.575415547466697], [120.5384566962921, 22.573333677031478], [120.53795267854468, 22.56806023799182], [120.53763978129729, 22.56573113733941], [120.53757072062653, 22.564962730362886], [120.53745407221464, 22.563750703645493], [120.53736686948014, 22.56291159905496], [120.53735658241868, 22.56281260931775], [120.53731066777739, 22.562264215548282], [120.53725939500737, 22.561562458630025], [120.53723784281142, 22.56112353038431], [120.53720844787743, 22.560567700019835], [120.53717794760237, 22.560280537624525], [120.53706935348626, 22.559191855486603], [120.53698330006222, 22.558365796205603], [120.53691261755203, 22.557581279550323], [120.5367759781193, 22.556259500244973], [120.53659813947098, 22.554412522456044], [120.53646844634814, 22.5531633521032], [120.536374390865, 22.552428053380375], [120.53632198432847, 22.552024160029895], [120.5360732046056, 22.550187776548288], [120.53585039777766, 22.548333514505615], [120.5358214635068, 22.548092711426104], [120.53571382672787, 22.546281526801955], [120.53561670581735, 22.545128079316925], [120.53539675656945, 22.543028370134785], [120.53527709513679, 22.54180059920128], [120.53515887808011, 22.540529067750427], [120.53509835748729, 22.539954327850182], [120.5350274910238, 22.539209218012086], [120.53493248419039, 22.538266862555684], [120.53481401513204, 22.53706553341536], [120.53474498325099, 22.53639926236914], [120.53470338136273, 22.53598066492256], [120.53461377078362, 22.53557598002873], [120.53460722492729, 22.53551076685024], [120.53436155346621, 22.53476351434514], [120.53424025807166, 22.534433821688417], [120.53407849695749, 22.534054253404644], [120.53380797342726, 22.53352456646288], [120.53356788871984, 22.53314555645969], [120.53331482663029, 22.532789520492962], [120.53309461254267, 22.53250185779472], [120.53305552031719, 22.532458470289146], [120.53305333722825, 22.532456047245823], [120.53271665424657, 22.532082371201227], [120.52929031858001, 22.528432593293928], [120.52922981802766, 22.52836814506653], [120.52827388380412, 22.527349823532866], [120.52615595279087, 22.525077187213867], [120.52573010993618, 22.524636655539528], [120.52498554116265, 22.523841227635163], [120.52493903889027, 22.523791547863784], [120.52451049640483, 22.523333725922093], [120.52450973125262, 22.52333290815805], [120.52404681609876, 22.522838360744363], [120.52319787779476, 22.5219185465683], [120.52257464014656, 22.521271941983528], [120.5208253574678, 22.519413886441523], [120.51969059896473, 22.51819910415363], [120.51963080952378, 22.51813509791089], [120.51799924706827, 22.516388424422498], [120.51692842750792, 22.51525418256385], [120.51689044036665, 22.51521394452941], [120.51576274239306, 22.514019428120985], [120.51544839321119, 22.51367300227047], [120.51371759760163, 22.51181943175376], [120.51348108455302, 22.511523121050907], [120.51331563187782, 22.511285098958155], [120.51314644597693, 22.51101413637036], [120.51303558154807, 22.510816486158838], [120.51288742552687, 22.510515121508906], [120.51274233868382, 22.510159404454804], [120.51264384931406, 22.509859882236007], [120.51257435014305, 22.509603855465805], [120.51249512377444, 22.509151473032585], [120.51246452237648, 22.508889291852537], [120.51244331599403, 22.508576464016105], [120.51242860939287, 22.50812334838959], [120.51238791403621, 22.506286140314423], [120.51238619876735, 22.506208723567376], [120.51234963605518, 22.504558008209532], [120.51234814829353, 22.504490835167704], [120.51234373364107, 22.504291525184446], [120.51228143268716, 22.50187787915296], [120.51227881592668, 22.501776507439686], [120.51226598821856, 22.50127950252442], [120.5121808879343, 22.498333588315088], [120.51215790061654, 22.497320365284434], [120.51214645945723, 22.496950007926674], [120.51211836415187, 22.495132368811806], [120.51211234011278, 22.49492260748565], [120.51210967756103, 22.49482990357325], [120.51206770477732, 22.494003317540667], [120.51206754949136, 22.493767374803195], [120.5120719288172, 22.49359467957505], [120.51207038950396, 22.493400607026025], [120.51207577063497, 22.49327037262159], [120.51208220756511, 22.49296512456744], [120.51208954233859, 22.492787427827054], [120.51208723489955, 22.492199527524036], [120.5120537089557, 22.491322004428916], [120.51205411083912, 22.491147499019213], [120.51203446135428, 22.490955781979416], [120.51203725433128, 22.4908377388819], [120.5120267303992, 22.49077139000167], [120.51202812688676, 22.49071236890343], [120.51200284716164, 22.490513267250815], [120.51195426974178, 22.48954210299051], [120.51191124723633, 22.488817801971564], [120.51186485258285, 22.487473331679727], [120.51184106579821, 22.486556602016126], [120.5118413793261, 22.486467192529318], [120.51175207011799, 22.48312358445528], [120.5117485123249, 22.483026315192642], [120.51172397104055, 22.482009638402012], [120.51172181104839, 22.481926687634683], [120.51165201551783, 22.478817302190294], [120.5116494650906, 22.47871351999459], [120.5116075814738, 22.476845547262283], [120.51160373567978, 22.47678417745828], [120.51157868578615, 22.47540631685387], [120.51157468832315, 22.47535939001105], [120.5115278224379, 22.47333353874161], [120.5115136475893, 22.472923997824513], [120.51147267737055, 22.471333422206744], [120.5114203134396, 22.468510275806842], [120.51142511384454, 22.466805633327212], [120.51140252485247, 22.466175186530563], [120.51139238457542, 22.465984172313416], [120.51136691790879, 22.464906382533975], [120.51135517046765, 22.46403728076246], [120.5112574951329, 22.46194052398887], [120.51119385467801, 22.459461729070497], [120.5111067827937, 22.455306640220975], [120.51110348224613, 22.45519995556455], [120.51106394029581, 22.453656168368635], [120.51101644338684, 22.45158900872441], [120.51101292975096, 22.4513677292769], [120.51101105881409, 22.451249873790328], [120.51099131612476, 22.450006373797503], [120.51092147542431, 22.448963533398476], [120.51089114122352, 22.448423819143468], [120.5108877941888, 22.448333500461153], [120.51088775686416, 22.448332507827395], [120.51088083561652, 22.448145730412378], [120.51086941443245, 22.447837516778307], [120.51069208233662, 22.440653649732724], [120.51059310858916, 22.436213722006116], [120.51061656751129, 22.43582569889174], [120.51064261586434, 22.435614820360662], [120.51068205530532, 22.435412701959507], [120.5108028469525, 22.434976880133092], [120.5109926264798, 22.434524188302856], [120.5110958161921, 22.43433133908036], [120.51123190726479, 22.434115447965944], [120.51138511491048, 22.433896836854863], [120.51153289966491, 22.433707287654258], [120.51170727050749, 22.433511204284052], [120.51188712335966, 22.433341630139108], [120.51210210494345, 22.433160590307832], [120.51231512296897, 22.433000313169362], [120.51249305375903, 22.432874990537332], [120.51277721972541, 22.43271042910394], [120.51337245026768, 22.432379051195298], [120.5138619626331, 22.43209038356353], [120.51528202014202, 22.431370020790286], [120.51559352678285, 22.431200364926745], [120.51590845336273, 22.431021225495122], [120.51652918668488, 22.430679806248428], [120.51779117296391, 22.429999075187276], [120.51897447934844, 22.429356286526453], [120.52017830536761, 22.42869031556299], [120.52057072497041, 22.428470358435725], [120.52103290694077, 22.4282141282373], [120.52140352580454, 22.428012979283842], [120.5218235596772, 22.427782274467187], [120.52331012570247, 22.426962566496947], [120.52467142648511, 22.42621803133166], [120.52605323515729, 22.425455893322606], [120.52627488205314, 22.42533500072748], [120.52651569572434, 22.42519639079696], [120.52715641048465, 22.424857748738297], [120.52825096138429, 22.424287951324345], [120.53028345165927, 22.423226394165752], [120.53072017647187, 22.422998667552704], [120.53100293272888, 22.422824594768073], [120.53133009853157, 22.422632732796586], [120.5323604619031, 22.422076017962354], [120.53336638635277, 22.421524080410293], [120.5344027592053, 22.420958069563085], [120.5356303566511, 22.42028691008243], [120.53691839408818, 22.419584170183267], [120.53902146032706, 22.418436184869883], [120.54336490078532, 22.416081913079065], [120.54757785810352, 22.413801034458636], [120.54800697453456, 22.413568111640142], [120.54845605996536, 22.413321651061167], [120.54928500496732, 22.41286072796901], [120.5509063540834, 22.41197271466061], [120.55124756081028, 22.411785903818327], [120.55191299916447, 22.41142146810253], [120.55268796984456, 22.41103158613741], [120.55360704346941, 22.41054919073263], [120.55397995687886, 22.410349540090934], [120.55435686929458, 22.41013879846404], [120.5547017896443, 22.409953935820212], [120.55507070404562, 22.409749355830616], [120.55653578532008, 22.408955682573477], [120.55710561709267, 22.40864231592878], [120.55767329293963, 22.408322969888584], [120.55917365932243, 22.407504961247135], [120.55945147722605, 22.40735194618518], [120.55978185143185, 22.40717160028371], [120.56038511639022, 22.40684127607637], [120.56160763677133, 22.406173890185936], [120.56279096734502, 22.40552603457934], [120.56400608286066, 22.404861853711807], [120.56493146660063, 22.404359589727306], [120.56586935590411, 22.40384577002202], [120.56629971547162, 22.403625101652494], [120.56673007503912, 22.403391267734584], [120.56771667926597, 22.40285417053891], [120.56811010115993, 22.40264062761476], [120.56856861703955, 22.40239120738833], [120.56894236437387, 22.402172441506934], [120.56940520783786, 22.401902339305373], [120.56979258064933, 22.401661488187894], [120.5700720584162, 22.401426806720686], [120.57017273923555, 22.40133981073853], [120.5702932125677, 22.401239812893095], [120.57040682055012, 22.401141959038874], [120.57052772051216, 22.401026769347407], [120.57101353115526, 22.400551881765637], [120.5711286199282, 22.400405097022947], [120.57163721403296, 22.399775518198332], [120.57214842047664, 22.39913314807452], [120.57232800081707, 22.398916955837034], [120.57248767684297, 22.39868926181323], [120.57274482792164, 22.398330487365733], [120.57325913007884, 22.39761983938494], [120.57352062007422, 22.397325527879346], [120.57365367095726, 22.39717169854425], [120.57388495170756, 22.3968560050115], [120.5748621890626, 22.39552562417224], [120.57502526682758, 22.395303975151897], [120.57520579123081, 22.39506888382717], [120.57554648562787, 22.394616176175795], [120.57578832342713, 22.39429996804646], [120.57603888454759, 22.39396494053481], [120.57627926846234, 22.39365276517566], [120.57654000678849, 22.393300262419345], [120.57690536766458, 22.392799429039062], [120.57727654408683, 22.392285152987675], [120.57802471247739, 22.39127810886131], [120.5795210492586, 22.38928015164945], [120.5796718653468, 22.389080140899658], [120.57979283736788, 22.388916214988974], [120.58001641583527, 22.388622325444693], [120.58031774716608, 22.38826174598205], [120.58045266049736, 22.388082106682305], [120.58077202205376, 22.38765686809245], [120.58110705632868, 22.387209124687814], [120.5811530697839, 22.387147630802964], [120.58124691599936, 22.387022213777186], [120.58129062432504, 22.38696380076632], [120.58305549558288, 22.38460806783441], [120.5838845485471, 22.383501420896362], [120.58393994203438, 22.383427674993808], [120.58462288730406, 22.38251844726531], [120.5846565957928, 22.382473569851925], [120.5852680929137, 22.381659449140038], [120.58530615123267, 22.38160877924025], [120.58837042073837, 22.377528961094097], [120.5884073946612, 22.377479731752796], [120.59117556909204, 22.373793876305335], [120.59151168837175, 22.373333723385304], [120.5915120637255, 22.37333320954977], [120.59243696814947, 22.37206698145451], [120.59306920013775, 22.371214967968356], [120.59325127005829, 22.370973408002005], [120.5935821493177, 22.370534412034022], [120.59534596158534, 22.368194208042194], [120.59576054914508, 22.36763550450412], [120.59620916716999, 22.367117216649497], [120.59660494313285, 22.366758565664423], [120.59697169015512, 22.366492612633103], [120.59714340929905, 22.36639300857417], [120.59760649207298, 22.36612440105346], [120.59799934613008, 22.365896526844644], [120.59809159608166, 22.36584301699559], [120.59815551709106, 22.365807098371736], [120.59857978608137, 22.36556869163968], [120.59874082599448, 22.36547819903548], [120.60046496803821, 22.3645093385385], [120.60059145479396, 22.3644382600532], [120.60727573360154, 22.360681798402343], [120.60757439436, 22.360484941030155], [120.60797085725271, 22.360195110508748], [120.60805551924066, 22.360121874684673], [120.60831525792388, 22.35989719105515], [120.60857047701514, 22.35963842545778], [120.60865327823322, 22.359541471304322], [120.60874037919787, 22.359439481703767], [120.6088870028738, 22.35926779582495], [120.60922920117596, 22.35877247079169], [120.6094618796898, 22.35835108934359], [120.6097131430072, 22.35776854341824], [120.60987761081545, 22.35718009823149], [120.60994148998519, 22.35684004078442], [120.60998600424456, 22.356410082321467], [120.61004881046433, 22.354804792044366], [120.61005710160956, 22.354592858794934], [120.6100693761971, 22.35427912060029], [120.61012689944198, 22.3532628730143], [120.61023966456554, 22.35251464515326], [120.61032961897355, 22.35213167093205], [120.61037342726094, 22.35194516039893], [120.61039095565157, 22.35187053433718], [120.61060406631708, 22.351200563554887], [120.61075906016119, 22.35081058442691], [120.61105822819728, 22.3501829327477], [120.61143731951347, 22.349517938008024], [120.61159794386637, 22.34927520367547], [120.61177945509813, 22.3490272666137], [120.61187773365643, 22.348893022125278], [120.61197747485217, 22.348756778832232], [120.61214149423483, 22.348532733340793], [120.6122872829519, 22.348333589455095], [120.61228761625433, 22.3483331332679], [120.61263334651073, 22.347860872564997], [120.61272813160014, 22.3477313976417], [120.61335774630379, 22.3468713430242], [120.61344621601093, 22.34675049194217], [120.61400362201398, 22.345989062301708], [120.61612603541302, 22.343089700956156], [120.61783101471124, 22.340760473748073], [120.61924469842651, 22.33884605873394], [120.61936434574264, 22.338723611156766], [120.62084586793576, 22.336696457787735], [120.62090241254106, 22.3366190867041], [120.62255811754503, 22.33435350990427], [120.6232362424189, 22.33360322631513], [120.6237618375537, 22.332911031197877], [120.62625175775126, 22.32950935307], [120.6263428282824, 22.329396129214583], [120.62678892141373, 22.32873961102353], [120.62726287222986, 22.32792607136174], [120.62827505262604, 22.326546610364908], [120.62843516594688, 22.32632839594838], [120.63004001163682, 22.32414113646309], [120.63011404886899, 22.324040228181495], [120.63063258803645, 22.32333348689955], [120.6306328705525, 22.323333102807037], [120.63063663291702, 22.323327976144537], [120.63066561130941, 22.323258312799208], [120.63071479439935, 22.323188480523246], [120.63233663908404, 22.32096403786831], [120.63242821491986, 22.32083843401154], [120.63302714693721, 22.32001694437279], [120.63305556125378, 22.319978903520443], [120.63367160650296, 22.31915414728499], [120.6344620732879, 22.31807074849111], [120.63511929658274, 22.317196421983308], [120.63736354180737, 22.314373876232036], [120.63781563700532, 22.31382248031812], [120.63975072388862, 22.311392833305074], [120.64042671926683, 22.31053676804636], [120.6405378057064, 22.310396089421356], [120.64075446247719, 22.310121715423755], [120.64081265891981, 22.310048015427846], [120.6417298722907, 22.30889884448981], [120.64253398831774, 22.307891352574714], [120.6427876018024, 22.307567286936507], [120.6430473664845, 22.30721696389971], [120.64329925707791, 22.306831976877586], [120.64346682150045, 22.30653637928202], [120.64360733077244, 22.306265345249983], [120.64373628181889, 22.305989683300925], [120.64387613545321, 22.30565448493215], [120.64399992065897, 22.305287395627932], [120.64407505831802, 22.30504112263556], [120.64423467574714, 22.304315518360376], [120.6442912146754, 22.303903505420696], [120.64446761616902, 22.30220546830705], [120.64448946284561, 22.30199517039721], [120.64473821119395, 22.299600644000492], [120.64486294079073, 22.298333787859303], [120.64486302046917, 22.298332982432555], [120.64487295959397, 22.298232035811317], [120.6448835282438, 22.298124693623073], [120.64491088915386, 22.2978467813606], [120.64497403350249, 22.29720542524279], [120.6450524832303, 22.296533763322742], [120.6450560070176, 22.29649925300084], [120.64559477769951, 22.291222804340745], [120.64561031830907, 22.291077984372386], [120.64562389207975, 22.290951496579993], [120.64595031980645, 22.2879095032192], [120.64600716396102, 22.287443821107907], [120.64605673973715, 22.287145146493575], [120.64612221859318, 22.28684283073219], [120.64624083543387, 22.286339917429817], [120.64637066831571, 22.28591476364947], [120.64644246500147, 22.28571759800239], [120.64655419443432, 22.285432789871145], [120.64671236347893, 22.2850844753351], [120.64695650057911, 22.284588001109064], [120.64724587813491, 22.284115349407156], [120.64763561578967, 22.283521198525637], [120.64851401025474, 22.282360050431134], [120.64864690255587, 22.282184377944425], [120.64895850346107, 22.281772465805297], [120.6491124426156, 22.28156896924643], [120.64923719714962, 22.28138717973608], [120.64936380688454, 22.281192900055604], [120.6496191877532, 22.280765629122858], [120.6496649540181, 22.280689058297266], [120.64968594811643, 22.280653931608896], [120.64975877871694, 22.280503491504092], [120.64982144129608, 22.280374052787522], [120.64986508299599, 22.280269064450817], [120.65000457919493, 22.27993348282921], [120.65011067791434, 22.279627260720904], [120.65013671942893, 22.27955209949487], [120.65023844071966, 22.27921595756918], [120.65030309177409, 22.278951790271616], [120.65035999122281, 22.278664899429952], [120.6504019420336, 22.278391436814985], [120.65042877635749, 22.278168524864732], [120.65044175006528, 22.27799418118721], [120.65045072814884, 22.277873526169582], [120.65049302162156, 22.27598566714647], [120.65052339899701, 22.275613198612152], [120.65053367487067, 22.275487205156224], [120.65057546335284, 22.275252366752966], [120.65060596985835, 22.275080924584294], [120.65066278889725, 22.27483252346397], [120.65083594004537, 22.274324422523097], [120.65100028567562, 22.273959141784957], [120.65117029777109, 22.273656319975537], [120.65136930033474, 22.273333667562472], [120.65136983618925, 22.273332798082382], [120.65145148060449, 22.273200420749415], [120.65185352908593, 22.27267178262992], [120.65197354510457, 22.272520722644813], [120.65206890400792, 22.272400696855076], [120.65228024828957, 22.272134683234185], [120.6527398384654, 22.27158787549308], [120.65305351269281, 22.271227281967867], [120.65329010814037, 22.270950807392282], [120.65396606427915, 22.27016733273272], [120.65429645415534, 22.269804319345997], [120.65438376496282, 22.269712404313935], [120.65466568215531, 22.269443219401857], [120.65493328438944, 22.26921419077874], [120.65497435413965, 22.269183593693562], [120.65518534488044, 22.269031892614027], [120.65531788919297, 22.268936593256644], [120.65555584690702, 22.268789554937836], [120.65596529484833, 22.26856863205563], [120.65645335206226, 22.26835554750339], [120.6568415094473, 22.268208985608315], [120.65754666168523, 22.26795823536519], [120.65756454864544, 22.26795187429296], [120.65805554169856, 22.267767831664564], [120.65824321147412, 22.26769748508472], [120.65882026325819, 22.267500423493953], [120.65910721720095, 22.26741387425597], [120.66215915906008, 22.26631397056673], [120.66246433298639, 22.2662039831983], [120.66271058365794, 22.266115232306227], [120.66276830319116, 22.266094830870042], [120.66551337180101, 22.265374144135926], [120.66555942153296, 22.2653636098226], [120.66576697460069, 22.265339113757527], [120.66607660361386, 22.265302570679808], [120.66643293461502, 22.26527454202697], [120.66658648456284, 22.265262463359566], [120.66686641989752, 22.265248846494185], [120.66730274955488, 22.26523975092561], [120.66757596849715, 22.265243721387332], [120.66792250974521, 22.265254719635646], [120.6682892820229, 22.265279295701944], [120.66896223369073, 22.265345934140296], [120.66921851740173, 22.26537538751754], [120.67021924498894, 22.265490390146937], [120.67080018475957, 22.26556419121121], [120.67138630144815, 22.265667640109953], [120.67181861095065, 22.265766049205403], [120.67208142732228, 22.26582587503346], [120.67217254958078, 22.265857893015802], [120.67692561682391, 22.26850550565175], [120.67882849906223, 22.269824030782484], [120.67901669429801, 22.269954430469678], [120.67921280799008, 22.270090316834917], [120.68305389404236, 22.272622250717543], [120.68305553856469, 22.272623649286686], [120.68364453569485, 22.27312482959551], [120.68388130857164, 22.273330800494975], [120.68388354968035, 22.27333272223512], [120.68388430898281, 22.27333337397782], [120.6845073425224, 22.2738667395952], [120.68477514197001, 22.274141424786535], [120.68484800780254, 22.274216514635903], [120.68514310065797, 22.274564335624177], [120.6853220325932, 22.2747965496855], [120.6855167824464, 22.275079474190964], [120.68574530813213, 22.275432767376817], [120.68584671231699, 22.27561596432488], [120.68587632728561, 22.275669467050353], [120.68597829333503, 22.27585367923335], [120.68616262598445, 22.27626142370278], [120.68642631768331, 22.276841307186352], [120.68656089521748, 22.27713660471717], [120.68663585758141, 22.277301894031176], [120.68690851680252, 22.277903091069152], [120.68701379272152, 22.278131871053187], [120.68722292400705, 22.278586343829964], [120.6873782826625, 22.278904122934364], [120.68751104728477, 22.279136192374384], [120.68760654177915, 22.279289667854272], [120.68792622933597, 22.27975435920084], [120.68823752297148, 22.280122301532977], [120.68858107667428, 22.28043814038322], [120.68887621681328, 22.280683797174408], [120.68897581401136, 22.280763480105964], [120.68899406979867, 22.2807765122351], [120.68928034661695, 22.280980868555375], [120.6895445231655, 22.28114160356155], [120.68983736602789, 22.281303021491073], [120.69007366696573, 22.281411583692716], [120.69039286287521, 22.281549625148465], [120.69069529255012, 22.28165452022634], [120.69089718594594, 22.28171516796221], [120.69094017840843, 22.281728082591428], [120.69142853851322, 22.281847094046775], [120.69170167901561, 22.281895879696386], [120.69172783542794, 22.281900948137228], [120.69189461279227, 22.2819332658411], [120.69202552201654, 22.281958632474545], [120.69285134983916, 22.282123384298583], [120.69361724242906, 22.282224292019173], [120.69398153059369, 22.28225585394793], [120.69430540646428, 22.282278463770087], [120.69446079010113, 22.282289352851034], [120.69447052880655, 22.282290035892114], [120.69457728277203, 22.28229313945071], [120.69486751086647, 22.28230157591903], [120.69534279587546, 22.282296111191336], [120.6954012142121, 22.282295439575268], [120.69595709052061, 22.282260279781266], [120.69598238722138, 22.28225867981265], [120.69598906176847, 22.282258257897283], [120.69637779167736, 22.28220628404617], [120.69673189641013, 22.282149830016646], [120.69699413706071, 22.282097549737102], [120.69823512820355, 22.28170360853136], [120.69971399285326, 22.280962037233838], [120.70201524503989, 22.280026258134228], [120.70315228068084, 22.279606703417045], [120.70415032465328, 22.27924725196501], [120.70467178364669, 22.279033469146388], [120.70553208527224, 22.278737600142364], [120.70770842001069, 22.278149413928887], [120.70805548669394, 22.278079758108767], [120.70834692016638, 22.2780212665817], [120.71041929921417, 22.277359503463494], [120.71094042036358, 22.277303112783105], [120.71094728418615, 22.27728704991378], [120.71157430009802, 22.277335156220012], [120.7121799307954, 22.277422840556127], [120.71241469609933, 22.277455223885298], [120.71268537567465, 22.2775042240106], [120.71296054453566, 22.277598920297933], [120.71319979912244, 22.277735158533844], [120.71349106298257, 22.27788885701643], [120.71408759817012, 22.278366581880164], [120.71478068812849, 22.278932968623586], [120.71605738503325, 22.280064319831624], [120.71843330136022, 22.282081128855012], [120.71904534097476, 22.28241423455764], [120.71974010250428, 22.282689931703224], [120.72039350307455, 22.282956060741352], [120.72102622316933, 22.283145645321838], [120.72170030421927, 22.283421342238274], [120.72239506574799, 22.2836013588933], [120.72310016751604, 22.283819647562392], [120.72380526928407, 22.283903984249932], [120.72391302424262, 22.28391424299132], [120.72410917203796, 22.283931760237785], [120.72430531983329, 22.283929457754397], [120.72449075792123, 22.283920548692855], [120.72468333581406, 22.2838819100309], [120.72501257271337, 22.283725154673405], [120.7254084558385, 22.283528931151622], [120.72564301577245, 22.283376620529552], [120.72584736274884, 22.28323582146713], [120.72615463125345, 22.2829813809294], [120.72647443674836, 22.282715339633295], [120.72749215923183, 22.281889862130605], [120.7285454031911, 22.28100444710541], [120.73378353317112, 22.277126830967497], [120.73650035407923, 22.275755426085034], [120.7394216270799, 22.274678322649276], [120.74063903501929, 22.274795235224573], [120.74177791984512, 22.275078772955986], [120.74270378852887, 22.275263750803816], [120.79190765674824, 22.286484478440126], [120.81906377765337, 22.293039405795852], [120.8230351933187, 22.293964312712376], [120.82460490043131, 22.29435822297888], [120.82697241714556, 22.294878676816083], [120.828983034397, 22.295427244620047], [120.83044414661083, 22.296399498910027], [120.84715402361999, 22.31389440446993], [120.86065845457625, 22.331389310029834], [120.8608627221897, 22.33170733228768], [120.8610748721208, 22.332007855799283], [120.8612870220519, 22.332306921133817], [120.86155592465556, 22.332638067341307], [120.86204470375469, 22.333240043236543], [120.8622369080521, 22.33347836384629], [120.86250601693114, 22.33375225235572], [120.86272206370208, 22.33399434599314], [120.86310763189354, 22.334291782345204], [120.86446112422348, 22.335340464417847], [120.86528163927554, 22.335949874592792], [120.86742606043012, 22.337545004259518], [120.8681602268976, 22.338103724405016], [120.868920043857, 22.33864888706119], [120.87454700047223, 22.34292605426939], [120.87555430012137, 22.34366875418253], [120.87600913861398, 22.343999690689945], [120.87622439848283, 22.34414955243907], [120.8766395472474, 22.344545292843275], [120.87702072590758, 22.344927803901385], [120.87727669084376, 22.345173736004135], [120.8775094130785, 22.345447780005433], [120.87799988814501, 22.346093432048455], [120.87883244256638, 22.347192912898706], [120.87970433079244, 22.348378377881197], [120.87986463474303, 22.348594826154457], [120.88001524472014, 22.348792024489775], [120.88015135163654, 22.34897580914342], [120.88028020702043, 22.34917061213462], [120.8803487784454, 22.34926609739385], [120.88042563733364, 22.34935775018574], [120.88055877438443, 22.34951695248258], [120.88071312638627, 22.349711037110076], [120.88080125202146, 22.349824102784346], [120.88088646935589, 22.349923719319328], [120.88102084932902, 22.350058582844504], [120.88345703443778, 22.35246910321723], [120.88373285990531, 22.352708660741865], [120.8839901819582, 22.35287556040717], [120.88408236298156, 22.352933101961263], [120.88442138883376, 22.353138624706794], [120.88482421804952, 22.353359528783862], [120.88520550251798, 22.35356053819603], [120.88638463932823, 22.3540489781315], [120.88749441885707, 22.354490468603878], [120.88896437425578, 22.355271320629697], [120.88947799540263, 22.355589375081443], [120.89100155394368, 22.356820932024743], [120.89144085713227, 22.3572024070112], [120.8919209959288, 22.357607734214746], [120.89454363487158, 22.359997264144646], [120.89496966474287, 22.360380810681097], [120.89580386898896, 22.361148238445523], [120.89704626872788, 22.36225452616423], [120.89772879354692, 22.362862215395616], [120.89845627708183, 22.36350925317553], [120.90232568048083, 22.36698125444912], [120.9103194767489, 22.374648670218605], [120.91043138488898, 22.374899664171537], [120.91059891904476, 22.375241960843866], [120.91074255657138, 22.375555133767158], [120.91077369881, 22.375623311476566], [120.91084377926086, 22.375848374506962], [120.9109208538279, 22.376100688981737], [120.91100768138878, 22.376414845551338], [120.91117924658084, 22.377015458506825], [120.91140147055668, 22.37779289598885], [120.91145525215433, 22.37798918629028], [120.91151256478334, 22.3781881218302], [120.91152034450135, 22.378214900216584], [120.91154874307941, 22.378357981613792], [120.91158492137549, 22.37855262726231], [120.91168736193166, 22.37910372585185], [120.91172930372265, 22.37937927517939], [120.91177124551365, 22.379687236555863], [120.91178955361957, 22.37990576058347], [120.91179796872133, 22.380124284611078], [120.91179851247108, 22.38035401580619], [120.91180647597398, 22.380560877425346], [120.91183725812982, 22.381381046203174], [120.91184112191493, 22.381663145432373], [120.91184943400451, 22.381809508873907], [120.91186330647744, 22.382007287330147], [120.9118682823387, 22.38222974495294], [120.91187823406263, 22.382573887036358], [120.91191487561309, 22.382971500426528], [120.9126380436424, 22.38625704934746], [120.9134686887408, 22.38908844285548], [120.91531449313715, 22.394612682755493], [120.9181951141889, 22.40047460665942], [120.92413897099603, 22.412648666474688], [120.9247088832139, 22.413553922593024], [120.92487371065266, 22.413939621423125], [120.92506408024263, 22.414366642171988], [120.92543204834686, 22.415149846178743], [120.92572568121174, 22.415695330655403], [120.92610903738003, 22.416288890845294], [120.92630071546412, 22.416582478881313], [120.92667540968992, 22.417019715930827], [120.92937198551955, 22.420460990143958], [120.92979847027064, 22.421028033453346], [120.93020904655947, 22.421521547348213], [120.93032119870797, 22.421656353222552], [120.93054113194901, 22.422057577708784], [120.93076901942115, 22.422392626209092], [120.93094063993048, 22.42266025676453], [120.93111558529813, 22.42297495500278], [120.93132234759443, 22.4233190645877], [120.93142565715965, 22.42353082067116], [120.93160589120208, 22.423899366926513], [120.93177180763075, 22.42423850205816], [120.93188260267704, 22.424687736712976], [120.93204458690107, 22.42512705453698], [120.93222421148278, 22.425633469334564], [120.932399063528, 22.426123708204283], [120.93311069181547, 22.427948433276605], [120.9331944712454, 22.428162304201432], [120.9334718062112, 22.42895596728637], [120.93367728923943, 22.429564550694288], [120.93375868625427, 22.429723161654522], [120.93404779457329, 22.430578307006304], [120.93436893266934, 22.43144849554914], [120.93452791087113, 22.431899765059285], [120.93469325245792, 22.43234809360444], [120.93480962756816, 22.43268410369299], [120.93499918160867, 22.433170101126706], [120.93519907614964, 22.43381123121089], [120.93532261006787, 22.434078866061338], [120.93547211997853, 22.434447332379193], [120.93556597249903, 22.43469825697567], [120.93567255178934, 22.435007999295443], [120.93596563203138, 22.435646685475987], [120.93619159073967, 22.436193019508934], [120.93643212598367, 22.436739353541885], [120.93666765065436, 22.43730182765146], [120.93690955234263, 22.437885914058818], [120.93708169527686, 22.43830784242438], [120.93720595241433, 22.438712671270448], [120.93728814997283, 22.438925170205955], [120.93752258049729, 22.439535269724637], [120.93772745071766, 22.440057756987976], [120.9382897322277, 22.441476303223816], [120.93847630821912, 22.441957909608938], [120.93865117952487, 22.442435381067803], [120.93886571059531, 22.442964650183733], [120.93898939595869, 22.443337984162543], [120.93917670182726, 22.44402406749012], [120.94045722349384, 22.44850195847506], [120.94056562655584, 22.449663884629565], [120.94048283260007, 22.45106142020012], [120.94021936121368, 22.45314026962522], [120.93994567679295, 22.45408588593792], [120.93985752450178, 22.454645196187847], [120.93977675418097, 22.455193190311096], [120.93971763350869, 22.455935728212822], [120.9397165377803, 22.456824466507733], [120.94079419070907, 22.458760628961485], [120.94188050729724, 22.460640745464495], [120.94351083230163, 22.463502519585298], [120.94845062113916, 22.47160450435583], [120.94895340240402, 22.473257757714514], [120.94917697268839, 22.473913237369707], [120.94922493876183, 22.474063793160063], [120.94928082254157, 22.47428019636589], [120.9494645131106, 22.475033734515435], [120.94957630643046, 22.47542524995947], [120.94969607896381, 22.475846257978827], [120.94989799715015, 22.476714300289352], [120.95013185846179, 22.47761513908692], [120.95055855913962, 22.47929455068264], [120.95074223137846, 22.479954791390668], [120.95098885721833, 22.480679591106767], [120.95121770471734, 22.48134280097998], [120.95146816236016, 22.481967268606912], [120.9515886943428, 22.48226918071517], [120.9517802419438, 22.482735138525527], [120.95209232152742, 22.483447966622975], [120.95241738485214, 22.484136801043448], [120.95274615781727, 22.4848530567005], [120.95295105536252, 22.485390389293368], [120.95304560179727, 22.48566781747855], [120.95313066542654, 22.485936483783682], [120.95321356314312, 22.48625938978947], [120.95324997286183, 22.48640554448761], [120.95328638258053, 22.486586286738714], [120.95332320816007, 22.48679079741313], [120.95339746735158, 22.487264025893143], [120.95342936563965, 22.487583918629646], [120.95346126392772, 22.487903811366152], [120.953537330309, 22.488724970946073], [120.95358498695813, 22.48919038233022], [120.95360411965898, 22.489351322515375], [120.95362943578783, 22.489522419473236], [120.95365889803922, 22.48971851295296], [120.95369244717781, 22.489907054291145], [120.95381284261363, 22.49042033669868], [120.95387602166375, 22.49062964677509], [120.95394806802574, 22.49087377294951], [120.95402394410894, 22.49110610433322], [120.95410109676735, 22.49132364507776], [120.95419174862646, 22.49155989445255], [120.95454760646246, 22.492473710942992], [120.95517832692997, 22.494120495307733], [120.95562117860342, 22.495321345988252], [120.95607421402269, 22.496541014332358], [120.95679358856803, 22.498495716486893], [120.95702986134503, 22.49916956560929], [120.9571294652125, 22.499487811746192], [120.95722906907997, 22.499837188577914], [120.95730089416588, 22.50015064018804], [120.95736598015402, 22.50047965707219], [120.95742432704438, 22.50087560451753], [120.95746245664171, 22.501318247596505], [120.957545842295, 22.502728070335664], [120.95757979219678, 22.50316063404152], [120.9576236446157, 22.503574068884856], [120.95764994970985, 22.50374829683546], [120.95771441528322, 22.504104875015372], [120.95775114921125, 22.50427817404093], [120.95779508496983, 22.50445978984302], [120.95788309452344, 22.504794936425377], [120.95797290453163, 22.50510014273558], [120.95810052413734, 22.505466061145107], [120.95816343371294, 22.505637792817538], [120.95824074694464, 22.505821167856315], [120.95841532887391, 22.50624686678257], [120.95863044296854, 22.5066814471295], [120.95885262225698, 22.507134303279514], [120.95907238459537, 22.50758969568857], [120.95929316343995, 22.508166056158935], [120.9595741260388, 22.508818883413042], [120.95972729459865, 22.509151808571634], [120.95984944985507, 22.509448269325027], [120.96001059828288, 22.51013287410619], [120.96007500725295, 22.510304152063476], [120.96285506341455, 22.51951269198363], [120.96415586129916, 22.523190157533534], [120.96430735385145, 22.52348900870739], [120.96444915046706, 22.52373905089062], [120.96460485241661, 22.52400193772518], [120.96497412035265, 22.524659887061503], [120.96535396868975, 22.525314578640835], [120.96558971997675, 22.525710808175248], [120.96580641088846, 22.5261290454809], [120.96600146701924, 22.52657155267447], [120.9662227311631, 22.527128499489958], [120.96648895100273, 22.52800030957855], [120.96735292876488, 22.530871847569394], [120.96824355342339, 22.53390337024357], [120.97060939904864, 22.54203184866902], [120.98089410498676, 22.567681361932525], [120.98213126966954, 22.56958498136457], [120.98293991600677, 22.57010414253222], [120.98336596690748, 22.57040830877292], [120.9837727042694, 22.570721392159875], [120.98450412654675, 22.57134490111838], [120.98524520559363, 22.57210216633825], [120.98577449372016, 22.57275443325794], [120.98631343861608, 22.57354045507344], [120.98713393948998, 22.57505312517487], [120.98789524819173, 22.57701093938607], [120.98969509795901, 22.581538240595478], [120.99259049308814, 22.5883921388199], [120.99308168623517, 22.589665747956694], [120.99344965610794, 22.59116689611831], [120.99301497474832, 22.594282946063853], [120.9926110992073, 22.597057678699564], [120.99268641380381, 22.59807531215275], [120.99288495167448, 22.5988085385982], [120.99326662450673, 22.59976305663021], [120.99407957879876, 22.601001977439132], [120.9946152807237, 22.601416134755127], [120.99539742919708, 22.60194405194783], [120.99800232417526, 22.60331632010805], [120.99918154839008, 22.604144651874275], [120.99986787950814, 22.604916104824646], [121.00001197473449, 22.605013715648415], [121.00004498283995, 22.605056574932632], [121.00012098570386, 22.605162424884817], [121.00019211649331, 22.60526917882704], [121.00024639360727, 22.605367612333573], [121.00042797999565, 22.605708499390857], [121.00051162140092, 22.605900257355177], [121.00057660560529, 22.60604362716472], [121.00068534136666, 22.60631184925248], [121.00069239836755, 22.606331723242597], [121.00074639737963, 22.60648378643889], [121.00076319318404, 22.606531085371394], [121.00080493239335, 22.606669553963496], [121.00087795947087, 22.606956400178223], [121.00093022062663, 22.60724004401417], [121.00096915908729, 22.607553564857756], [121.00099057803446, 22.607827221253245], [121.00099467670294, 22.60818969218044], [121.00097945501909, 22.608496336970365], [121.00094774797037, 22.608978925481914], [121.00089897220414, 22.60972545477383], [121.00086784061529, 22.610235218910862], [121.00084907737597, 22.610487782227004], [121.00084492321218, 22.610543699689806], [121.0008439593212, 22.610556672981847], [121.00083518605695, 22.610674761998734], [121.00080688099231, 22.6110557658464], [121.00077219834917, 22.611575441614658], [121.00074438074931, 22.61222689752124], [121.00074069551304, 22.612313235579837], [121.00074063336882, 22.61233395670998], [121.00073975172927, 22.612634285751113], [121.00076371093226, 22.612925195149046], [121.00083286113835, 22.61340440520089], [121.00092253126282, 22.613781287359103], [121.00102352916853, 22.614106579700454], [121.00123924505336, 22.61463685166174], [121.00142135972743, 22.614983448511033], [121.00169286586521, 22.615401405835723], [121.00191446143413, 22.615692875397073], [121.00217637154434, 22.616007709547606], [121.00221694430547, 22.61605510006555], [121.00235303466239, 22.61621406119692], [121.00246551192767, 22.616345439570868], [121.00260346766241, 22.616505094049366], [121.00289461599668, 22.61679724021763], [121.00298256991923, 22.616890989384316], [121.00350812221694, 22.617546225384267], [121.00416573231071, 22.618333400713173], [121.00528346255196, 22.619654613278083], [121.00574967310287, 22.620207020203956], [121.00607689072675, 22.620591418853472], [121.00627814545129, 22.620825283092646], [121.00654582413259, 22.621194898152744], [121.00681404651806, 22.621533599046675], [121.00714416693886, 22.621930764495865], [121.00722718403095, 22.622040217593664], [121.00746646083493, 22.622377551343543], [121.00758055964725, 22.622557279711074], [121.00773320356292, 22.622826016389592], [121.00779009449535, 22.62294639092414], [121.00789578871408, 22.623187638845668], [121.00790769060649, 22.623213242511262], [121.00796352341256, 22.623333349708137], [121.00805548829032, 22.623531186295462], [121.00815222765158, 22.623739291917964], [121.00837574806604, 22.624237870122847], [121.00868763926555, 22.624918186321935], [121.00884012103226, 22.625254324141693], [121.00900299750089, 22.62557920207102], [121.00910696048145, 22.625778632228705], [121.00924583822587, 22.625999394615715], [121.00934692374113, 22.626148457992798], [121.00939808828427, 22.626223905831186], [121.00959959690685, 22.62648276758465], [121.00983917352237, 22.62675621929368], [121.0101931854084, 22.62712281890836], [121.010581015812, 22.627458979589587], [121.0109487826468, 22.62776417375033], [121.01123673795912, 22.628012820457776], [121.01153613492875, 22.62828375652146], [121.01176639344183, 22.628496834477097], [121.01191367410868, 22.62865250360107], [121.01214748661235, 22.628942321186184], [121.0123497792673, 22.629217976383334], [121.01254960969699, 22.629507035550535], [121.01271883445462, 22.629813643520762], [121.01287270326536, 22.630150882600983], [121.01301741612143, 22.63051803796412], [121.01315974728189, 22.630947430674862], [121.01331327625448, 22.631408712215567], [121.013482060507, 22.631905584077355], [121.0136345970064, 22.63239307284114], [121.01389255402627, 22.63314111823835], [121.01408588411795, 22.633729405962995], [121.01421158099015, 22.634115152375745], [121.01422542862258, 22.63415764993894], [121.01424233405379, 22.634209526982648], [121.01435840729988, 22.63454234524683], [121.01441968678786, 22.634718053426234], [121.01458098337397, 22.635182670747653], [121.0147491645968, 22.63564986563959], [121.01487670525965, 22.636039588585575], [121.01509509596931, 22.636654434964115], [121.0152808692922, 22.637176875600204], [121.01550828742569, 22.637800624274544], [121.01551276433862, 22.63781396374867], [121.01560081955432, 22.638076347950893], [121.01581957307279, 22.638710571278246], [121.01603428615155, 22.639303419371547], [121.01622176790315, 22.639814629245716], [121.01641657161024, 22.640253915892533], [121.01662812639618, 22.640666958747687], [121.01693306207271, 22.641157858886988], [121.01706759327793, 22.641353693087325], [121.01715920408093, 22.641491585247877], [121.01723063827205, 22.641599109596825], [121.01723581529887, 22.641606879435503], [121.01747770376792, 22.641969916915645], [121.01769518782068, 22.642315786702234], [121.01791058944713, 22.64271088155006], [121.01807898689049, 22.643053363259135], [121.01838729511203, 22.643753072707256], [121.01858774343127, 22.6442117574439], [121.01861655295022, 22.644277683226374], [121.01863111295965, 22.644311032630196], [121.01892641307589, 22.644987412299294], [121.01893156854749, 22.644999563990883], [121.01918640005319, 22.64560019200031], [121.01921984231512, 22.64567901447626], [121.01937722893852, 22.646071976457133], [121.01955091173751, 22.646539516309673], [121.0197181317477, 22.646997077335374], [121.019867862966, 22.64742405819271], [121.02000927229277, 22.647811529611218], [121.02011128501368, 22.648104921273717], [121.02018233886827, 22.648333789302345], [121.02019464131752, 22.648373417276012], [121.02024676664898, 22.648527883745782], [121.02038330321415, 22.648920225885792], [121.02042078535514, 22.649021902655118], [121.02068132354793, 22.64973784308443], [121.02074380131371, 22.649902671254903], [121.02096868702654, 22.65050973641453], [121.02100569257243, 22.65060690835997], [121.02109430497642, 22.650802553493033], [121.02120892399395, 22.65106638108166], [121.02132291950433, 22.651322320872055], [121.02135109514668, 22.651379896003192], [121.0214686966857, 22.651620210439177], [121.02152218432782, 22.651720773038956], [121.02161486928834, 22.65190405459428], [121.02169924129431, 22.652045626037243], [121.02187127024847, 22.652325686912246], [121.02231431150388, 22.653039586336856], [121.02241681434674, 22.653205308611323], [121.02254388971332, 22.65342146802456], [121.02267483284383, 22.65364691891228], [121.02271702857787, 22.65372016893823], [121.02276749858487, 22.653820432592294], [121.02288741364619, 22.654060583925343], [121.02294847965928, 22.654186770761147], [121.02299930146297, 22.65430571698045], [121.02304115480977, 22.65440660131239], [121.02311774018104, 22.65459755619147], [121.02323040078701, 22.65491980665686], [121.02332059289664, 22.65520409434584], [121.02344091768882, 22.655558042777336], [121.02351838257839, 22.655809877034155], [121.02361974525046, 22.65609868386443], [121.02370466314315, 22.65633805125229], [121.02380717205749, 22.656588434851702], [121.0240171408275, 22.65706070788861], [121.02417979490937, 22.657408846834038], [121.02437622327308, 22.657804468824583], [121.0245321795849, 22.65811954545363], [121.02470102400952, 22.658468203970205], [121.0250100550599, 22.65909227436576], [121.02528829106436, 22.659657083143195], [121.02541750276227, 22.659924595232596], [121.02542691589531, 22.65994372887967], [121.0255753128984, 22.66024603740598], [121.02572155969467, 22.6605412025115], [121.02581649503415, 22.66072872298325], [121.02584428239453, 22.66078148282637], [121.02590249248873, 22.660898500493715], [121.02604109352107, 22.66113330702643], [121.02612302013537, 22.661261985346812], [121.02620609449505, 22.66138214257375], [121.02625589958056, 22.661452727072177], [121.026341850673, 22.661568133385284], [121.02638942264636, 22.661633522604454], [121.02654542378983, 22.661841823991594], [121.02656865101285, 22.661870421696953], [121.02672584691072, 22.662034724897417], [121.02676158418754, 22.662073224012165], [121.02685444201673, 22.662168217654933], [121.02691795916122, 22.66223203443021], [121.02700110127292, 22.662313962492014], [121.02706236494632, 22.66237317010547], [121.02717537391244, 22.662468049070792], [121.02720999515728, 22.662495992701064], [121.02729085203686, 22.66256430116775], [121.02731392576246, 22.66258293836777], [121.02739059254351, 22.662645994999018], [121.02766434623051, 22.662848507822943], [121.02770585098281, 22.662879570407263], [121.02782646695553, 22.66296702491514], [121.02799436100027, 22.663088720689316], [121.02848047294782, 22.663445463509102], [121.02867136776588, 22.663583359009237], [121.02888546929185, 22.663739193120588], [121.02901117872041, 22.66383460402793], [121.02925877514916, 22.664031734476005], [121.0293685346983, 22.66412120102064], [121.02946537283154, 22.664202810988208], [121.02959236933366, 22.664315478757032], [121.0297748914581, 22.664482748177303], [121.02987662845872, 22.664576748576167], [121.03004826069963, 22.664741526218194], [121.03014616544878, 22.664841991633928], [121.03015793893258, 22.664854726903915], [121.0303321441175, 22.66504317520829], [121.03045368022043, 22.6651831181867], [121.03051687932522, 22.66525588972615], [121.03071074593922, 22.665486693404432], [121.0309742828508, 22.66580684897585], [121.03099919438239, 22.665836377708786], [121.03107153121564, 22.665924647356533], [121.03124342044362, 22.666136257190548], [121.03150220436426, 22.666452852727073], [121.0316436800195, 22.666626118372815], [121.03179856016848, 22.666813676579032], [121.0319511716848, 22.666998184373142], [121.03204820413511, 22.667113475147914], [121.032120402882, 22.667200581127013], [121.03219705608151, 22.667293453446067], [121.03240117542475, 22.6675451446267], [121.03249900251723, 22.66766375931164], [121.03277666764686, 22.668007673424878], [121.03292248724068, 22.66818745205988], [121.03302830828098, 22.668304995484466], [121.03305554640596, 22.668334182934952], [121.03317275525663, 22.668459780566128], [121.03321981153505, 22.668510205057185], [121.0332891503219, 22.668595573500152], [121.0334883171179, 22.66883404002395], [121.03398864881147, 22.669450976257597], [121.0344429319182, 22.670021090868268], [121.03456610805142, 22.670170727884354], [121.03476328891195, 22.670415589031624], [121.0349094701489, 22.67059284604077], [121.03501645321346, 22.67073128674897], [121.03513143321092, 22.67086345894304], [121.03536838987146, 22.67115065836382], [121.0354688216066, 22.671270218867782], [121.03552820793513, 22.671340916574497], [121.03556379980957, 22.671385395914736], [121.03566792286873, 22.671515517351132], [121.03581029696134, 22.671686929426205], [121.03592030811478, 22.671817204711683], [121.03601554931744, 22.671930441541242], [121.03620635776774, 22.672162683119627], [121.03640315993285, 22.672403634506907], [121.03674363938389, 22.672816129322644], [121.03700590614794, 22.673136438404423], [121.03708698629772, 22.673233823741096], [121.03716995318827, 22.673333544041512], [121.03717057134963, 22.673334288061177], [121.03736942127803, 22.673595975874598], [121.03773865309938, 22.67402989531767], [121.03783967960068, 22.674152630386974], [121.03790990284546, 22.674237943271056], [121.0381140545343, 22.67448596390832], [121.03852347214811, 22.674998315185256], [121.03891023465849, 22.675460521168773], [121.03932095105769, 22.675964531605374], [121.03934401380378, 22.675992531390612], [121.03977423030476, 22.67649675709775], [121.04014779384973, 22.676955032035426], [121.04072243830016, 22.677649566462566], [121.04119293266082, 22.678217348810723], [121.04146963102424, 22.678556371711807], [121.04169238830255, 22.678829156930984], [121.04182383223026, 22.678989202499817], [121.04207356234411, 22.679293670250644], [121.04255505027447, 22.679879354244925], [121.04269140397763, 22.680045214703366], [121.043441874392, 22.68095888765575], [121.04414439732221, 22.681803478705678], [121.04459680604839, 22.682358762090676], [121.04521255552255, 22.683110440669335], [121.04566347659515, 22.683652822247627], [121.04623857562491, 22.68434682132488], [121.04676851671157, 22.68499460853181], [121.04735589297424, 22.68571170321406], [121.04771023810576, 22.686136050242688], [121.04794172505979, 22.686437508423587], [121.04807232502634, 22.6866169097948], [121.04835429172127, 22.687001264819305], [121.04874905658654, 22.687589148470426], [121.04906026013875, 22.688085172633674], [121.04927513839907, 22.68842967515461], [121.04958387662731, 22.68899356762105], [121.04996112833558, 22.689688323808056], [121.05024347542874, 22.69019805288235], [121.0505155591412, 22.690693984261255], [121.05060072150772, 22.690849210744982], [121.0508880880846, 22.69137299389715], [121.05145188635605, 22.69240601117543], [121.05184763709765, 22.69312944387694], [121.05241421021697, 22.694157681885446], [121.05248897702184, 22.694297629203003], [121.05251367302907, 22.69434385481705], [121.05282539029096, 22.694916447364516], [121.05402092822851, 22.69709260871921], [121.05430334473057, 22.69760788239627], [121.05468856719217, 22.69831072027465], [121.05470002374784, 22.69833356407837], [121.05476381055556, 22.6984700433632], [121.05495758600983, 22.69883161281144], [121.05540809266007, 22.699649611439128], [121.05554749724932, 22.69990330739819], [121.05562994056162, 22.700055697099053], [121.05588751628697, 22.70052749449474], [121.05606416067013, 22.70084858127929], [121.0562124567344, 22.70111971430915], [121.05630719253318, 22.701294405162788], [121.05642416446278, 22.70152456960614], [121.05671521217558, 22.702067630596925], [121.05708020610585, 22.70273204224798], [121.05729344752555, 22.703116923545558], [121.05744403016872, 22.70339531912294], [121.0575541933438, 22.703595786444957], [121.05768451737073, 22.70383540694194], [121.05802587924939, 22.704458671114438], [121.05805552637082, 22.70450419500809], [121.05813533740047, 22.70462674833512], [121.05844075449166, 22.705200755620346], [121.05887565480812, 22.705987841540562], [121.059331049092, 22.70681747207322], [121.0596053308882, 22.7073284534753], [121.05970020112991, 22.707512780072285], [121.05991687844157, 22.70783858504443], [121.06005630070383, 22.708132631188693], [121.06026103384137, 22.70856462649656], [121.0604528821659, 22.708896874678484], [121.06072813583864, 22.709394316980532], [121.06097453834566, 22.709852468397337], [121.0611583438386, 22.710175931515675], [121.06134394694232, 22.710512045332976], [121.06169462794641, 22.71116220286079], [121.0623736736368, 22.712438084284695], [121.06259870185698, 22.712807204130716], [121.062779460038, 22.713121233504662], [121.06305422530876, 22.713607910293735], [121.06320245070891, 22.713896224299777], [121.06359316147723, 22.714608159249458], [121.06402345074837, 22.715381354854642], [121.06419261413596, 22.715679387741464], [121.06446406436463, 22.71618937061065], [121.06465412124318, 22.71652651166139], [121.06485358739418, 22.716887839235998], [121.06517332414472, 22.717472060867994], [121.06534895968444, 22.717793181305463], [121.06552008746031, 22.718105310260416], [121.06584324713495, 22.718708507805996], [121.066207311052, 22.719378839903435], [121.06641356105958, 22.719746445480578], [121.06678140113664, 22.720423339274852], [121.06701872770314, 22.720847439213852], [121.06740975205028, 22.721550401600467], [121.0678420878622, 22.72234100620369], [121.06791929775629, 22.722482276804435], [121.06818120684977, 22.722963357580195], [121.06835241999018, 22.72330185931422], [121.06838398403127, 22.72336182280176], [121.06881544715826, 22.72414651502861], [121.06916308668714, 22.72483684800537], [121.06942526126767, 22.725400145091402], [121.06970215484772, 22.726024676595962], [121.06991169300868, 22.726498904498413], [121.07017446651189, 22.72711140107936], [121.07041639952382, 22.727666658588667], [121.07066274895317, 22.728230206038425], [121.07090771550997, 22.728787123088665], [121.07118322519742, 22.729418375054603], [121.07153362912133, 22.73021634027475], [121.07174090906706, 22.73070251909309], [121.0719564318266, 22.731203643878022], [121.07239387165203, 22.73220211731241], [121.07279613139262, 22.73313260716654], [121.0732761912045, 22.73422106268288], [121.07355790560612, 22.734858759908345], [121.07404863528896, 22.735999062306952], [121.07416982001776, 22.736274488681666], [121.07454873558416, 22.737297664469708], [121.07542039849382, 22.73943105355949], [121.07576840981886, 22.740236096162807], [121.07608948503925, 22.740978819513977], [121.07728632267931, 22.743732220517078], [121.07770123896843, 22.744626418219596], [121.07817509293653, 22.745615636484217], [121.07826566128035, 22.745801686234934], [121.07888965620643, 22.747096675759586], [121.07904418382529, 22.747456388800426], [121.07928400662759, 22.748008265595573], [121.07942778239874, 22.748333582607657], [121.07942806514018, 22.748334221863047], [121.07949039220506, 22.748475249015378], [121.0801319880693, 22.749945288850697], [121.08141581548608, 22.75289917971376], [121.0817282084713, 22.753600391028755], [121.08192859684179, 22.754067092232937], [121.08209273525792, 22.754439373626607], [121.08231071178717, 22.754894514595552], [121.08242708341479, 22.755124334383748], [121.08265290837983, 22.75554025815516], [121.08278823543779, 22.755770545588536], [121.08301144566889, 22.756114864218183], [121.08308460480421, 22.756229523577087], [121.08316737973999, 22.756347177993934], [121.08327152378986, 22.756496862333776], [121.08340258194394, 22.75667904326936], [121.08351289792348, 22.756826717531546], [121.08363153229305, 22.756978108132923], [121.0837675104154, 22.757150052243617], [121.08390620423869, 22.75732284281865], [121.08407202701125, 22.757512497938514], [121.08426027748907, 22.75772204538424], [121.08442449775397, 22.757901114827934], [121.08456255347616, 22.75804397549785], [121.0846966474736, 22.758177753858945], [121.08485947607001, 22.758339006312248], [121.08500118490053, 22.758471795985315], [121.08517796621268, 22.758631223641117], [121.08529058230188, 22.75873419012943], [121.08547914746126, 22.758894488964497], [121.08570388987842, 22.759080082063548], [121.08595686453737, 22.75928121013078], [121.0860653616977, 22.75936551932356], [121.08615631294039, 22.759436499117506], [121.0862832691992, 22.759531600182267], [121.08642543032298, 22.759633122087077], [121.08681814263728, 22.75991500777729], [121.08744580962912, 22.760356442944975], [121.0879851829522, 22.760740460024884], [121.08862055498152, 22.761190530737938], [121.08914645648626, 22.76155181938452], [121.09046638998159, 22.76249523639111], [121.09085215750477, 22.7627689338665], [121.09104040345707, 22.76290845129617], [121.09114017278358, 22.762981316979385], [121.09128376855817, 22.763084155815548], [121.09178799373845, 22.763446784616978], [121.09254435225611, 22.76398376368508], [121.09307732289776, 22.76435896993173], [121.09394948452088, 22.764973929595723], [121.09442373686099, 22.765318041401123], [121.09498060619065, 22.76571240889917], [121.09545005707085, 22.766044189547475], [121.09556398769915, 22.766124385252862], [121.09580771781084, 22.766295947264027], [121.09603853913548, 22.766454441591584], [121.09689202082329, 22.767059441318803], [121.09751484781448, 22.767509369042127], [121.09811734505519, 22.767948184225787], [121.09863404312007, 22.76831910457345], [121.0991823114454, 22.768709497907643], [121.09950855061949, 22.768940151371364], [121.10044472415001, 22.769598472370355], [121.10139373884623, 22.77027228043011], [121.10209779474206, 22.770775334517683], [121.10276422502736, 22.77124730786556], [121.10344783439352, 22.77172762994997], [121.10391435894158, 22.772058157213742], [121.10418567401547, 22.77224859555473], [121.1045762268673, 22.772531939274554], [121.10506674640507, 22.772879275733697], [121.10523571725341, 22.77299934695095], [121.10565750227077, 22.7733151410012], [121.10569477603819, 22.773342640052018], [121.10574781166908, 22.773383663387147], [121.1065190444609, 22.773923198837288], [121.10740323501422, 22.774533661532807], [121.10797300994895, 22.774944188569055], [121.10805550288879, 22.775003625233442], [121.10808440179342, 22.775024447364185], [121.10814209963469, 22.775066492653014], [121.10817135841894, 22.775087935855407], [121.1086230884661, 22.77541899651566], [121.10867863546633, 22.77545753814769], [121.1090235859068, 22.775696879443778], [121.10927857038378, 22.775873797161374], [121.10976125220994, 22.77621592430102], [121.1100900915168, 22.776450558359087], [121.11030516242201, 22.776601751005057], [121.11049827775925, 22.77674143683678], [121.1108527180237, 22.776989928574032], [121.11195810605768, 22.77777900897329], [121.11227427693261, 22.77799989046038], [121.11251329731252, 22.778156030272058], [121.11329489012769, 22.778710589751295], [121.11418193952332, 22.77935129315697], [121.11479813002165, 22.779777224161034], [121.11531921529364, 22.7801605763449], [121.11563559632033, 22.780401794088732], [121.11587521219111, 22.780587017123803], [121.11616718835813, 22.780832563803042], [121.11661971116887, 22.781232129709647], [121.11715601888326, 22.78173295489376], [121.11780063026403, 22.782367637541753], [121.1186071142832, 22.783177533548514], [121.11883363471217, 22.783405618244046], [121.11926830011762, 22.783852484032103], [121.11989566698239, 22.784481609598508], [121.12019254519068, 22.784840802487473], [121.12034058475004, 22.785073326806064], [121.12047788107456, 22.78526924394012], [121.1206061594144, 22.785461278129613], [121.1207163883168, 22.785638508761107], [121.12089262218694, 22.78594979193101], [121.12100369478087, 22.7861694871174], [121.12114700005712, 22.786494950989184], [121.1212267094311, 22.78668337932709], [121.12135478870225, 22.787055045230012], [121.12140959362571, 22.787244982511737], [121.12151115846729, 22.78761666753147], [121.12154624612683, 22.787785103496848], [121.12155957226159, 22.787849075011017], [121.12157070580673, 22.787915039521774], [121.122343, 22.793816]]}}]}