{
  "type": "FeatureCollection",
  "features": [
    {
      "type": "Feature",
      "properties": {
        "track_id": "OD-TC-CY",
        "source_track": "BB-KL-ZY-M-1",
        "point_count": 2881
      },
      "geometry": {
        "type": "LineString",
        "coordinates": [
          [
            120.77266360861427,
            24.38902657937025
          ],
          [
            120.77262166481552,
            24.38890274592877
          ],
          [
            120.77257773320173,
            24.38877693212379
          ],
          [
            120.7725317727465,
            24.388650031769902
          ],
          [
            120.77248381195182,
            24.38851714212256
          ],
          [
            120.77239194232078,
            24.388273499117822
          ],
          [
            120.77237899595215,
            24.388241625104865
          ],
          [
            120.77232899407959,
            24.3881146102621
          ],
          [
            120.77227606129311,
            24.38798378072785
          ],
          [
            120.77222412347008,
            24.387858929914664
          ],
          [
            120.77217416471896,
            24.3877410254143
          ],
          [
            120.77213525811149,
            24.387650251821235
          ],
          [
            120.77211528465887,
            24.387606313404333
          ],
          [
            120.772084278804,
            24.38753529826057
          ],
          [
            120.77203233334346,
            24.387420406431335
          ],
          [
            120.77197537004486,
            24.387294500592372
          ],
          [
            120.77191744867534,
            24.387169658718822
          ],
          [
            120.7718595122116,
            24.38704779639289
          ],
          [
            120.77180359586762,
            24.38693196850647
          ],
          [
            120.77174466656024,
            24.38681412257602
          ],
          [
            120.77168271989227,
            24.386691224822936
          ],
          [
            120.77161778173951,
            24.38656534294002
          ],
          [
            120.77155583796643,
            24.3864464540452
          ],
          [
            120.77148992042899,
            24.386322602169688
          ],
          [
            120.77142701512406,
            24.386206772625435
          ],
          [
            120.77136410454055,
            24.38609394069834
          ],
          [
            120.771297485083,
            24.38597686851045
          ],
          [
            120.77129552226415,
            24.385971944702703
          ],
          [
            120.77127823491766,
            24.385942176839684
          ],
          [
            120.77120325738849,
            24.385813218760102
          ],
          [
            120.77112933913517,
            24.38568735921443
          ],
          [
            120.77105343946936,
            24.3855615146957
          ],
          [
            120.77098251033749,
            24.385445627690117
          ],
          [
            120.7709035666441,
            24.385318722091327
          ],
          [
            120.77082467046174,
            24.38519289098189
          ],
          [
            120.77075978548324,
            24.385093075733607
          ],
          [
            120.77067686751379,
            24.384967175256868
          ],
          [
            120.77059191086917,
            24.384840260390686
          ],
          [
            120.77050799568579,
            24.384715387623956
          ],
          [
            120.77042312071336,
            24.384592562955426
          ],
          [
            120.7703472096301,
            24.3844846949433
          ],
          [
            120.77026230808512,
            24.384365833906383
          ],
          [
            120.77017640922098,
            24.384247964506518
          ],
          [
            120.77008535421321,
            24.38412488648627
          ],
          [
            120.77008040802077,
            24.384117971738682
          ],
          [
            120.77001562680942,
            24.38403225973714
          ],
          [
            120.76992569464232,
            24.383915350181926
          ],
          [
            120.76983376505548,
            24.383796433083745
          ],
          [
            120.76973792712403,
            24.38367464777286
          ],
          [
            120.76968499767514,
            24.383609738569177
          ],
          [
            120.76965460418303,
            24.383572005007867
          ],
          [
            120.76965367102645,
            24.383570143599766
          ],
          [
            120.76963797256761,
            24.383550698193122
          ],
          [
            120.76960906433321,
            24.38351481784104
          ],
          [
            120.76959413207607,
            24.38349689047949
          ],
          [
            120.76949812819045,
            24.383379890172627
          ],
          [
            120.76940819051889,
            24.38327196422782
          ],
          [
            120.76931625541674,
            24.383162039762396
          ],
          [
            120.76922230066918,
            24.383051498187506
          ],
          [
            120.7691418428101,
            24.38295674188387
          ],
          [
            120.76914001252625,
            24.382954906192953
          ],
          [
            120.76912358298156,
            24.382936416700595
          ],
          [
            120.76910833421954,
            24.38291913890184
          ],
          [
            120.76908905461822,
            24.382895805478146
          ],
          [
            120.76907216607061,
            24.38287494063369
          ],
          [
            120.76901933024682,
            24.38281312831044
          ],
          [
            120.76889431033032,
            24.382666106851065
          ],
          [
            120.76877527174716,
            24.382526064861548
          ],
          [
            120.76866855176247,
            24.3823992240355
          ],
          [
            120.76864526704637,
            24.3823720561119
          ],
          [
            120.7686317219922,
            24.38235581018059
          ],
          [
            120.76855278896991,
            24.382263277041776
          ],
          [
            120.76849437918636,
            24.382193185385674
          ],
          [
            120.76846338005942,
            24.382158186467475
          ],
          [
            120.76843327023155,
            24.382122060267296
          ],
          [
            120.76840326680329,
            24.382087062858265
          ],
          [
            120.76837328490087,
            24.382051081306766
          ],
          [
            120.76834237619332,
            24.38201518862318
          ],
          [
            120.76831232364007,
            24.3819801279173
          ],
          [
            120.76820429455658,
            24.38185267981094
          ],
          [
            120.76797331461383,
            24.381580117700782
          ],
          [
            120.76787330146506,
            24.381463101184462
          ],
          [
            120.76775930322295,
            24.381328104334024
          ],
          [
            120.76764128867262,
            24.38119008552666
          ],
          [
            120.76753027247422,
            24.381058054611913
          ],
          [
            120.76743353724854,
            24.38094410368803
          ],
          [
            120.7674043783419,
            24.380911193092132
          ],
          [
            120.7673712198299,
            24.380871405222603
          ],
          [
            120.76727128903453,
            24.38075308824388
          ],
          [
            120.76714530883136,
            24.380605106768705
          ],
          [
            120.7670163000562,
            24.380453093562654
          ],
          [
            120.76689228842183,
            24.380307083240407
          ],
          [
            120.76677124872874,
            24.380164038927237
          ],
          [
            120.76672420105977,
            24.38010797719697
          ],
          [
            120.76671939112866,
            24.380102200211656
          ],
          [
            120.76670375913702,
            24.380084614589872
          ],
          [
            120.76669540624309,
            24.380075626826603
          ],
          [
            120.76667827146679,
            24.38005505929267
          ],
          [
            120.76664826900752,
            24.380020061533926
          ],
          [
            120.76661828808722,
            24.379984079632784
          ],
          [
            120.76659619428726,
            24.379958421081135
          ],
          [
            120.76652223306225,
            24.37987101401808
          ],
          [
            120.76649738673719,
            24.379841188805866
          ],
          [
            120.7664880017309,
            24.379830601293843
          ],
          [
            120.76637132963766,
            24.379693116271028
          ],
          [
            120.76624833114049,
            24.379549120462585
          ],
          [
            120.76597931040277,
            24.37923249789754
          ],
          [
            120.76585329458752,
            24.379084072856816
          ],
          [
            120.76572828379804,
            24.37893606460148
          ],
          [
            120.76560631193728,
            24.378792087911542
          ],
          [
            120.76550431733853,
            24.378672105212242
          ],
          [
            120.76540434900477,
            24.37855463566437
          ],
          [
            120.76537727855413,
            24.378523064211173
          ],
          [
            120.76537059989691,
            24.378515045077716
          ],
          [
            120.76526131579949,
            24.378387105337204
          ],
          [
            120.76513528309218,
            24.37823805666034
          ],
          [
            120.7650103034734,
            24.378090083970925
          ],
          [
            120.76490230969684,
            24.37796310305196
          ],
          [
            120.76479046087398,
            24.37783126745615
          ],
          [
            120.76478246315791,
            24.377822271108645
          ],
          [
            120.7646795852559,
            24.37770102240617
          ],
          [
            120.76465127752252,
            24.377667056194472
          ],
          [
            120.76462138438332,
            24.377632184607087
          ],
          [
            120.76460793776988,
            24.377616561471516
          ],
          [
            120.76454731682674,
            24.377545101451503
          ],
          [
            120.76442731365134,
            24.37740410645753
          ],
          [
            120.76430924917452,
            24.37726501951855
          ],
          [
            120.76430433125998,
            24.377259115880662
          ],
          [
            120.76428436267057,
            24.37723615095957
          ],
          [
            120.7641832973513,
            24.37711607851621
          ],
          [
            120.76406126809017,
            24.376973039504502
          ],
          [
            120.76405624199863,
            24.376967009282954
          ],
          [
            120.76397933340787,
            24.376876120180764
          ],
          [
            120.76395528346356,
            24.376848056458165
          ],
          [
            120.76394231990551,
            24.37683250624792
          ],
          [
            120.76383031454111,
            24.376701103088006
          ],
          [
            120.76370830758432,
            24.37655709771218
          ],
          [
            120.76349231561618,
            24.37630311585615
          ],
          [
            120.76337330859779,
            24.376163087684976
          ],
          [
            120.76315230364922,
            24.375902090945186
          ],
          [
            120.76307930070168,
            24.375816092218038
          ],
          [
            120.76296929559753,
            24.375686091049555
          ],
          [
            120.76284633617112,
            24.37554113542923
          ],
          [
            120.76272575490061,
            24.375400282634484
          ],
          [
            120.76272546026948,
            24.375399695282894
          ],
          [
            120.76271438396184,
            24.375387199750765
          ],
          [
            120.76266676028598,
            24.375330043326382
          ],
          [
            120.76259031520814,
            24.37524010229128
          ],
          [
            120.76245628146681,
            24.3750820729509
          ],
          [
            120.76233231163003,
            24.374935110869227
          ],
          [
            120.76220234820221,
            24.374783146198897
          ],
          [
            120.76207629120687,
            24.374635088111976
          ],
          [
            120.76200514985082,
            24.37455065381556
          ],
          [
            120.76198838907982,
            24.374531196910002
          ],
          [
            120.76195828101395,
            24.37449607164005
          ],
          [
            120.76189838341398,
            24.37442419634746
          ],
          [
            120.76186738798978,
            24.374389196072464
          ],
          [
            120.76183892437734,
            24.37435503947408
          ],
          [
            120.76177431276774,
            24.37427911169547
          ],
          [
            120.76170129201579,
            24.374193085182352
          ],
          [
            120.76161930188967,
            24.374096101278436
          ],
          [
            120.76150009203535,
            24.373956044214673
          ],
          [
            120.76147428416199,
            24.37392506996328
          ],
          [
            120.76144428457557,
            24.373890071168063
          ],
          [
            120.76141438522302,
            24.373854196703505
          ],
          [
            120.76140245341233,
            24.37384072458691
          ],
          [
            120.76133431232337,
            24.373760095939314
          ],
          [
            120.76119892305327,
            24.373601169461608
          ],
          [
            120.76117129377481,
            24.373569090740244
          ],
          [
            120.76114127655697,
            24.373533071570172
          ],
          [
            120.76111127715428,
            24.373498072708653
          ],
          [
            120.76108129933185,
            24.373462089705008
          ],
          [
            120.76105038490482,
            24.373426195509698
          ],
          [
            120.76102027735855,
            24.373391070052303
          ],
          [
            120.76099027008271,
            24.373355050867687
          ],
          [
            120.76097190674018,
            24.373333532690406
          ],
          [
            120.76092631806284,
            24.37328011696313
          ],
          [
            120.760799321398,
            24.373130106038833
          ],
          [
            120.7606842736132,
            24.37299504797842
          ],
          [
            120.76065425665121,
            24.372959037740358
          ],
          [
            120.76051731539518,
            24.37279810374013
          ],
          [
            120.76039130355353,
            24.37264908722562
          ],
          [
            120.76026330455628,
            24.372498090092847
          ],
          [
            120.76013133289493,
            24.372342111538536
          ],
          [
            120.76000232907022,
            24.372191112592983
          ],
          [
            120.75984885792555,
            24.372009737048614
          ],
          [
            120.75984586695665,
            24.372006743682775
          ],
          [
            120.75971632474767,
            24.371854109373928
          ],
          [
            120.75958631043471,
            24.37170108595377
          ],
          [
            120.759461845211,
            24.37155373246321
          ],
          [
            120.7594549089537,
            24.3715467961477
          ],
          [
            120.75940534723831,
            24.371489139012347
          ],
          [
            120.759274056265,
            24.37133398243109
          ],
          [
            120.75926540039916,
            24.37132419921402
          ],
          [
            120.75923524655518,
            24.371288016921913
          ],
          [
            120.75914330724505,
            24.371179097468637
          ],
          [
            120.75901335331496,
            24.371026145880617
          ],
          [
            120.75888832503676,
            24.37088011829472
          ],
          [
            120.75877629378591,
            24.370747077055498
          ],
          [
            120.75864831825784,
            24.37059611469853
          ],
          [
            120.75851730296624,
            24.370442095558822
          ],
          [
            120.75839331264746,
            24.370295112130847
          ],
          [
            120.75826533617341,
            24.370145124587054
          ],
          [
            120.75813732251224,
            24.369994116588014
          ],
          [
            120.75805554296075,
            24.36989809718455
          ],
          [
            120.75800526557896,
            24.369839056994312
          ],
          [
            120.75800024991237,
            24.36983302658641
          ],
          [
            120.75790732887036,
            24.369723120638003
          ],
          [
            120.75777834017113,
            24.369572128833735
          ],
          [
            120.75765031782244,
            24.36942111137625
          ],
          [
            120.7575313137574,
            24.369281096633554
          ],
          [
            120.7574003325465,
            24.369126128518985
          ],
          [
            120.75727632130827,
            24.368981121504625
          ],
          [
            120.75716601406252,
            24.36885034812431
          ],
          [
            120.75711839528246,
            24.368793208004032
          ],
          [
            120.75709906784869,
            24.36877138081917
          ],
          [
            120.75703486544462,
            24.368695758644247
          ],
          [
            120.75703380292174,
            24.36869469150896
          ],
          [
            120.75702337835268,
            24.368682178543366
          ],
          [
            120.75700144474199,
            24.368657259220726
          ],
          [
            120.75696131808698,
            24.368610108201867
          ],
          [
            120.75684030058112,
            24.368467092026084
          ],
          [
            120.75672380720084,
            24.368329500465727
          ],
          [
            120.75669429404005,
            24.368294077134383
          ],
          [
            120.75666439541962,
            24.36825920395289
          ],
          [
            120.75663330647012,
            24.368223100898543
          ],
          [
            120.75660324262948,
            24.368187017541814
          ],
          [
            120.7565768462829,
            24.368155734513902
          ],
          [
            120.7565751049329,
            24.36815398910375
          ],
          [
            120.75657236062503,
            24.36815095995256
          ],
          [
            120.75654339825932,
            24.368116205628485
          ],
          [
            120.7565170777906,
            24.36808649377326
          ],
          [
            120.75649831350314,
            24.368064098583005
          ],
          [
            120.75642631123237,
            24.367980111712505
          ],
          [
            120.75635822660821,
            24.36789901138294
          ],
          [
            120.75628221636372,
            24.367807984341965
          ],
          [
            120.75621632574732,
            24.36772911766003
          ],
          [
            120.75619661612956,
            24.36770628751562
          ],
          [
            120.75619467004486,
            24.367703367990295
          ],
          [
            120.75618274064254,
            24.367689227310247
          ],
          [
            120.75618229879359,
            24.367688332719855
          ],
          [
            120.75617617209433,
            24.367680928042635
          ],
          [
            120.75612069693967,
            24.367614158990413
          ],
          [
            120.75611968553575,
            24.367612143876585
          ],
          [
            120.75605407201546,
            24.367532808056517
          ],
          [
            120.75598402791404,
            24.367445745205437
          ],
          [
            120.7559140311138,
            24.367359765888434
          ],
          [
            120.75584196059671,
            24.367270659134203
          ],
          [
            120.75577685548329,
            24.367188534023057
          ],
          [
            120.75571878271901,
            24.367114447075334
          ],
          [
            120.75565378979783,
            24.367030444040875
          ],
          [
            120.75558479286184,
            24.366942452694623
          ],
          [
            120.7555156996214,
            24.366853332525075
          ],
          [
            120.75544263766868,
            24.36675725352278
          ],
          [
            120.7553705596194,
            24.36666216024313
          ],
          [
            120.7553044828773,
            24.366573044843307
          ],
          [
            120.75523949814844,
            24.366485068842508
          ],
          [
            120.755172437765,
            24.366394985683566
          ],
          [
            120.75511235255169,
            24.366311884218817
          ],
          [
            120.75504934746726,
            24.366224868416353
          ],
          [
            120.75500030268667,
            24.366156809149494
          ],
          [
            120.75493828347129,
            24.36606977683505
          ],
          [
            120.75487519205363,
            24.365981650241316
          ],
          [
            120.75481114429313,
            24.365888574132825
          ],
          [
            120.75474705342153,
            24.36579745723956
          ],
          [
            120.75473823736323,
            24.36578422438978
          ],
          [
            120.75473785439317,
            24.36578347435575
          ],
          [
            120.7546680873349,
            24.36568149527935
          ],
          [
            120.75464108589343,
            24.36564249105893
          ],
          [
            120.75458898182922,
            24.365566345669617
          ],
          [
            120.75456288753787,
            24.36552719843792
          ],
          [
            120.7545378851513,
            24.365489199663966
          ],
          [
            120.75451198745169,
            24.365450350701614
          ],
          [
            120.75448597970549,
            24.365412350291002
          ],
          [
            120.75441788901296,
            24.36531021128807
          ],
          [
            120.75435583493778,
            24.36521612695447
          ],
          [
            120.75429378288962,
            24.36512104036908
          ],
          [
            120.7542357132821,
            24.365030944271464
          ],
          [
            120.75417266373874,
            24.364931865160166
          ],
          [
            120.75412459162405,
            24.364855735174228
          ],
          [
            120.75410856559273,
            24.364829696372187
          ],
          [
            120.75408356735224,
            24.364789693070048
          ],
          [
            120.75405962166592,
            24.36475079302019
          ],
          [
            120.7540346215185,
            24.364711791935783
          ],
          [
            120.75398656323166,
            24.36463369358546
          ],
          [
            120.75396156505018,
            24.364593699291834
          ],
          [
            120.75391346753037,
            24.364515546679478
          ],
          [
            120.75388946493791,
            24.364475544960474
          ],
          [
            120.75387349796756,
            24.364449596519687
          ],
          [
            120.75381597002762,
            24.36435495047437
          ],
          [
            120.75379431871599,
            24.364317291092398
          ],
          [
            120.7537704734155,
            24.364277542423988
          ],
          [
            120.75374637070291,
            24.364238389253682
          ],
          [
            120.7537325193921,
            24.364214295197595
          ],
          [
            120.75371038368395,
            24.364177393460157
          ],
          [
            120.75365531717972,
            24.36408428629603
          ],
          [
            120.7535952334348,
            24.363981139636405
          ],
          [
            120.75353722733446,
            24.363879133995116
          ],
          [
            120.75349418876401,
            24.363805061589737
          ],
          [
            120.75344460453125,
            24.36371618887476
          ],
          [
            120.75342413537476,
            24.363678973786033
          ],
          [
            120.75340112861129,
            24.363638973606797
          ],
          [
            120.75335708662605,
            24.363558886153758
          ],
          [
            120.75328999082107,
            24.363437714923084
          ],
          [
            120.75326799146018,
            24.36339671413287
          ],
          [
            120.75324599016962,
            24.363356715565455
          ],
          [
            120.75322399083674,
            24.363315714768643
          ],
          [
            120.75320198957385,
            24.36327571619462
          ],
          [
            120.7531799018749,
            24.36323455272366
          ],
          [
            120.75315890602936,
            24.36319454675076
          ],
          [
            120.75313690673467,
            24.36315355496994
          ],
          [
            120.75311590105926,
            24.363113548974823
          ],
          [
            120.75309386252361,
            24.363072475861774
          ],
          [
            120.75307290791015,
            24.36303156703431
          ],
          [
            120.75305091656476,
            24.36299158651183
          ],
          [
            120.75295478207046,
            24.36280532224372
          ],
          [
            120.75290473353132,
            24.362707229884847
          ],
          [
            120.75285670962396,
            24.362612174584097
          ],
          [
            120.75284677336961,
            24.36259230341204
          ],
          [
            120.75283575516147,
            24.36257126572259
          ],
          [
            120.75278563405762,
            24.362470031079795
          ],
          [
            120.75268765422497,
            24.36227006649101
          ],
          [
            120.75268461051584,
            24.36226398494655
          ],
          [
            120.75267351768757,
            24.362240798198787
          ],
          [
            120.75262852982546,
            24.362145801948955
          ],
          [
            120.75258251890281,
            24.362049801786238
          ],
          [
            120.75253945556702,
            24.361958655042734
          ],
          [
            120.75249440494956,
            24.36186055264016
          ],
          [
            120.75245657852008,
            24.361778010117366
          ],
          [
            120.75244544671803,
            24.361754633677347
          ],
          [
            120.75243257035797,
            24.36172617100817
          ],
          [
            120.75241741534842,
            24.361693569292136
          ],
          [
            120.75237233743896,
            24.36159439234429
          ],
          [
            120.75233130856147,
            24.361501334692676
          ],
          [
            120.7522892861579,
            24.36140729123484
          ],
          [
            120.75220922572572,
            24.36122314747839
          ],
          [
            120.75215917600372,
            24.361106030556332
          ],
          [
            120.75211712628524,
            24.361005901393042
          ],
          [
            120.75208310589306,
            24.360922868392723
          ],
          [
            120.75204611066604,
            24.36083387131698
          ],
          [
            120.75200505660335,
            24.360733752777392
          ],
          [
            120.75196504722356,
            24.36063371719649
          ],
          [
            120.75192400508061,
            24.360532605452168
          ],
          [
            120.75188394469879,
            24.36042846152624
          ],
          [
            120.7518439707296,
            24.360325527628902
          ],
          [
            120.75180392626248,
            24.36022339719417
          ],
          [
            120.7517258793939,
            24.36001326169227
          ],
          [
            120.75168686392935,
            24.359909209711013
          ],
          [
            120.75165280470333,
            24.3598160639548
          ],
          [
            120.75161675041699,
            24.359714933201317
          ],
          [
            120.75158615010386,
            24.359627228609956
          ],
          [
            120.75157380571547,
            24.359594062574864
          ],
          [
            120.75155127212143,
            24.359529458589872
          ],
          [
            120.75154174364079,
            24.35950288840578
          ],
          [
            120.7514793174483,
            24.359319242637763
          ],
          [
            120.75147067602853,
            24.359292691960643
          ],
          [
            120.7514602962751,
            24.359262951162766
          ],
          [
            120.75144064832001,
            24.359204609052757
          ],
          [
            120.75142362960645,
            24.359152546472057
          ],
          [
            120.75139481297842,
            24.3590651336923
          ],
          [
            120.75139266491577,
            24.35905977591631
          ],
          [
            120.75138917018265,
            24.359047508673484
          ],
          [
            120.75138459477128,
            24.35903344286853
          ],
          [
            120.75138327228977,
            24.359029287315796
          ],
          [
            120.75136060907035,
            24.358960502614586
          ],
          [
            120.75134259289891,
            24.35890443849811
          ],
          [
            120.7513165632048,
            24.35882335063914
          ],
          [
            120.75128353519347,
            24.358717249727125
          ],
          [
            120.75124650337592,
            24.358597156167466
          ],
          [
            120.75121349303234,
            24.358487118580342
          ],
          [
            120.75117946170612,
            24.358375029704433
          ],
          [
            120.75115038476441,
            24.35827474095129
          ],
          [
            120.75114341769523,
            24.358248879211807
          ],
          [
            120.75112925602845,
            24.358202626991414
          ],
          [
            120.75111840332028,
            24.358162817946877
          ],
          [
            120.75110820067114,
            24.35812828296137
          ],
          [
            120.75109291114659,
            24.358074137454473
          ],
          [
            120.75108040753041,
            24.35803181560771
          ],
          [
            120.75106923182284,
            24.357990868362435
          ],
          [
            120.75106039248054,
            24.357959775697307
          ],
          [
            120.75101838508533,
            24.357808749244136
          ],
          [
            120.75098931417304,
            24.357705507949095
          ],
          [
            120.75098430702117,
            24.357685464158244
          ],
          [
            120.75097637973168,
            24.357656729579528
          ],
          [
            120.75093135458107,
            24.357496632927223
          ],
          [
            120.75092193256071,
            24.35746113309542
          ],
          [
            120.7509103636966,
            24.357419679560728
          ],
          [
            120.75089664379172,
            24.357369383004198
          ],
          [
            120.75088354866314,
            24.357322166395104
          ],
          [
            120.7508734146588,
            24.357287875289252
          ],
          [
            120.75086136628688,
            24.357244678346333
          ],
          [
            120.75082536392512,
            24.357112676975852
          ],
          [
            120.75081336447722,
            24.357069678748886
          ],
          [
            120.750808060527,
            24.357050230383727
          ],
          [
            120.75078638095707,
            24.35697271606073
          ],
          [
            120.75073937487429,
            24.356802720192128
          ],
          [
            120.75069038769725,
            24.35662776407362
          ],
          [
            120.75064336627821,
            24.356460693572206
          ],
          [
            120.75059636647907,
            24.356287681941318
          ],
          [
            120.75054737967281,
            24.356112734796998
          ],
          [
            120.75049736811704,
            24.35593268450628
          ],
          [
            120.75045738147112,
            24.35578722311623
          ],
          [
            120.75044840307919,
            24.355756825420286
          ],
          [
            120.75043636668909,
            24.355712689430042
          ],
          [
            120.75042436750034,
            24.35566969116648
          ],
          [
            120.75039318058943,
            24.355555331429493
          ],
          [
            120.75035730296425,
            24.355425542259667
          ],
          [
            120.75033339485672,
            24.35533880547872
          ],
          [
            120.75032372222377,
            24.35530561663897
          ],
          [
            120.75031536390199,
            24.355275689467703
          ],
          [
            120.7503078681625,
            24.35524818351505
          ],
          [
            120.7502850641904,
            24.355166369402706
          ],
          [
            120.75027841608284,
            24.355143885024038
          ],
          [
            120.75026636810931,
            24.355100688024915
          ],
          [
            120.75024836258419,
            24.355034691763045
          ],
          [
            120.75023138206537,
            24.354973735425048
          ],
          [
            120.75017936465714,
            24.354786684151335
          ],
          [
            120.75014136674947,
            24.35464770883137
          ],
          [
            120.75009737245232,
            24.35449071959089
          ],
          [
            120.75005136762734,
            24.35432370471873
          ],
          [
            120.75000237452078,
            24.354147700947525
          ],
          [
            120.74995837654188,
            24.35398774107796
          ],
          [
            120.74990638349607,
            24.353803741568246
          ],
          [
            120.74986237603892,
            24.353643709416673
          ],
          [
            120.74981438084471,
            24.353471725168873
          ],
          [
            120.74973837889185,
            24.353197729033592
          ],
          [
            120.74969436788925,
            24.353039710307364
          ],
          [
            120.74965937325,
            24.352912685301447
          ],
          [
            120.7495746251324,
            24.35259600308862
          ],
          [
            120.74947103448886,
            24.35224360667668
          ],
          [
            120.74913898454507,
            24.35105788855509
          ],
          [
            120.74876345009888,
            24.349691307743125
          ],
          [
            120.74838619081211,
            24.348333792685935
          ],
          [
            120.74835751823028,
            24.34823061013536
          ],
          [
            120.74835521855172,
            24.348222335657262
          ],
          [
            120.74830218525774,
            24.348053376257138
          ],
          [
            120.74830214608598,
            24.348053249784623
          ],
          [
            120.74817807734324,
            24.347658860077484
          ],
          [
            120.7481779304054,
            24.34765840837811
          ],
          [
            120.74807623494976,
            24.347363231446327
          ],
          [
            120.7480761369857,
            24.347362933323012
          ],
          [
            120.74798131108011,
            24.347102665235138
          ],
          [
            120.74798129149453,
            24.34710260199882
          ],
          [
            120.74798119345941,
            24.347102339991793
          ],
          [
            120.74778399390897,
            24.34659160571243
          ],
          [
            120.74778395466663,
            24.34659151535609
          ],
          [
            120.74775192890463,
            24.346509866039856
          ],
          [
            120.74750890275685,
            24.345890462055525
          ],
          [
            120.74731570352942,
            24.345396961312446
          ],
          [
            120.7470743745803,
            24.34478357278421
          ],
          [
            120.74686064782868,
            24.344241785611583
          ],
          [
            120.7465927367846,
            24.343557735204723
          ],
          [
            120.74650479500029,
            24.34333238415175
          ],
          [
            120.74636880892766,
            24.342983913003103
          ],
          [
            120.74614895644196,
            24.342423288795406
          ],
          [
            120.74577777733636,
            24.341475413863865
          ],
          [
            120.7453677546659,
            24.340429533937257
          ],
          [
            120.74507430380302,
            24.339677638110214
          ],
          [
            120.74493541536432,
            24.339310948954907
          ],
          [
            120.74493513982588,
            24.339310259570066
          ],
          [
            120.74479196471577,
            24.338940944620923
          ],
          [
            120.7447914333116,
            24.33893958574784
          ],
          [
            120.74315480422175,
            24.33476342620768
          ],
          [
            120.74307952742325,
            24.334571341456854
          ],
          [
            120.74303449009491,
            24.334456411158087
          ],
          [
            120.74301618812292,
            24.334409708634194
          ],
          [
            120.74301204890597,
            24.334399146580957
          ],
          [
            120.74299665585272,
            24.33435836124972
          ],
          [
            120.74298874663063,
            24.33433740300018
          ],
          [
            120.74296448574532,
            24.334273118802656
          ],
          [
            120.74295209018095,
            24.334240267918585
          ],
          [
            120.7429371460968,
            24.334200671573683
          ],
          [
            120.74292911436893,
            24.33417938896774
          ],
          [
            120.74270180012992,
            24.33357704115729
          ],
          [
            120.74269299805025,
            24.333553718455555
          ],
          [
            120.74268335694019,
            24.33352816955473
          ],
          [
            120.74223316947374,
            24.332335216350028
          ],
          [
            120.74221405621529,
            24.332284563003444
          ],
          [
            120.741937,
            24.331551
          ],
          [
            120.74167949117884,
            24.330841062577477
          ],
          [
            120.74139978561902,
            24.33012438340034
          ],
          [
            120.74080344644062,
            24.328711235233897
          ],
          [
            120.73968721394408,
            24.32588725336673
          ],
          [
            120.73745456831341,
            24.320135001020006
          ],
          [
            120.73576520305714,
            24.31587956422674
          ],
          [
            120.73411066569471,
            24.31165080897416
          ],
          [
            120.73392828899098,
            24.311242868476313
          ],
          [
            120.73327482662233,
            24.309590433845294
          ],
          [
            120.73282224831979,
            24.30840413778255
          ],
          [
            120.73240496285206,
            24.307267185014
          ],
          [
            120.73213636806945,
            24.306502969054584
          ],
          [
            120.73196073076932,
            24.305971285124308
          ],
          [
            120.73182830992407,
            24.305525538696532
          ],
          [
            120.73175149910111,
            24.305088239093223
          ],
          [
            120.73171176162435,
            24.304370080938746
          ],
          [
            120.731723,
            24.303918
          ],
          [
            120.73174255028394,
            24.303640385442808
          ],
          [
            120.73177236820653,
            24.303387403299727
          ],
          [
            120.73181308199932,
            24.30313642859884
          ],
          [
            120.73183535383508,
            24.303016201394875
          ],
          [
            120.73184715814348,
            24.302954470043453
          ],
          [
            120.73186481034547,
            24.30286189819934
          ],
          [
            120.73192678109388,
            24.302592722076977
          ],
          [
            120.73201064366425,
            24.30225263344173
          ],
          [
            120.73210911685301,
            24.30187464805601
          ],
          [
            120.73218512493864,
            24.301573806009674
          ],
          [
            120.7322090290078,
            24.301479195509337
          ],
          [
            120.73221582212221,
            24.301452307822853
          ],
          [
            120.73222026277317,
            24.301434734078146
          ],
          [
            120.73224255205173,
            24.301333092428745
          ],
          [
            120.73226557538418,
            24.301228102251244
          ],
          [
            120.73229981488261,
            24.301071965410472
          ],
          [
            120.7323122116035,
            24.30100190113675
          ],
          [
            120.73232228527621,
            24.300944977414204
          ],
          [
            120.73232277181911,
            24.300942224378748
          ],
          [
            120.7323332582541,
            24.30088296102485
          ],
          [
            120.73234505874579,
            24.30081625995975
          ],
          [
            120.73236388128961,
            24.300685814581406
          ],
          [
            120.7323702254708,
            24.30064183389944
          ],
          [
            120.73237666961157,
            24.300597163565442
          ],
          [
            120.73238204804049,
            24.300559888039004
          ],
          [
            120.73241645319445,
            24.300185534769312
          ],
          [
            120.73246439151089,
            24.299518393314507
          ],
          [
            120.73252587737602,
            24.29852593696174
          ],
          [
            120.73252932997659,
            24.298470187979312
          ],
          [
            120.73252933405726,
            24.29847012117071
          ],
          [
            120.73253124490142,
            24.298439273701895
          ],
          [
            120.73253277470023,
            24.298414435370834
          ],
          [
            120.73253774819318,
            24.298333392970648
          ],
          [
            120.73253776656182,
            24.298333089623206
          ],
          [
            120.73253784205211,
            24.298331854567053
          ],
          [
            120.73253797464132,
            24.29832969863709
          ],
          [
            120.73255236780882,
            24.298095603273545
          ],
          [
            120.7325532000136,
            24.298082091697434
          ],
          [
            120.73255379308158,
            24.29807080809705
          ],
          [
            120.73255506361394,
            24.29804651647521
          ],
          [
            120.73257212939299,
            24.29772076899058
          ],
          [
            120.73258685080732,
            24.297460655751802
          ],
          [
            120.73262237493236,
            24.29694740142816
          ],
          [
            120.73264055564911,
            24.29669026483861
          ],
          [
            120.73265289266644,
            24.296463103802463
          ],
          [
            120.73266387595379,
            24.29625574132945
          ],
          [
            120.73268851180116,
            24.295828949068856
          ],
          [
            120.73271622100071,
            24.295339165712193
          ],
          [
            120.73279769949147,
            24.29411009665735
          ],
          [
            120.73286907129744,
            24.292940177709887
          ],
          [
            120.73293305401324,
            24.291935696023625
          ],
          [
            120.73298073043728,
            24.291177900330684
          ],
          [
            120.73299777238591,
            24.29098307720368
          ],
          [
            120.7329977763905,
            24.29098304651155
          ],
          [
            120.73300013794913,
            24.29095607150451
          ],
          [
            120.73300249552096,
            24.290929118160328
          ],
          [
            120.73300249755161,
            24.29092908927055
          ],
          [
            120.7330141420668,
            24.29079596921615
          ],
          [
            120.73305550860096,
            24.290492499278493
          ],
          [
            120.73305831787029,
            24.290471881590456
          ],
          [
            120.73305939434871,
            24.29046398476403
          ],
          [
            120.73306280187138,
            24.29043898356203
          ],
          [
            120.73308015272127,
            24.290307383194236
          ],
          [
            120.73312191959026,
            24.29006765986033
          ],
          [
            120.73316984397945,
            24.28983695843037
          ],
          [
            120.73321716757512,
            24.28961837487509
          ],
          [
            120.73331495652447,
            24.289260520032858
          ],
          [
            120.73347444703676,
            24.288723239091773
          ],
          [
            120.73363303320399,
            24.28817115844029
          ],
          [
            120.73372000750916,
            24.287911602058596
          ],
          [
            120.73372817438046,
            24.287884879181554
          ],
          [
            120.73373642850731,
            24.28785788197
          ],
          [
            120.73484908124865,
            24.284241460167756
          ],
          [
            120.7349152448686,
            24.28400100306622
          ],
          [
            120.73525003509573,
            24.282904526928974
          ],
          [
            120.73534378123232,
            24.282596596520232
          ],
          [
            120.73563602948177,
            24.281636663938208
          ],
          [
            120.73576435140606,
            24.28121673758059
          ],
          [
            120.73596027894129,
            24.28057557632126
          ],
          [
            120.73596478734875,
            24.2805608250506
          ],
          [
            120.73596929181137,
            24.280546075578737
          ],
          [
            120.73601425686512,
            24.280398925627487
          ],
          [
            120.73642548382267,
            24.27904506482824
          ],
          [
            120.73686829880215,
            24.277593639148726
          ],
          [
            120.7368691238875,
            24.277590937238404
          ],
          [
            120.73697498676155,
            24.277249837042124
          ],
          [
            120.73698587623277,
            24.27721475401497
          ],
          [
            120.73699765217081,
            24.277176812073996
          ],
          [
            120.73701962544526,
            24.277106012501868
          ],
          [
            120.73702336962097,
            24.27709395056717
          ],
          [
            120.73702406782513,
            24.277091634885526
          ],
          [
            120.73702874897761,
            24.27707610375191
          ],
          [
            120.73703064324938,
            24.277069822714317
          ],
          [
            120.73703393790946,
            24.277058890455972
          ],
          [
            120.73703747654982,
            24.277047145992693
          ],
          [
            120.73704995597525,
            24.277005741667217
          ],
          [
            120.7371648906759,
            24.276624406683258
          ],
          [
            120.73738595251271,
            24.27589800406184
          ],
          [
            120.73743477926519,
            24.27573842524985
          ],
          [
            120.73744422965517,
            24.27570753826868
          ],
          [
            120.73745420957225,
            24.275674924014446
          ],
          [
            120.73745590132532,
            24.275669392043074
          ],
          [
            120.73747835017637,
            24.275596025307
          ],
          [
            120.73750252248108,
            24.275517023716688
          ],
          [
            120.7375363454277,
            24.275406472736318
          ],
          [
            120.73754790201278,
            24.27536870191736
          ],
          [
            120.7375484989879,
            24.275366747225487
          ],
          [
            120.73755928374332,
            24.275331656742292
          ],
          [
            120.73763640515001,
            24.275080691697262
          ],
          [
            120.73773575414015,
            24.274732381518906
          ],
          [
            120.73781856160498,
            24.274409651322244
          ],
          [
            120.73787540769717,
            24.274162304363387
          ],
          [
            120.73793347001674,
            24.27385972971171
          ],
          [
            120.7379823211969,
            24.27354823275517
          ],
          [
            120.73800058938924,
            24.27338445302373
          ],
          [
            120.73800505059417,
            24.273344445137678
          ],
          [
            120.73800618187752,
            24.273333613862356
          ],
          [
            120.73800622005416,
            24.273333249148774
          ],
          [
            120.73800633863496,
            24.27333210083987
          ],
          [
            120.73800655963723,
            24.273329999224767
          ],
          [
            120.73800804280796,
            24.27331568148174
          ],
          [
            120.73801167353945,
            24.273282947887147
          ],
          [
            120.73803071317752,
            24.27308491633069
          ],
          [
            120.73804733933385,
            24.272839930611635
          ],
          [
            120.73804983078095,
            24.272710465307796
          ],
          [
            120.73805092397461,
            24.27245397309742
          ],
          [
            120.73805071368382,
            24.272446046909305
          ],
          [
            120.73804925261685,
            24.272390978953954
          ],
          [
            120.73804887224156,
            24.272376654386335
          ],
          [
            120.73804780965801,
            24.272336687540022
          ],
          [
            120.73804679656031,
            24.272298526617448
          ],
          [
            120.73804271852457,
            24.272144942039066
          ],
          [
            120.73804128495328,
            24.272090878175213
          ],
          [
            120.73804067581976,
            24.272068027848217
          ],
          [
            120.73804039597158,
            24.272057517384617
          ],
          [
            120.73803945782355,
            24.272022195368255
          ],
          [
            120.73803748105513,
            24.27194771194874
          ],
          [
            120.73801708265508,
            24.271702698517707
          ],
          [
            120.73799973905489,
            24.271537714284126
          ],
          [
            120.73796851803677,
            24.271289870493924
          ],
          [
            120.7379312050949,
            24.271062739998314
          ],
          [
            120.73788814924276,
            24.270822552401015
          ],
          [
            120.73784924912546,
            24.270629849264825
          ],
          [
            120.73773995779986,
            24.27020453918579
          ],
          [
            120.73769392238789,
            24.270040047150765
          ],
          [
            120.7376158164549,
            24.26979832722275
          ],
          [
            120.73749863096917,
            24.269477723933623
          ],
          [
            120.73733795389113,
            24.26909263294027
          ],
          [
            120.73732270736683,
            24.269056092530892
          ],
          [
            120.73732034138587,
            24.26905042533141
          ],
          [
            120.7373051918102,
            24.26901655772991
          ],
          [
            120.73723245396906,
            24.2688539426225
          ],
          [
            120.73714648631157,
            24.268688173283902
          ],
          [
            120.73694492525486,
            24.26831058305744
          ],
          [
            120.73690544318,
            24.26823846356043
          ],
          [
            120.73667860223685,
            24.267840919846634
          ],
          [
            120.7363167800474,
            24.26724821403231
          ],
          [
            120.73595074134042,
            24.266607590179113
          ],
          [
            120.7356699619119,
            24.266139424173172
          ],
          [
            120.73549772784921,
            24.265878946508025
          ],
          [
            120.73522446085049,
            24.2655000310171
          ],
          [
            120.7349485441498,
            24.265158139160224
          ],
          [
            120.73456811452778,
            24.2647444664717
          ],
          [
            120.73417527299647,
            24.264391757966482
          ],
          [
            120.73362613407558,
            24.26393775967869
          ],
          [
            120.73329258585862,
            24.26369421013378
          ],
          [
            120.73295877782229,
            24.263419120401483
          ],
          [
            120.73216067250324,
            24.262798492502203
          ],
          [
            120.73214965325353,
            24.26279020054134
          ],
          [
            120.732138407842,
            24.262781736626525
          ],
          [
            120.7276175132932,
            24.259378942221552
          ],
          [
            120.72758571395974,
            24.25935500844717
          ],
          [
            120.72753394617345,
            24.259316041390576
          ],
          [
            120.72747294148431,
            24.259270121532563
          ],
          [
            120.7274129279815,
            24.25922494923868
          ],
          [
            120.72738837156594,
            24.259206463983567
          ],
          [
            120.7272494067981,
            24.25910186254634
          ],
          [
            120.72702185230527,
            24.258929092251062
          ],
          [
            120.7268715705086,
            24.258812356578648
          ],
          [
            120.72672318027017,
            24.258693607032118
          ],
          [
            120.72657735657204,
            24.25857221639767
          ],
          [
            120.72640610488503,
            24.258422011038736
          ],
          [
            120.72623973242858,
            24.25826726174363
          ],
          [
            120.72607838861246,
            24.258108102429365
          ],
          [
            120.7259222070789,
            24.25794467059638
          ],
          [
            120.72577132342559,
            24.257777109166163
          ],
          [
            120.72562586931247,
            24.257605559247235
          ],
          [
            120.72548596850285,
            24.257430169157153
          ],
          [
            120.72535174080669,
            24.257251092623733
          ],
          [
            120.72529764598495,
            24.257175640810388
          ],
          [
            120.72519208742581,
            24.257023183437642
          ],
          [
            120.72508939261641,
            24.25686908604468
          ],
          [
            120.72493897344714,
            24.256635945502083
          ],
          [
            120.72445471393435,
            24.255871449291668
          ],
          [
            120.72431176658546,
            24.255640792039756
          ],
          [
            120.72428433603692,
            24.25559652810741
          ],
          [
            120.72427227052154,
            24.255577060939668
          ],
          [
            120.72425951416245,
            24.255555533859635
          ],
          [
            120.72412528615673,
            24.25532900052157
          ],
          [
            120.7240968542641,
            24.255278759209624
          ],
          [
            120.72395520726893,
            24.2550284528066
          ],
          [
            120.72293920545754,
            24.253190819817792
          ],
          [
            120.72237346481862,
            24.252167542957427
          ],
          [
            120.72232222976601,
            24.25207487477384
          ],
          [
            120.72226726523401,
            24.251975454944606
          ],
          [
            120.72186366811697,
            24.251245440991205
          ],
          [
            120.72163289554557,
            24.250828022906372
          ],
          [
            120.72155458711288,
            24.250688562500805
          ],
          [
            120.72145259000713,
            24.25050691574703
          ],
          [
            120.72131212866928,
            24.25026861782345
          ],
          [
            120.72121445251808,
            24.250111810956653
          ],
          [
            120.72110500310495,
            24.249945696804076
          ],
          [
            120.72099084478575,
            24.2497822682529
          ],
          [
            120.72087205413212,
            24.249621641007153
          ],
          [
            120.72074871363871,
            24.249463923558213
          ],
          [
            120.72068111371902,
            24.249382099552115
          ],
          [
            120.72062350466308,
            24.24931236772331
          ],
          [
            120.72062090580278,
            24.2493092225914
          ],
          [
            120.72058105456225,
            24.249262844000842
          ],
          [
            120.72055996298224,
            24.249238298178426
          ],
          [
            120.72037244965409,
            24.249028988817255
          ],
          [
            120.72017994162539,
            24.248823520094337
          ],
          [
            120.7197091429864,
            24.248333844484243
          ],
          [
            120.71970877355209,
            24.24833346096507
          ],
          [
            120.71937476009685,
            24.247986051299897
          ],
          [
            120.71932040663117,
            24.24792952207662
          ],
          [
            120.71930112944321,
            24.24790947055625
          ],
          [
            120.71925628494338,
            24.247862827781486
          ],
          [
            120.71838614384278,
            24.246957780228875
          ],
          [
            120.71831953344534,
            24.246888494964818
          ],
          [
            120.71827771186295,
            24.246844996051237
          ],
          [
            120.71742994426667,
            24.245963200347628
          ],
          [
            120.71741006441393,
            24.245942522646082
          ],
          [
            120.7173882451183,
            24.245919827825098
          ],
          [
            120.71630071517538,
            24.244788619600847
          ],
          [
            120.71628952473382,
            24.244776979943783
          ],
          [
            120.71627653243142,
            24.24476346426715
          ],
          [
            120.71603909125878,
            24.244516484074474
          ],
          [
            120.71602385896207,
            24.244500640076257
          ],
          [
            120.7159763916799,
            24.244451264614067
          ],
          [
            120.71592113342068,
            24.244393784416054
          ],
          [
            120.71587464868603,
            24.24434543286341
          ],
          [
            120.71585605048199,
            24.244326086451615
          ],
          [
            120.71510346155092,
            24.24354324769052
          ],
          [
            120.7148335171142,
            24.243259921755513
          ],
          [
            120.71463438741682,
            24.243044803020002
          ],
          [
            120.71444021408914,
            24.242825913693242
          ],
          [
            120.71437692920482,
            24.242751892598847
          ],
          [
            120.7142151461276,
            24.2425551871576
          ],
          [
            120.71405927684684,
            24.242354508964166
          ],
          [
            120.71390943524938,
            24.242150004523722
          ],
          [
            120.7137657371729,
            24.241941827568223
          ],
          [
            120.71362828466243,
            24.24173013360916
          ],
          [
            120.71349718566496,
            24.241515079974683
          ],
          [
            120.7133725323656,
            24.24129682576858
          ],
          [
            120.71325442284336,
            24.241075535522803
          ],
          [
            120.71314294139314,
            24.24085137193694
          ],
          [
            120.71310213526495,
            24.24076508043152
          ],
          [
            120.71302315268031,
            24.240591474819713
          ],
          [
            120.7129471505797,
            24.24041675335717
          ],
          [
            120.71283731648653,
            24.24015317829773
          ],
          [
            120.71273050232803,
            24.23988855965823
          ],
          [
            120.71264019388458,
            24.239662689395185
          ],
          [
            120.7126096818304,
            24.23958637641426
          ],
          [
            120.7125732358387,
            24.239495220824704
          ],
          [
            120.71164760901836,
            24.237180093417482
          ],
          [
            120.71163427273999,
            24.237146737682917
          ],
          [
            120.71162211734631,
            24.237116334934093
          ],
          [
            120.71161866479915,
            24.237107700068485
          ],
          [
            120.71161311487633,
            24.2370938188628
          ],
          [
            120.71160456283607,
            24.237072425073727
          ],
          [
            120.71160454912376,
            24.237072392542537
          ],
          [
            120.71157486469696,
            24.23699815040328
          ],
          [
            120.71156946558196,
            24.23698464329143
          ],
          [
            120.71156133459215,
            24.23696430491071
          ],
          [
            120.71155733176369,
            24.2369542929474
          ],
          [
            120.71155297643281,
            24.23694340086973
          ],
          [
            120.71153935819846,
            24.236909342118405
          ],
          [
            120.71152326857931,
            24.23686909366482
          ],
          [
            120.70995087266581,
            24.23293608536835
          ],
          [
            120.70993522266852,
            24.232896935524955
          ],
          [
            120.70991909878681,
            24.232856603754083
          ],
          [
            120.70980187490235,
            24.23256338375432
          ],
          [
            120.70970716118657,
            24.232321151285166
          ],
          [
            120.70962876565852,
            24.232112665010852
          ],
          [
            120.70962223353384,
            24.232095289348408
          ],
          [
            120.70961573271879,
            24.232078002231816
          ],
          [
            120.70961568573856,
            24.232077877538874
          ],
          [
            120.70951514145551,
            24.23179234048125
          ],
          [
            120.70944787150339,
            24.231587129466376
          ],
          [
            120.7093844008477,
            24.231380903562215
          ],
          [
            120.70933626196127,
            24.23121512714109
          ],
          [
            120.70929008960795,
            24.231048879520007
          ],
          [
            120.70922345179748,
            24.230798908104372
          ],
          [
            120.70900528834609,
            24.229954740566995
          ],
          [
            120.70899211561849,
            24.229903772479073
          ],
          [
            120.70897577272109,
            24.229840531219306
          ],
          [
            120.70854847734404,
            24.228187115571416
          ],
          [
            120.70842972318539,
            24.227714722625045
          ],
          [
            120.70842926082716,
            24.227712812960146
          ],
          [
            120.70841472489195,
            24.227652751570176
          ],
          [
            120.70839931690192,
            24.227589100291766
          ],
          [
            120.70825478349131,
            24.2269919586963
          ],
          [
            120.70824616854594,
            24.22695635979134
          ],
          [
            120.7082424229027,
            24.22694088915123
          ],
          [
            120.70805813106158,
            24.22617947454337
          ],
          [
            120.70805551500833,
            24.226168663341568
          ],
          [
            120.70736928738553,
            24.223333390876128
          ],
          [
            120.70736919374107,
            24.223333007856557
          ],
          [
            120.70680848411371,
            24.221016246056617
          ],
          [
            120.70674113994409,
            24.22072475550418
          ],
          [
            120.70667906570125,
            24.220432285459147
          ],
          [
            120.70666000410563,
            24.22033451445586
          ],
          [
            120.70665426497997,
            24.220302335834223
          ],
          [
            120.70664699193775,
            24.220261551198547
          ],
          [
            120.70663798860474,
            24.220211067632288
          ],
          [
            120.70662035524116,
            24.220112190582412
          ],
          [
            120.70658575692119,
            24.219889159502532
          ],
          [
            120.70655932044549,
            24.219692003878404
          ],
          [
            120.70653604522326,
            24.21949451303171
          ],
          [
            120.70649583484271,
            24.219098945797167
          ],
          [
            120.7061689781985,
            24.215580497473194
          ],
          [
            120.70616071918265,
            24.21549159043533
          ],
          [
            120.70614214888712,
            24.215291701310466
          ],
          [
            120.70595838622447,
            24.213313488589016
          ],
          [
            120.70583814746797,
            24.212019081738454
          ],
          [
            120.70579983485831,
            24.21160663654878
          ],
          [
            120.70579275803694,
            24.21153045033185
          ],
          [
            120.7057852066393,
            24.211449145418964
          ],
          [
            120.70564337993237,
            24.20992229796747
          ],
          [
            120.70564000587719,
            24.20988597941318
          ],
          [
            120.70563661455544,
            24.2098494639876
          ],
          [
            120.70539177657906,
            24.207213552418537
          ],
          [
            120.7053853784148,
            24.20714468476227
          ],
          [
            120.70537925504735,
            24.207078759367494
          ],
          [
            120.70515095196508,
            24.20462077292661
          ],
          [
            120.70514893080261,
            24.2045989976715
          ],
          [
            120.70514691339572,
            24.20457730188103
          ],
          [
            120.70504885551327,
            24.203521552177897
          ],
          [
            120.70501647421814,
            24.203184261147012
          ],
          [
            120.70498497443863,
            24.20289175331373
          ],
          [
            120.70495660726606,
            24.202655682592198
          ],
          [
            120.70493955386706,
            24.20252621514244
          ],
          [
            120.70493383391695,
            24.202482796805832
          ],
          [
            120.70492083830005,
            24.20238413601241
          ],
          [
            120.70491370194691,
            24.20232995566603
          ],
          [
            120.70491233003764,
            24.202319531438114
          ],
          [
            120.70475384251819,
            24.201156979898983
          ],
          [
            120.70474782894996,
            24.201112872949988
          ],
          [
            120.7047431842338,
            24.201078798355645
          ],
          [
            120.70473209226925,
            24.200997437670743
          ],
          [
            120.70472476798992,
            24.20094370840577
          ],
          [
            120.70471901196629,
            24.200901480039885
          ],
          [
            120.70470898293998,
            24.200827920886994
          ],
          [
            120.70470110496044,
            24.200770127379403
          ],
          [
            120.70468574784361,
            24.200657472032987
          ],
          [
            120.70467786987999,
            24.200599680328946
          ],
          [
            120.70466731040011,
            24.200522233948686
          ],
          [
            120.7046591710826,
            24.20046252392114
          ],
          [
            120.70465101239225,
            24.200402680222126
          ],
          [
            120.70436894798156,
            24.19833358340023
          ],
          [
            120.70436889764305,
            24.198333214908622
          ],
          [
            120.70421760534465,
            24.197227073027957
          ],
          [
            120.70421200126913,
            24.197182269773513
          ],
          [
            120.70416107579445,
            24.196775082890728
          ],
          [
            120.70415967621952,
            24.196763900137384
          ],
          [
            120.70415712841952,
            24.19674352336279
          ],
          [
            120.70409488123222,
            24.19624581593198
          ],
          [
            120.70396657687121,
            24.195213693148375
          ],
          [
            120.70387500536152,
            24.194618658082227
          ],
          [
            120.70385209690244,
            24.194467963847007
          ],
          [
            120.70384447173899,
            24.194417809505048
          ],
          [
            120.7038361445573,
            24.19436304345397
          ],
          [
            120.7037784596516,
            24.193983604565016
          ],
          [
            120.70371769304428,
            24.19355603183805
          ],
          [
            120.70363493966431,
            24.192973744928256
          ],
          [
            120.70352038990845,
            24.19216020162087
          ],
          [
            120.70342324203546,
            24.191398837860792
          ],
          [
            120.70334986235721,
            24.190861549112554
          ],
          [
            120.70334319714321,
            24.19081274376064
          ],
          [
            120.70333655322999,
            24.19076409375313
          ],
          [
            120.70330595289374,
            24.190540052261746
          ],
          [
            120.70319878949654,
            24.189791226635023
          ],
          [
            120.70306943852785,
            24.188851191666483
          ],
          [
            120.70296416760502,
            24.188050541378576
          ],
          [
            120.70284167102437,
            24.187165606998683
          ],
          [
            120.70278673904417,
            24.186688961794335
          ],
          [
            120.7027764438628,
            24.18648734325551
          ],
          [
            120.70277194695589,
            24.186399255697903
          ],
          [
            120.70275568723993,
            24.186237460886023
          ],
          [
            120.70272844800496,
            24.18596639762744
          ],
          [
            120.70268504944083,
            24.185401152444523
          ],
          [
            120.7026471896871,
            24.18498331556935
          ],
          [
            120.70264347166693,
            24.18494228469338
          ],
          [
            120.70263888414614,
            24.184891650386263
          ],
          [
            120.70263866915893,
            24.18488928068422
          ],
          [
            120.70262862648613,
            24.18477845559349
          ],
          [
            120.70259752741788,
            24.18455495820082
          ],
          [
            120.70258721854762,
            24.184480863691107
          ],
          [
            120.70258361508381,
            24.184454967912366
          ],
          [
            120.70258010261536,
            24.18442973144837
          ],
          [
            120.70256336522249,
            24.18430944866071
          ],
          [
            120.70249270463134,
            24.183820935117886
          ],
          [
            120.70239294533381,
            24.183066019001078
          ],
          [
            120.70231011534689,
            24.182471965369214
          ],
          [
            120.70229040759001,
            24.182330618634914
          ],
          [
            120.70227908792776,
            24.182249439543423
          ],
          [
            120.70227313767833,
            24.182206757345433
          ],
          [
            120.70225819912747,
            24.182099606582074
          ],
          [
            120.70225709540581,
            24.18209170380519
          ],
          [
            120.70225020994896,
            24.182042309217017
          ],
          [
            120.70224857710069,
            24.1820265968838
          ],
          [
            120.70224413885438,
            24.18198384720796
          ],
          [
            120.7022342361089,
            24.181888453369695
          ],
          [
            120.70219870136891,
            24.181546194038923
          ],
          [
            120.70213113609698,
            24.18113230421354
          ],
          [
            120.70213074013981,
            24.181129883592202
          ],
          [
            120.70213039475762,
            24.181126876166303
          ],
          [
            120.70208253080533,
            24.18070955393043
          ],
          [
            120.70201212887372,
            24.180145136698293
          ],
          [
            120.70190319654927,
            24.179346753097352
          ],
          [
            120.70188373642499,
            24.179216975063888
          ],
          [
            120.70180005968231,
            24.178658937058202
          ],
          [
            120.70169710912428,
            24.177949012150112
          ],
          [
            120.70168309777405,
            24.177852402075292
          ],
          [
            120.70165439543584,
            24.177635722502195
          ],
          [
            120.7016457268749,
            24.177570297389018
          ],
          [
            120.70163843380683,
            24.177515233363984
          ],
          [
            120.70163437327795,
            24.177484581825507
          ],
          [
            120.70156323400852,
            24.1769475882922
          ],
          [
            120.70145447209202,
            24.176162838638646
          ],
          [
            120.70132314514849,
            24.175177740697368
          ],
          [
            120.70119355628935,
            24.17422561007091
          ],
          [
            120.70107432044729,
            24.17333374656791
          ],
          [
            120.70107427401776,
            24.173333397946266
          ],
          [
            120.70064078878508,
            24.17015969382582
          ],
          [
            120.70062929888468,
            24.170075576032488
          ],
          [
            120.70061736393413,
            24.169988176118096
          ],
          [
            120.70054644905106,
            24.169468980638047
          ],
          [
            120.70054283975936,
            24.169442550221028
          ],
          [
            120.7005390311353,
            24.169414660278267
          ],
          [
            120.70029790020229,
            24.167649156011194
          ],
          [
            120.70029114235425,
            24.167599687463735
          ],
          [
            120.70028385041785,
            24.16754629553931
          ],
          [
            120.7000404988083,
            24.165764486434103
          ],
          [
            120.70003824627335,
            24.165747989085773
          ],
          [
            120.70003612339808,
            24.165732440068815
          ],
          [
            120.69993995345472,
            24.165028270706404
          ],
          [
            120.69993449631657,
            24.164988314346264
          ],
          [
            120.69992839670142,
            24.16494365787389
          ],
          [
            120.6999096838233,
            24.16480662851234
          ],
          [
            120.69990362293558,
            24.16476225202256
          ],
          [
            120.69989794907197,
            24.164720713300035
          ],
          [
            120.6993357039518,
            24.160603717581147
          ],
          [
            120.69932568827488,
            24.16053036904716
          ],
          [
            120.6993138053049,
            24.1604433500748
          ],
          [
            120.69866451424494,
            24.155688618705334
          ],
          [
            120.6986539749243,
            24.155611440624238
          ],
          [
            120.69864710999846,
            24.155561151863193
          ],
          [
            120.69862045121785,
            24.15536593426415
          ],
          [
            120.69861086391587,
            24.1552957232683
          ],
          [
            120.69860289610605,
            24.15523737456765
          ],
          [
            120.69829549852744,
            24.15298616579785
          ],
          [
            120.69798914827206,
            24.150742556977097
          ],
          [
            120.69798338856931,
            24.15070036422467
          ],
          [
            120.69797732313295,
            24.15065595326667
          ],
          [
            120.69766026350887,
            24.14833382109906
          ],
          [
            120.69766021903934,
            24.148333483314445
          ],
          [
            120.69762005080518,
            24.148038731908283
          ],
          [
            120.6976076848264,
            24.147947995254512
          ],
          [
            120.69759499580603,
            24.147854879635997
          ],
          [
            120.69717273725767,
            24.144756271959658
          ],
          [
            120.6971614880914,
            24.14467372704747
          ],
          [
            120.6971513377829,
            24.144599225829047
          ],
          [
            120.69714877844264,
            24.144580441564962
          ],
          [
            120.69712731311033,
            24.144438840857653
          ],
          [
            120.69710382806466,
            24.144297514240524
          ],
          [
            120.69707766180083,
            24.14415658139292
          ],
          [
            120.69704816254581,
            24.144016208965432
          ],
          [
            120.69700099310002,
            24.143823292326218
          ],
          [
            120.69694630822613,
            24.143632052843866
          ],
          [
            120.69688418018553,
            24.143442738057654
          ],
          [
            120.69681468518671,
            24.143255590096125
          ],
          [
            120.69677630015389,
            24.143163221515188
          ],
          [
            120.69673791714345,
            24.14307085292795
          ],
          [
            120.69665397392059,
            24.142888763305333
          ],
          [
            120.69663211738029,
            24.142845727643618
          ],
          [
            120.69659462751875,
            24.142771907026585
          ],
          [
            120.6965664460009,
            24.142716414568067
          ],
          [
            120.696562963229,
            24.14270955438752
          ],
          [
            120.69652586984638,
            24.142642876737163
          ],
          [
            120.69648951722981,
            24.142577531472895
          ],
          [
            120.69646500064903,
            24.14253345934865
          ],
          [
            120.69644755800549,
            24.142504704187385
          ],
          [
            120.69636021358323,
            24.14236070416228
          ],
          [
            120.69624874124338,
            24.14219151301901
          ],
          [
            120.69613072089214,
            24.142026101075757
          ],
          [
            120.69600630750492,
            24.141864681718385
          ],
          [
            120.69587566196653,
            24.141707464732487
          ],
          [
            120.69573895305196,
            24.14155465088981
          ],
          [
            120.6955963534776,
            24.14140643735812
          ],
          [
            120.6955555166122,
            24.141366944721504
          ],
          [
            120.69553138244792,
            24.14134360454007
          ],
          [
            120.69552220156997,
            24.141334726654488
          ],
          [
            120.69547622063114,
            24.141290261219176
          ],
          [
            120.69545208649562,
            24.141266921025263
          ],
          [
            120.69544804974073,
            24.141263017720846
          ],
          [
            120.69529423426927,
            24.141124572932235
          ],
          [
            120.69513510145606,
            24.140991283950655
          ],
          [
            120.6949708614554,
            24.140863322736813
          ],
          [
            120.69482885831526,
            24.140760501909362
          ],
          [
            120.69480172050432,
            24.14074085221463
          ],
          [
            120.69478946238945,
            24.14073261282697
          ],
          [
            120.69462789862067,
            24.14062403172428
          ],
          [
            120.69460411446917,
            24.140609219392466
          ],
          [
            120.69454687846766,
            24.140573576290187
          ],
          [
            120.69449370607701,
            24.140540464092382
          ],
          [
            120.69444962174448,
            24.140513011588965
          ],
          [
            120.69426711583445,
            24.140407933103262
          ],
          [
            120.69408061866231,
            24.140308933974325
          ],
          [
            120.69387428551768,
            24.14020828040102
          ],
          [
            120.69366481631576,
            24.140113231080868
          ],
          [
            120.69331177228719,
            24.13996231761301
          ],
          [
            120.69254969296351,
            24.139643151148178
          ],
          [
            120.6924405537836,
            24.139597443378754
          ],
          [
            120.69232544030393,
            24.13954923320346
          ],
          [
            120.6907006638066,
            24.138868741653518
          ],
          [
            120.69049982682617,
            24.138783269360847
          ],
          [
            120.69030032267538,
            24.13869521350983
          ],
          [
            120.69009733955335,
            24.13860065644614
          ],
          [
            120.68984261455704,
            24.138474830191864
          ],
          [
            120.68983742952864,
            24.138472269776603
          ],
          [
            120.68981908824681,
            24.138462838403377
          ],
          [
            120.6897242568603,
            24.138414076962835
          ],
          [
            120.68970072689817,
            24.138401976796857
          ],
          [
            120.68862158444773,
            24.13784708020843
          ],
          [
            120.68842786389382,
            24.137748751120643
          ],
          [
            120.688232653792,
            24.137652934316847
          ],
          [
            120.68822241682994,
            24.137648163986974
          ],
          [
            120.68802967386452,
            24.137558372717685
          ],
          [
            120.68783017333506,
            24.137470313661368
          ],
          [
            120.6875622426692,
            24.137356655238822
          ],
          [
            120.68616486817932,
            24.136771453760364
          ],
          [
            120.68597989622303,
            24.136694860510634
          ],
          [
            120.68579410371468,
            24.136619955639087
          ],
          [
            120.68555738818905,
            24.13652888611802
          ],
          [
            120.6855071156966,
            24.136510561395905
          ],
          [
            120.68530592758262,
            24.136437220605504
          ],
          [
            120.68324099343702,
            24.13571089172919
          ],
          [
            120.68305814007944,
            24.135645513773778
          ],
          [
            120.68305553895615,
            24.135644583771487
          ],
          [
            120.68298887904481,
            24.135620748823246
          ],
          [
            120.6829763004246,
            24.135616108721372
          ],
          [
            120.6828998496215,
            24.135587915717277
          ],
          [
            120.6828633503987,
            24.13557445664493
          ],
          [
            120.68262663892028,
            24.135483382609127
          ],
          [
            120.68257876867283,
            24.135463983818934
          ],
          [
            120.68246712456556,
            24.135418740494003
          ],
          [
            120.68237912763081,
            24.135383079442352
          ],
          [
            120.68219469093049,
            24.13530582721257
          ],
          [
            120.68201654098014,
            24.135231209969877
          ],
          [
            120.68195430276005,
            24.135205140895973
          ],
          [
            120.68189274865219,
            24.13517935854875
          ],
          [
            120.6804130376938,
            24.134559565696957
          ],
          [
            120.6803336076988,
            24.134526294309293
          ],
          [
            120.68025553607411,
            24.134493592766653
          ],
          [
            120.67830522100311,
            24.133676647557323
          ],
          [
            120.6782151693527,
            24.133638926520106
          ],
          [
            120.67814331442372,
            24.133608826613823
          ],
          [
            120.67626975146248,
            24.13282399374561
          ],
          [
            120.67624526086455,
            24.132813735073643
          ],
          [
            120.67615599671436,
            24.1327763413592
          ],
          [
            120.67606705499205,
            24.132739081910827
          ],
          [
            120.6760478521412,
            24.132731037579795
          ],
          [
            120.67290918869696,
            24.131416169219534
          ],
          [
            120.67282393054215,
            24.13138044896091
          ],
          [
            120.67273351063304,
            24.13134256861358
          ],
          [
            120.66860484164174,
            24.129612807491018
          ],
          [
            120.66852493624702,
            24.129579328508854
          ],
          [
            120.66843543683257,
            24.129541828664987
          ],
          [
            120.66836538504145,
            24.129512479335332
          ],
          [
            120.66722944159945,
            24.1290365304463
          ],
          [
            120.6671807385048,
            24.129016124588954
          ],
          [
            120.66715752896424,
            24.129006399988818
          ],
          [
            120.66712572395886,
            24.12899307381444
          ],
          [
            120.66578287321616,
            24.128430414990685
          ],
          [
            120.662735706456,
            24.127153582963327
          ],
          [
            120.66264429603707,
            24.127115277331058
          ],
          [
            120.66255611108085,
            24.127078325945977
          ],
          [
            120.66017757785622,
            24.12608160185127
          ],
          [
            120.66008209058683,
            24.126041588110013
          ],
          [
            120.66001486115582,
            24.126013415063525
          ],
          [
            120.65998679010377,
            24.126001650571514
          ],
          [
            120.65987147712292,
            24.125953328925448
          ],
          [
            120.6597828201032,
            24.125916174445347
          ],
          [
            120.65956681377966,
            24.12582565452861
          ],
          [
            120.65954477132343,
            24.12581626907569
          ],
          [
            120.65949455029586,
            24.12579488945312
          ],
          [
            120.65941088925035,
            24.125759270046018
          ],
          [
            120.65935446140425,
            24.125735247197703
          ],
          [
            120.65931779412603,
            24.12571963678369
          ],
          [
            120.6592723000621,
            24.125700268530128
          ],
          [
            120.65897969948703,
            24.125571169769092
          ],
          [
            120.65878631097239,
            24.125481965164237
          ],
          [
            120.65854263155555,
            24.125363829905993
          ],
          [
            120.65830202212142,
            24.12524050926868
          ],
          [
            120.65806461632117,
            24.12511206677116
          ],
          [
            120.65805825652922,
            24.12510849859169
          ],
          [
            120.65805553146434,
            24.125106970147048
          ],
          [
            120.65797228445356,
            24.125060257457147
          ],
          [
            120.65769792443282,
            24.124900959703382
          ],
          [
            120.65760940867241,
            24.12484746662842
          ],
          [
            120.65755374109649,
            24.12481382678807
          ],
          [
            120.65749205045218,
            24.124776545439286
          ],
          [
            120.65733638697692,
            24.124682475532087
          ],
          [
            120.6551423838709,
            24.12333355367168
          ],
          [
            120.65514180830556,
            24.123333200228597
          ],
          [
            120.65382982291214,
            24.1225265342578
          ],
          [
            120.65373012982006,
            24.122465237562988
          ],
          [
            120.65363004984431,
            24.12240370335792
          ],
          [
            120.6504466638481,
            24.12044632386384
          ],
          [
            120.6504151212137,
            24.12042692893006
          ],
          [
            120.65028699826934,
            24.12034814737227
          ],
          [
            120.65024188636826,
            24.120320407136923
          ],
          [
            120.64945390048538,
            24.119835875244377
          ],
          [
            120.6488937377418,
            24.119491425746105
          ],
          [
            120.6488050531739,
            24.119436894255884
          ],
          [
            120.64873411186419,
            24.11939327120847
          ],
          [
            120.64820279606413,
            24.11906655590619
          ],
          [
            120.6421776098359,
            24.115361320912086
          ],
          [
            120.64214721087176,
            24.11534262582967
          ],
          [
            120.64212512807005,
            24.115329046371574
          ],
          [
            120.64210637645489,
            24.115317513535057
          ],
          [
            120.6420487447648,
            24.11528207025299
          ],
          [
            120.64196359558454,
            24.11522970291252
          ],
          [
            120.64194256363587,
            24.115216768778676
          ],
          [
            120.64191229044312,
            24.115198151596747
          ],
          [
            120.64188571179491,
            24.115181805817294
          ],
          [
            120.64105346885681,
            24.114669972325565
          ],
          [
            120.64053849760093,
            24.11434856914161
          ],
          [
            120.64012856209467,
            24.114106873330247
          ],
          [
            120.63970004634649,
            24.113871850429376
          ],
          [
            120.63929922775498,
            24.113648936841354
          ],
          [
            120.63893646650207,
            24.1134529472985
          ],
          [
            120.63853757656817,
            24.113220970841194
          ],
          [
            120.63816264720897,
            24.113003903331396
          ],
          [
            120.63789112687674,
            24.112830122800712
          ],
          [
            120.63785639673844,
            24.112809350696
          ],
          [
            120.63762024111358,
            24.112668112116783
          ],
          [
            120.63751154828128,
            24.112600625558358
          ],
          [
            120.63726129049564,
            24.11244760040317
          ],
          [
            120.6369991383258,
            24.112288917702834
          ],
          [
            120.63673996443823,
            24.11212852606455
          ],
          [
            120.63647526846333,
            24.111965390384224
          ],
          [
            120.63623155411207,
            24.111815427420527
          ],
          [
            120.63594011871105,
            24.11163534412773
          ],
          [
            120.63575185354256,
            24.111518872248077
          ],
          [
            120.63541787223623,
            24.11131361210454
          ],
          [
            120.63520914044932,
            24.11118685688991
          ],
          [
            120.63498453909796,
            24.11104646712695
          ],
          [
            120.63473389616743,
            24.110892633328913
          ],
          [
            120.63471719621474,
            24.110882384853795
          ],
          [
            120.63470049234013,
            24.11087213275578
          ],
          [
            120.63464767237471,
            24.11083971219129
          ],
          [
            120.63436624682699,
            24.110668951859083
          ],
          [
            120.63403388322217,
            24.11046369619262
          ],
          [
            120.63378073892136,
            24.11030886343067
          ],
          [
            120.63349366406158,
            24.110150969196678
          ],
          [
            120.63324687029096,
            24.11000911147991
          ],
          [
            120.63316133533294,
            24.10996343448637
          ],
          [
            120.63307561961956,
            24.109919763327138
          ],
          [
            120.63307490240952,
            24.109919449190322
          ],
          [
            120.63305905675652,
            24.109911207096566
          ],
          [
            120.63305833773359,
            24.109910838779395
          ],
          [
            120.63305552782826,
            24.109909613073096
          ],
          [
            120.63299819007875,
            24.10988459236282
          ],
          [
            120.63286857362553,
            24.10981817009937
          ],
          [
            120.6327156775129,
            24.109753620438298
          ],
          [
            120.63254044810402,
            24.10967853207066
          ],
          [
            120.63235857830496,
            24.1096077868853
          ],
          [
            120.6321708303376,
            24.109537646747143
          ],
          [
            120.63194152203117,
            24.10946031645789
          ],
          [
            120.63180510651888,
            24.109414086355113
          ],
          [
            120.6316400449392,
            24.109366064285773
          ],
          [
            120.63152642813272,
            24.109333500597565
          ],
          [
            120.63097967193974,
            24.10918669173102
          ],
          [
            120.63094339382299,
            24.109177165767594
          ],
          [
            120.63066297010121,
            24.109105270369547
          ],
          [
            120.62978864605346,
            24.108881575090066
          ],
          [
            120.62992632230224,
            24.1088720359058
          ],
          [
            120.63051655778847,
            24.10902110083018
          ],
          [
            120.63066297010121,
            24.109105270369547
          ],
          [
            120.63047012992902,
            24.109122284936042
          ],
          [
            120.62987145526796,
            24.10896453304541
          ],
          [
            120.62978864605346,
            24.108881575090066
          ],
          [
            120.62864697631512,
            24.108610092323755
          ],
          [
            120.62820778885984,
            24.10854326657871
          ],
          [
            120.62774415729827,
            24.10850153752989
          ],
          [
            120.6273415881959,
            24.10848315593805
          ],
          [
            120.62703535807248,
            24.108480478381964
          ],
          [
            120.6266074095411,
            24.10849103328913
          ],
          [
            120.6257929611116,
            24.10855484224896
          ],
          [
            120.62529576751601,
            24.108613226476063
          ],
          [
            120.62473505574106,
            24.108692373144294
          ],
          [
            120.62413822873293,
            24.10878739727406
          ],
          [
            120.623535,
            24.108862
          ],
          [
            120.6196025792799,
            24.10925414067286
          ],
          [
            120.61598,
            24.109618
          ],
          [
            120.61524434254368,
            24.109694523724755
          ],
          [
            120.61478845158582,
            24.10975494062473
          ],
          [
            120.61378451694591,
            24.10984627886621
          ],
          [
            120.61116487145532,
            24.110142965997774
          ],
          [
            120.60805552228993,
            24.11046786597209
          ],
          [
            120.60750058426565,
            24.110525845355923
          ],
          [
            120.60568117420715,
            24.110726500158236
          ],
          [
            120.60524250762953,
            24.110774875200082
          ],
          [
            120.60488506075916,
            24.110814292466895
          ],
          [
            120.60047773353011,
            24.1112819832198
          ],
          [
            120.59957912578602,
            24.11140435635133
          ],
          [
            120.59870929126691,
            24.111566741749442
          ],
          [
            120.59813610290597,
            24.111703112714316
          ],
          [
            120.59769215665177,
            24.111819186297808
          ],
          [
            120.5974105448431,
            24.111900022466287
          ],
          [
            120.596763598566,
            24.11210917949797
          ],
          [
            120.59553645823596,
            24.112539687187684
          ],
          [
            120.59471280006885,
            24.112837970672675
          ],
          [
            120.59290607857822,
            24.113552153003514
          ],
          [
            120.59222057645071,
            24.113693231605343
          ],
          [
            120.59096115766535,
            24.11413573148217
          ],
          [
            120.59016310938335,
            24.114415117976627
          ],
          [
            120.58918420990959,
            24.11476975445083
          ],
          [
            120.58698939924518,
            24.115584117008996
          ],
          [
            120.58649848524023,
            24.11572998181906
          ],
          [
            120.58615570638648,
            24.115806223375024
          ],
          [
            120.58572052395904,
            24.11586741011132
          ],
          [
            120.58535750235883,
            24.11590070046225
          ],
          [
            120.58495766611799,
            24.115907343850495
          ],
          [
            120.58455794699356,
            24.115902076886858
          ],
          [
            120.58420938130958,
            24.115875955020044
          ],
          [
            120.5838457114045,
            24.115829726347716
          ],
          [
            120.58343221617837,
            24.1157618550241
          ],
          [
            120.58312990588615,
            24.11569048467329
          ],
          [
            120.58305556319486,
            24.115669535226623
          ],
          [
            120.5828425898008,
            24.11560952042545
          ],
          [
            120.5824865754333,
            24.115484221958248
          ],
          [
            120.58216159863719,
            24.11535596649193
          ],
          [
            120.58162613446352,
            24.11509049217825
          ],
          [
            120.58131975300688,
            24.11491663380945
          ],
          [
            120.5811071137271,
            24.11477575398949
          ],
          [
            120.5808577429574,
            24.114595351272502
          ],
          [
            120.58042222783112,
            24.114250337121195
          ],
          [
            120.58025591707253,
            24.114102684974434
          ],
          [
            120.58007764557739,
            24.11391550389377
          ],
          [
            120.57972003247745,
            24.11351685301306
          ],
          [
            120.57956123371584,
            24.113316652301293
          ],
          [
            120.57915654464709,
            24.112662276873984
          ],
          [
            120.57896458192991,
            24.112280026099516
          ],
          [
            120.57873986144236,
            24.11169971593981
          ],
          [
            120.57861400598055,
            24.11128526612945
          ],
          [
            120.57835228720569,
            24.11049782449045
          ],
          [
            120.57801950610906,
            24.109481091512375
          ],
          [
            120.57789627308159,
            24.109103711692626
          ],
          [
            120.57770614345263,
            24.108513790754383
          ],
          [
            120.57748920752896,
            24.10787008744078
          ],
          [
            120.57728065546097,
            24.107229144660167
          ],
          [
            120.57709639621669,
            24.106674489457507
          ],
          [
            120.57695811711257,
            24.10626242359499
          ],
          [
            120.5767352801307,
            24.105581765758483
          ],
          [
            120.57652266368522,
            24.1049292422542
          ],
          [
            120.57629674809701,
            24.104240909314303
          ],
          [
            120.5761044436199,
            24.10366694392738
          ],
          [
            120.57606309138836,
            24.103555016821343
          ],
          [
            120.57588256153727,
            24.103066384398982
          ],
          [
            120.57569908433734,
            24.102642157625525
          ],
          [
            120.57552921718195,
            24.10229935845223
          ],
          [
            120.57535184896024,
            24.101967516057776
          ],
          [
            120.57515185111686,
            24.101616876579804
          ],
          [
            120.5749452551895,
            24.101283807548914
          ],
          [
            120.57469146276792,
            24.100903941729975
          ],
          [
            120.57443418542047,
            24.100567074111282
          ],
          [
            120.5741533850863,
            24.100223034473785
          ],
          [
            120.57384739984738,
            24.099871771103885
          ],
          [
            120.57356524860656,
            24.099592060335922
          ],
          [
            120.57330147831365,
            24.0993254747781
          ],
          [
            120.57305306541001,
            24.099099825332054
          ],
          [
            120.5727982774674,
            24.098865903089212
          ],
          [
            120.57251253190626,
            24.098633241023382
          ],
          [
            120.5725117097482,
            24.09863260486777
          ],
          [
            120.57223941578332,
            24.098421670081994
          ],
          [
            120.5721172183071,
            24.098333799919757
          ],
          [
            120.57211662365907,
            24.098333372072602
          ],
          [
            120.57158799466237,
            24.097952801998993
          ],
          [
            120.57097359250994,
            24.097584305367185
          ],
          [
            120.57010026994945,
            24.097154519797506
          ],
          [
            120.5694642794947,
            24.096887406867097
          ],
          [
            120.56910393999428,
            24.096753351288207
          ],
          [
            120.56885000339057,
            24.096658877838202
          ],
          [
            120.56665341231742,
            24.095841655018603
          ],
          [
            120.56551381804574,
            24.095418903287097
          ],
          [
            120.56431640017462,
            24.094990691693635
          ],
          [
            120.56405838127817,
            24.094894941830518
          ],
          [
            120.56401137278871,
            24.094877497722656
          ],
          [
            120.56396296642563,
            24.094859534943904
          ],
          [
            120.5637845400449,
            24.09479332159404
          ],
          [
            120.56313669473084,
            24.09455468668794
          ],
          [
            120.5628301905591,
            24.09444252633172
          ],
          [
            120.56253719831096,
            24.09433531144906
          ],
          [
            120.5616801768705,
            24.0940192044749
          ],
          [
            120.56130712090516,
            24.093882081118736
          ],
          [
            120.56126297123544,
            24.093865853397098
          ],
          [
            120.56120998339581,
            24.09384637684028
          ],
          [
            120.55974051647014,
            24.09330623688878
          ],
          [
            120.55805838837436,
            24.092686521663484
          ],
          [
            120.55805549738527,
            24.092685456879984
          ],
          [
            120.55801165123069,
            24.092669303143886
          ],
          [
            120.55717530844639,
            24.09234136639711
          ],
          [
            120.55613479660825,
            24.091958169210663
          ],
          [
            120.55509662640715,
            24.09157941421909
          ],
          [
            120.55424596516342,
            24.091272161080745
          ],
          [
            120.55250727143714,
            24.090629538746068
          ],
          [
            120.55146983685589,
            24.090247416114856
          ],
          [
            120.5514305393833,
            24.09023294065518
          ],
          [
            120.551427966767,
            24.090231993159122
          ],
          [
            120.55137565875803,
            24.090212761713342
          ],
          [
            120.55096280020875,
            24.090060967491564
          ],
          [
            120.55087089923775,
            24.090027177251052
          ],
          [
            120.55053202083047,
            24.089902582281983
          ],
          [
            120.54961821266262,
            24.089563550666032
          ],
          [
            120.54927428736033,
            24.0894352568252
          ],
          [
            120.54880775918889,
            24.089261226526638
          ],
          [
            120.54789810689813,
            24.088926097623535
          ],
          [
            120.54691795973879,
            24.088565735240003
          ],
          [
            120.54591275266638,
            24.08819563990071
          ],
          [
            120.54586394963721,
            24.088177813822448
          ],
          [
            120.5458044850876,
            24.088156092430285
          ],
          [
            120.54574576708038,
            24.088134644111467
          ],
          [
            120.538402,
            24.081859
          ],
          [
            120.54574576708038,
            24.088134644111467
          ],
          [
            120.54497140790555,
            24.087851786567956
          ],
          [
            120.5445491854531,
            24.087697565371244
          ],
          [
            120.54421045111737,
            24.087573838186348
          ],
          [
            120.54326914112328,
            24.087228322199554
          ],
          [
            120.54272812469739,
            24.087022877394745
          ],
          [
            120.54252347182474,
            24.086934572883617
          ],
          [
            120.54234034563159,
            24.086852625938793
          ],
          [
            120.54219059293311,
            24.08678690138174
          ],
          [
            120.54198256355919,
            24.08667834871368
          ],
          [
            120.54179952511863,
            24.08655698044612
          ],
          [
            120.5416112040873,
            24.08643076275191
          ],
          [
            120.54140938175534,
            24.08627937313815
          ],
          [
            120.54122883355863,
            24.086133178427254
          ],
          [
            120.54103752475065,
            24.085943727132133
          ],
          [
            120.54093241795412,
            24.085832308124868
          ],
          [
            120.54082114372865,
            24.085688864429436
          ],
          [
            120.54065141490506,
            24.085485755650893
          ],
          [
            120.54047918075774,
            24.085251713863517
          ],
          [
            120.54028401688201,
            24.084950072947503
          ],
          [
            120.53995287593595,
            24.084438598495787
          ],
          [
            120.53959377146886,
            24.083873792553533
          ],
          [
            120.539440891691,
            24.083632864343514
          ],
          [
            120.53923656163768,
            24.08325801213549
          ],
          [
            120.53906267662738,
            24.082928849298575
          ],
          [
            120.53893995965954,
            24.08269698750056
          ],
          [
            120.53840197332002,
            24.081859017128853
          ],
          [
            120.53837341238368,
            24.081814530463152
          ],
          [
            120.53776618092267,
            24.080872695488413
          ],
          [
            120.53762116640364,
            24.080657980469415
          ],
          [
            120.53725724028193,
            24.080086206403585
          ],
          [
            120.53686197318147,
            24.079533086787503
          ],
          [
            120.53657906785051,
            24.079117354043063
          ],
          [
            120.53638738392613,
            24.07880998508436
          ],
          [
            120.5360181426413,
            24.078246775193524
          ],
          [
            120.53568667850709,
            24.077722189901426
          ],
          [
            120.53548530344379,
            24.07737618205899
          ],
          [
            120.53532288041512,
            24.07708595694102
          ],
          [
            120.53516144958162,
            24.076716847578837
          ],
          [
            120.53499697057556,
            24.076290310625055
          ],
          [
            120.53486757387941,
            24.075882570790917
          ],
          [
            120.53481022329592,
            24.075647973477903
          ],
          [
            120.53472711632804,
            24.07530801718921
          ],
          [
            120.53445392776636,
            24.0741033135029
          ],
          [
            120.53431766546201,
            24.073515612916726
          ],
          [
            120.53427541884635,
            24.07333340052359
          ],
          [
            120.53427531232468,
            24.07333294241422
          ],
          [
            120.53427514770179,
            24.07333223401661
          ],
          [
            120.53425875168662,
            24.07326128971611
          ],
          [
            120.5330603505137,
            24.068075548963613
          ],
          [
            120.53305843546413,
            24.06806642623859
          ],
          [
            120.53305554500683,
            24.068052656769577
          ],
          [
            120.53302083736307,
            24.067887308396113
          ],
          [
            120.53298986506965,
            24.067751455679392
          ],
          [
            120.53273502488712,
            24.06663085335866
          ],
          [
            120.53245271427788,
            24.065399988355562
          ],
          [
            120.5323168932712,
            24.064787098762814
          ],
          [
            120.53229725829473,
            24.064698498340135
          ],
          [
            120.53223030570038,
            24.064396375569057
          ],
          [
            120.53165710781752,
            24.061901672014745
          ],
          [
            120.53164070345073,
            24.06183027316463
          ],
          [
            120.53162515483912,
            24.061762600615822
          ],
          [
            120.53161153069085,
            24.061703305924663
          ],
          [
            120.53123505462507,
            24.06006472425264
          ],
          [
            120.53035297314136,
            24.056225380321504
          ],
          [
            120.53034837341201,
            24.056205359067086
          ],
          [
            120.53030958551032,
            24.056036527423984
          ],
          [
            120.53027343246833,
            24.055879164755698
          ],
          [
            120.53026521167733,
            24.055843376242542
          ],
          [
            120.53006192102808,
            24.054958497578767
          ],
          [
            120.52862730714008,
            24.048629994392876
          ],
          [
            120.52861779590626,
            24.048580834797207
          ],
          [
            120.52856880850163,
            24.04833362472931
          ],
          [
            120.52856872934164,
            24.048333223583942
          ],
          [
            120.52856858934678,
            24.04833251886624
          ],
          [
            120.5285374781305,
            24.04817551793445
          ],
          [
            120.52847321192773,
            24.04777370777617
          ],
          [
            120.52843555487927,
            24.047366542079047
          ],
          [
            120.52842594816893,
            24.04686732218113
          ],
          [
            120.52843776361969,
            24.046471785974074
          ],
          [
            120.52845599805771,
            24.04626534072834
          ],
          [
            120.52852018470672,
            24.045756761582247
          ],
          [
            120.52862409719941,
            24.045273761033556
          ],
          [
            120.52875994795419,
            24.044774916504565
          ],
          [
            120.52888634205492,
            24.044419497852804
          ],
          [
            120.52888811128278,
            24.044414521820123
          ],
          [
            120.52892663105041,
            24.044336072600245
          ],
          [
            120.52895350185399,
            24.044281345482837
          ],
          [
            120.52915724213813,
            24.043782097152214
          ],
          [
            120.5291648134471,
            24.043764099713268
          ],
          [
            120.52917231334928,
            24.04374627090265
          ],
          [
            120.5292399567952,
            24.04358233483937
          ],
          [
            120.52951039202436,
            24.04293553515565
          ],
          [
            120.5298348925065,
            24.04217019419951
          ],
          [
            120.53027379794732,
            24.041142143033618
          ],
          [
            120.53039589208423,
            24.040858802531353
          ],
          [
            120.53071041138887,
            24.04013492936982
          ],
          [
            120.53109954403658,
            24.039214149301923
          ],
          [
            120.53273476072437,
            24.03537777409373
          ],
          [
            120.53280947760798,
            24.035201586878394
          ],
          [
            120.53299827579175,
            24.034756268791543
          ],
          [
            120.53305555387858,
            24.034612293689857
          ],
          [
            120.53305848366088,
            24.034604928363105
          ],
          [
            120.53342649212667,
            24.033679886394403
          ],
          [
            120.53386130972281,
            24.032690137485154
          ],
          [
            120.53443207945557,
            24.031369153623967
          ],
          [
            120.53489595726948,
            24.03029798805505
          ],
          [
            120.53539187775014,
            24.029115791174796
          ],
          [
            120.53594726675772,
            24.027809320163282
          ],
          [
            120.53609029117173,
            24.0274767672837
          ],
          [
            120.5361918808452,
            24.02724055564795
          ],
          [
            120.53625954044314,
            24.027087955019443
          ],
          [
            120.5362765901045,
            24.027049500975775
          ],
          [
            120.53629228097914,
            24.02701411098942
          ],
          [
            120.53656580543155,
            24.026397193085185
          ],
          [
            120.53706407839044,
            24.025369970381888
          ],
          [
            120.53723462225547,
            24.024945848105098
          ],
          [
            120.53731639162254,
            24.024742497429738
          ],
          [
            120.537901527272,
            24.02333358776959
          ],
          [
            120.53790168889985,
            24.023333198188976
          ],
          [
            120.53790199231744,
            24.0233324686294
          ],
          [
            120.53791296812598,
            24.023304915251313
          ],
          [
            120.53793532387033,
            24.023254727096816
          ],
          [
            120.53812947099446,
            24.022762181531824
          ],
          [
            120.53817219252849,
            24.02265820456069
          ],
          [
            120.53818566912057,
            24.02262540451559
          ],
          [
            120.53820037238333,
            24.022589618546956
          ],
          [
            120.5382558553806,
            24.02245458020431
          ],
          [
            120.53853583383619,
            24.02179796743146
          ],
          [
            120.53867706993,
            24.021466905201915
          ],
          [
            120.53869129728639,
            24.021433556573772
          ],
          [
            120.53880042204284,
            24.021177761052694
          ],
          [
            120.53906771847184,
            24.02054772750653
          ],
          [
            120.5393349355528,
            24.01992238934151
          ],
          [
            120.53936155512577,
            24.01986014602346
          ],
          [
            120.539376679911,
            24.0198247819565
          ],
          [
            120.53939153805392,
            24.019790036500304
          ],
          [
            120.5395634492974,
            24.01938805773192
          ],
          [
            120.53971189868385,
            24.01904085530611
          ],
          [
            120.53982883519164,
            24.01878146793477
          ],
          [
            120.53997521432055,
            24.018468966951794
          ],
          [
            120.54013902468364,
            24.018152473865833
          ],
          [
            120.54026826742707,
            24.01792327207496
          ],
          [
            120.54042047665651,
            24.01766247216445
          ],
          [
            120.54057287566002,
            24.017422784207394
          ],
          [
            120.54072093077501,
            24.017199000929697
          ],
          [
            120.54092666200468,
            24.01691355810377
          ],
          [
            120.54109308045354,
            24.01669188813908
          ],
          [
            120.54126610948067,
            24.016471719486603
          ],
          [
            120.5415535758985,
            24.016115991127755
          ],
          [
            120.54209140163775,
            24.01546583144111
          ],
          [
            120.54285850703518,
            24.014533814061092
          ],
          [
            120.542974757905,
            24.01438785972166
          ],
          [
            120.5430932911838,
            24.01424379110389
          ],
          [
            120.54310420773622,
            24.014230522485395
          ],
          [
            120.54321182518342,
            24.01409972148777
          ],
          [
            120.54333035793152,
            24.013955652673282
          ],
          [
            120.54344889041751,
            24.013811582857485
          ],
          [
            120.54356742361792,
            24.01366751384921
          ],
          [
            120.54368595557322,
            24.01352344383672
          ],
          [
            120.54380448824615,
            24.0133793737288
          ],
          [
            120.54392301966763,
            24.01323530442253
          ],
          [
            120.54404155180673,
            24.013091235020823
          ],
          [
            120.54416008171462,
            24.01294716551493
          ],
          [
            120.54427861332626,
            24.012803095013613
          ],
          [
            120.54439714368966,
            24.01265902441103
          ],
          [
            120.5445156747675,
            24.012514954615945
          ],
          [
            120.54463420558322,
            24.012370883819585
          ],
          [
            120.54474147145442,
            24.012240503208943
          ],
          [
            120.54474965120623,
            24.01223056178673
          ],
          [
            120.5447527351475,
            24.012226813824896
          ],
          [
            120.54476057824544,
            24.01221728855913
          ],
          [
            120.5447942388831,
            24.01217641143514
          ],
          [
            120.54487133308723,
            24.01208279088843
          ],
          [
            120.5449903200397,
            24.011939038987375
          ],
          [
            120.54507692526137,
            24.011835282200007
          ],
          [
            120.54511007350283,
            24.011795824704702
          ],
          [
            120.54523083857242,
            24.01165333025624
          ],
          [
            120.54535263580642,
            24.011511579176975
          ],
          [
            120.54547545732426,
            24.011370575955777
          ],
          [
            120.54559822350043,
            24.01123153906391
          ],
          [
            120.54559930014743,
            24.011230328707853
          ],
          [
            120.54572409562162,
            24.011090793886254
          ],
          [
            120.5458495290166,
            24.010951744821817
          ],
          [
            120.54594271867434,
            24.010848807929893
          ],
          [
            120.54597523663337,
            24.01081290413685
          ],
          [
            120.54610096848937,
            24.010674081473553
          ],
          [
            120.54622670007149,
            24.010535259603483
          ],
          [
            120.54635243236899,
            24.010396436723717
          ],
          [
            120.5464781624299,
            24.01025761372844
          ],
          [
            120.54660389319673,
            24.01011879243224
          ],
          [
            120.54672962369922,
            24.00997996922051
          ],
          [
            120.54685535392778,
            24.009841146802014
          ],
          [
            120.54697527488428,
            24.009708737827996
          ],
          [
            120.54698108487176,
            24.00970232337382
          ],
          [
            120.54710675573843,
            24.00956345631822
          ],
          [
            120.54723211165688,
            24.009424348042142
          ],
          [
            120.54735684773178,
            24.00928477100864
          ],
          [
            120.54748065709288,
            24.00914450038474
          ],
          [
            120.54759763689974,
            24.00900981854882
          ],
          [
            120.54760322892288,
            24.00900331584148
          ],
          [
            120.54772430727493,
            24.00886104687431
          ],
          [
            120.54784383323884,
            24.0087176752542
          ],
          [
            120.54797383832452,
            24.008558153789284
          ],
          [
            120.54798824117174,
            24.008540143822458
          ],
          [
            120.54807818063466,
            24.008427679912078
          ],
          [
            120.5481385880549,
            24.008350927676673
          ],
          [
            120.5481716051224,
            24.008308539059154
          ],
          [
            120.54819298524475,
            24.00828108955629
          ],
          [
            120.54830635289797,
            24.008133557624888
          ],
          [
            120.54831375305706,
            24.008123782553003
          ],
          [
            120.5483371691177,
            24.008092850075275
          ],
          [
            120.54841858657888,
            24.007985296301065
          ],
          [
            120.54853000794682,
            24.0078365178221
          ],
          [
            120.54864093377114,
            24.007687427186454
          ],
          [
            120.54869905667029,
            24.00760913209054
          ],
          [
            120.54875168377858,
            24.00753822669153
          ],
          [
            120.5488624266643,
            24.007389021575012
          ],
          [
            120.54897316831004,
            24.007239816368884
          ],
          [
            120.54908390969868,
            24.007090611076055
          ],
          [
            120.54919465083024,
            24.006941405696516
          ],
          [
            120.5493053926876,
            24.006792200233175
          ],
          [
            120.54941613330816,
            24.006642993777287
          ],
          [
            120.54950262747863,
            24.0065264565271
          ],
          [
            120.54952687464822,
            24.00649378904346
          ],
          [
            120.54963773244486,
            24.006344656800874
          ],
          [
            120.54974907055819,
            24.006195826561335
          ],
          [
            120.54980852777965,
            24.00611699497532
          ],
          [
            120.54986127146609,
            24.006047544143154
          ],
          [
            120.54997453422394,
            24.00589994556951
          ],
          [
            120.550088866646,
            24.005753044405107
          ],
          [
            120.55020426182837,
            24.005606846947853
          ],
          [
            120.55032071581903,
            24.005461358601448
          ],
          [
            120.55033115796978,
            24.00544841129572
          ],
          [
            120.55043817366226,
            24.00531655392003
          ],
          [
            120.55055633332256,
            24.00517223156352
          ],
          [
            120.55065576098751,
            24.005051289977573
          ],
          [
            120.550674812375,
            24.00502813036319
          ],
          [
            120.55079332940716,
            24.004884054459012
          ],
          [
            120.55089958468463,
            24.00475522296832
          ],
          [
            120.55137533877777,
            24.004176658390737
          ],
          [
            120.55169860050972,
            24.003783533525414
          ],
          [
            120.55265681301405,
            24.00261871050184
          ],
          [
            120.55371340498694,
            24.001331508620396
          ],
          [
            120.55469169099472,
            24.000147652294906
          ],
          [
            120.55564575499571,
            23.998986477737205
          ],
          [
            120.55609713811886,
            23.998435363900086
          ],
          [
            120.5561183247051,
            23.998409496413498
          ],
          [
            120.55613954187783,
            23.998383591991775
          ],
          [
            120.5561806437749,
            23.998333409088712
          ],
          [
            120.55618095960891,
            23.99833302354462
          ],
          [
            120.55618159029099,
            23.99833225335652
          ],
          [
            120.55636465936021,
            23.998108733948644
          ],
          [
            120.55721766714235,
            23.997069072195377
          ],
          [
            120.55760649364736,
            23.99659628633116
          ],
          [
            120.5577405994884,
            23.996435280733525
          ],
          [
            120.55790285617984,
            23.996224821776533
          ],
          [
            120.55802770932071,
            23.99606253505238
          ],
          [
            120.55804339037569,
            23.99603433808245
          ],
          [
            120.55805550465253,
            23.99601594940337
          ],
          [
            120.5580583479801,
            23.996011633416924
          ],
          [
            120.55806011345878,
            23.996008951354796
          ],
          [
            120.55824304516327,
            23.995729876668896
          ],
          [
            120.558357879727,
            23.995556553952767
          ],
          [
            120.55846851903735,
            23.9953740804056
          ],
          [
            120.55859201159736,
            23.995157549642833
          ],
          [
            120.55868980356998,
            23.994960710178855
          ],
          [
            120.5588273820897,
            23.994679892459
          ],
          [
            120.55893829786964,
            23.994412688302056
          ],
          [
            120.55904297224313,
            23.994154441333016
          ],
          [
            120.55922386367857,
            23.993682289127378
          ],
          [
            120.55941131785178,
            23.9931870682285
          ],
          [
            120.55960682770369,
            23.992675353592364
          ],
          [
            120.55970183601383,
            23.99242298355989
          ],
          [
            120.5597208749214,
            23.99237241032827
          ],
          [
            120.55973065966234,
            23.99234642017913
          ],
          [
            120.5597468898816,
            23.99230330529795
          ],
          [
            120.5597843011482,
            23.992203928474876
          ],
          [
            120.55979025172194,
            23.99218812061441
          ],
          [
            120.5598194110716,
            23.992111359529968
          ],
          [
            120.55999225318787,
            23.99165635254513
          ],
          [
            120.56020352400446,
            23.99110307649485
          ],
          [
            120.56040199202299,
            23.990587748322106
          ],
          [
            120.56062090148869,
            23.990019962019062
          ],
          [
            120.56074046199839,
            23.989709857476207
          ],
          [
            120.56099800746304,
            23.989045839572288
          ],
          [
            120.56106627227095,
            23.988862634021338
          ],
          [
            120.56108197644767,
            23.9888204890286
          ],
          [
            120.5610986744011,
            23.988775675977166
          ],
          [
            120.56112212848524,
            23.98871272952276
          ],
          [
            120.56126866816419,
            23.988333136849025
          ],
          [
            120.56152588035337,
            23.987658515487837
          ],
          [
            120.56175268723042,
            23.987070074679217
          ],
          [
            120.56190831916584,
            23.986650804903928
          ],
          [
            120.56202921574983,
            23.98633983300997
          ],
          [
            120.56212115420901,
            23.98608658557346
          ],
          [
            120.56222813777138,
            23.985809651696847
          ],
          [
            120.56236073488584,
            23.9854650963571
          ],
          [
            120.56244162822075,
            23.985252182285333
          ],
          [
            120.56250915992611,
            23.985074437565064
          ],
          [
            120.56270761652704,
            23.984552560333107
          ],
          [
            120.56292074688177,
            23.98399337982018
          ],
          [
            120.56312337011057,
            23.98346443474369
          ],
          [
            120.56333780287522,
            23.982904083414855
          ],
          [
            120.56362308498784,
            23.98215197586449
          ],
          [
            120.56388025535476,
            23.98147941915459
          ],
          [
            120.56410656770278,
            23.980882476050002
          ],
          [
            120.56429298426819,
            23.98039520893543
          ],
          [
            120.56452734244144,
            23.97978033833407
          ],
          [
            120.56454535814206,
            23.979732782719108
          ],
          [
            120.56459563448334,
            23.979600064615653
          ],
          [
            120.56476733190945,
            23.979146832992225
          ],
          [
            120.5647802015621,
            23.9791128592577
          ],
          [
            120.56495352066571,
            23.97865565813103
          ],
          [
            120.56512517473793,
            23.978208139722142
          ],
          [
            120.56527917716843,
            23.977805503317832
          ],
          [
            120.56541791708422,
            23.97743899900769
          ],
          [
            120.56552803675393,
            23.97716028250685
          ],
          [
            120.56563471100178,
            23.976877647317814
          ],
          [
            120.56577533390737,
            23.976516055443334
          ],
          [
            120.5660313186036,
            23.97585064233274
          ],
          [
            120.56617137870239,
            23.97547743567663
          ],
          [
            120.56625943685776,
            23.975224273573964
          ],
          [
            120.56639727290292,
            23.974860722776384
          ],
          [
            120.56657845150288,
            23.974397662573494
          ],
          [
            120.5667141132315,
            23.97404052612182
          ],
          [
            120.56686121239262,
            23.973665460455035
          ],
          [
            120.56698745505531,
            23.973333807086593
          ],
          [
            120.56698760177319,
            23.973333422846615
          ],
          [
            120.5669994456024,
            23.973302307420667
          ],
          [
            120.56705758143984,
            23.97315094667361
          ],
          [
            120.56714043869206,
            23.97293521525372
          ],
          [
            120.56740857531996,
            23.97222798220694
          ],
          [
            120.56745301969988,
            23.97211258937218
          ],
          [
            120.56749006043505,
            23.972016414679622
          ],
          [
            120.5677192144969,
            23.97142143523691
          ],
          [
            120.56796602560706,
            23.970772182174542
          ],
          [
            120.56819695884879,
            23.970153854941653
          ],
          [
            120.56830488723406,
            23.969880560185317
          ],
          [
            120.56834096731829,
            23.969789197040825
          ],
          [
            120.56839632410578,
            23.969649019857798
          ],
          [
            120.56858247680834,
            23.969145221829336
          ],
          [
            120.56880476519282,
            23.968571980281144
          ],
          [
            120.56898696626764,
            23.968103420598638
          ],
          [
            120.5690581182818,
            23.9679118015964
          ],
          [
            120.56908413716745,
            23.96784173031551
          ],
          [
            120.5691801634873,
            23.96758312030003
          ],
          [
            120.56929620545765,
            23.967254972836322
          ],
          [
            120.56930859969307,
            23.967219925513234
          ],
          [
            120.56936212882323,
            23.96703886829072
          ],
          [
            120.56938672956896,
            23.96695131196222
          ],
          [
            120.56945179215612,
            23.966681575462925
          ],
          [
            120.56949207608506,
            23.96646832536226
          ],
          [
            120.56953817174012,
            23.96619982501147
          ],
          [
            120.56956616412845,
            23.96595515766019
          ],
          [
            120.56961225930004,
            23.965565069441645
          ],
          [
            120.56964111818279,
            23.96534078123645
          ],
          [
            120.56964508381151,
            23.965299687601973
          ],
          [
            120.56965608966148,
            23.96501327007326
          ],
          [
            120.5696570838471,
            23.964867123123152
          ],
          [
            120.5696592513686,
            23.964548683143807
          ],
          [
            120.56966137152914,
            23.964237102690443
          ],
          [
            120.56965893215127,
            23.963777325349362
          ],
          [
            120.5696497145117,
            23.963414152215364
          ],
          [
            120.56965038184511,
            23.963298375775405
          ],
          [
            120.56964810833755,
            23.963171045131958
          ],
          [
            120.5696493305669,
            23.962802574764144
          ],
          [
            120.56964740697336,
            23.962551486543408
          ],
          [
            120.56965519605198,
            23.96167705119758
          ],
          [
            120.56965304694049,
            23.961176276291372
          ],
          [
            120.56964847008558,
            23.960474154906297
          ],
          [
            120.56965424926874,
            23.959537908883338
          ],
          [
            120.56965403514798,
            23.959469999889176
          ],
          [
            120.56965124605735,
            23.958585432062986
          ],
          [
            120.56964203816621,
            23.957565708917688
          ],
          [
            120.56964812328918,
            23.956558756426563
          ],
          [
            120.56965602787218,
            23.955450234715148
          ],
          [
            120.56965637052551,
            23.9544741204192
          ],
          [
            120.56964795658502,
            23.953314821548283
          ],
          [
            120.56965018979491,
            23.952175417160635
          ],
          [
            120.56964530638459,
            23.951231815546084
          ],
          [
            120.56964825300886,
            23.950437269783148
          ],
          [
            120.56963498813853,
            23.949457475139127
          ],
          [
            120.56961925714118,
            23.948333817799014
          ],
          [
            120.56961195385162,
            23.94748882066158
          ],
          [
            120.56961034950119,
            23.946683007432846
          ],
          [
            120.56960976335698,
            23.946647946168067
          ],
          [
            120.56960265587514,
            23.94622279265225
          ],
          [
            120.56959821016558,
            23.946123020808542
          ],
          [
            120.56959412841057,
            23.9460314081093
          ],
          [
            120.56959870700335,
            23.945337118794125
          ],
          [
            120.56960775087764,
            23.944663801136784
          ],
          [
            120.56960764506479,
            23.94465423592128
          ],
          [
            120.5695975445988,
            23.943737876946734
          ],
          [
            120.56959939208645,
            23.942685685756377
          ],
          [
            120.56959841484768,
            23.941494604153508
          ],
          [
            120.56960113814307,
            23.940178234301264
          ],
          [
            120.56960113890042,
            23.9387928497128
          ],
          [
            120.56960113866577,
            23.938552376644793
          ],
          [
            120.5696005390322,
            23.937989927826486
          ],
          [
            120.56960022715332,
            23.937697672504612
          ],
          [
            120.56960027800353,
            23.93745807811404
          ],
          [
            120.56959750210927,
            23.936706384169554
          ],
          [
            120.56960127321533,
            23.936102087688635
          ],
          [
            120.5696190098594,
            23.935454180860937
          ],
          [
            120.56964214846508,
            23.93518609623533
          ],
          [
            120.56967855565411,
            23.934829759377703
          ],
          [
            120.56972806462073,
            23.934480484121025
          ],
          [
            120.56979344319379,
            23.934103406335655
          ],
          [
            120.56986759639898,
            23.933772403433533
          ],
          [
            120.5699420719094,
            23.933468832050803
          ],
          [
            120.57003230435748,
            23.93315923960379
          ],
          [
            120.57016858781171,
            23.932737302834752
          ],
          [
            120.57030557867299,
            23.932332568158333
          ],
          [
            120.57047039776982,
            23.931838998664418
          ],
          [
            120.57068846591213,
            23.931191406444345
          ],
          [
            120.57090641150856,
            23.930550794191227
          ],
          [
            120.57113358042821,
            23.92987406314723
          ],
          [
            120.57137116886823,
            23.92917934510339
          ],
          [
            120.57172506252854,
            23.928131113865373
          ],
          [
            120.57174079004791,
            23.92808393001788
          ],
          [
            120.57208892625702,
            23.927039492849772
          ],
          [
            120.57220448047767,
            23.92672160072612
          ],
          [
            120.57236226950138,
            23.926243475734033
          ],
          [
            120.57237452465591,
            23.926207404494335
          ],
          [
            120.572564221236,
            23.92564906510548
          ],
          [
            120.57280126991796,
            23.924955382088843
          ],
          [
            120.57297690308404,
            23.92443890977047
          ],
          [
            120.57302525924779,
            23.924296707624237
          ],
          [
            120.57317607799094,
            23.923840030750775
          ],
          [
            120.5731828603899,
            23.9238194948348
          ],
          [
            120.57319063097742,
            23.923795966577842
          ],
          [
            120.57320164690952,
            23.923762612402278
          ],
          [
            120.57321203281751,
            23.923731165312283
          ],
          [
            120.57322002266112,
            23.92370697309119
          ],
          [
            120.57322911478879,
            23.92367944301566
          ],
          [
            120.57324142348895,
            23.923642171817644
          ],
          [
            120.57324942820678,
            23.92361793358545
          ],
          [
            120.57325587027032,
            23.923598428792168
          ],
          [
            120.5732559783916,
            23.923598108545157
          ],
          [
            120.57334518260176,
            23.923333781031268
          ],
          [
            120.57334531255209,
            23.923333394026468
          ],
          [
            120.573352827477,
            23.9233111255676
          ],
          [
            120.57361229787405,
            23.922549793714353
          ],
          [
            120.57383965274803,
            23.92187528483944
          ],
          [
            120.57408540666867,
            23.921143657133197
          ],
          [
            120.57434248253884,
            23.920389456729247
          ],
          [
            120.57456426934777,
            23.919731372914082
          ],
          [
            120.57476865828772,
            23.919126674475763
          ],
          [
            120.57493071164579,
            23.91862968177782
          ],
          [
            120.57503005180703,
            23.91830011669561
          ],
          [
            120.57508427161928,
            23.91810945503987
          ],
          [
            120.57510283439942,
            23.91804418057495
          ],
          [
            120.57519113164145,
            23.917709707091674
          ],
          [
            120.57531967698603,
            23.917188214497713
          ],
          [
            120.57556528802104,
            23.916182542302177
          ],
          [
            120.57583201190369,
            23.915083600573396
          ],
          [
            120.57607362903158,
            23.914102276904053
          ],
          [
            120.57628746836357,
            23.913230956745323
          ],
          [
            120.57651584054021,
            23.912286027853444
          ],
          [
            120.57661296717059,
            23.911888139774934
          ],
          [
            120.57661911674762,
            23.91186280273244
          ],
          [
            120.57663654993374,
            23.91179099385192
          ],
          [
            120.57685446270996,
            23.910900887029253
          ],
          [
            120.57706720560992,
            23.910031461196624
          ],
          [
            120.57718389210588,
            23.909576422595833
          ],
          [
            120.5772974400986,
            23.90911039263915
          ],
          [
            120.5774579117936,
            23.90844337249751
          ],
          [
            120.57758109604052,
            23.907946127480393
          ],
          [
            120.57782312373635,
            23.906954563311967
          ],
          [
            120.57802361388065,
            23.90615042601355
          ],
          [
            120.57820171759359,
            23.905417947551204
          ],
          [
            120.57832802359238,
            23.904903592065608
          ],
          [
            120.57843560956282,
            23.90445689391745
          ],
          [
            120.57855461872776,
            23.903971195934222
          ],
          [
            120.57865727687661,
            23.903546871864293
          ],
          [
            120.57866663006867,
            23.9035076777391
          ],
          [
            120.57868565804208,
            23.903427938647006
          ],
          [
            120.57869949563998,
            23.903369952813907
          ],
          [
            120.57877962957775,
            23.90303416012461
          ],
          [
            120.57898169512455,
            23.902212841253558
          ],
          [
            120.57899782370177,
            23.902147286781343
          ],
          [
            120.57915200924383,
            23.90150829800507
          ],
          [
            120.5791610904695,
            23.901471411942644
          ],
          [
            120.57917200682836,
            23.901427076120974
          ],
          [
            120.57918811017679,
            23.901361668732257
          ],
          [
            120.57928243596892,
            23.900978549189897
          ],
          [
            120.57944126264768,
            23.900343018359226
          ],
          [
            120.57989639074532,
            23.89833350622135
          ],
          [
            120.57989648239824,
            23.898333103754457
          ],
          [
            120.57989667368629,
            23.898332260015486
          ],
          [
            120.5800802985964,
            23.89764562468443
          ],
          [
            120.58012452970597,
            23.897480232244142
          ],
          [
            120.5803824098511,
            23.8966561862725
          ],
          [
            120.58047983697698,
            23.896257476523015
          ],
          [
            120.58061680987896,
            23.89568208428728
          ],
          [
            120.58086153781052,
            23.894727121842607
          ],
          [
            120.58103028585722,
            23.893965468532883
          ],
          [
            120.58119535910689,
            23.89316320902578
          ],
          [
            120.58139721946192,
            23.892339990632802
          ],
          [
            120.58147016973032,
            23.892034876806377
          ],
          [
            120.58153326505357,
            23.891734271665
          ],
          [
            120.58160763804341,
            23.891416508513064
          ],
          [
            120.58172986329264,
            23.890939998778137
          ],
          [
            120.58183283726463,
            23.890514355992785
          ],
          [
            120.5819389001564,
            23.890095696823792
          ],
          [
            120.58207379642312,
            23.88952030968634
          ],
          [
            120.5821802965164,
            23.889091905877684
          ],
          [
            120.58232319807118,
            23.888501202571987
          ],
          [
            120.58233297877676,
            23.888461506337723
          ],
          [
            120.58242309536341,
            23.888095736416126
          ],
          [
            120.58252455024765,
            23.887690033304125
          ],
          [
            120.58260583524084,
            23.88735219203975
          ],
          [
            120.58273922516874,
            23.886796352550114
          ],
          [
            120.58284739454062,
            23.886360440020237
          ],
          [
            120.5829289193142,
            23.88599811282384
          ],
          [
            120.58293823271289,
            23.885961627078643
          ],
          [
            120.58302546816493,
            23.8856198620268
          ],
          [
            120.58305553108309,
            23.885496056238214
          ],
          [
            120.58305816917114,
            23.885485192709396
          ],
          [
            120.58305970067491,
            23.885478886105634
          ],
          [
            120.5834326857923,
            23.883933021952185
          ],
          [
            120.58355692741229,
            23.88344246652665
          ],
          [
            120.58364529441027,
            23.883078361307863
          ],
          [
            120.58372696501488,
            23.882738438915993
          ],
          [
            120.58380950447905,
            23.882400279573996
          ],
          [
            120.58392393916643,
            23.8819358179016
          ],
          [
            120.58407347277729,
            23.88130565205213
          ],
          [
            120.58417645289825,
            23.880882054917613
          ],
          [
            120.58429094328031,
            23.880417747407595
          ],
          [
            120.58439496920934,
            23.879985999195842
          ],
          [
            120.5844382775954,
            23.879810033419194
          ],
          [
            120.58443843776175,
            23.879809384626355
          ],
          [
            120.58445375365261,
            23.87974715452856
          ],
          [
            120.5845667256423,
            23.879288142072195
          ],
          [
            120.58473773023776,
            23.878576350936257
          ],
          [
            120.58482961976003,
            23.87821401590542
          ],
          [
            120.58496948746259,
            23.87762714564852
          ],
          [
            120.58514753602,
            23.87690020318254
          ],
          [
            120.5851645678977,
            23.87683018509509
          ],
          [
            120.58516963128828,
            23.87680937024827
          ],
          [
            120.5851763950691,
            23.876781567490134
          ],
          [
            120.58525427794329,
            23.87646139130248
          ],
          [
            120.58535771542056,
            23.87603969137054
          ],
          [
            120.58545827036217,
            23.875625359827247
          ],
          [
            120.58555629951077,
            23.87522078234852
          ],
          [
            120.58563873233939,
            23.874882187884694
          ],
          [
            120.58573727112892,
            23.87447785540949
          ],
          [
            120.58582536255032,
            23.874119564486573
          ],
          [
            120.58591277096717,
            23.873756358666707
          ],
          [
            120.58599391278962,
            23.873424817965258
          ],
          [
            120.58601063860458,
            23.873355956510103
          ],
          [
            120.58601626646283,
            23.873333550325313
          ],
          [
            120.58601637286681,
            23.87333312893066
          ],
          [
            120.58604684912075,
            23.873211815570038
          ],
          [
            120.58615571085811,
            23.872768909967345
          ],
          [
            120.58619716651943,
            23.872597840650748
          ],
          [
            120.5862114699174,
            23.872538817591423
          ],
          [
            120.58622228501216,
            23.872494189122463
          ],
          [
            120.58629005278966,
            23.87221454761956
          ],
          [
            120.58646935901182,
            23.871485628855716
          ],
          [
            120.58663031908135,
            23.870819640889255
          ],
          [
            120.58680533270172,
            23.870152229411175
          ],
          [
            120.58690119007895,
            23.869804324397798
          ],
          [
            120.58701815301112,
            23.86941752143647
          ],
          [
            120.58715094648088,
            23.8690172444399
          ],
          [
            120.58735935455327,
            23.868449462783307
          ],
          [
            120.58744132590184,
            23.868240590008522
          ],
          [
            120.58748280591881,
            23.868134890785544
          ],
          [
            120.5875817192009,
            23.867882846863345
          ],
          [
            120.58789693525229,
            23.867124248451876
          ],
          [
            120.5882302909068,
            23.86632166144383
          ],
          [
            120.58848295230327,
            23.865698330757326
          ],
          [
            120.58866362437001,
            23.865265881313814
          ],
          [
            120.58869234939131,
            23.865197127368567
          ],
          [
            120.58871602290186,
            23.865140464075775
          ],
          [
            120.58873445298757,
            23.865096350531164
          ],
          [
            120.58880366685607,
            23.864930681864198
          ],
          [
            120.58898223404185,
            23.86449126545644
          ],
          [
            120.58921675369048,
            23.86392427374674
          ],
          [
            120.58951078130731,
            23.863213265820868
          ],
          [
            120.58968187218846,
            23.862826451124803
          ],
          [
            120.59015407805175,
            23.861724968870895
          ],
          [
            120.59041360305788,
            23.861119584565117
          ],
          [
            120.59099030909567,
            23.859528257577686
          ],
          [
            120.59144865488841,
            23.858424856642824
          ],
          [
            120.59341180944105,
            23.85369884714747
          ],
          [
            120.5934815118497,
            23.853529699091307
          ],
          [
            120.59367361162248,
            23.85307244871156
          ],
          [
            120.59416503600289,
            23.85188854711788
          ],
          [
            120.59444775241055,
            23.85121901275667
          ],
          [
            120.59494415620186,
            23.850008704346806
          ],
          [
            120.59525004181471,
            23.849321830035223
          ],
          [
            120.59560873876565,
            23.848458079102112
          ],
          [
            120.5956593970926,
            23.84833382655711
          ],
          [
            120.59565955438345,
            23.84833344050286
          ],
          [
            120.59569329753603,
            23.84825067431156
          ],
          [
            120.59588635536876,
            23.847795006095144
          ],
          [
            120.5960839935981,
            23.847315854569764
          ],
          [
            120.59625353792579,
            23.84690164048777
          ],
          [
            120.5964454999898,
            23.84642539010294
          ],
          [
            120.59659119180344,
            23.846070094497325
          ],
          [
            120.59675768387633,
            23.845671052344372
          ],
          [
            120.59692054449705,
            23.845283791342904
          ],
          [
            120.59697457812986,
            23.845159278937885
          ],
          [
            120.59698952686205,
            23.845124833058815
          ],
          [
            120.59699694832946,
            23.84510773142854
          ],
          [
            120.59708065771416,
            23.844914836808357
          ],
          [
            120.59725344398298,
            23.84446950574491
          ],
          [
            120.59739758743962,
            23.844089636525847
          ],
          [
            120.59754399534607,
            23.84376491689171
          ],
          [
            120.59768745807521,
            23.843420595151052
          ],
          [
            120.59783116838045,
            23.8430689599139
          ],
          [
            120.59796564229077,
            23.84274533736705
          ],
          [
            120.59808298722488,
            23.842462808922505
          ],
          [
            120.59820255878452,
            23.842171131053824
          ],
          [
            120.59830613436684,
            23.84191899539908
          ],
          [
            120.59840071170859,
            23.84168466157289
          ],
          [
            120.59850123850777,
            23.841447165657613
          ],
          [
            120.59860788913188,
            23.841184293437312
          ],
          [
            120.5987462978978,
            23.840853853948555
          ],
          [
            120.59887290743039,
            23.840548287281273
          ],
          [
            120.59900793163536,
            23.840223084913003
          ],
          [
            120.5991586749886,
            23.839858094556735
          ],
          [
            120.59930348477383,
            23.839500961522344
          ],
          [
            120.59947976906584,
            23.839075212797486
          ],
          [
            120.59961530050235,
            23.838736946166083
          ],
          [
            120.59970105452257,
            23.838538259077346
          ],
          [
            120.59970853979699,
            23.838520915465974
          ],
          [
            120.5997554425845,
            23.838412243018865
          ],
          [
            120.599757582845,
            23.83840703577831
          ],
          [
            120.59975815450154,
            23.838405645798662
          ],
          [
            120.59988371748668,
            23.83810014315737
          ],
          [
            120.60002782441232,
            23.837756428217762
          ],
          [
            120.60015051991272,
            23.83744798776654
          ],
          [
            120.60027229448406,
            23.83714869271916
          ],
          [
            120.60038157263405,
            23.8368877320166
          ],
          [
            120.60052617808923,
            23.83653420894348
          ],
          [
            120.60065715639352,
            23.83621928002832
          ],
          [
            120.60078580246339,
            23.835912443609743
          ],
          [
            120.60091852988025,
            23.835590728687738
          ],
          [
            120.60106057924496,
            23.835237190277933
          ],
          [
            120.60119676869994,
            23.834908963742915
          ],
          [
            120.60135003799947,
            23.834535634023272
          ],
          [
            120.6014980912977,
            23.834176375950463
          ],
          [
            120.60167671521371,
            23.833754054348162
          ],
          [
            120.60180250976265,
            23.83344720143592
          ],
          [
            120.60193239570613,
            23.833124690760716
          ],
          [
            120.60206224420405,
            23.832808448226046
          ],
          [
            120.60217651491675,
            23.832523470174454
          ],
          [
            120.6023285493932,
            23.83216371577716
          ],
          [
            120.60247029199988,
            23.831812007150877
          ],
          [
            120.6026613886986,
            23.831353171660304
          ],
          [
            120.60269571763946,
            23.831270749197657
          ],
          [
            120.6028010269146,
            23.831017910137838
          ],
          [
            120.6029246675652,
            23.830733252649164
          ],
          [
            120.60303960274233,
            23.830474155376898
          ],
          [
            120.6031691190163,
            23.830203392236463
          ],
          [
            120.60333221718497,
            23.82988368448863
          ],
          [
            120.60347095187095,
            23.829634670074643
          ],
          [
            120.60364147149436,
            23.82934977312535
          ],
          [
            120.60384198606272,
            23.82904232298626
          ],
          [
            120.60402433467334,
            23.8287724000143
          ],
          [
            120.60421741894478,
            23.82850959173028
          ],
          [
            120.60443607127642,
            23.82820826516655
          ],
          [
            120.60463885301235,
            23.82794212217526
          ],
          [
            120.60479586043844,
            23.82771882456866
          ],
          [
            120.60492694811808,
            23.827543200051814
          ],
          [
            120.60509589189168,
            23.827319715993816
          ],
          [
            120.60541078637179,
            23.826909195257336
          ],
          [
            120.60590264052804,
            23.826248747980248
          ],
          [
            120.60626726860362,
            23.825756686646624
          ],
          [
            120.60665667049808,
            23.82523225403404
          ],
          [
            120.60712215238249,
            23.824613957002597
          ],
          [
            120.60758769421255,
            23.823974576215846
          ],
          [
            120.60804529838954,
            23.823333342533346
          ],
          [
            120.60804555364295,
            23.823332997346903
          ],
          [
            120.60805550558015,
            23.823319535067814
          ],
          [
            120.60805804530497,
            23.82331609942398
          ],
          [
            120.60873473178461,
            23.822400705145114
          ],
          [
            120.60930399846796,
            23.821635088395197
          ],
          [
            120.6094600096275,
            23.821424598943747
          ],
          [
            120.60971873825198,
            23.82107743384896
          ],
          [
            120.60997439551225,
            23.82072856294801
          ],
          [
            120.61022657518345,
            23.820386824351154
          ],
          [
            120.61046957435077,
            23.8200582815275
          ],
          [
            120.6108476081388,
            23.819545563667592
          ],
          [
            120.61113022760237,
            23.819168833661426
          ],
          [
            120.611464297923,
            23.818717438341682
          ],
          [
            120.6116174518966,
            23.81850955614902
          ],
          [
            120.61173614358859,
            23.818345417860648
          ],
          [
            120.61183330599607,
            23.81821558310811
          ],
          [
            120.61186613318173,
            23.81817261777337
          ],
          [
            120.6119670079488,
            23.818040594457145
          ],
          [
            120.61207776891331,
            23.817910934618737
          ],
          [
            120.6121657196086,
            23.817806455210274
          ],
          [
            120.61226806201552,
            23.817692961512673
          ],
          [
            120.61239891077727,
            23.817550979504986
          ],
          [
            120.61247504115425,
            23.81747022360502
          ],
          [
            120.61256772869243,
            23.81737572369115
          ],
          [
            120.61266116879956,
            23.81728687907476
          ],
          [
            120.61273403681757,
            23.817219546455814
          ],
          [
            120.61280929343911,
            23.81714932218232
          ],
          [
            120.6128533535007,
            23.817108216040204
          ],
          [
            120.61298943558413,
            23.816991624486004
          ],
          [
            120.61307884337411,
            23.81691662639361
          ],
          [
            120.61322129354777,
            23.816803796104637
          ],
          [
            120.61333031637625,
            23.816720716753366
          ],
          [
            120.6135291654012,
            23.816591496075265
          ],
          [
            120.61368648957256,
            23.816478527441
          ],
          [
            120.6146058688025,
            23.815826529779567
          ],
          [
            120.61540500694424,
            23.815293071430457
          ],
          [
            120.61585832159541,
            23.81499038299507
          ],
          [
            120.61608232148727,
            23.814840810944293
          ],
          [
            120.61608370908753,
            23.81483987621686
          ],
          [
            120.61695929820078,
            23.814255204886436
          ],
          [
            120.61786541754506,
            23.813620926522162
          ],
          [
            120.6188466235953,
            23.812948152411625
          ],
          [
            120.62104223642267,
            23.81136094814179
          ],
          [
            120.62150719674561,
            23.811036000239433
          ],
          [
            120.62200518448637,
            23.810687970388766
          ],
          [
            120.62317521114038,
            23.809879841559113
          ],
          [
            120.62333973273212,
            23.809764724107875
          ],
          [
            120.62403567841051,
            23.80927775872006
          ],
          [
            120.62459248307971,
            23.80889472800878
          ],
          [
            120.62527630394544,
            23.808417984172134
          ],
          [
            120.62600626947444,
            23.80791194487423
          ],
          [
            120.62669078403853,
            23.80743921178036
          ],
          [
            120.62735190334925,
            23.806976582861946
          ],
          [
            120.6277342241456,
            23.806713249738102
          ],
          [
            120.62817575257955,
            23.8063820170334
          ],
          [
            120.62852636677722,
            23.806107969414608
          ],
          [
            120.62863831632453,
            23.806017236944843
          ],
          [
            120.62890906004424,
            23.80577986612537
          ],
          [
            120.62931698717097,
            23.805387411080233
          ],
          [
            120.62942676866167,
            23.8052817928016
          ],
          [
            120.63033782221576,
            23.804302259909527
          ],
          [
            120.6303426151886,
            23.80429710641619
          ],
          [
            120.6303907919693,
            23.804245308399487
          ],
          [
            120.63040954448994,
            23.804225146703676
          ],
          [
            120.63042703662938,
            23.804206121532047
          ],
          [
            120.63128530475626,
            23.803272652165692
          ],
          [
            120.6327407613042,
            23.801695006853873
          ],
          [
            120.63305551590213,
            23.801354511261852
          ],
          [
            120.63305799058045,
            23.80135183442738
          ],
          [
            120.63342399487262,
            23.800955895746114
          ],
          [
            120.63422782216662,
            23.80008630936944
          ],
          [
            120.63503080637493,
            23.799212565659435
          ],
          [
            120.63508272148152,
            23.79915648765178
          ],
          [
            120.63563237887635,
            23.798562747092486
          ],
          [
            120.63578318907848,
            23.79839775412761
          ],
          [
            120.63584194381023,
            23.798333472267487
          ],
          [
            120.63584216725626,
            23.79833322809016
          ],
          [
            120.63639132480176,
            23.797733240387508
          ],
          [
            120.6373434846416,
            23.796702654722278
          ],
          [
            120.63782380287734,
            23.796182684469432
          ],
          [
            120.638064903498,
            23.795921677898846
          ],
          [
            120.6385410796038,
            23.79540280443719
          ],
          [
            120.63882832564552,
            23.795083330853874
          ],
          [
            120.63906876513563,
            23.794845626740152
          ],
          [
            120.63924079381994,
            23.794638602366064
          ],
          [
            120.6394971447068,
            23.79429314001729
          ],
          [
            120.63959828718535,
            23.794147520424914
          ],
          [
            120.63982634275173,
            23.79377116311559
          ],
          [
            120.64008963737056,
            23.79326489335138
          ],
          [
            120.64025032653052,
            23.792917688642476
          ],
          [
            120.64040109656837,
            23.792491398376587
          ],
          [
            120.64049135037446,
            23.792230093134023
          ],
          [
            120.64058249160308,
            23.79187897506113
          ],
          [
            120.64063805728243,
            23.791599292941513
          ],
          [
            120.64068501218877,
            23.791302362071647
          ],
          [
            120.64072102489838,
            23.79097815676959
          ],
          [
            120.6407416860382,
            23.79066827023251
          ],
          [
            120.64074627751039,
            23.79035553533132
          ],
          [
            120.64073731484122,
            23.79007872515163
          ],
          [
            120.64070820783006,
            23.7897121850492
          ],
          [
            120.64068141252993,
            23.789464984176355
          ],
          [
            120.64064788872223,
            23.789263819123065
          ],
          [
            120.64055173342707,
            23.78875138521335
          ],
          [
            120.64042813882317,
            23.788128298686715
          ],
          [
            120.64002503049653,
            23.78610651254059
          ],
          [
            120.64002468206124,
            23.786104763576574
          ],
          [
            120.63860516877321,
            23.77898472868782
          ],
          [
            120.63854977273316,
            23.778716505861958
          ],
          [
            120.63830107919298,
            23.777505368129237
          ],
          [
            120.6380712277206,
            23.776411254917274
          ],
          [
            120.63798485051294,
            23.776081212184693
          ],
          [
            120.63789224233678,
            23.775780917639274
          ],
          [
            120.63781189263672,
            23.775532969974428
          ],
          [
            120.63767865938003,
            23.775188551992578
          ],
          [
            120.63757227482085,
            23.774938576433065
          ],
          [
            120.6373962402228,
            23.774570132592
          ],
          [
            120.63729378582036,
            23.77436737343526
          ],
          [
            120.63698945331676,
            23.773829457735104
          ],
          [
            120.63698589186683,
            23.773824094739318
          ],
          [
            120.63688553730502,
            23.77367296134665
          ],
          [
            120.63674013801894,
            23.773459623648982
          ],
          [
            120.63664899523427,
            23.77333352860993
          ],
          [
            120.636590361931,
            23.773252408500458
          ],
          [
            120.63631205557238,
            23.77289674717176
          ],
          [
            120.63612914910024,
            23.77267829010731
          ],
          [
            120.63590167783131,
            23.772423012922406
          ],
          [
            120.63566218830505,
            23.77217621395197
          ],
          [
            120.6354904382267,
            23.772017038191265
          ],
          [
            120.63516283181434,
            23.77171666479948
          ],
          [
            120.63498693212661,
            23.771562970555607
          ],
          [
            120.63464368411326,
            23.771303548619045
          ],
          [
            120.6343233903926,
            23.771069001173277
          ],
          [
            120.634150557515,
            23.770955697771498
          ],
          [
            120.63391555600235,
            23.770830490135346
          ],
          [
            120.6337765098061,
            23.770743635894647
          ],
          [
            120.633600802935,
            23.770640901580293
          ],
          [
            120.63342365734513,
            23.770545401877733
          ],
          [
            120.63329280513153,
            23.770475389926975
          ],
          [
            120.63310115406408,
            23.77037738488437
          ],
          [
            120.6330580473823,
            23.770356574616766
          ],
          [
            120.63305552241509,
            23.77035535592632
          ],
          [
            120.63292066262811,
            23.770290249018686
          ],
          [
            120.63281410999787,
            23.770237962872113
          ],
          [
            120.63265631225497,
            23.770167012247015
          ],
          [
            120.63247598498101,
            23.77008556317431
          ],
          [
            120.63223273384281,
            23.769983570450226
          ],
          [
            120.63205031786028,
            23.76990819381592
          ],
          [
            120.63193953754217,
            23.769862418263287
          ],
          [
            120.63088507356093,
            23.769423164065085
          ],
          [
            120.62957643065975,
            23.768880715711717
          ],
          [
            120.6285902383236,
            23.76847426655101
          ],
          [
            120.62711093333894,
            23.76785723129799
          ],
          [
            120.62655836967471,
            23.767628675187893
          ],
          [
            120.62648225640625,
            23.767597191432635
          ],
          [
            120.6263656278574,
            23.767548950711387
          ],
          [
            120.62617157313817,
            23.76746868284124
          ],
          [
            120.62530960646829,
            23.767110661739952
          ],
          [
            120.6245625247176,
            23.766800402430516
          ],
          [
            120.624111753197,
            23.766602497096862
          ],
          [
            120.62379537335259,
            23.76644775029712
          ],
          [
            120.62359963084612,
            23.76634858583537
          ],
          [
            120.62350587314414,
            23.766296561066326
          ],
          [
            120.62330811730426,
            23.766189070443772
          ],
          [
            120.62314358609869,
            23.766094095457294
          ],
          [
            120.62282526030265,
            23.76590152456751
          ],
          [
            120.62264565272466,
            23.76578767805208
          ],
          [
            120.6226375332636,
            23.76578253204525
          ],
          [
            120.62219241220528,
            23.76547292377417
          ],
          [
            120.62182116307437,
            23.765200928703624
          ],
          [
            120.62148245985766,
            23.76493961068081
          ],
          [
            120.62118551781418,
            23.764712982676535
          ],
          [
            120.62078170949194,
            23.764404793622774
          ],
          [
            120.62000707793575,
            23.763811996065996
          ],
          [
            120.61971242085602,
            23.763587122635833
          ],
          [
            120.619437984164,
            23.76337767878317
          ],
          [
            120.61488651115081,
            23.75988284348133
          ],
          [
            120.61484958471988,
            23.759854934046263
          ],
          [
            120.61048119807747,
            23.756553255539718
          ],
          [
            120.61043144503093,
            23.75651472218907
          ],
          [
            120.61033578560406,
            23.75644063411316
          ],
          [
            120.61030406945876,
            23.75641607003733
          ],
          [
            120.60998910404008,
            23.75617212934515
          ],
          [
            120.60955835308036,
            23.75584175646085
          ],
          [
            120.60949541738182,
            23.755794735875043
          ],
          [
            120.60903130032125,
            23.755447977655376
          ],
          [
            120.60855647608845,
            23.75510215349752
          ],
          [
            120.60849081227467,
            23.755057308078587
          ],
          [
            120.60806102580254,
            23.754763783791606
          ],
          [
            120.60805807726973,
            23.754761683223354
          ],
          [
            120.60805549877173,
            23.75475984635853
          ],
          [
            120.60802460378702,
            23.754737838409543
          ],
          [
            120.60764490256226,
            23.754486728008228
          ],
          [
            120.6073298640522,
            23.754281154458663
          ],
          [
            120.60718602048343,
            23.754189809005695
          ],
          [
            120.60715878259118,
            23.7541725119576
          ],
          [
            120.60711417661823,
            23.754144185187993
          ],
          [
            120.6069870042693,
            23.754063425039924
          ],
          [
            120.60656763822303,
            23.753809606956864
          ],
          [
            120.60614872618217,
            23.753564877317217
          ],
          [
            120.60570220033935,
            23.753316262844244
          ],
          [
            120.60534823733639,
            23.753120527688953
          ],
          [
            120.60505035515756,
            23.752968119712026
          ],
          [
            120.60469580156476,
            23.752786678323478
          ],
          [
            120.60436280074622,
            23.75261393726613
          ],
          [
            120.60391556928299,
            23.752395510351683
          ],
          [
            120.6036089266301,
            23.752233567964012
          ],
          [
            120.60354292963488,
            23.752198714603924
          ],
          [
            120.60335847703696,
            23.7521076135915
          ],
          [
            120.6031348915279,
            23.751997185787168
          ],
          [
            120.60266199372963,
            23.751761908523495
          ],
          [
            120.60223870279214,
            23.751551390590436
          ],
          [
            120.6017242873935,
            23.75129400360219
          ],
          [
            120.60131192552696,
            23.751076791396542
          ],
          [
            120.6007863197087,
            23.75078597240484
          ],
          [
            120.60039835476681,
            23.750555707838142
          ],
          [
            120.6000011186962,
            23.750312038069215
          ],
          [
            120.59956349082934,
            23.750025841910222
          ],
          [
            120.59919430935291,
            23.74977276517544
          ],
          [
            120.5987443161695,
            23.749443592904505
          ],
          [
            120.59820970054999,
            23.74904857676901
          ],
          [
            120.59819398078456,
            23.74903696160508
          ],
          [
            120.59814984193726,
            23.749004347977547
          ],
          [
            120.59813067305546,
            23.748990184681634
          ],
          [
            120.59810839351762,
            23.74897346330136
          ],
          [
            120.59809029017423,
            23.748959876158544
          ],
          [
            120.59744436433455,
            23.7484750833627
          ],
          [
            120.59725365030594,
            23.748333787875392
          ],
          [
            120.59725327740735,
            23.748333511497183
          ],
          [
            120.59725085405556,
            23.74833171549158
          ],
          [
            120.5968517356253,
            23.74803284493726
          ],
          [
            120.596168182529,
            23.74752701690336
          ],
          [
            120.59559944793291,
            23.747105376953918
          ],
          [
            120.59533024303676,
            23.746898572588
          ],
          [
            120.59499044184372,
            23.74662920818024
          ],
          [
            120.5947449812336,
            23.746426414618647
          ],
          [
            120.59451103323596,
            23.746223812504443
          ],
          [
            120.59425782568142,
            23.745996929127877
          ],
          [
            120.59404050301134,
            23.74579727842044
          ],
          [
            120.59370472373669,
            23.74547876576946
          ],
          [
            120.59341184331049,
            23.745195778005478
          ],
          [
            120.5931886697496,
            23.74497788151486
          ],
          [
            120.59297360357927,
            23.744765931356465
          ],
          [
            120.59275793605767,
            23.744553269580248
          ],
          [
            120.59257217038859,
            23.744371123710835
          ],
          [
            120.59236517962668,
            23.74416758170521
          ],
          [
            120.59222143640179,
            23.744029836114596
          ],
          [
            120.59206113957136,
            23.74387056680218
          ],
          [
            120.59203763257817,
            23.743847543985872
          ],
          [
            120.59190396550106,
            23.743716629493377
          ],
          [
            120.5917887603677,
            23.74360379509436
          ],
          [
            120.59167627216009,
            23.743493622525282
          ],
          [
            120.59157403004926,
            23.74339348639468
          ],
          [
            120.59114174298242,
            23.742962966763002
          ],
          [
            120.59079740687257,
            23.74262649307907
          ],
          [
            120.59021672272344,
            23.742050668083905
          ],
          [
            120.58902111063588,
            23.740873305040175
          ],
          [
            120.58815948498429,
            23.740024743644355
          ],
          [
            120.58720066463685,
            23.73908179665885
          ],
          [
            120.58636299231183,
            23.738256228384913
          ],
          [
            120.58580443491623,
            23.73770758857273
          ],
          [
            120.5853480410458,
            23.737257847052195
          ],
          [
            120.58507427170602,
            23.736988324760972
          ],
          [
            120.58507321857977,
            23.736987288031216
          ],
          [
            120.5850171359713,
            23.736932076056135
          ],
          [
            120.58494626762301,
            23.736862308183383
          ],
          [
            120.58447210436589,
            23.73639549445748
          ],
          [
            120.58384727977993,
            23.73577722009198
          ],
          [
            120.58344110406294,
            23.735369765214294
          ],
          [
            120.58328429132793,
            23.735211599680532
          ],
          [
            120.58307390745583,
            23.735009813223492
          ],
          [
            120.58306204574465,
            23.734998436291207
          ],
          [
            120.58305811759305,
            23.734994668429948
          ],
          [
            120.5830555291401,
            23.734992185499266
          ],
          [
            120.58305093407513,
            23.73498777743784
          ],
          [
            120.58266766009453,
            23.734610953337185
          ],
          [
            120.58224842779508,
            23.73419727203653
          ],
          [
            120.581851180859,
            23.733807645560038
          ],
          [
            120.58125164436828,
            23.733213124066182
          ],
          [
            120.58061430129193,
            23.73258620923572
          ],
          [
            120.58021152747922,
            23.732193740894832
          ],
          [
            120.5799718717268,
            23.73195348992615
          ],
          [
            120.57983440549663,
            23.731819583722853
          ],
          [
            120.57961511397936,
            23.731605971299963
          ],
          [
            120.57901493444727,
            23.731015775522994
          ],
          [
            120.57807847619236,
            23.73009866729094
          ],
          [
            120.57743877528611,
            23.72946681454186
          ],
          [
            120.57691887943682,
            23.728958754950515
          ],
          [
            120.57638095163735,
            23.728423297701163
          ],
          [
            120.57627680233017,
            23.72831962651325
          ],
          [
            120.57618442952773,
            23.72822848738137
          ],
          [
            120.57600387763587,
            23.728050346133507
          ],
          [
            120.57553372406348,
            23.727586467103855
          ],
          [
            120.57524610329875,
            23.727302880799922
          ],
          [
            120.57501070470545,
            23.72707136744409
          ],
          [
            120.5749268933459,
            23.7269889394973
          ],
          [
            120.57441492609992,
            23.726480306409677
          ],
          [
            120.57361107622408,
            23.72568975913658
          ],
          [
            120.57277199480784,
            23.72485871862001
          ],
          [
            120.57208488204161,
            23.72418292054343
          ],
          [
            120.57165718904112,
            23.72376455147259
          ],
          [
            120.57159994725524,
            23.723708557609275
          ],
          [
            120.5712323945724,
            23.72334901285968
          ],
          [
            120.57121683812629,
            23.72333381694675
          ],
          [
            120.5712165350535,
            23.723333520834455
          ],
          [
            120.57121469706038,
            23.723331726046876
          ],
          [
            120.57088184934538,
            23.72300661673574
          ],
          [
            120.57048734125937,
            23.722621276969786
          ],
          [
            120.57038848680918,
            23.722524719335055
          ],
          [
            120.56991245907912,
            23.72205267937376
          ],
          [
            120.56987106674468,
            23.7220117155863
          ],
          [
            120.56984017574561,
            23.721981145315635
          ],
          [
            120.56928132480856,
            23.721428083183692
          ],
          [
            120.56874503390996,
            23.720902507945855
          ],
          [
            120.56795413662977,
            23.720115764613357
          ],
          [
            120.56719662577723,
            23.71937414285233
          ],
          [
            120.56666685199679,
            23.71884380919566
          ],
          [
            120.56623568600804,
            23.718424101699934
          ],
          [
            120.56548229119564,
            23.717673283661476
          ],
          [
            120.56500859095952,
            23.717246677395273
          ],
          [
            120.56479911868257,
            23.717072507943406
          ],
          [
            120.56458420813999,
            23.716893816166056
          ],
          [
            120.5640829440288,
            23.716534317046065
          ],
          [
            120.56375378997392,
            23.716321631228176
          ],
          [
            120.56345417462161,
            23.716145714965407
          ],
          [
            120.563219323462,
            23.716012671745105
          ],
          [
            120.56316009534258,
            23.71598096728442
          ],
          [
            120.56291557820785,
            23.71585633911525
          ],
          [
            120.5624931343558,
            23.71566261407494
          ],
          [
            120.56195790811549,
            23.715446293178022
          ],
          [
            120.56140831215244,
            23.715260207304727
          ],
          [
            120.56080866107236,
            23.715095797761887
          ],
          [
            120.56042077641438,
            23.715007398596935
          ],
          [
            120.55999625884584,
            23.714929479845388
          ],
          [
            120.5595777067698,
            23.71486958851916
          ],
          [
            120.5594156061754,
            23.71485335478124
          ],
          [
            120.55914751441517,
            23.71482650515181
          ],
          [
            120.55867905902252,
            23.714794450532718
          ],
          [
            120.55826208556896,
            23.71477283357398
          ],
          [
            120.55806207012698,
            23.714761784299522
          ],
          [
            120.55805814211104,
            23.714761570813906
          ],
          [
            120.55805549075173,
            23.714761425988833
          ],
          [
            120.55701983985851,
            23.71470498667704
          ],
          [
            120.55659439975807,
            23.714679829328123
          ],
          [
            120.5560945258116,
            23.714654081640713
          ],
          [
            120.55563344013639,
            23.71462777554505
          ],
          [
            120.55561078088768,
            23.714626590779993
          ],
          [
            120.55545716102877,
            23.714618555485483
          ],
          [
            120.55443503241924,
            23.71456508866222
          ],
          [
            120.55309509986498,
            23.71449543543912
          ],
          [
            120.5524256831617,
            23.714459379835052
          ],
          [
            120.55120204795725,
            23.71439589245512
          ],
          [
            120.55115350263674,
            23.714393373207034
          ],
          [
            120.55044888455203,
            23.714355602359714
          ],
          [
            120.54968335542495,
            23.714315166966518
          ],
          [
            120.54909562114754,
            23.714283361037282
          ],
          [
            120.54828122727906,
            23.714242053928537
          ],
          [
            120.54754183328818,
            23.71420396425795
          ],
          [
            120.54705841403647,
            23.71417756191672
          ],
          [
            120.54696662555564,
            23.714171927730202
          ],
          [
            120.54662983189301,
            23.71415125464641
          ],
          [
            120.54626268315113,
            23.714128982950783
          ],
          [
            120.54596884978413,
            23.714102587662364
          ],
          [
            120.54584360739086,
            23.714085385089238
          ],
          [
            120.5455620617467,
            23.714039948910592
          ],
          [
            120.5452718402145,
            23.713987378529016
          ],
          [
            120.54484526335526,
            23.713878072844434
          ],
          [
            120.54456346234556,
            23.71379343790013
          ],
          [
            120.54426321122706,
            23.713679591140963
          ],
          [
            120.5439186161763,
            23.71352795827002
          ],
          [
            120.54368461899945,
            23.713413967962648
          ],
          [
            120.54342873627321,
            23.713285230404427
          ],
          [
            120.54334982622612,
            23.713236480860648
          ],
          [
            120.54318534226334,
            23.71313368681814
          ],
          [
            120.5430167250914,
            23.713028308731754
          ],
          [
            120.5424237582455,
            23.71267190600855
          ],
          [
            120.54222601592382,
            23.712522607974137
          ],
          [
            120.5418691369405,
            23.71230085820592
          ],
          [
            120.54102910817068,
            23.71177782626973
          ],
          [
            120.5408734693661,
            23.711680919987206
          ],
          [
            120.53987523991519,
            23.711062652757363
          ],
          [
            120.5388766892567,
            23.710436621670972
          ],
          [
            120.53799431390954,
            23.70987881471576
          ],
          [
            120.5378931978219,
            23.709814979698564
          ],
          [
            120.53749338622328,
            23.709562575801925
          ],
          [
            120.53731978681459,
            23.7094682705946
          ],
          [
            120.53716927557734,
            23.709383696950393
          ],
          [
            120.53631595840187,
            23.708848821649678
          ],
          [
            120.53592800978895,
            23.708608683661616
          ],
          [
            120.5357248290229,
            23.70848252684325
          ],
          [
            120.5356838390841,
            23.70845707640905
          ],
          [
            120.53551768046356,
            23.708352888634504
          ],
          [
            120.53538340030809,
            23.70826869066872
          ],
          [
            120.53529652266985,
            23.70821270381409
          ],
          [
            120.53500756087094,
            23.70802648373132
          ],
          [
            120.53492348576289,
            23.707972302907024
          ],
          [
            120.53443716756279,
            23.707624941069724
          ],
          [
            120.53411415314706,
            23.707368818076862
          ],
          [
            120.53391370802036,
            23.70718803825228
          ],
          [
            120.53366818083701,
            23.70696201979722
          ],
          [
            120.53306227381793,
            23.70637236818881
          ],
          [
            120.53305834335445,
            23.706368517797095
          ],
          [
            120.53305554942958,
            23.706365778780757
          ],
          [
            120.53252450545097,
            23.705845178161567
          ],
          [
            120.5320175135793,
            23.705359040859047
          ],
          [
            120.5317200315317,
            23.705073792531447
          ],
          [
            120.53063362564023,
            23.704014489678958
          ],
          [
            120.52986336776215,
            23.703267088184102
          ],
          [
            120.52939462130495,
            23.702811832728674
          ],
          [
            120.5292157842634,
            23.702639408184186
          ],
          [
            120.52912665225527,
            23.702553470307386
          ],
          [
            120.52886368281574,
            23.702299926455606
          ],
          [
            120.52847055115937,
            23.701915459304168
          ],
          [
            120.52802283883885,
            23.701477051867478
          ],
          [
            120.52765075316643,
            23.701130412725274
          ],
          [
            120.5271931741565,
            23.700722045383365
          ],
          [
            120.52670039996248,
            23.700344492272517
          ],
          [
            120.52652781545048,
            23.700225295007534
          ],
          [
            120.52637044062601,
            23.70011743846331
          ],
          [
            120.52615609488501,
            23.699980873465595
          ],
          [
            120.52594724624156,
            23.699858317461953
          ],
          [
            120.52573444538349,
            23.699737610999094
          ],
          [
            120.52558371406498,
            23.699657238812257
          ],
          [
            120.52556174397043,
            23.69964552404312
          ],
          [
            120.52540300520761,
            23.699561385224413
          ],
          [
            120.52533000189916,
            23.699525019032258
          ],
          [
            120.5249636062502,
            23.699350510042255
          ],
          [
            120.52371277238684,
            23.698800658428027
          ],
          [
            120.52262795869184,
            23.698333778167928
          ],
          [
            120.52262693264116,
            23.698333337062557
          ],
          [
            120.52262276578678,
            23.69833154355268
          ],
          [
            120.52202542726162,
            23.69807071631788
          ],
          [
            120.52192267242921,
            23.698025848198533
          ],
          [
            120.52187596303857,
            23.698005452993712
          ],
          [
            120.52184325764246,
            23.697991178030414
          ],
          [
            120.52161851030999,
            23.697893080115342
          ],
          [
            120.5210967461813,
            23.697665339286033
          ],
          [
            120.52014462221186,
            23.697247922407158
          ],
          [
            120.51934908315421,
            23.696897039245787
          ],
          [
            120.51930195142384,
            23.69687625097378
          ],
          [
            120.51844873122398,
            23.696507075922522
          ],
          [
            120.51775585250842,
            23.696201234453575
          ],
          [
            120.51703801873131,
            23.695884712082997
          ],
          [
            120.51617091837417,
            23.6955055522229
          ],
          [
            120.51547376495611,
            23.695199540096414
          ],
          [
            120.51541487267002,
            23.695173689712497
          ],
          [
            120.51534541922194,
            23.695143201993897
          ],
          [
            120.51434392407722,
            23.69470583640168
          ],
          [
            120.5128985652093,
            23.69407249989868
          ],
          [
            120.51208760031103,
            23.69371702723356
          ],
          [
            120.51102684808936,
            23.693250181118138
          ],
          [
            120.50960554190608,
            23.69262342042552
          ],
          [
            120.50860675745899,
            23.692185278110117
          ],
          [
            120.50835643555648,
            23.692075555341383
          ],
          [
            120.50829656800799,
            23.692049314514062
          ],
          [
            120.5080626456373,
            23.69194678675893
          ],
          [
            120.50805871593644,
            23.691945138089753
          ],
          [
            120.50805550774993,
            23.691943794208225
          ],
          [
            120.50796344080544,
            23.691905162410723
          ],
          [
            120.5074067431172,
            23.69165885871445
          ],
          [
            120.50697862249243,
            23.691468034705082
          ],
          [
            120.50637061674803,
            23.691203621904734
          ],
          [
            120.50581212034348,
            23.69095746933323
          ],
          [
            120.50521428312778,
            23.690699405288978
          ],
          [
            120.50470299703947,
            23.690475739112085
          ],
          [
            120.50426278805827,
            23.69028400214943
          ],
          [
            120.5038399348803,
            23.690097656119825
          ],
          [
            120.50321079700628,
            23.689816395150217
          ],
          [
            120.50317726867769,
            23.689801984517615
          ],
          [
            120.50283572060209,
            23.689655202947296
          ],
          [
            120.50223681878808,
            23.68938883483084
          ],
          [
            120.50168568466844,
            23.689147169928304
          ],
          [
            120.50106368796074,
            23.688872713646095
          ],
          [
            120.50057081268281,
            23.688658818279368
          ],
          [
            120.50014884126283,
            23.688472862423676
          ],
          [
            120.49970286328201,
            23.68827789749013
          ],
          [
            120.49931523743874,
            23.688105874829
          ],
          [
            120.49894523023396,
            23.687944680658028
          ],
          [
            120.49851048014509,
            23.687755509608284
          ],
          [
            120.49810703958487,
            23.68757639859577
          ],
          [
            120.49770789520157,
            23.687402293906473
          ],
          [
            120.49738232022544,
            23.687258586220462
          ],
          [
            120.49725780102784,
            23.687203624531243
          ],
          [
            120.49720768406944,
            23.687181501572095
          ],
          [
            120.49709647359019,
            23.68713339136381
          ],
          [
            120.49683033622728,
            23.687018255911514
          ],
          [
            120.49630199092506,
            23.686786416230802
          ],
          [
            120.49577056520829,
            23.68654783760458
          ],
          [
            120.49530463521398,
            23.686345824235804
          ],
          [
            120.49481375735058,
            23.686129966825792
          ],
          [
            120.49462084231506,
            23.686046679460954
          ],
          [
            120.49457398399055,
            23.686026453500986
          ],
          [
            120.49442318165814,
            23.68596092028552
          ],
          [
            120.49431286069806,
            23.685906417970596
          ],
          [
            120.4938028344554,
            23.685678548561107
          ],
          [
            120.49344412794335,
            23.68552713040119
          ],
          [
            120.49321486565586,
            23.68542666529596
          ],
          [
            120.49290836653415,
            23.685294288826285
          ],
          [
            120.49274831918585,
            23.685223865743538
          ],
          [
            120.49273382738902,
            23.685216305561863
          ],
          [
            120.49250852378911,
            23.68511676438856
          ],
          [
            120.49237057629475,
            23.685051596387968
          ],
          [
            120.49216150281754,
            23.684951394566422
          ],
          [
            120.49185116666541,
            23.684790036149444
          ],
          [
            120.49162239436943,
            23.68465988967823
          ],
          [
            120.49138942064887,
            23.684521015409956
          ],
          [
            120.49100076052365,
            23.68427246006731
          ],
          [
            120.49075648283392,
            23.6841008150264
          ],
          [
            120.4906641366168,
            23.684031271576536
          ],
          [
            120.49060832379878,
            23.683986815371302
          ],
          [
            120.49050215255453,
            23.683902228014183
          ],
          [
            120.49020458644854,
            23.6836651491224
          ],
          [
            120.48980431510188,
            23.6833099027499
          ],
          [
            120.4895781855275,
            23.683098846816343
          ],
          [
            120.48951334816562,
            23.683027921503577
          ],
          [
            120.48941637633378,
            23.682920337985152
          ],
          [
            120.48934278271227,
            23.68284458896198
          ],
          [
            120.48919757995336,
            23.68268962092045
          ],
          [
            120.48903860670282,
            23.682500673683307
          ],
          [
            120.48870905849228,
            23.68211630224677
          ],
          [
            120.48850951595858,
            23.6818717510629
          ],
          [
            120.4884633799303,
            23.681815217216215
          ],
          [
            120.48826955649271,
            23.68157767360669
          ],
          [
            120.48767406216547,
            23.680846908451112
          ],
          [
            120.48742009571662,
            23.68053525670251
          ],
          [
            120.48480624736803,
            23.677371233779386
          ],
          [
            120.48223079148838,
            23.674183770425923
          ],
          [
            120.48089765629776,
            23.67256395505178
          ],
          [
            120.47707167555173,
            23.667915227392935
          ],
          [
            120.4770641733254,
            23.66790600079981
          ],
          [
            120.47686085235935,
            23.66765602225827
          ],
          [
            120.47658548868881,
            23.66731676717617
          ],
          [
            120.47658369450329,
            23.6673143411533
          ],
          [
            120.47633222434199,
            23.666974832232246
          ],
          [
            120.4760890985733,
            23.66662539134754
          ],
          [
            120.47589463612492,
            23.66630600302216
          ],
          [
            120.47577145300181,
            23.666083040086797
          ],
          [
            120.47574569899689,
            23.666036440917757
          ],
          [
            120.4757111949924,
            23.665973983056723
          ],
          [
            120.47570293150342,
            23.6659590380154
          ],
          [
            120.47568535747328,
            23.665923753651036
          ],
          [
            120.47563710906792,
            23.665826909276472
          ],
          [
            120.47546918186667,
            23.665466931350984
          ],
          [
            120.47538895998437,
            23.665280449078136
          ],
          [
            120.47527204578364,
            23.66497081269817
          ],
          [
            120.4752220648726,
            23.664819422863445
          ],
          [
            120.47509865506399,
            23.66441813082629
          ],
          [
            120.47508793402284,
            23.664372991098205
          ],
          [
            120.47506188335197,
            23.664263336324534
          ],
          [
            120.47502773550428,
            23.664133969342437
          ],
          [
            120.47493322763665,
            23.663673558197456
          ],
          [
            120.47480133439682,
            23.662912872596976
          ],
          [
            120.47474940786806,
            23.662588710471436
          ],
          [
            120.4747431428859,
            23.66255209180586
          ],
          [
            120.4747022591072,
            23.66231277415945
          ],
          [
            120.47462748434346,
            23.66187515743005
          ],
          [
            120.47462313211729,
            23.661848080620384
          ],
          [
            120.47453597182698,
            23.66130616474657
          ],
          [
            120.47443539902106,
            23.660696236641527
          ],
          [
            120.4744107143815,
            23.66054923945007
          ],
          [
            120.47435317786405,
            23.660206574266898
          ],
          [
            120.47425895981146,
            23.659598879817725
          ],
          [
            120.4741582543859,
            23.65901537194188
          ],
          [
            120.47404489019372,
            23.65832994773133
          ],
          [
            120.47396270201808,
            23.657849883746866
          ],
          [
            120.47388234787653,
            23.65734767602079
          ],
          [
            120.47387428563538,
            23.657297307969106
          ],
          [
            120.47386929339207,
            23.657266111402304
          ],
          [
            120.47386843268436,
            23.657260726767934
          ],
          [
            120.47386649137155,
            23.657248566175916
          ],
          [
            120.47386295630896,
            23.657228029624076
          ],
          [
            120.4738589900631,
            23.65720500843562
          ],
          [
            120.47384987927074,
            23.657152108501393
          ],
          [
            120.47384277081287,
            23.657110818553093
          ],
          [
            120.47381203757524,
            23.656932359201733
          ],
          [
            120.473804651367,
            23.656889442958402
          ],
          [
            120.47379534918801,
            23.65683538656561
          ],
          [
            120.47379076990464,
            23.65680878752436
          ],
          [
            120.47378543381218,
            23.656777788440042
          ],
          [
            120.47377635168841,
            23.656725087250614
          ],
          [
            120.47367766464066,
            23.65612569345365
          ],
          [
            120.47367370268402,
            23.656101615795386
          ],
          [
            120.47366963539403,
            23.656076914728562
          ],
          [
            120.47357279676926,
            23.65547146816201
          ],
          [
            120.47347148321009,
            23.654855224813588
          ],
          [
            120.47336149754989,
            23.654204142322588
          ],
          [
            120.47331373393206,
            23.65392402252695
          ],
          [
            120.4733116790932,
            23.653908412184364
          ],
          [
            120.47328761913968,
            23.653774916281307
          ],
          [
            120.47327741601644,
            23.65371829233968
          ],
          [
            120.47327319072619,
            23.653693915790285
          ],
          [
            120.47326514273739,
            23.653647439549133
          ],
          [
            120.47322369551358,
            23.65340812843399
          ],
          [
            120.47316396475155,
            23.65300535328778
          ],
          [
            120.47307120543933,
            23.652464229796493
          ],
          [
            120.47296191644469,
            23.65178699013446
          ],
          [
            120.47287170698584,
            23.651216591731473
          ],
          [
            120.4727809654897,
            23.65068129901216
          ],
          [
            120.47269531540275,
            23.650113372037783
          ],
          [
            120.4725815141238,
            23.64948921141134
          ],
          [
            120.47249010097919,
            23.648911738293794
          ],
          [
            120.47240013087567,
            23.648380366765753
          ],
          [
            120.47239280926073,
            23.648333784571783
          ],
          [
            120.47239276155442,
            23.648333459339213
          ],
          [
            120.47239247466482,
            23.64833167047675
          ],
          [
            120.4723466823965,
            23.648049805173944
          ],
          [
            120.47234165707044,
            23.64801969198623
          ],
          [
            120.4722862075877,
            23.647687100893737
          ],
          [
            120.47221602421695,
            23.647247412176636
          ],
          [
            120.47212839685044,
            23.646706774851438
          ],
          [
            120.47203242993146,
            23.646175608331635
          ],
          [
            120.47193379051106,
            23.64556805012993
          ],
          [
            120.4718582053944,
            23.645107149989606
          ],
          [
            120.47178026593771,
            23.644607775114025
          ],
          [
            120.47170481900909,
            23.644161539614704
          ],
          [
            120.47161838182511,
            23.643647688091377
          ],
          [
            120.47153413588264,
            23.643147280206822
          ],
          [
            120.4715144015136,
            23.643026115196687
          ],
          [
            120.47148372391075,
            23.642837749726887
          ],
          [
            120.47142173336617,
            23.642458199316664
          ],
          [
            120.47133127484284,
            23.64191625137196
          ],
          [
            120.47124967030935,
            23.641427365170767
          ],
          [
            120.47115565484623,
            23.64087085804132
          ],
          [
            120.47107311306354,
            23.64035940319347
          ],
          [
            120.4710083601897,
            23.639970226441523
          ],
          [
            120.4709533298597,
            23.63963247104799
          ],
          [
            120.47093647104407,
            23.639530087099303
          ],
          [
            120.4708761362664,
            23.63916367270106
          ],
          [
            120.47079452043428,
            23.6386661988181
          ],
          [
            120.47071105610779,
            23.638138631472394
          ],
          [
            120.4706303182869,
            23.63764978385316
          ],
          [
            120.4705247500106,
            23.63703044391057
          ],
          [
            120.47042882667593,
            23.636418505059048
          ],
          [
            120.470391191541,
            23.636208606662958
          ],
          [
            120.47031869700471,
            23.63578839491237
          ],
          [
            120.47023679687352,
            23.635284607822168
          ],
          [
            120.47015496748584,
            23.634765822505614
          ],
          [
            120.47007504902533,
            23.634313005917665
          ],
          [
            120.47006822808196,
            23.634271463860127
          ],
          [
            120.4700255794897,
            23.634011983950238
          ],
          [
            120.46993930678842,
            23.63351391556931
          ],
          [
            120.46985569657595,
            23.63299005823931
          ],
          [
            120.46977028126526,
            23.632469219633464
          ],
          [
            120.46970123786193,
            23.63207154846074
          ],
          [
            120.46964697204236,
            23.631706127834036
          ],
          [
            120.4696222186098,
            23.631554388640012
          ],
          [
            120.46960354851782,
            23.631439899878263
          ],
          [
            120.46959050228759,
            23.631359932998116
          ],
          [
            120.46956954611562,
            23.63123147642767
          ],
          [
            120.46953004123957,
            23.631007096649796
          ],
          [
            120.46951135236489,
            23.63089487427321
          ],
          [
            120.46948153452335,
            23.630715802746472
          ],
          [
            120.46940460229858,
            23.630250245857784
          ],
          [
            120.4694031766436,
            23.630241644663332
          ],
          [
            120.4694028511723,
            23.630239720214206
          ],
          [
            120.46931795787995,
            23.629736097323196
          ],
          [
            120.46928605864295,
            23.629546866475785
          ],
          [
            120.46922444833503,
            23.62914544597766
          ],
          [
            120.4691636169175,
            23.628789890194575
          ],
          [
            120.46915025588912,
            23.628711797659648
          ],
          [
            120.46910824069631,
            23.628466216315402
          ],
          [
            120.46901125459027,
            23.627888222517075
          ],
          [
            120.46897009018573,
            23.627638362121846
          ],
          [
            120.46889225416793,
            23.627151329010957
          ],
          [
            120.46885254483423,
            23.62692230698698
          ],
          [
            120.46877459424715,
            23.626451487212297
          ],
          [
            120.4687408412831,
            23.62622653267202
          ],
          [
            120.46866887790891,
            23.62578526240471
          ],
          [
            120.46863207221506,
            23.625581017040115
          ],
          [
            120.46856002233478,
            23.62513924976379
          ],
          [
            120.4685145096998,
            23.624860838471054
          ],
          [
            120.4684188695357,
            23.62437189201328
          ],
          [
            120.46838051313094,
            23.62422327355582
          ],
          [
            120.46830369039873,
            23.623903313761538
          ],
          [
            120.46825635414969,
            23.62373651830797
          ],
          [
            120.46821489550334,
            23.623579120379247
          ],
          [
            120.46814628458456,
            23.623333815028804
          ],
          [
            120.46814619281074,
            23.62333348603123
          ],
          [
            120.46808610079918,
            23.623128391347066
          ],
          [
            120.46806750043257,
            23.62307440551295
          ],
          [
            120.46803594321675,
            23.622982807873594
          ],
          [
            120.46801560125265,
            23.622923761206515
          ],
          [
            120.4679201419261,
            23.622657724394447
          ],
          [
            120.46779604453393,
            23.622316836488835
          ],
          [
            120.46763375153199,
            23.621930180169887
          ],
          [
            120.46752184352358,
            23.621666977999677
          ],
          [
            120.46729931984214,
            23.62117660024727
          ],
          [
            120.4671143163458,
            23.620801759406564
          ],
          [
            120.46680746878828,
            23.62019001228333
          ],
          [
            120.46674934868615,
            23.62008161264214
          ],
          [
            120.46659801594394,
            23.619774555857905
          ],
          [
            120.46646534209219,
            23.619484412595842
          ],
          [
            120.46633144008766,
            23.61922132356214
          ],
          [
            120.46619834455348,
            23.618970474311393
          ],
          [
            120.46606375885709,
            23.61870151154575
          ],
          [
            120.46595195631217,
            23.618478026871056
          ],
          [
            120.4658463633252,
            23.61826711123627
          ],
          [
            120.46574177059999,
            23.618057076664513
          ],
          [
            120.46563727570505,
            23.617841364447152
          ],
          [
            120.4654714170043,
            23.617506744675264
          ],
          [
            120.46543104706748,
            23.617423820821802
          ],
          [
            120.46528503039917,
            23.617123873023825
          ],
          [
            120.46510635228996,
            23.616762018286202
          ],
          [
            120.46496244535574,
            23.61648297772922
          ],
          [
            120.4648928566046,
            23.616342776582393
          ],
          [
            120.46482612431113,
            23.616203854837156
          ],
          [
            120.4647522652823,
            23.616049144334823
          ],
          [
            120.46465607069293,
            23.615871841962175
          ],
          [
            120.46458076109232,
            23.615713420561395
          ],
          [
            120.46446027843992,
            23.61546887093899
          ],
          [
            120.46434498326276,
            23.61524141439777
          ],
          [
            120.46424760641348,
            23.615041833081417
          ],
          [
            120.46411329257081,
            23.61477012269234
          ],
          [
            120.46401602925995,
            23.614573635216413
          ],
          [
            120.46388699860164,
            23.614320161314517
          ],
          [
            120.46375896237863,
            23.614058912505104
          ],
          [
            120.4636606262803,
            23.613861411570902
          ],
          [
            120.46347559661835,
            23.61348954788114
          ],
          [
            120.46333177684973,
            23.613210049194326
          ],
          [
            120.46312967583309,
            23.612798395122134
          ],
          [
            120.46301863597643,
            23.612573877945806
          ],
          [
            120.46301367135605,
            23.61256383412586
          ],
          [
            120.46299772583414,
            23.61253158425707
          ],
          [
            120.46297553276038,
            23.612486694585925
          ],
          [
            120.46286950307244,
            23.612272226698355
          ],
          [
            120.46281180718918,
            23.612155134992076
          ],
          [
            120.46277644561962,
            23.61208337049648
          ],
          [
            120.4626760017186,
            23.6118820023177
          ],
          [
            120.46256073995778,
            23.611650732189062
          ],
          [
            120.46244969239358,
            23.611429051725647
          ],
          [
            120.46235447681003,
            23.61123623817741
          ],
          [
            120.46217481980673,
            23.610870302410248
          ],
          [
            120.46209203719673,
            23.61071474703212
          ],
          [
            120.46193269585183,
            23.610393363786443
          ],
          [
            120.4617187340945,
            23.609959744291572
          ],
          [
            120.46163169477441,
            23.609781406264343
          ],
          [
            120.46148112679036,
            23.609487631674945
          ],
          [
            120.46138138565412,
            23.609282377775102
          ],
          [
            120.46119269107965,
            23.608898507999346
          ],
          [
            120.46109400035242,
            23.60869372259097
          ],
          [
            120.46106552434433,
            23.60863517769818
          ],
          [
            120.46100106277123,
            23.608502649825645
          ],
          [
            120.46095439974366,
            23.60840671092299
          ],
          [
            120.4607941985243,
            23.608100919717977
          ],
          [
            120.46070045315406,
            23.607929299493637
          ],
          [
            120.46060120732669,
            23.607715886610325
          ],
          [
            120.4604672182484,
            23.607430908535715
          ],
          [
            120.46028694072925,
            23.60707423384458
          ],
          [
            120.46012938136539,
            23.606754114575413
          ],
          [
            120.45999773250948,
            23.606491568744445
          ],
          [
            120.45986721906098,
            23.606229697662243
          ],
          [
            120.45971368282716,
            23.605922333863433
          ],
          [
            120.45969049861404,
            23.605875941327852
          ],
          [
            120.45931662021599,
            23.605127777117307
          ],
          [
            120.45911085232571,
            23.6047116171947
          ],
          [
            120.4589330212385,
            23.60436729764402
          ],
          [
            120.45874799513403,
            23.604037230673967
          ],
          [
            120.45858164068582,
            23.6037672512508
          ],
          [
            120.45836198724659,
            23.60344823651088
          ],
          [
            120.45816223818213,
            23.603190937135036
          ],
          [
            120.45806202321542,
            23.603077122972856
          ],
          [
            120.45805809622435,
            23.603072751501905
          ],
          [
            120.45805549578866,
            23.603069856512683
          ],
          [
            120.45789500776418,
            23.602868214241205
          ],
          [
            120.45765365565295,
            23.602592016854917
          ],
          [
            120.457358156076,
            23.602280622384498
          ],
          [
            120.45717152739527,
            23.602079202259194
          ],
          [
            120.45690330984901,
            23.60184930835942
          ],
          [
            120.45606159695585,
            23.600980237895858
          ],
          [
            120.45597267234957,
            23.600887313547368
          ],
          [
            120.45548025123693,
            23.600372743812468
          ],
          [
            120.45486190840596,
            23.599744522624675
          ],
          [
            120.4545276932312,
            23.59940617756141
          ],
          [
            120.45430913714135,
            23.59917889803515
          ],
          [
            120.45408290497696,
            23.59895322380449
          ],
          [
            120.45367387124848,
            23.59855982760074
          ],
          [
            120.45348634796653,
            23.598333597905132
          ],
          [
            120.45348605322822,
            23.598333315139204
          ],
          [
            120.45348418328615,
            23.598331524276794
          ],
          [
            120.45339120553581,
            23.598193046132554
          ],
          [
            120.45326038317758,
            23.598078383455324
          ],
          [
            120.45298286101156,
            23.597843381725045
          ],
          [
            120.45269238480105,
            23.59752873916731
          ],
          [
            120.4523883593125,
            23.59724516849021
          ],
          [
            120.45188132504289,
            23.59671410006716
          ],
          [
            120.45144671087556,
            23.59626558311493
          ],
          [
            120.45124246671682,
            23.596049126012
          ],
          [
            120.45093569097791,
            23.595739556050795
          ],
          [
            120.45054070170411,
            23.59533460083039
          ],
          [
            120.45013434385619,
            23.594914911136108
          ],
          [
            120.44971045022248,
            23.594478742150592
          ],
          [
            120.44919951688209,
            23.593954530170695
          ],
          [
            120.44909393697631,
            23.593846705108614
          ],
          [
            120.44903908848934,
            23.593790690343
          ],
          [
            120.44814391218151,
            23.59286961128682
          ],
          [
            120.4477214852095,
            23.59243495375201
          ],
          [
            120.44701212452458,
            23.591708116222097
          ],
          [
            120.44648170927198,
            23.591163297811544
          ],
          [
            120.44587384472469,
            23.590535519386794
          ],
          [
            120.44586065813941,
            23.590522637434876
          ],
          [
            120.44573504962624,
            23.5903914003383
          ],
          [
            120.44543235904594,
            23.59008020347858
          ],
          [
            120.44511663212633,
            23.589756650093506
          ],
          [
            120.44490577954609,
            23.589537324030033
          ],
          [
            120.44469495055684,
            23.58932047373173
          ],
          [
            120.44448537404999,
            23.58910603316097
          ],
          [
            120.44428738448961,
            23.58890378782953
          ],
          [
            120.44409595194433,
            23.588705300425836
          ],
          [
            120.44390707886406,
            23.588512915239654
          ],
          [
            120.44370652583214,
            23.588307006559198
          ],
          [
            120.4435163799911,
            23.58811095387393
          ],
          [
            120.44332359084973,
            23.587913621902487
          ],
          [
            120.44311534781426,
            23.58769674625373
          ],
          [
            120.44264324905615,
            23.58721153262996
          ],
          [
            120.44254235610937,
            23.58710860149333
          ],
          [
            120.44232881502646,
            23.5868903711967
          ],
          [
            120.4421323080716,
            23.586683371602533
          ],
          [
            120.44195253890855,
            23.586502043922078
          ],
          [
            120.44175839617137,
            23.58630340308484
          ],
          [
            120.44155138331645,
            23.586086430466164
          ],
          [
            120.44137940919894,
            23.58590265057772
          ],
          [
            120.44124488072022,
            23.585759247244514
          ],
          [
            120.44107150487919,
            23.585567967271302
          ],
          [
            120.4409124889638,
            23.585381679872302
          ],
          [
            120.44078534726218,
            23.585226136018008
          ],
          [
            120.44077392008451,
            23.585211230081867
          ],
          [
            120.44071476638481,
            23.585133830688285
          ],
          [
            120.4405989748635,
            23.584983721925145
          ],
          [
            120.44046992837708,
            23.584808061662432
          ],
          [
            120.4403569503403,
            23.584647990376382
          ],
          [
            120.44024499731786,
            23.584485621916766
          ],
          [
            120.44018041981245,
            23.58438620265197
          ],
          [
            120.44006584556378,
            23.584208109209403
          ],
          [
            120.43995784416654,
            23.584027579665843
          ],
          [
            120.43985117733436,
            23.58384707653038
          ],
          [
            120.43973915475922,
            23.583644618893494
          ],
          [
            120.43962853840047,
            23.58342901348476
          ],
          [
            120.43952713233314,
            23.58323034856167
          ],
          [
            120.43945066353447,
            23.58306786011221
          ],
          [
            120.43935318678635,
            23.582849793438452
          ],
          [
            120.4392675835712,
            23.582648091764835
          ],
          [
            120.4391726887334,
            23.582414170792255
          ],
          [
            120.43915728727745,
            23.582369981295493
          ],
          [
            120.43910288285267,
            23.582213876896226
          ],
          [
            120.43907399458335,
            23.582130987675058
          ],
          [
            120.43900390602002,
            23.581924431468348
          ],
          [
            120.43893801069191,
            23.58171606274328
          ],
          [
            120.43888395374248,
            23.58153549425503
          ],
          [
            120.43884966700986,
            23.581413096498956
          ],
          [
            120.43882332942233,
            23.581317489879385
          ],
          [
            120.43876800840354,
            23.58112138376836
          ],
          [
            120.43865605045262,
            23.580707437483223
          ],
          [
            120.43861911724514,
            23.58057530143317
          ],
          [
            120.43860398628546,
            23.58051136835494
          ],
          [
            120.43853474157451,
            23.58026524831102
          ],
          [
            120.43844763509797,
            23.57994040714266
          ],
          [
            120.4383360531674,
            23.579538469746566
          ],
          [
            120.4382285415871,
            23.57915447468677
          ],
          [
            120.438131831192,
            23.57880534823979
          ],
          [
            120.43804344581376,
            23.578481735657753
          ],
          [
            120.43798479589866,
            23.578271415166864
          ],
          [
            120.4378420483399,
            23.5777509409756
          ],
          [
            120.43765963333301,
            23.577084062421388
          ],
          [
            120.43750520227849,
            23.576525521220702
          ],
          [
            120.43748984259332,
            23.57646997043233
          ],
          [
            120.43739577445766,
            23.576129752779167
          ],
          [
            120.4371753252507,
            23.57532501916703
          ],
          [
            120.43699876212459,
            23.574680471699786
          ],
          [
            120.43680865841287,
            23.573982985726726
          ],
          [
            120.4366621072816,
            23.573450958277938
          ],
          [
            120.43663122036467,
            23.573333527835484
          ],
          [
            120.43663115674912,
            23.57333328380089
          ],
          [
            120.43663067669736,
            23.57333145262778
          ]
        ]
      }
    }
  ]
}