{
  "type": "FeatureCollection",
  "features": [
    {
      "type": "Feature",
      "properties": {
        "track_id": "OD-ZN-FY-C",
        "source_tracks": [
          "BB-ZN-ZY-C-1",
          "BB-ZY-ZN-M-0"
        ],
        "point_count": 2593,
        "generated_by": "build_crossline_tracks.py"
      },
      "geometry": {
        "type": "LineString",
        "coordinates": [
          [
            120.88091,
            24.68647
          ],
          [
            120.88060819,
            24.68419335
          ],
          [
            120.88030638,
            24.68191671
          ],
          [
            120.88018522214658,
            24.680593592261335
          ],
          [
            120.88010264695022,
            24.67935951206256
          ],
          [
            120.8801022182484,
            24.67935315547536
          ],
          [
            120.88009899094625,
            24.679307738250746
          ],
          [
            120.88009894220428,
            24.679307042997536
          ],
          [
            120.88009778188975,
            24.6792907632221
          ],
          [
            120.88009677747549,
            24.679276785904158
          ],
          [
            120.88009672874216,
            24.679276081622195
          ],
          [
            120.88009522713962,
            24.679255034390415
          ],
          [
            120.88003731953484,
            24.67844206589486
          ],
          [
            120.87999578657823,
            24.677855497477857
          ],
          [
            120.87997255059292,
            24.6773963574815
          ],
          [
            120.87993882123939,
            24.676905960528003
          ],
          [
            120.87989455493333,
            24.67642996501177
          ],
          [
            120.87984840875257,
            24.67604969990252
          ],
          [
            120.87984092606146,
            24.676011258480944
          ],
          [
            120.87983704698092,
            24.67599141286949
          ],
          [
            120.87983686507431,
            24.67599048005295
          ],
          [
            120.87982665875505,
            24.675938023814144
          ],
          [
            120.87981819283088,
            24.675894507440447
          ],
          [
            120.8798128929604,
            24.675867335657287
          ],
          [
            120.87980782913927,
            24.675841310715416
          ],
          [
            120.87980774063352,
            24.67584086823528
          ],
          [
            120.87979857650595,
            24.67579386619939
          ],
          [
            120.87978959926883,
            24.67574775815961
          ],
          [
            120.8797895206443,
            24.675747315687374
          ],
          [
            120.8797216556031,
            24.67539885047854
          ],
          [
            120.87961174861125,
            24.674925339291306
          ],
          [
            120.87946548350448,
            24.674458895431588
          ],
          [
            120.87926602369097,
            24.673927500875802
          ],
          [
            120.8790083680985,
            24.673333562053006
          ],
          [
            120.87900822021615,
            24.673333218840863
          ],
          [
            120.87894156378329,
            24.673179567799412
          ],
          [
            120.87890269717295,
            24.673102972549547
          ],
          [
            120.878875724297,
            24.67304982555252
          ],
          [
            120.87870903539212,
            24.67272137808288
          ],
          [
            120.87844628258073,
            24.67228430889673
          ],
          [
            120.87844602609977,
            24.67228387530845
          ],
          [
            120.87842593128724,
            24.67225044358613
          ],
          [
            120.87839640562741,
            24.6722013393189
          ],
          [
            120.87834620319916,
            24.672117827734276
          ],
          [
            120.87828721124171,
            24.6720196914393
          ],
          [
            120.87768576744688,
            24.67110770384748
          ],
          [
            120.87693122558065,
            24.669980414829936
          ],
          [
            120.87682247246823,
            24.669816363274297
          ],
          [
            120.87678798091622,
            24.669764347343552
          ],
          [
            120.87675586708752,
            24.669715926804926
          ],
          [
            120.87643954494001,
            24.669238767428972
          ],
          [
            120.87621230917146,
            24.66890070577997
          ],
          [
            120.87610371355835,
            24.66873914575622
          ],
          [
            120.8759348270584,
            24.668487898252955
          ],
          [
            120.87591255970213,
            24.668454572732504
          ],
          [
            120.87590509115556,
            24.6684434521485
          ],
          [
            120.87589704050924,
            24.668431473350164
          ],
          [
            120.87588766782468,
            24.668417525187493
          ],
          [
            120.87564378144215,
            24.66805457463383
          ],
          [
            120.87515640725552,
            24.667329539392533
          ],
          [
            120.87484867380851,
            24.66687173234583
          ],
          [
            120.87454933829689,
            24.666426409422563
          ],
          [
            120.87406301261294,
            24.6657029153124
          ],
          [
            120.87397894824497,
            24.665577850501993
          ],
          [
            120.87392386897146,
            24.66549589527021
          ],
          [
            120.87390961351386,
            24.66547445803035
          ],
          [
            120.87390916957325,
            24.665473789528626
          ],
          [
            120.87389127381098,
            24.66544686876699
          ],
          [
            120.87387293411616,
            24.66541927950132
          ],
          [
            120.87387249018506,
            24.66541860197071
          ],
          [
            120.87380305788018,
            24.665314162028743
          ],
          [
            120.87361146366739,
            24.665025892842344
          ],
          [
            120.87360694536059,
            24.66501909940424
          ],
          [
            120.87359586663335,
            24.665002441026793
          ],
          [
            120.87358474845183,
            24.6649857194139
          ],
          [
            120.87357597821035,
            24.66497253002605
          ],
          [
            120.8735738670439,
            24.66496935012155
          ],
          [
            120.8729800898239,
            24.66407605711765
          ],
          [
            120.87276942021118,
            24.663729932367573
          ],
          [
            120.87268864076471,
            24.663622259011582
          ],
          [
            120.87266573010054,
            24.663591713311174
          ],
          [
            120.87261330793697,
            24.663521822277204
          ],
          [
            120.87260477315213,
            24.663510474900345
          ],
          [
            120.87259620878349,
            24.663499073325255
          ],
          [
            120.87248029382214,
            24.66334488992688
          ],
          [
            120.87220129048079,
            24.66298494649185
          ],
          [
            120.87193732279454,
            24.662647677568266
          ],
          [
            120.87165487223912,
            24.66230919155683
          ],
          [
            120.87155492927208,
            24.66220936527054
          ],
          [
            120.87151766043219,
            24.662172143880046
          ],
          [
            120.87147678909332,
            24.66213132594605
          ],
          [
            120.87146273433058,
            24.662117292234825
          ],
          [
            120.87140170869283,
            24.662056331896643
          ],
          [
            120.87127413045141,
            24.661928898856832
          ],
          [
            120.87093485667705,
            24.661597134362356
          ],
          [
            120.8705194413085,
            24.66124491652344
          ],
          [
            120.8703150172804,
            24.661080588043294
          ],
          [
            120.87030721861879,
            24.66107431534132
          ],
          [
            120.87030658682643,
            24.661073809184515
          ],
          [
            120.87028692234803,
            24.661058000879965
          ],
          [
            120.87026794889945,
            24.661042743924817
          ],
          [
            120.8702673171074,
            24.66104223776784
          ],
          [
            120.87025895576201,
            24.661035513138714
          ],
          [
            120.870105638205,
            24.660912264280505
          ],
          [
            120.86952418916768,
            24.660490504873657
          ],
          [
            120.86900159490612,
            24.660166648417405
          ],
          [
            120.86838661866767,
            24.65984123756278
          ],
          [
            120.86818148839122,
            24.659742734367377
          ],
          [
            120.86817444763037,
            24.659739351427984
          ],
          [
            120.86811887202454,
            24.659712667768314
          ],
          [
            120.8681183684103,
            24.659712423549312
          ],
          [
            120.86809001775187,
            24.659698810354246
          ],
          [
            120.86806290144938,
            24.65968579413694
          ],
          [
            120.86806240770566,
            24.659685558955196
          ],
          [
            120.867702065645,
            24.659512512588083
          ],
          [
            120.86760771301702,
            24.659475510816574
          ],
          [
            120.86753081082986,
            24.65944535012637
          ],
          [
            120.86720024946366,
            24.659308145968055
          ],
          [
            120.86692800829601,
            24.65920902195301
          ],
          [
            120.86691970260533,
            24.65920599898578
          ],
          [
            120.86691407329914,
            24.659203953496473
          ],
          [
            120.8664122466808,
            24.659030327225956
          ],
          [
            120.86580092104641,
            24.65882264429775
          ],
          [
            120.86473919418282,
            24.65855630047528
          ],
          [
            120.86373605326239,
            24.658331200608668
          ],
          [
            120.86355021508655,
            24.65828650204673
          ],
          [
            120.86350705205814,
            24.658276115868315
          ],
          [
            120.86350648906269,
            24.65827597992527
          ],
          [
            120.86348092706457,
            24.65826983519354
          ],
          [
            120.8634531229673,
            24.658263146693486
          ],
          [
            120.86345263898987,
            24.6582630288796
          ],
          [
            120.86342608929277,
            24.65825663946404
          ],
          [
            120.86290133816844,
            24.658130426871736
          ],
          [
            120.86263301977347,
            24.658072379601542
          ],
          [
            120.86197959364338,
            24.65791352445631
          ],
          [
            120.86174600266614,
            24.657841609495875
          ],
          [
            120.86086468859463,
            24.65758037453404
          ],
          [
            120.85805548503113,
            24.656539764673745
          ],
          [
            120.85783895052609,
            24.656459551470448
          ],
          [
            120.8557670739986,
            24.65567452842226
          ],
          [
            120.85507594972555,
            24.655433988736824
          ],
          [
            120.85464252468122,
            24.655299501805196
          ],
          [
            120.85437055472227,
            24.655229671764083
          ],
          [
            120.85400250095088,
            24.655148335544137
          ],
          [
            120.85366686439421,
            24.655098964785328
          ],
          [
            120.85320076913344,
            24.655067198428682
          ],
          [
            120.85286714807428,
            24.655060353406252
          ],
          [
            120.85254472184869,
            24.65506915647369
          ],
          [
            120.85210472083281,
            24.655110978813834
          ],
          [
            120.85182002832056,
            24.655149657569247
          ],
          [
            120.85129757512019,
            24.655264583508927
          ],
          [
            120.85086050316067,
            24.655392973030107
          ],
          [
            120.8505670184389,
            24.655505044650933
          ],
          [
            120.85056429045724,
            24.655506089276727
          ],
          [
            120.85044819294151,
            24.655550639159326
          ],
          [
            120.85030462562816,
            24.655615720120725
          ],
          [
            120.85003458259624,
            24.655745465303458
          ],
          [
            120.84966368630724,
            24.655943384760832
          ],
          [
            120.8483053615006,
            24.65677682054702
          ],
          [
            120.84720664549809,
            24.65746459403806
          ],
          [
            120.8470487825099,
            24.657575008859478
          ],
          [
            120.84650387560885,
            24.65799095064712
          ],
          [
            120.84555462054412,
            24.658709986643558
          ],
          [
            120.84545548176091,
            24.658794691986152
          ],
          [
            120.84524955746822,
            24.658955598521025
          ],
          [
            120.84352848251322,
            24.66027245936507
          ],
          [
            120.8433792027057,
            24.660387312327835
          ],
          [
            120.84322019852425,
            24.66051982429759
          ],
          [
            120.8430199904825,
            24.6606716417103
          ],
          [
            120.84297877123058,
            24.660703506316995
          ],
          [
            120.8429780196367,
            24.66070408337289
          ],
          [
            120.84292093764007,
            24.660748228571368
          ],
          [
            120.8429089417119,
            24.660757506635317
          ],
          [
            120.84280011791374,
            24.66084165833807
          ],
          [
            120.84279486661354,
            24.66084570676199
          ],
          [
            120.842730980513,
            24.660895117569982
          ],
          [
            120.84273023880804,
            24.660895685606185
          ],
          [
            120.84270678092854,
            24.660913826937595
          ],
          [
            120.84252805039863,
            24.66104217330435
          ],
          [
            120.84229346696772,
            24.66119513647194
          ],
          [
            120.84200458807256,
            24.66137530004147
          ],
          [
            120.84182874207485,
            24.661479370236542
          ],
          [
            120.84175988218193,
            24.66151586424955
          ],
          [
            120.84157310509731,
            24.66161483943314
          ],
          [
            120.84133530860667,
            24.661728603812808
          ],
          [
            120.84114309041264,
            24.661817081282116
          ],
          [
            120.84089950378282,
            24.661915020442642
          ],
          [
            120.84069203864166,
            24.661996917271143
          ],
          [
            120.84069113913934,
            24.66199725038188
          ],
          [
            120.84046263666502,
            24.662081147029614
          ],
          [
            120.84017097840879,
            24.662182501000014
          ],
          [
            120.83971026358186,
            24.66233733211556
          ],
          [
            120.83912681004,
            24.66254450564243
          ],
          [
            120.83908497868019,
            24.662559358314606
          ],
          [
            120.83907645823236,
            24.66256236479759
          ],
          [
            120.83907365103185,
            24.662563354955395
          ],
          [
            120.83879765557066,
            24.662660696188986
          ],
          [
            120.83876040080472,
            24.662673829185795
          ],
          [
            120.83742448240739,
            24.66314496430298
          ],
          [
            120.83321080406039,
            24.664617487794654
          ],
          [
            120.83305857223522,
            24.664667771449373
          ],
          [
            120.8330555277922,
            24.664668779288018
          ],
          [
            120.83300972279442,
            24.664683914763796
          ],
          [
            120.8326594349211,
            24.66478400612551
          ],
          [
            120.83213881916463,
            24.66491531752778
          ],
          [
            120.83161688912635,
            24.665016532783675
          ],
          [
            120.83102962857359,
            24.665096897582643
          ],
          [
            120.83097426562927,
            24.66509985994424
          ],
          [
            120.83087326257564,
            24.665105271883142
          ],
          [
            120.83040119029636,
            24.66513055296796
          ],
          [
            120.82984832320044,
            24.665129584769502
          ],
          [
            120.82963772334088,
            24.665124235838597
          ],
          [
            120.82901119135715,
            24.665078226813115
          ],
          [
            120.82831923710988,
            24.66497143104783
          ],
          [
            120.8279947365695,
            24.664902540634852
          ],
          [
            120.82763278270784,
            24.664817661767415
          ],
          [
            120.82749175169668,
            24.66478236899757
          ],
          [
            120.82667927936222,
            24.664541395312792
          ],
          [
            120.82551888246513,
            24.66419917137417
          ],
          [
            120.82452204779366,
            24.663899257798217
          ],
          [
            120.82440211445457,
            24.66386277691697
          ],
          [
            120.82355123231683,
            24.66361335372637
          ],
          [
            120.82247514773184,
            24.66330035014189
          ],
          [
            120.82094534934318,
            24.662839837723897
          ],
          [
            120.82094402598518,
            24.66283943888139
          ],
          [
            120.82094380872745,
            24.662839366392397
          ],
          [
            120.82092350387708,
            24.662833383211794
          ],
          [
            120.8209044435652,
            24.662827645288427
          ],
          [
            120.82090323871635,
            24.66282728270188
          ],
          [
            120.82088681524151,
            24.6628223424502
          ],
          [
            120.82088669673264,
            24.662822306193892
          ],
          [
            120.82086738952638,
            24.662816495741428
          ],
          [
            120.82084822059085,
            24.662810721566387
          ],
          [
            120.82084809220197,
            24.662810685298282
          ],
          [
            120.82080610027128,
            24.662798049131744
          ],
          [
            120.82053288631099,
            24.6627158141291
          ],
          [
            120.8204900472938,
            24.662701407225445
          ],
          [
            120.8201748287398,
            24.662601966738016
          ],
          [
            120.8200559935584,
            24.662566215036374
          ],
          [
            120.81967152469464,
            24.66244060645503
          ],
          [
            120.8188437647596,
            24.662099732070974
          ],
          [
            120.81882363449111,
            24.66208931569577
          ],
          [
            120.81856672539776,
            24.66196606106257
          ],
          [
            120.81843472885586,
            24.661897752532486
          ],
          [
            120.8183240195506,
            24.66183920263076
          ],
          [
            120.81808818636054,
            24.6617084878177
          ],
          [
            120.81804653089023,
            24.661682299117583
          ],
          [
            120.8178173421235,
            24.661548477002405
          ],
          [
            120.81764704630734,
            24.661443130503947
          ],
          [
            120.81740946943764,
            24.661289560713648
          ],
          [
            120.81731462087818,
            24.6612225423045
          ],
          [
            120.81710230755203,
            24.661075900714533
          ],
          [
            120.81698974540016,
            24.66098804021331
          ],
          [
            120.8169622808821,
            24.66096660859521
          ],
          [
            120.81680820956653,
            24.66085435584682
          ],
          [
            120.81611394062823,
            24.66032090116024
          ],
          [
            120.81582896211599,
            24.660088025403628
          ],
          [
            120.81581732667875,
            24.660079244214046
          ],
          [
            120.81581720824025,
            24.660079162810018
          ],
          [
            120.8157964637937,
            24.66006351762279
          ],
          [
            120.81577309421135,
            24.660045900944056
          ],
          [
            120.81548033356954,
            24.65982516769722
          ],
          [
            120.81507421609264,
            24.65952199724643
          ],
          [
            120.81485641602639,
            24.6593546427694
          ],
          [
            120.81378838066526,
            24.658516934564968
          ],
          [
            120.81298615139694,
            24.657898181290825
          ],
          [
            120.8122576053144,
            24.65734346653015
          ],
          [
            120.81171464403727,
            24.656913577815388
          ],
          [
            120.81115838479057,
            24.656486225563153
          ],
          [
            120.81034966431545,
            24.65587181993595
          ],
          [
            120.81031176530917,
            24.655839954734656
          ],
          [
            120.81030827240804,
            24.65583701597705
          ],
          [
            120.81029374825037,
            24.65582479978129
          ],
          [
            120.81027917475271,
            24.655812547406768
          ],
          [
            120.81026872565192,
            24.655803758255118
          ],
          [
            120.81024113767434,
            24.6557805465818
          ],
          [
            120.80993822276785,
            24.65553897837812
          ],
          [
            120.80978749346941,
            24.655400855222766
          ],
          [
            120.80965215935919,
            24.6552740012576
          ],
          [
            120.80951375460978,
            24.655133076459872
          ],
          [
            120.80931918319743,
            24.65492219762957
          ],
          [
            120.80909863477275,
            24.65466243992242
          ],
          [
            120.80896673723683,
            24.654505063438958
          ],
          [
            120.80891268666595,
            24.654433947359447
          ],
          [
            120.8087359086242,
            24.654172159110654
          ],
          [
            120.80872388295099,
            24.65415433907723
          ],
          [
            120.80871296129122,
            24.654138145626078
          ],
          [
            120.80870201990307,
            24.654121934091464
          ],
          [
            120.80855150224787,
            24.653898867310385
          ],
          [
            120.80847475458475,
            24.653766109846266
          ],
          [
            120.80842676232072,
            24.65368741714314
          ],
          [
            120.80805856081983,
            24.653098759250277
          ],
          [
            120.80805553527208,
            24.653093924995368
          ],
          [
            120.80751732730604,
            24.65223346317
          ],
          [
            120.80686025385945,
            24.651178448213958
          ],
          [
            120.80683652093072,
            24.65114204080086
          ],
          [
            120.8062712330299,
            24.6502100678166
          ],
          [
            120.80626587247491,
            24.650201221740595
          ],
          [
            120.80625600864158,
            24.650184957238828
          ],
          [
            120.80625052979114,
            24.650175948491913
          ],
          [
            120.80624660760648,
            24.650169677469023
          ],
          [
            120.80624207439932,
            24.650162448608647
          ],
          [
            120.80615177496051,
            24.65001847315797
          ],
          [
            120.80550788797235,
            24.648966785364333
          ],
          [
            120.80512095582499,
            24.64833356138099
          ],
          [
            120.80500417968275,
            24.64814245139325
          ],
          [
            120.80384869734202,
            24.64625278675806
          ],
          [
            120.80299351604975,
            24.644894791581354
          ],
          [
            120.8022413800748,
            24.643744578920362
          ],
          [
            120.8021083658119,
            24.64352933841244
          ],
          [
            120.80210817858978,
            24.643529040216322
          ],
          [
            120.80208406732409,
            24.643490022215026
          ],
          [
            120.8020597787157,
            24.643450715055366
          ],
          [
            120.8020595914938,
            24.643450416859203
          ],
          [
            120.80067391,
            24.64120803
          ],
          [
            120.79928824,
            24.63896565
          ],
          [
            120.79842654167943,
            24.637570120134114
          ],
          [
            120.7984263643384,
            24.637569830975323
          ],
          [
            120.7984168172826,
            24.637554387985837
          ],
          [
            120.79840712252228,
            24.63753865587665
          ],
          [
            120.79840693530329,
            24.63753836670458
          ],
          [
            120.79810069288163,
            24.63704238394444
          ],
          [
            120.79700778742368,
            24.63528902134776
          ],
          [
            120.7961561388891,
            24.633917805179053
          ],
          [
            120.79601183699084,
            24.63368511824223
          ],
          [
            120.79555687246997,
            24.632953782591176
          ],
          [
            120.79526612758498,
            24.63248999353979
          ],
          [
            120.79497492773514,
            24.63202182432598
          ],
          [
            120.79496978512422,
            24.632013546944542
          ],
          [
            120.79496959792132,
            24.632013257768087
          ],
          [
            120.7949617066515,
            24.632000570590137
          ],
          [
            120.7949524558555,
            24.63198568756245
          ],
          [
            120.79495226865268,
            24.63198539838597
          ],
          [
            120.794947510269,
            24.631977735485265
          ],
          [
            120.79489111877363,
            24.63188708177734
          ],
          [
            120.79473733293095,
            24.631633948494287
          ],
          [
            120.79457650001319,
            24.631359696113474
          ],
          [
            120.79426269181518,
            24.63072494953388
          ],
          [
            120.79419235873804,
            24.63057732287331
          ],
          [
            120.79393482145514,
            24.62995755908724
          ],
          [
            120.79367394259879,
            24.62917270781084
          ],
          [
            120.79343084692287,
            24.62848955367462
          ],
          [
            120.79332488429873,
            24.628182329842065
          ],
          [
            120.79319030191687,
            24.627770558294976
          ],
          [
            120.79292464825653,
            24.626963740946344
          ],
          [
            120.79264226282095,
            24.626134941965997
          ],
          [
            120.7923361229612,
            24.625218710846692
          ],
          [
            120.79233261357248,
            24.62520858472146
          ],
          [
            120.79200969409247,
            24.624276285510973
          ],
          [
            120.79171785522196,
            24.623401767716487
          ],
          [
            120.79169499511335,
            24.623333777203687
          ],
          [
            120.79169487618768,
            24.623333424012998
          ],
          [
            120.79164296210776,
            24.62317904092904
          ],
          [
            120.79158134743314,
            24.62299583348953
          ],
          [
            120.7914796428247,
            24.622693417400956
          ],
          [
            120.79137250453427,
            24.622386190377522
          ],
          [
            120.79125088571782,
            24.622056136428043
          ],
          [
            120.79115915660708,
            24.621831986541956
          ],
          [
            120.79092415869579,
            24.62133241264288
          ],
          [
            120.79073237418388,
            24.620962886112224
          ],
          [
            120.79058940271443,
            24.620711244100352
          ],
          [
            120.79040940350541,
            24.620430297051705
          ],
          [
            120.79040923598258,
            24.620430068389656
          ],
          [
            120.78980777603984,
            24.61960781872193
          ],
          [
            120.78965135994191,
            24.61940694401872
          ],
          [
            120.78933186703668,
            24.61899661645644
          ],
          [
            120.78907497724998,
            24.61866668718263
          ],
          [
            120.78832324279291,
            24.61772762908684
          ],
          [
            120.78810296659883,
            24.61744091634286
          ],
          [
            120.78773586101892,
            24.61696534836786
          ],
          [
            120.78771608227893,
            24.61693972380361
          ],
          [
            120.7876917013119,
            24.616908142760785
          ],
          [
            120.78767925461052,
            24.616892017810557
          ],
          [
            120.7876538890103,
            24.616858665726436
          ],
          [
            120.78763868345305,
            24.61683867255095
          ],
          [
            120.78665344646951,
            24.615543252413435
          ],
          [
            120.78663709812228,
            24.61552175873288
          ],
          [
            120.78627981083856,
            24.615051979501576
          ],
          [
            120.78627846081412,
            24.615050198909284
          ],
          [
            120.78625846652871,
            24.615023905712317
          ],
          [
            120.78625774717337,
            24.615022956665843
          ],
          [
            120.78623723059087,
            24.61499599459245
          ],
          [
            120.78619145762976,
            24.614935797710842
          ],
          [
            120.7861569382344,
            24.614890405993016
          ],
          [
            120.78584959728659,
            24.614491013037625
          ],
          [
            120.7855670430318,
            24.61412323753434
          ],
          [
            120.78538938001711,
            24.613885896811578
          ],
          [
            120.78538354660871,
            24.61387810566011
          ],
          [
            120.78537316078308,
            24.613864231628117
          ],
          [
            120.78535240886022,
            24.61383650164769
          ],
          [
            120.78534547183827,
            24.6138272372249
          ],
          [
            120.78534298870144,
            24.61382392011046
          ],
          [
            120.7853211528804,
            24.613794743970313
          ],
          [
            120.78530009548234,
            24.613766625308024
          ],
          [
            120.78528833940211,
            24.613751277619414
          ],
          [
            120.78451319397936,
            24.61273893411816
          ],
          [
            120.78449932922115,
            24.61272089276241
          ],
          [
            120.78449813686173,
            24.61271934712867
          ],
          [
            120.78445409887092,
            24.61266199626855
          ],
          [
            120.78429678821382,
            24.612457169035377
          ],
          [
            120.78395426598796,
            24.612003043245753
          ],
          [
            120.78390036674453,
            24.611931629236548
          ],
          [
            120.78389430678912,
            24.61192359392316
          ],
          [
            120.78389250357476,
            24.611921207728084
          ],
          [
            120.78387793009465,
            24.611901901263103
          ],
          [
            120.78387743741126,
            24.611901250481285
          ],
          [
            120.78386111987004,
            24.61187962110599
          ],
          [
            120.78385535551708,
            24.611871983483148
          ],
          [
            120.78385427162345,
            24.611870546345713
          ],
          [
            120.78351151556055,
            24.61141641919451
          ],
          [
            120.78346207060432,
            24.61135090724578
          ],
          [
            120.78333834537041,
            24.611189700349872
          ],
          [
            120.78328749946854,
            24.611123454992235
          ],
          [
            120.78321383704915,
            24.611027486413047
          ],
          [
            120.78305853589114,
            24.610825156320935
          ],
          [
            120.78305553049613,
            24.610821231679203
          ],
          [
            120.7828266370351,
            24.610522997757634
          ],
          [
            120.78281528548791,
            24.61050821927133
          ],
          [
            120.78280394383488,
            24.610493431769616
          ],
          [
            120.78267878161768,
            24.610330362313466
          ],
          [
            120.78243183944211,
            24.610013482504154
          ],
          [
            120.7823743610061,
            24.609939733331295
          ],
          [
            120.78211180186072,
            24.609602804502302
          ],
          [
            120.78190325156912,
            24.609347601025462
          ],
          [
            120.7818317084178,
            24.60926939811281
          ],
          [
            120.78183102828727,
            24.609268647735526
          ],
          [
            120.78163113574819,
            24.609050140487373
          ],
          [
            120.78133714080464,
            24.608761550073535
          ],
          [
            120.78110452354518,
            24.608547617321975
          ],
          [
            120.781041744125,
            24.608496070800438
          ],
          [
            120.78098467466434,
            24.608449209486725
          ],
          [
            120.78088358282295,
            24.60836620493238
          ],
          [
            120.78059058152206,
            24.60813831520202
          ],
          [
            120.78017551321456,
            24.607856308533606
          ],
          [
            120.779792959157,
            24.607612874238722
          ],
          [
            120.77961408262821,
            24.60749902995239
          ],
          [
            120.7794611586824,
            24.60740266715057
          ],
          [
            120.77945754816649,
            24.607400395627998
          ],
          [
            120.7794558317024,
            24.607399309655246
          ],
          [
            120.77944169546889,
            24.607390404588354
          ],
          [
            120.77944000860036,
            24.607389336716427
          ],
          [
            120.77942440251188,
            24.607379508555
          ],
          [
            120.77942271564363,
            24.60737844068288
          ],
          [
            120.77942019026334,
            24.607376847910707
          ],
          [
            120.77926405070454,
            24.607278457741852
          ],
          [
            120.7788847595925,
            24.607051620882423
          ],
          [
            120.77853158167649,
            24.606846851798434
          ],
          [
            120.77818210239265,
            24.606667819454035
          ],
          [
            120.77789979498151,
            24.606540828198256
          ],
          [
            120.77756329067094,
            24.6064027682608
          ],
          [
            120.7772277185575,
            24.60627966066646
          ],
          [
            120.77722241821002,
            24.60627805472132
          ],
          [
            120.77720607302389,
            24.606273091766287
          ],
          [
            120.77718646077099,
            24.606267139832347
          ],
          [
            120.77717504087043,
            24.606263664890584
          ],
          [
            120.77717261277753,
            24.606262929961986
          ],
          [
            120.7771638874507,
            24.606260280630615
          ],
          [
            120.77715137192386,
            24.60625648805647
          ],
          [
            120.77680374096906,
            24.606150958819995
          ],
          [
            120.77662370906337,
            24.606106522784124
          ],
          [
            120.77657899230749,
            24.606095486404374
          ],
          [
            120.77646990518912,
            24.60606855400295
          ],
          [
            120.77643292469473,
            24.60606101419096
          ],
          [
            120.77642940039254,
            24.6060602956797
          ],
          [
            120.77628212016326,
            24.606030254666052
          ],
          [
            120.77627876368284,
            24.606029572516007
          ],
          [
            120.77610381234929,
            24.605993892330858
          ],
          [
            120.77609213379564,
            24.605991509408682
          ],
          [
            120.77539344524206,
            24.605893146807084
          ],
          [
            120.77534717557896,
            24.605889114103228
          ],
          [
            120.77529468528594,
            24.605884539398243
          ],
          [
            120.77504755832811,
            24.60586301573914
          ],
          [
            120.77469305872485,
            24.605850197275533
          ],
          [
            120.77431899065215,
            24.605856724467994
          ],
          [
            120.77431672907525,
            24.605856766220946
          ],
          [
            120.77431312439417,
            24.605856824017565
          ],
          [
            120.77429519969533,
            24.60585714023376
          ],
          [
            120.77429160488974,
            24.605857198044678
          ],
          [
            120.77427393697074,
            24.605857505614612
          ],
          [
            120.77427034214894,
            24.605857572453793
          ],
          [
            120.77426125635535,
            24.605857730374463
          ],
          [
            120.7739894923324,
            24.60586246895574
          ],
          [
            120.77318616683223,
            24.60594928240505
          ],
          [
            120.77263937355345,
            24.606049417582273
          ],
          [
            120.77263436498929,
            24.60605033095499
          ],
          [
            120.77263092715842,
            24.606050957778436
          ],
          [
            120.77260403695709,
            24.60605588300034
          ],
          [
            120.77260058923406,
            24.60605651883694
          ],
          [
            120.77258253071987,
            24.60605982318333
          ],
          [
            120.77257905337,
            24.606060458974685
          ],
          [
            120.77255288432418,
            24.606065249844914
          ],
          [
            120.77237446253007,
            24.606097926244022
          ],
          [
            120.77237331659106,
            24.606098132173596
          ],
          [
            120.77237003681537,
            24.606098732143682
          ],
          [
            120.7723438578784,
            24.606103522962464
          ],
          [
            120.77234055833502,
            24.606104131930806
          ],
          [
            120.77229851397361,
            24.606111824077786
          ],
          [
            120.77229523419723,
            24.606112424046213
          ],
          [
            120.7722856121953,
            24.606114188164646
          ],
          [
            120.77203834454347,
            24.606159463524705
          ],
          [
            120.7713525243642,
            24.60630664017245
          ],
          [
            120.7707791790662,
            24.60643034759726
          ],
          [
            120.76984662202797,
            24.606616254184388
          ],
          [
            120.76922846433372,
            24.60675282542999
          ],
          [
            120.76908792292518,
            24.606796643373848
          ],
          [
            120.76908498818212,
            24.606797559809745
          ],
          [
            120.76908182616765,
            24.60679854812736
          ],
          [
            120.76907121367593,
            24.6068018544462
          ],
          [
            120.76906805166126,
            24.606802842763525
          ],
          [
            120.76905428702953,
            24.60680713741357
          ],
          [
            120.76905112503115,
            24.606808116701746
          ],
          [
            120.76904586819572,
            24.606809751878377
          ],
          [
            120.76882097004578,
            24.60687988548229
          ],
          [
            120.768370638011,
            24.60705325949115
          ],
          [
            120.76782491853528,
            24.607321440994227
          ],
          [
            120.7675650005,
            24.607476642276726
          ],
          [
            120.76718373682338,
            24.607734520638502
          ],
          [
            120.76665789459014,
            24.608171513106637
          ],
          [
            120.76586988192012,
            24.608971821476484
          ],
          [
            120.76521925672822,
            24.609637395472312
          ],
          [
            120.76505350421878,
            24.60980460304642
          ],
          [
            120.76492739448477,
            24.60992346894504
          ],
          [
            120.76478748396431,
            24.610049725812686
          ],
          [
            120.7646860038335,
            24.6101423922938
          ],
          [
            120.76453277088541,
            24.610263030228232
          ],
          [
            120.7644259285557,
            24.6103500090222
          ],
          [
            120.76429166149208,
            24.610447093160367
          ],
          [
            120.76414057977546,
            24.61055244829325
          ],
          [
            120.7641228117557,
            24.61056364324597
          ],
          [
            120.76412003332878,
            24.61056539950749
          ],
          [
            120.76410125676222,
            24.61057723392177
          ],
          [
            120.76409848824441,
            24.61057897214081
          ],
          [
            120.76407363078546,
            24.61059464328906
          ],
          [
            120.76407083258843,
            24.610596408547465
          ],
          [
            120.76392090658958,
            24.610690921676174
          ],
          [
            120.76373890163157,
            24.61079685087204
          ],
          [
            120.76360787254131,
            24.61087309196875
          ],
          [
            120.76344333878156,
            24.610957397178883
          ],
          [
            120.76325607079367,
            24.611046713543473
          ],
          [
            120.76301994624356,
            24.611146462267698
          ],
          [
            120.76283232845502,
            24.611216717749596
          ],
          [
            120.76260895774563,
            24.611298329004104
          ],
          [
            120.76233059818954,
            24.611384683496286
          ],
          [
            120.7620165198613,
            24.61146420035845
          ],
          [
            120.76179494086684,
            24.611511819797173
          ],
          [
            120.76145563293598,
            24.611568281133902
          ],
          [
            120.76121684932939,
            24.61160041513985
          ],
          [
            120.76119398181378,
            24.61160282565764
          ],
          [
            120.761190149166,
            24.61160322587151
          ],
          [
            120.7611297058114,
            24.611609603589038
          ],
          [
            120.76112587314609,
            24.611610012830038
          ],
          [
            120.76110416135576,
            24.611612298765483
          ],
          [
            120.76106338506472,
            24.611616594937512
          ],
          [
            120.76105955239898,
            24.61161700417683
          ],
          [
            120.7610051049815,
            24.611622741290898
          ],
          [
            120.76100132171243,
            24.611623141578377
          ],
          [
            120.7610007092821,
            24.61162320380731
          ],
          [
            120.76099778539408,
            24.611623515171566
          ],
          [
            120.76099687663314,
            24.611623604016245
          ],
          [
            120.76097990624834,
            24.611625400880087
          ],
          [
            120.76086804798487,
            24.611637195358462
          ],
          [
            120.76086415606208,
            24.611637604498615
          ],
          [
            120.76084188121195,
            24.61163995270298
          ],
          [
            120.76079893174314,
            24.611644480098303
          ],
          [
            120.7607950496959,
            24.611644889252354
          ],
          [
            120.76073957494782,
            24.611650732982774
          ],
          [
            120.76073376669034,
            24.61165134673509
          ],
          [
            120.76072988464269,
            24.611651755887475
          ],
          [
            120.76066630992369,
            24.611658462505215
          ],
          [
            120.76066242787562,
            24.611658871655855
          ],
          [
            120.76053711574387,
            24.611672080068658
          ],
          [
            120.7601079662315,
            24.611717425378355
          ],
          [
            120.7595013737174,
            24.611778475985954
          ],
          [
            120.75877497241979,
            24.611850997346423
          ],
          [
            120.7580585470838,
            24.611922483893338
          ],
          [
            120.75805551456351,
            24.611922785996867
          ],
          [
            120.75793349261897,
            24.61193495921591
          ],
          [
            120.75737377989388,
            24.611975364574043
          ],
          [
            120.75699502611087,
            24.611989804432334
          ],
          [
            120.75680095138944,
            24.61199026738553
          ],
          [
            120.75679574670403,
            24.611990277031623
          ],
          [
            120.75679258635004,
            24.611990289981545
          ],
          [
            120.75677024666994,
            24.61199034416297
          ],
          [
            120.75676704682942,
            24.611990348019745
          ],
          [
            120.75674223813262,
            24.611990407234988
          ],
          [
            120.75674173445678,
            24.611990406420787
          ],
          [
            120.75673902839864,
            24.611990420103957
          ],
          [
            120.75661559722667,
            24.6119907171065
          ],
          [
            120.7561902749551,
            24.611970986875406
          ],
          [
            120.75597990254556,
            24.611952263256374
          ],
          [
            120.75575885901844,
            24.611925982978736
          ],
          [
            120.75541161917411,
            24.6118746320098
          ],
          [
            120.75521251616527,
            24.61184038707628
          ],
          [
            120.75499775224635,
            24.611794803300732
          ],
          [
            120.7546187168583,
            24.61170570350945
          ],
          [
            120.75424028188816,
            24.611597697445912
          ],
          [
            120.75391196181506,
            24.611492959559445
          ],
          [
            120.75327232315479,
            24.611276774036526
          ],
          [
            120.75268095207865,
            24.611074849375214
          ],
          [
            120.75204277766386,
            24.61085950975372
          ],
          [
            120.75124126595719,
            24.61056511224611
          ],
          [
            120.75087452953606,
            24.610407702474692
          ],
          [
            120.75059322130618,
            24.610274775051355
          ],
          [
            120.75020906253772,
            24.61006415517499
          ],
          [
            120.7498649767581,
            24.609860778824636
          ],
          [
            120.74877935758565,
            24.60914663454011
          ],
          [
            120.74750958622752,
            24.608305391221794
          ],
          [
            120.74717373379805,
            24.60808351350611
          ],
          [
            120.74714000364393,
            24.60806122793888
          ],
          [
            120.74704572693393,
            24.607998942355263
          ],
          [
            120.74702462093,
            24.607985011560075
          ],
          [
            120.74692347998645,
            24.607918181905312
          ],
          [
            120.7469224641366,
            24.607917512066066
          ],
          [
            120.7465010758213,
            24.60763913123689
          ],
          [
            120.74650063199937,
            24.60763884156781
          ],
          [
            120.74602347311972,
            24.607323600190256
          ],
          [
            120.74592673187827,
            24.60725969359284
          ],
          [
            120.74586868242265,
            24.607220771753536
          ],
          [
            120.74550010960056,
            24.606973671794655
          ],
          [
            120.74547895507429,
            24.60695948789461
          ],
          [
            120.74546038445052,
            24.60694704189087
          ],
          [
            120.74487898701095,
            24.60655725035054
          ],
          [
            120.74475953438701,
            24.606482966530457
          ],
          [
            120.74472016072743,
            24.6064584768529
          ],
          [
            120.7444085648607,
            24.606264695621466
          ],
          [
            120.74413133652986,
            24.606105082977077
          ],
          [
            120.74387024022221,
            24.6059723398954
          ],
          [
            120.74366095040514,
            24.60586923586251
          ],
          [
            120.74338071018371,
            24.605754020341873
          ],
          [
            120.7431086183839,
            24.605653020509365
          ],
          [
            120.74272043409042,
            24.605535759554108
          ],
          [
            120.74231556666318,
            24.605434982712012
          ],
          [
            120.74197540184147,
            24.605369040476877
          ],
          [
            120.74158306835764,
            24.605315955212056
          ],
          [
            120.74121123546978,
            24.605287489593902
          ],
          [
            120.74083145879746,
            24.605280172882903
          ],
          [
            120.74046476913122,
            24.605291070808832
          ],
          [
            120.74007627041989,
            24.605313414810926
          ],
          [
            120.73986830280612,
            24.605327528686942
          ],
          [
            120.73983926476815,
            24.605329500948365
          ],
          [
            120.73981435526971,
            24.60533119141955
          ],
          [
            120.73979500645846,
            24.605332503261657
          ],
          [
            120.73978923836728,
            24.605332890556834
          ],
          [
            120.73876300004335,
            24.605402530655937
          ],
          [
            120.73739926093987,
            24.60548367387325
          ],
          [
            120.73604729258965,
            24.605569141128452
          ],
          [
            120.7352803467348,
            24.605617795649184
          ],
          [
            120.73487912578733,
            24.60563112019507
          ],
          [
            120.73458281761076,
            24.605632611388245
          ],
          [
            120.73440752561493,
            24.60563334951059
          ],
          [
            120.73417723204983,
            24.605622343153936
          ],
          [
            120.73394938661208,
            24.605607160440748
          ],
          [
            120.73366425635577,
            24.605581240106574
          ],
          [
            120.73329052227159,
            24.60552777791862
          ],
          [
            120.73305851307789,
            24.605487712152073
          ],
          [
            120.73305549227655,
            24.605487192153223
          ],
          [
            120.73288547865104,
            24.605457835865927
          ],
          [
            120.73244134443695,
            24.605352547742843
          ],
          [
            120.73204805024744,
            24.60523785956693
          ],
          [
            120.73145135467512,
            24.605024574314488
          ],
          [
            120.73100453453104,
            24.604832727152687
          ],
          [
            120.73062069480007,
            24.604639303013816
          ],
          [
            120.73017044466526,
            24.60438572640873
          ],
          [
            120.72960160249445,
            24.604035751717838
          ],
          [
            120.72879841908039,
            24.603530969482527
          ],
          [
            120.72810508514323,
            24.603053630338717
          ],
          [
            120.72743759568557,
            24.602528166185603
          ],
          [
            120.72688116572968,
            24.602040433324564
          ],
          [
            120.72637694403868,
            24.601578254518206
          ],
          [
            120.72637392824876,
            24.60157548622481
          ],
          [
            120.72636862597788,
            24.60157061909445
          ],
          [
            120.72636779809443,
            24.601569868199494
          ],
          [
            120.72634488395174,
            24.60154886168106
          ],
          [
            120.72634387866924,
            24.60154794794515
          ],
          [
            120.72634295225052,
            24.601547097554167
          ],
          [
            120.72632713410671,
            24.601532595637174
          ],
          [
            120.7263261781217,
            24.60153171810596
          ],
          [
            120.72632028452364,
            24.601526308171078
          ],
          [
            120.72631937779664,
            24.601525484902147
          ],
          [
            120.7262997554306,
            24.60150749095059
          ],
          [
            120.72593419406971,
            24.601145502451548
          ],
          [
            120.72541896017259,
            24.600632910668697
          ],
          [
            120.7246216494488,
            24.59984024274208
          ],
          [
            120.72351301172222,
            24.59875009613717
          ],
          [
            120.72309412296445,
            24.59833377581061
          ],
          [
            120.7230936992775,
            24.598333350677805
          ],
          [
            120.72250134574634,
            24.597744611614775
          ],
          [
            120.72249296060275,
            24.597736271606454
          ],
          [
            120.7224922905662,
            24.597735611269083
          ],
          [
            120.72247901816931,
            24.5977224228152
          ],
          [
            120.72247679131108,
            24.597720215683363
          ],
          [
            120.72246456338166,
            24.597708058436623
          ],
          [
            120.72216932985754,
            24.597414619662743
          ],
          [
            120.72200151047905,
            24.59725188178047
          ],
          [
            120.72178148858805,
            24.597019724131876
          ],
          [
            120.72154834878897,
            24.59676302870947
          ],
          [
            120.72139244605387,
            24.596584213836856
          ],
          [
            120.72112033017746,
            24.596270446805466
          ],
          [
            120.72090637036156,
            24.596009081904786
          ],
          [
            120.72061210654775,
            24.59562920013263
          ],
          [
            120.72028489693436,
            24.595185179178884
          ],
          [
            120.72003416068766,
            24.59482916801227
          ],
          [
            120.71970264053938,
            24.5943449776532
          ],
          [
            120.71917491673167,
            24.593567842419922
          ],
          [
            120.71879290341305,
            24.593013573595712
          ],
          [
            120.7183207469515,
            24.59232357673596
          ],
          [
            120.71782663505708,
            24.59159828877907
          ],
          [
            120.71743970789142,
            24.591012505756957
          ],
          [
            120.71707082491797,
            24.59040904111153
          ],
          [
            120.71675785063535,
            24.58984198553672
          ],
          [
            120.71655817097715,
            24.589452603750455
          ],
          [
            120.71642929335306,
            24.589189144351376
          ],
          [
            120.71632235286242,
            24.5889668433448
          ],
          [
            120.71606869728816,
            24.58839202489189
          ],
          [
            120.71549440373522,
            24.586916238883806
          ],
          [
            120.7149886907991,
            24.585591903136788
          ],
          [
            120.71497094709149,
            24.585539664982335
          ],
          [
            120.71492737591443,
            24.585433891274125
          ],
          [
            120.71491749094696,
            24.58540823977352
          ],
          [
            120.71444890673332,
            24.58419229095096
          ],
          [
            120.71393418179609,
            24.58284586784114
          ],
          [
            120.71280728979013,
            24.579912040651454
          ],
          [
            120.7120429892818,
            24.57790530863804
          ],
          [
            120.71187096569882,
            24.577456617684174
          ],
          [
            120.71180933097405,
            24.577264863136957
          ],
          [
            120.7117447326165,
            24.577056652384524
          ],
          [
            120.71166472450342,
            24.57677415910858
          ],
          [
            120.71159362718575,
            24.576450755209486
          ],
          [
            120.71154524859172,
            24.57614453146668
          ],
          [
            120.71151383506029,
            24.57581124470108
          ],
          [
            120.71148809847763,
            24.575430648745684
          ],
          [
            120.71148988110653,
            24.57503593022542
          ],
          [
            120.71152942350949,
            24.574453538700517
          ],
          [
            120.71161692728154,
            24.573608608574936
          ],
          [
            120.71161812684231,
            24.573593514681395
          ],
          [
            120.71162835327316,
            24.573464972864187
          ],
          [
            120.71163622514386,
            24.573385967682984
          ],
          [
            120.71164143949191,
            24.57333358160412
          ],
          [
            120.711703606117,
            24.572709440579118
          ],
          [
            120.7117202387961,
            24.572365618713633
          ],
          [
            120.71171898903305,
            24.572139435270866
          ],
          [
            120.71170435715041,
            24.571828869915347
          ],
          [
            120.71168013003496,
            24.571560974464983
          ],
          [
            120.7116299451105,
            24.571294076665676
          ],
          [
            120.71152464942962,
            24.57085944417473
          ],
          [
            120.7114304953194,
            24.57056515893099
          ],
          [
            120.71127033879519,
            24.57018628249311
          ],
          [
            120.71106609061462,
            24.569807908202336
          ],
          [
            120.7110574492169,
            24.56979190158065
          ],
          [
            120.71104441342109,
            24.56976774253019
          ],
          [
            120.71104327299696,
            24.56976564565552
          ],
          [
            120.71103136775764,
            24.569743583459633
          ],
          [
            120.71103023720656,
            24.569741486603796
          ],
          [
            120.7109171817282,
            24.569532044753988
          ],
          [
            120.71084885882135,
            24.569426222216528
          ],
          [
            120.71084382193848,
            24.569418411644662
          ],
          [
            120.71083674861268,
            24.56940746416178
          ],
          [
            120.70961214073336,
            24.56751057226187
          ],
          [
            120.70960914032284,
            24.56750592566215
          ],
          [
            120.70960587429202,
            24.567500872253223
          ],
          [
            120.70879644113866,
            24.566247047812677
          ],
          [
            120.70864060500855,
            24.56599937472726
          ],
          [
            120.70863794922077,
            24.565995153129094
          ],
          [
            120.70863562786164,
            24.565991464878433
          ],
          [
            120.70805853879114,
            24.565074319046165
          ],
          [
            120.70805552916671,
            24.56506943764744
          ],
          [
            120.7064211677851,
            24.562419560121707
          ],
          [
            120.70618002728217,
            24.56207830593883
          ],
          [
            120.7060436819265,
            24.56185476605941
          ],
          [
            120.70520070496633,
            24.56051692443211
          ],
          [
            120.70519796087731,
            24.56051256716675
          ],
          [
            120.70519562001698,
            24.560508860766102
          ],
          [
            120.70412146428417,
            24.55880408023073
          ],
          [
            120.703531453553,
            24.55785993120934
          ],
          [
            120.70353114869762,
            24.557859434023722
          ],
          [
            120.70352715577187,
            24.55785305181162
          ],
          [
            120.70343970531279,
            24.55771309533484
          ],
          [
            120.70329200760062,
            24.557476763797656
          ],
          [
            120.70278776383229,
            24.556670994034015
          ],
          [
            120.70278741962392,
            24.55667044259624
          ],
          [
            120.70275344104512,
            24.556616139369364
          ],
          [
            120.70275308696542,
            24.556615587912063
          ],
          [
            120.702719108416,
            24.556561284677333
          ],
          [
            120.70271876420824,
            24.556560733239408
          ],
          [
            120.70159295428135,
            24.554761688718944
          ],
          [
            120.70159275757847,
            24.55476138134903
          ],
          [
            120.70156786691528,
            24.55472160518299
          ],
          [
            120.69934176450755,
            24.55116412551514
          ],
          [
            120.69930949009093,
            24.551112551603744
          ],
          [
            120.6993016919311,
            24.551100085276985
          ],
          [
            120.69900321150071,
            24.550634459133274
          ],
          [
            120.6988026107741,
            24.55030725954607
          ],
          [
            120.69825872380049,
            24.549455519546456
          ],
          [
            120.69819166918008,
            24.549340123115222
          ],
          [
            120.6981776900321,
            24.549316078407287
          ],
          [
            120.69816370106156,
            24.549292015620676
          ],
          [
            120.69815630848672,
            24.549279279180084
          ],
          [
            120.69812329730088,
            24.54922249389149
          ],
          [
            120.69776139577095,
            24.548599708588746
          ],
          [
            120.69763458834169,
            24.548333798651683
          ],
          [
            120.69763439191806,
            24.548333382930945
          ],
          [
            120.69754884561132,
            24.548153979757487
          ],
          [
            120.69736489878787,
            24.547693536837254
          ],
          [
            120.69723523592984,
            24.54731432686453
          ],
          [
            120.69703715663442,
            24.546541384832977
          ],
          [
            120.69703695127704,
            24.546540580853033
          ],
          [
            120.69703370458751,
            24.54652790685828
          ],
          [
            120.69703349923022,
            24.54652710287835
          ],
          [
            120.69703025254134,
            24.54651442888349
          ],
          [
            120.69703004718407,
            24.546513624903557
          ],
          [
            120.69674718571446,
            24.54540985761221
          ],
          [
            120.69627447319722,
            24.543606206351754
          ],
          [
            120.69624858335845,
            24.543511558948936
          ],
          [
            120.69550457473488,
            24.540386717102354
          ],
          [
            120.69458090091615,
            24.53680731927936
          ],
          [
            120.69457520009699,
            24.536785232181177
          ],
          [
            120.6945694992579,
            24.536763154111558
          ],
          [
            120.69398883896658,
            24.534512906777916
          ],
          [
            120.69384770716813,
            24.534000909799985
          ],
          [
            120.69362768077484,
            24.533202691069363
          ],
          [
            120.69361033590802,
            24.53313911072115
          ],
          [
            120.69359232749754,
            24.533072405037004
          ],
          [
            120.69359172098567,
            24.53307017367647
          ],
          [
            120.6935829172987,
            24.53303757063613
          ],
          [
            120.6935650067374,
            24.53297122630123
          ],
          [
            120.69341113887745,
            24.532401336993864
          ],
          [
            120.69326051754385,
            24.53170227817547
          ],
          [
            120.69313704317632,
            24.530977289314354
          ],
          [
            120.69294088457242,
            24.529723160274475
          ],
          [
            120.69294072914185,
            24.529722139696485
          ],
          [
            120.69293782326676,
            24.529703588495195
          ],
          [
            120.69293766781428,
            24.52970257694602
          ],
          [
            120.69293517978437,
            24.529686717196594
          ],
          [
            120.69293502435386,
            24.52968569661859
          ],
          [
            120.69285008575294,
            24.52914261809713
          ],
          [
            120.69262273918278,
            24.527732902666735
          ],
          [
            120.69261485414899,
            24.527684004320015
          ],
          [
            120.69244302801498,
            24.5266184194063
          ],
          [
            120.69191818809828,
            24.523333765611554
          ],
          [
            120.69191812005052,
            24.523333341115677
          ],
          [
            120.69189532517524,
            24.523190683552517
          ],
          [
            120.69189520850959,
            24.5231899610046
          ],
          [
            120.69189243809738,
            24.523172637972625
          ],
          [
            120.69188985253129,
            24.523156407811427
          ],
          [
            120.69188951227135,
            24.523154294360765
          ],
          [
            120.6915692135347,
            24.5211496095549
          ],
          [
            120.69155409011019,
            24.521054387229153
          ],
          [
            120.69155195182411,
            24.521040929836758
          ],
          [
            120.69155144642914,
            24.521037741611316
          ],
          [
            120.69155139776862,
            24.521037461616775
          ],
          [
            120.69154968711813,
            24.521026704731646
          ],
          [
            120.69154861801957,
            24.52101995797773
          ],
          [
            120.69154857920581,
            24.521019687032194
          ],
          [
            120.69154766547268,
            24.521013978916326
          ],
          [
            120.69154577018183,
            24.521002047900122
          ],
          [
            120.69154573136807,
            24.521001776954584
          ],
          [
            120.69154411792927,
            24.52099162520257
          ],
          [
            120.69151390998876,
            24.520801451485887
          ],
          [
            120.6914825344929,
            24.520572153260975
          ],
          [
            120.69143326962528,
            24.520030708311285
          ],
          [
            120.69141904672618,
            24.519276127108025
          ],
          [
            120.69145675704482,
            24.517796642236416
          ],
          [
            120.69143733391402,
            24.517114561101526
          ],
          [
            120.69137746398502,
            24.516547966845312
          ],
          [
            120.69130353501282,
            24.51603263683431
          ],
          [
            120.69103694021776,
            24.51498263750383
          ],
          [
            120.69039802601073,
            24.512600538546266
          ],
          [
            120.6903680050584,
            24.512488545900833
          ],
          [
            120.68960437181055,
            24.509641316871924
          ],
          [
            120.68960428381979,
            24.5096409826222
          ],
          [
            120.68959731183836,
            24.509614974122588
          ],
          [
            120.68959722382544,
            24.509614648901703
          ],
          [
            120.68959024197895,
            24.509588640381427
          ],
          [
            120.68959015398823,
            24.50958830613169
          ],
          [
            120.68898742321637,
            24.507340886032146
          ],
          [
            120.68887962903455,
            24.50699148970275
          ],
          [
            120.68877844284054,
            24.50665974032859
          ],
          [
            120.68867929198993,
            24.506383233818955
          ],
          [
            120.68858370485108,
            24.506162370606745
          ],
          [
            120.68845183357337,
            24.50584983436696
          ],
          [
            120.68785959247765,
            24.504704181093803
          ],
          [
            120.6874278779893,
            24.50391312446987
          ],
          [
            120.68742762257355,
            24.503912663467585
          ],
          [
            120.68741463653586,
            24.503888872538283
          ],
          [
            120.6874143909877,
            24.5038884115564
          ],
          [
            120.68740140495494,
            24.50386462062593
          ],
          [
            120.68740115940689,
            24.503864159644024
          ],
          [
            120.68718032899054,
            24.503459523901824
          ],
          [
            120.68714211771976,
            24.503389515954893
          ],
          [
            120.68709539989474,
            24.503303897471326
          ],
          [
            120.68706591147102,
            24.503249870664014
          ],
          [
            120.68700204292523,
            24.503132841200355
          ],
          [
            120.68619957566132,
            24.501632496614988
          ],
          [
            120.68546803790306,
            24.50027303780455
          ],
          [
            120.68514397982443,
            24.49969382692629
          ],
          [
            120.68489933245,
            24.499226703261595
          ],
          [
            120.68472945327089,
            24.498940313237195
          ],
          [
            120.68461399837565,
            24.49877715202181
          ],
          [
            120.68431838472789,
            24.498410227454183
          ],
          [
            120.68399716300353,
            24.498039279612136
          ],
          [
            120.68321755042273,
            24.497167679376783
          ],
          [
            120.68259463021974,
            24.496479744433024
          ],
          [
            120.68168570239222,
            24.495485637501552
          ],
          [
            120.68102351328471,
            24.494797613280898
          ],
          [
            120.67957014623944,
            24.493173233332513
          ],
          [
            120.67910771930298,
            24.492726483853914
          ],
          [
            120.6780381752802,
            24.49157743156574
          ],
          [
            120.67705514795914,
            24.490399798749436
          ],
          [
            120.67668699259868,
            24.489964027512166
          ],
          [
            120.67634000037783,
            24.489483856856157
          ],
          [
            120.67625522273552,
            24.489366538698018
          ],
          [
            120.67596818591325,
            24.488929016389154
          ],
          [
            120.67520855978822,
            24.48762485721551
          ],
          [
            120.67514841394014,
            24.487521590704517
          ],
          [
            120.67514784418229,
            24.487520623386427
          ],
          [
            120.67494022213963,
            24.48716233416405
          ],
          [
            120.674868037782,
            24.487044559268725
          ],
          [
            120.6748676939056,
            24.487043998736475
          ],
          [
            120.6747568680251,
            24.486863182056357
          ],
          [
            120.67474893929739,
            24.486850235592666
          ],
          [
            120.67474049966816,
            24.486836457369197
          ],
          [
            120.67472831666886,
            24.48681659463158
          ],
          [
            120.67469795755835,
            24.486767050856336
          ],
          [
            120.67469563839315,
            24.48676345235775
          ],
          [
            120.67469096080758,
            24.48675617401579
          ],
          [
            120.67467366552692,
            24.486729266746913
          ],
          [
            120.67465637023037,
            24.486702368504883
          ],
          [
            120.67458656017111,
            24.486593808069024
          ],
          [
            120.67457742119733,
            24.486579594942224
          ],
          [
            120.67447215609552,
            24.48641588174579
          ],
          [
            120.6741598388076,
            24.48600381533473
          ],
          [
            120.6738010816977,
            24.485558150755775
          ],
          [
            120.67333914879823,
            24.48505865762616
          ],
          [
            120.6725843768106,
            24.484315127404116
          ],
          [
            120.67257523460802,
            24.484306123827096
          ],
          [
            120.67255475571238,
            24.484285944977113
          ],
          [
            120.67253975819479,
            24.48427116826358
          ],
          [
            120.6725251346278,
            24.48425676254435
          ],
          [
            120.67250614169359,
            24.48423805862079
          ],
          [
            120.67239618955878,
            24.484129735174434
          ],
          [
            120.67182164851643,
            24.48355006927172
          ],
          [
            120.6714881158712,
            24.483194842365457
          ],
          [
            120.67120410306178,
            24.482861951677247
          ],
          [
            120.67081064400794,
            24.482372053084404
          ],
          [
            120.66986640184841,
            24.481166863561707
          ],
          [
            120.669694098305,
            24.480947030296623
          ],
          [
            120.66969279053134,
            24.48094535708932
          ],
          [
            120.66968260356849,
            24.4809323602752
          ],
          [
            120.66968129579513,
            24.48093068706778
          ],
          [
            120.66966868991832,
            24.480914606106143
          ],
          [
            120.66966745094571,
            24.480913032367035
          ],
          [
            120.66785958398633,
            24.478606362808176
          ],
          [
            120.66785865973516,
            24.478605177989138
          ],
          [
            120.66785808943285,
            24.47860445442261
          ],
          [
            120.6678471456915,
            24.478590507784688
          ],
          [
            120.66784658525484,
            24.478589784239805
          ],
          [
            120.6678356514052,
            24.478575828593865
          ],
          [
            120.66783508110316,
            24.478575105027247
          ],
          [
            120.66638248043904,
            24.47672218775705
          ],
          [
            120.66622644839093,
            24.476520561635915
          ],
          [
            120.66603140680631,
            24.476271239683776
          ],
          [
            120.66597298392551,
            24.476196567845765
          ],
          [
            120.66597224653047,
            24.476195618179887
          ],
          [
            120.66596141145972,
            24.47618177096274
          ],
          [
            120.66596073304216,
            24.476180902687396
          ],
          [
            120.66594982913134,
            24.47616697405702
          ],
          [
            120.66594924905704,
            24.476166223374893
          ],
          [
            120.66589844624771,
            24.476101274434512
          ],
          [
            120.66589776780718,
            24.476100415187734
          ],
          [
            120.66584754512355,
            24.476036216912565
          ],
          [
            120.66584719114145,
            24.47603577371305
          ],
          [
            120.6657473162053,
            24.475908100686876
          ],
          [
            120.66570403515718,
            24.475852775082096
          ],
          [
            120.66503106733613,
            24.47499347483652
          ],
          [
            120.66467883460338,
            24.47454797449379
          ],
          [
            120.66420933131401,
            24.473948378146925
          ],
          [
            120.6639458482108,
            24.473596883686486
          ],
          [
            120.66380879129393,
            24.473400181891133
          ],
          [
            120.66376562062754,
            24.473333651090588
          ],
          [
            120.66376536519101,
            24.47333325325001
          ],
          [
            120.66365691803419,
            24.473166112432917
          ],
          [
            120.66349553872345,
            24.472904808503724
          ],
          [
            120.66335209823245,
            24.47263478631587
          ],
          [
            120.66328770010934,
            24.4725008704396
          ],
          [
            120.66328753338897,
            24.472500499882603
          ],
          [
            120.66328476668453,
            24.472494769385953
          ],
          [
            120.66328464902499,
            24.47249449825635
          ],
          [
            120.66328171555242,
            24.472488415260365
          ],
          [
            120.66328156839394,
            24.47248810794936
          ],
          [
            120.66322495035999,
            24.472370371138023
          ],
          [
            120.66311878268121,
            24.472125712741846
          ],
          [
            120.66298442362469,
            24.471768978674714
          ],
          [
            120.66288832690947,
            24.471465853248443
          ],
          [
            120.66287568633392,
            24.471411615439795
          ],
          [
            120.66287551066492,
            24.471410901763566
          ],
          [
            120.66286804924246,
            24.471378877611713
          ],
          [
            120.66286790292786,
            24.47137825429011
          ],
          [
            120.66286239217757,
            24.47135461332347
          ],
          [
            120.66286070478395,
            24.471347386426363
          ],
          [
            120.66271159320014,
            24.470707788375762
          ],
          [
            120.66269026095894,
            24.47057981004434
          ],
          [
            120.66269018321888,
            24.47057936745392
          ],
          [
            120.66268638668531,
            24.470556606109973
          ],
          [
            120.66268633820307,
            24.470556289989663
          ],
          [
            120.66268407585082,
            24.470542714478235
          ],
          [
            120.66268401750372,
            24.470542398335915
          ],
          [
            120.66243650892397,
            24.469058051450208
          ],
          [
            120.66232955374304,
            24.468425977822797
          ],
          [
            120.66232950526243,
            24.46842566170231
          ],
          [
            120.66232721331733,
            24.468412113203012
          ],
          [
            120.66232715506837,
            24.46841176094502
          ],
          [
            120.6623253195156,
            24.468400931170002
          ],
          [
            120.66232526126664,
            24.468400578912004
          ],
          [
            120.66216935118828,
            24.467479190409588
          ],
          [
            120.66202225410984,
            24.466568240736162
          ],
          [
            120.66202043944558,
            24.46655699567161
          ],
          [
            120.66201862478167,
            24.466545750606993
          ],
          [
            120.66183808962619,
            24.465427728816753
          ],
          [
            120.6617082292735,
            24.46466855727724
          ],
          [
            120.66170814186883,
            24.464668042433004
          ],
          [
            120.66170430532559,
            24.464645615030307
          ],
          [
            120.66170420817717,
            24.464645055019645
          ],
          [
            120.66170199368541,
            24.46463210258756
          ],
          [
            120.66170190630494,
            24.464631578714446
          ],
          [
            120.66169441782513,
            24.464587780705617
          ],
          [
            120.66169248489177,
            24.46457651731211
          ],
          [
            120.66169056182315,
            24.46456525394066
          ],
          [
            120.66159655266299,
            24.464015624476755
          ],
          [
            120.66149904543008,
            24.4633689261499
          ],
          [
            120.66116626334605,
            24.461381067543844
          ],
          [
            120.66116621477418,
            24.461380787538246
          ],
          [
            120.66116239918607,
            24.46135797191689
          ],
          [
            120.66116235066254,
            24.46135767385355
          ],
          [
            120.66115853502744,
            24.461334876289783
          ],
          [
            120.66115848647978,
            24.46133458725531
          ],
          [
            120.66115103961248,
            24.46129012115652
          ],
          [
            120.66093813977758,
            24.460210912692936
          ],
          [
            120.66082372750206,
            24.459705722257674
          ],
          [
            120.66070228212114,
            24.45924138988694
          ],
          [
            120.6605511887771,
            24.458757786298335
          ],
          [
            120.660295514311,
            24.458029480272295
          ],
          [
            120.66002029100717,
            24.45730909332733
          ],
          [
            120.65982607049624,
            24.45687595396176
          ],
          [
            120.65981930490462,
            24.45686088751063
          ],
          [
            120.65981200989526,
            24.45684461902011
          ],
          [
            120.65980239109014,
            24.456823162693773
          ],
          [
            120.65963993097131,
            24.45647907465714
          ],
          [
            120.65944103261336,
            24.456091809273353
          ],
          [
            120.65916992867044,
            24.455574093372643
          ],
          [
            120.65885333943251,
            24.45503295261418
          ],
          [
            120.65869137143414,
            24.454771596743715
          ],
          [
            120.65869111609899,
            24.45477118083641
          ],
          [
            120.65867359547093,
            24.45474290781133
          ],
          [
            120.65857544470497,
            24.45458453541422
          ],
          [
            120.65857521881539,
            24.45458417374682
          ],
          [
            120.65856205872183,
            24.45456294409408
          ],
          [
            120.65822691815826,
            24.4540667693374
          ],
          [
            120.65805852251616,
            24.453837965612898
          ],
          [
            120.65805549563217,
            24.453833850602752
          ],
          [
            120.65762658340964,
            24.453251046482475
          ],
          [
            120.6563288365048,
            24.451643209347328
          ],
          [
            120.65613344404088,
            24.451398911653698
          ],
          [
            120.65541374195678,
            24.450506090280076
          ],
          [
            120.65537192435785,
            24.45045422306319
          ],
          [
            120.6553240710778,
            24.4503948661184
          ],
          [
            120.65527148957597,
            24.450329629571137
          ],
          [
            120.65521230222382,
            24.45025621578555
          ],
          [
            120.65513617770382,
            24.450161762045628
          ],
          [
            120.65510338439695,
            24.45012108412849
          ],
          [
            120.6550791826396,
            24.450091061888198
          ],
          [
            120.6545078857921,
            24.449387098803207
          ],
          [
            120.65411822729297,
            24.448899521280403
          ],
          [
            120.6538903301109,
            24.44859532058819
          ],
          [
            120.65381361980211,
            24.448495781546857
          ],
          [
            120.65370053774872,
            24.448333588644925
          ],
          [
            120.65370025282878,
            24.44833318169029
          ],
          [
            120.65369944723642,
            24.448332015112587
          ],
          [
            120.65356362117706,
            24.448130078813556
          ],
          [
            120.65343072205873,
            24.447918361729972
          ],
          [
            120.6531640042724,
            24.447480746955865
          ],
          [
            120.65285219962063,
            24.44698791557355
          ],
          [
            120.65200079260255,
            24.445332832308697
          ],
          [
            120.65083085470326,
            24.44279908352532
          ],
          [
            120.650311945246,
            24.441713318203146
          ],
          [
            120.64953057470208,
            24.44004719642537
          ],
          [
            120.64947570351248,
            24.43992058189264
          ],
          [
            120.64940795208204,
            24.439771825600424
          ],
          [
            120.64931956703744,
            24.439548356581
          ],
          [
            120.64926499515133,
            24.43939605621452
          ],
          [
            120.64919690248372,
            24.439204358268938
          ],
          [
            120.64914293352953,
            24.439033865926778
          ],
          [
            120.64908973799963,
            24.438844107586384
          ],
          [
            120.64904488008834,
            24.43867081930755
          ],
          [
            120.6490093334531,
            24.438511403020946
          ],
          [
            120.6489748369568,
            24.43832893825996
          ],
          [
            120.64893221850474,
            24.438077157473025
          ],
          [
            120.6489005915575,
            24.437855739440018
          ],
          [
            120.64887669021935,
            24.437622448203282
          ],
          [
            120.64885970501834,
            24.437427401573686
          ],
          [
            120.64884968752064,
            24.437251963927846
          ],
          [
            120.64884315214486,
            24.43705134359585
          ],
          [
            120.64884371568613,
            24.436783762999262
          ],
          [
            120.64884821612604,
            24.436686441383287
          ],
          [
            120.64884821612604,
            24.436686441383287
          ],
          [
            120.64882495048465,
            24.436334113921585
          ],
          [
            120.64888081360306,
            24.435841389373437
          ],
          [
            120.64890262896239,
            24.435641864103797
          ],
          [
            120.64894576397433,
            24.43542535066956
          ],
          [
            120.64904533098375,
            24.43499113567991
          ],
          [
            120.64912848256579,
            24.434722392224067
          ],
          [
            120.64926938988192,
            24.43423836989077
          ],
          [
            120.64946404050893,
            24.433545180798582
          ],
          [
            120.64974437955036,
            24.432627043779178
          ],
          [
            120.64997248105199,
            24.431853609691597
          ],
          [
            120.65025409015284,
            24.43095494985307
          ],
          [
            120.65039767846805,
            24.430457560464934
          ],
          [
            120.65063917959469,
            24.42963912862666
          ],
          [
            120.65073039604125,
            24.42933632737114
          ],
          [
            120.65091950782858,
            24.42871855998932
          ],
          [
            120.65107735211471,
            24.428192002994127
          ],
          [
            120.65141348783202,
            24.427085655566884
          ],
          [
            120.65158983990113,
            24.42647580319857
          ],
          [
            120.6517954623724,
            24.425832366967757
          ],
          [
            120.65202231289453,
            24.42518223456166
          ],
          [
            120.65234379105804,
            24.42427271834413
          ],
          [
            120.65243077472505,
            24.424097386021515
          ],
          [
            120.65243077472505,
            24.424097386021515
          ],
          [
            120.65246525304761,
            24.42398819665896
          ],
          [
            120.6525288916824,
            24.423785172994332
          ],
          [
            120.65261332727816,
            24.423513793585123
          ],
          [
            120.65265614690256,
            24.423376145953505
          ],
          [
            120.65266881661033,
            24.423333641375155
          ],
          [
            120.65266894599688,
            24.423333206475903
          ],
          [
            120.65279028811315,
            24.42292612500525
          ],
          [
            120.65293493297612,
            24.42245356459951
          ],
          [
            120.6530894229142,
            24.421946797763347
          ],
          [
            120.65321383284176,
            24.421552778776075
          ],
          [
            120.65324073995977,
            24.4214639592528
          ],
          [
            120.6532784933689,
            24.421339364707308
          ],
          [
            120.65331582886462,
            24.421216114508873
          ],
          [
            120.6534081125215,
            24.42091146269829
          ],
          [
            120.65353825817017,
            24.420470984395564
          ],
          [
            120.65366411868307,
            24.420061077267583
          ],
          [
            120.65378431393195,
            24.41966357188323
          ],
          [
            120.65390540381826,
            24.419263161092523
          ],
          [
            120.65406769961852,
            24.418733233450453
          ],
          [
            120.65416587509793,
            24.41840734030796
          ],
          [
            120.65416969451162,
            24.41839528632587
          ],
          [
            120.65418333122899,
            24.418352168017304
          ],
          [
            120.65419563510315,
            24.418313263192896
          ],
          [
            120.65427294944486,
            24.418068781700626
          ],
          [
            120.65436948415274,
            24.417747543591567
          ],
          [
            120.65446114441937,
            24.417459900120093
          ],
          [
            120.65460736488832,
            24.416976199506543
          ],
          [
            120.65465812547072,
            24.41681041692431
          ],
          [
            120.65474527747895,
            24.416522979643812
          ],
          [
            120.65485443743479,
            24.416166900026784
          ],
          [
            120.65494462433098,
            24.41587630937702
          ],
          [
            120.655063284089,
            24.415478419970395
          ],
          [
            120.65517541053333,
            24.41511497917053
          ],
          [
            120.65531137562688,
            24.414672959171522
          ],
          [
            120.65545137555326,
            24.414208095853184
          ],
          [
            120.65557090207076,
            24.41380937724005
          ],
          [
            120.65571035071181,
            24.413354372004942
          ],
          [
            120.65583664037703,
            24.41293726744017
          ],
          [
            120.65596356698465,
            24.412521319896907
          ],
          [
            120.65609298849978,
            24.412104971580387
          ],
          [
            120.6562113320854,
            24.411719197190045
          ],
          [
            120.65630809603645,
            24.41141159177529
          ],
          [
            120.65645829706015,
            24.41090549699262
          ],
          [
            120.6564932379721,
            24.410786673584337
          ],
          [
            120.65650394624066,
            24.41075022078426
          ],
          [
            120.65651388806161,
            24.410716429794654
          ],
          [
            120.65654684851759,
            24.410604319441266
          ],
          [
            120.65676543422755,
            24.409891723985773
          ],
          [
            120.65719336433133,
            24.40849021203121
          ],
          [
            120.65742783728771,
            24.40771537839431
          ],
          [
            120.65759675159335,
            24.407158762156936
          ],
          [
            120.65767977785326,
            24.406889831832444
          ],
          [
            120.6576911072448,
            24.406853145574324
          ],
          [
            120.65770634576388,
            24.40680378242189
          ],
          [
            120.65771810288742,
            24.406765697634746
          ],
          [
            120.65771860985488,
            24.40676417288152
          ],
          [
            120.65771866754602,
            24.406763986111844
          ],
          [
            120.6577273244322,
            24.406738069908016
          ],
          [
            120.65772954506497,
            24.4067314214652
          ],
          [
            120.65805555553801,
            24.405659613295512
          ],
          [
            120.65805852996446,
            24.40564983619764
          ],
          [
            120.65805980526491,
            24.405645652334332
          ],
          [
            120.65811246555347,
            24.40547252205508
          ],
          [
            120.6581701484533,
            24.405285047896843
          ],
          [
            120.65817924683934,
            24.405255477721305
          ],
          [
            120.65818892313843,
            24.405224027207723
          ],
          [
            120.65829551028166,
            24.404877601429348
          ],
          [
            120.65855278427145,
            24.404038134208847
          ],
          [
            120.65895211145674,
            24.402735134447436
          ],
          [
            120.65979188311216,
            24.39995615359532
          ],
          [
            120.66005207934194,
            24.399112457782227
          ],
          [
            120.66011921474417,
            24.39889428632867
          ],
          [
            120.66013055695666,
            24.398857426508997
          ],
          [
            120.66014211000775,
            24.39881988366601
          ],
          [
            120.66017182706204,
            24.398723312953948
          ],
          [
            120.66019603908707,
            24.39864462987746
          ],
          [
            120.66020699635094,
            24.398609021509202
          ],
          [
            120.66021824800252,
            24.398572456726285
          ],
          [
            120.66029200776876,
            24.398333458393417
          ],
          [
            120.66029214300615,
            24.3983330280134
          ],
          [
            120.66128803836607,
            24.395067129313713
          ],
          [
            120.66145212521072,
            24.394573995956087
          ],
          [
            120.66221569497972,
            24.39203085657278
          ],
          [
            120.66241982943708,
            24.39125306870364
          ],
          [
            120.66246870470361,
            24.3910001197113
          ],
          [
            120.66252573951523,
            24.390552402390597
          ],
          [
            120.66255152469138,
            24.390238791953767
          ],
          [
            120.66255076786231,
            24.38956226802875
          ],
          [
            120.66248278601591,
            24.388889252849896
          ],
          [
            120.66237383097211,
            24.38833124815937
          ],
          [
            120.66221488991562,
            24.387768252642203
          ],
          [
            120.66205001133329,
            24.38731654616303
          ],
          [
            120.66180607813736,
            24.38680677080409
          ],
          [
            120.66152480081853,
            24.386309815884335
          ],
          [
            120.66112804342674,
            24.38573962065548
          ],
          [
            120.66063243585462,
            24.385142440999548
          ],
          [
            120.65917931858633,
            24.38349859523798
          ],
          [
            120.65888676149504,
            24.383167631964955
          ],
          [
            120.65805845816105,
            24.382230578167583
          ],
          [
            120.65805550972424,
            24.38222724161208
          ],
          [
            120.65743668091575,
            24.381527153148767
          ],
          [
            120.65702835782027,
            24.381038786190278
          ],
          [
            120.65693188584922,
            24.380923402671346
          ],
          [
            120.65691986248598,
            24.38090902201849
          ],
          [
            120.65646784097362,
            24.38043172260239
          ],
          [
            120.65603948753937,
            24.379931866893074
          ],
          [
            120.6559153357705,
            24.379766836129193
          ],
          [
            120.655855176578,
            24.379686611209504
          ],
          [
            120.65554816664527,
            24.379275935674684
          ],
          [
            120.6551560324779,
            24.378779256730876
          ],
          [
            120.65481372715739,
            24.378334175556716
          ],
          [
            120.65386317029831,
            24.377250810155385
          ],
          [
            120.65267431429248,
            24.37590896077138
          ],
          [
            120.65222670382975,
            24.375437887019245
          ],
          [
            120.65176792155621,
            24.374917390296073
          ],
          [
            120.65161575489606,
            24.37474643810974
          ],
          [
            120.65147396551801,
            24.374585216736588
          ],
          [
            120.6511293410328,
            24.374193360615525
          ],
          [
            120.6504236559363,
            24.37338469703437
          ],
          [
            120.65037846894036,
            24.373333754889153
          ],
          [
            120.64928052442731,
            24.372095939460166
          ],
          [
            120.64807327955263,
            24.370728786102994
          ],
          [
            120.64684043811556,
            24.369318692767255
          ],
          [
            120.6453117643915,
            24.367594013309795
          ],
          [
            120.64527165768475,
            24.367548762591056
          ],
          [
            120.64511353591458,
            24.367358136450125
          ],
          [
            120.64405735163871,
            24.3661558731084
          ],
          [
            120.64344357301563,
            24.36548052306715
          ],
          [
            120.64336578608557,
            24.365394931809348
          ],
          [
            120.64330396618034,
            24.365326909744965
          ],
          [
            120.64181871762972,
            24.36362566522754
          ],
          [
            120.64145681086242,
            24.36317990073669
          ],
          [
            120.64136309684389,
            24.363064471372887
          ],
          [
            120.64132129943097,
            24.363012989189286
          ],
          [
            120.64073468909763,
            24.362224239953395
          ],
          [
            120.64053623943461,
            24.3619452528789
          ],
          [
            120.64048747808357,
            24.361876701725272
          ],
          [
            120.6392129597912,
            24.360084904912945
          ],
          [
            120.63783552829007,
            24.358193774149886
          ],
          [
            120.6377227024952,
            24.35801765969032
          ],
          [
            120.63702569058067,
            24.35703998859573
          ],
          [
            120.63609369746669,
            24.35579870046757
          ],
          [
            120.63531211882767,
            24.35492904414532
          ],
          [
            120.63305847252863,
            24.352506596455882
          ],
          [
            120.63305552691425,
            24.352503429166088
          ],
          [
            120.63247833910064,
            24.3518829899635
          ],
          [
            120.63220956410105,
            24.351594071052816
          ],
          [
            120.6322016597809,
            24.3515855745214
          ],
          [
            120.6317971073622,
            24.351092105872958
          ],
          [
            120.63123604107824,
            24.350281090839644
          ],
          [
            120.63091312547466,
            24.349779551285547
          ],
          [
            120.62993524519086,
            24.348333542560262
          ],
          [
            120.62993498219666,
            24.34833315366989
          ],
          [
            120.62992769098473,
            24.34832236965362
          ],
          [
            120.6291176009336,
            24.347151903216012
          ],
          [
            120.62879930726496,
            24.34662892463053
          ],
          [
            120.62873990103064,
            24.346560886273707
          ],
          [
            120.6284240138581,
            24.34605789946702
          ],
          [
            120.62827783473818,
            24.34580020099021
          ],
          [
            120.62808734657591,
            24.345470553265237
          ],
          [
            120.62801671414304,
            24.345312140691203
          ],
          [
            120.62773357515545,
            24.344849731588276
          ],
          [
            120.62728414281143,
            24.344114816029744
          ],
          [
            120.62678324364988,
            24.343411926750193
          ],
          [
            120.62667259180583,
            24.343299573361357
          ],
          [
            120.62558278227206,
            24.341798586344137
          ],
          [
            120.6253340779285,
            24.34148187632919
          ],
          [
            120.62499417866361,
            24.341033129098946
          ],
          [
            120.62377763641736,
            24.339241109343135
          ],
          [
            120.6233733243604,
            24.338649848575553
          ],
          [
            120.62330015170414,
            24.33854154769642
          ],
          [
            120.62321079668973,
            24.338407997496525
          ],
          [
            120.6230554124295,
            24.338168415832275
          ],
          [
            120.62282834464416,
            24.337840270486954
          ],
          [
            120.62256409506664,
            24.33747213475767
          ],
          [
            120.62250036899013,
            24.337389889539537
          ],
          [
            120.62226317876299,
            24.337093886854785
          ],
          [
            120.62203781748906,
            24.336832924303152
          ],
          [
            120.62180720275084,
            24.336577264627795
          ],
          [
            120.62158499116056,
            24.3363473746008
          ],
          [
            120.62134964208806,
            24.336118925008737
          ],
          [
            120.62108695462379,
            24.33586963817157
          ],
          [
            120.62102742617571,
            24.335823874758695
          ],
          [
            120.621020791278,
            24.335814903177273
          ],
          [
            120.62101415638122,
            24.335805931595544
          ],
          [
            120.62081598849697,
            24.335645519437676
          ],
          [
            120.6206948316366,
            24.3355438800103
          ],
          [
            120.62038430954989,
            24.335297237084315
          ],
          [
            120.62030414805274,
            24.335237748179587
          ],
          [
            120.61994237864148,
            24.33498062702244
          ],
          [
            120.6198333053849,
            24.334907763862617
          ],
          [
            120.61969322149595,
            24.33482008930841
          ],
          [
            120.61944761968691,
            24.33466243675914
          ],
          [
            120.61922711158859,
            24.3345245427506
          ],
          [
            120.61920779452251,
            24.33450563259466
          ],
          [
            120.61909294136963,
            24.33443349117319
          ],
          [
            120.61880279121333,
            24.334264159549797
          ],
          [
            120.61843667989756,
            24.334045207772117
          ],
          [
            120.61831630536227,
            24.33397763864142
          ],
          [
            120.61815808857673,
            24.33388574384536
          ],
          [
            120.61803903190115,
            24.333819145726338
          ],
          [
            120.61774953607075,
            24.33364089666031
          ],
          [
            120.61764960091351,
            24.33358549547129
          ],
          [
            120.6175341568893,
            24.333516424878017
          ],
          [
            120.61743422192467,
            24.333461023548647
          ],
          [
            120.61731878010768,
            24.333391950992407
          ],
          [
            120.61722534691549,
            24.333332692459155
          ],
          [
            120.61708421852985,
            24.333248145958848
          ],
          [
            120.61691772544883,
            24.333145294816344
          ],
          [
            120.61658217226483,
            24.33294608461171
          ],
          [
            120.61637277500874,
            24.33281962185656
          ],
          [
            120.61621351083313,
            24.33272700188133
          ],
          [
            120.61605634517296,
            24.332632637219355
          ],
          [
            120.6159928754392,
            24.332589158863847
          ],
          [
            120.61579970786082,
            24.332472274677254
          ],
          [
            120.61482244272042,
            24.331889758714247
          ],
          [
            120.61441166357827,
            24.331647730270284
          ],
          [
            120.61414090878255,
            24.331476521301465
          ],
          [
            120.61395024283945,
            24.33136053681927
          ],
          [
            120.61385983835484,
            24.33129657979755
          ],
          [
            120.61375872386573,
            24.331235455869326
          ],
          [
            120.61357029482767,
            24.3311073469804
          ],
          [
            120.61349105235736,
            24.331053471104678
          ],
          [
            120.6134682108733,
            24.331037491106144
          ],
          [
            120.61338225225325,
            24.330977353577996
          ],
          [
            120.61324021183646,
            24.33087293729492
          ],
          [
            120.61309068137658,
            24.330756590662848
          ],
          [
            120.6125874225438,
            24.330360594729846
          ],
          [
            120.61251640524323,
            24.33029435509894
          ],
          [
            120.61243940523887,
            24.330230523554942
          ],
          [
            120.6120889134947,
            24.329903419405348
          ],
          [
            120.6118210091009,
            24.329639790447143
          ],
          [
            120.61148596967784,
            24.329271264837256
          ],
          [
            120.61127548504551,
            24.329033288957465
          ],
          [
            120.61106212056491,
            24.32876798349877
          ],
          [
            120.61097186551491,
            24.328646470368838
          ],
          [
            120.61088555114783,
            24.328538202070607
          ],
          [
            120.61081473871282,
            24.328428732881306
          ],
          [
            120.61061885105204,
            24.32816017058846
          ],
          [
            120.61052045332654,
            24.32802071182696
          ],
          [
            120.6103218213094,
            24.327701341051217
          ],
          [
            120.61023538008435,
            24.327551170033136
          ],
          [
            120.61016115764642,
            24.327430015409632
          ],
          [
            120.61015511690799,
            24.327418866171026
          ],
          [
            120.6100663850074,
            24.327260020378954
          ],
          [
            120.61003530796361,
            24.32720698153883
          ],
          [
            120.60986796264957,
            24.32687774052114
          ],
          [
            120.60978757220576,
            24.32671034652783
          ],
          [
            120.60962127861931,
            24.326343772800712
          ],
          [
            120.60955337686208,
            24.32617782835761
          ],
          [
            120.60950268134378,
            24.326038379661284
          ],
          [
            120.60943674764417,
            24.32586762051696
          ],
          [
            120.60938605040165,
            24.3257281717741
          ],
          [
            120.60908467229966,
            24.32477044807409
          ],
          [
            120.60903621886922,
            24.32460583197751
          ],
          [
            120.60897187241514,
            24.324405690740182
          ],
          [
            120.60887938704285,
            24.324100690278996
          ],
          [
            120.60884739721428,
            24.32399519273448
          ],
          [
            120.60864026524372,
            24.323333347393525
          ],
          [
            120.60864014816211,
            24.32333296967716
          ],
          [
            120.60861037543853,
            24.323237838633148
          ],
          [
            120.60837067741944,
            24.32245895194057
          ],
          [
            120.60805843038028,
            24.321424952937218
          ],
          [
            120.60805552174934,
            24.3214153186469
          ],
          [
            120.60805154211802,
            24.32140214220093
          ],
          [
            120.60788454324897,
            24.32085543310609
          ],
          [
            120.60772505995166,
            24.320355437900716
          ],
          [
            120.60755285868765,
            24.319788457355394
          ],
          [
            120.60742378418696,
            24.319374392299213
          ],
          [
            120.60729853759057,
            24.31896348093903
          ],
          [
            120.60714947454551,
            24.318461242098206
          ],
          [
            120.60676923020148,
            24.317236644858284
          ],
          [
            120.6066672730826,
            24.316898264081114
          ],
          [
            120.60651637538804,
            24.31640844376953
          ],
          [
            120.60629883700929,
            24.315682790167
          ],
          [
            120.6060423125518,
            24.314836906984308
          ],
          [
            120.60581597204992,
            24.31410647866483
          ],
          [
            120.60577445405447,
            24.313963243957264
          ],
          [
            120.60573133248073,
            24.313824357082197
          ],
          [
            120.60568981467888,
            24.31368111873698
          ],
          [
            120.60556067547435,
            24.313250425601105
          ],
          [
            120.60555068038742,
            24.31321779297477
          ],
          [
            120.60516898869652,
            24.312052621271587
          ],
          [
            120.60479210003534,
            24.311102697715736
          ],
          [
            120.60474012424994,
            24.310971696045446
          ],
          [
            120.60472390648259,
            24.310927376190175
          ],
          [
            120.60444834101189,
            24.310174287241484
          ],
          [
            120.60367969818532,
            24.307663635905588
          ],
          [
            120.60335690977125,
            24.3067656340803
          ],
          [
            120.6032269373092,
            24.306307867388572
          ],
          [
            120.60287347557181,
            24.305422688664557
          ],
          [
            120.60272853995731,
            24.30424046864861
          ],
          [
            120.60257294927146,
            24.303974507014658
          ],
          [
            120.60246594559311,
            24.303632651105456
          ],
          [
            120.60234872377976,
            24.30326751357773
          ],
          [
            120.60224580735549,
            24.30296011417657
          ],
          [
            120.60207741532068,
            24.302433785815808
          ],
          [
            120.60182932183066,
            24.30168022835314
          ],
          [
            120.60144262508662,
            24.300525688008342
          ],
          [
            120.6010542325535,
            24.299362617242735
          ],
          [
            120.60062908117213,
            24.29833636552536
          ],
          [
            120.60043015701802,
            24.29795425370797
          ],
          [
            120.59867709697264,
            24.294229392438183
          ],
          [
            120.59727893296167,
            24.292445331741632
          ],
          [
            120.59699708132578,
            24.29205315266915
          ],
          [
            120.59622156410367,
            24.29111335512591
          ],
          [
            120.59498693898561,
            24.28965481567764
          ],
          [
            120.59253270150987,
            24.28676874795911
          ],
          [
            120.59117815,
            24.28516167
          ],
          [
            120.5898236,
            24.2835546
          ],
          [
            120.58846905,
            24.28194753
          ],
          [
            120.58660457828077,
            24.2797470331695
          ],
          [
            120.58563675306664,
            24.278654897502726
          ],
          [
            120.58481128879512,
            24.27756276183595
          ],
          [
            120.58367891769902,
            24.275943825394513
          ],
          [
            120.58311273214966,
            24.27528035068137
          ],
          [
            120.5825287514838,
            24.274876422797995
          ],
          [
            120.58208138034277,
            24.274614731396543
          ],
          [
            120.58153877175143,
            24.27436750950868
          ],
          [
            120.58029482548682,
            24.274205864989067
          ],
          [
            120.57799740785774,
            24.27415749741226
          ],
          [
            120.57660266896552,
            24.274111609989383
          ],
          [
            120.57614339314242,
            24.274081431503333
          ],
          [
            120.57544602369643,
            24.273993374706766
          ],
          [
            120.57441636169231,
            24.273683417697086
          ],
          [
            120.57392637856643,
            24.273373460687402
          ],
          [
            120.57357468260066,
            24.273149778340763
          ],
          [
            120.57323885954389,
            24.272839277913775
          ],
          [
            120.57277356123514,
            24.272319564854648
          ],
          [
            120.5721762956864,
            24.271135441034264
          ],
          [
            120.57106112913013,
            24.268680372685736
          ],
          [
            120.56937242531944,
            24.26482552777884
          ],
          [
            120.56798698364855,
            24.26153429054638
          ],
          [
            120.56772120210698,
            24.261023508711737
          ],
          [
            120.56765114581839,
            24.260846817798225
          ],
          [
            120.56761844958056,
            24.260746333917396
          ],
          [
            120.56756720544251,
            24.260632788170195
          ],
          [
            120.56752176299926,
            24.26051958756111
          ],
          [
            120.56740488343927,
            24.260246814760713
          ],
          [
            120.56732082201944,
            24.260062963505696
          ],
          [
            120.56716646185603,
            24.259708157453826
          ],
          [
            120.56703051904904,
            24.25938479603962
          ],
          [
            120.56701953747657,
            24.25935877903052
          ],
          [
            120.56701120795493,
            24.25933484084564
          ],
          [
            120.56699846310295,
            24.259307782274767
          ],
          [
            120.56699038504946,
            24.259291017521416
          ],
          [
            120.56688814793253,
            24.259055596035843
          ],
          [
            120.56682680731379,
            24.258921465630085
          ],
          [
            120.56676458546548,
            24.258780627678927
          ],
          [
            120.56665869085299,
            24.25853318149421
          ],
          [
            120.56660012149455,
            24.258388177016545
          ],
          [
            120.5661182334636,
            24.25728714179634
          ],
          [
            120.56605739974633,
            24.25714225885384
          ],
          [
            120.56570097586398,
            24.256320010525396
          ],
          [
            120.56563219784408,
            24.256167493190368
          ],
          [
            120.56553362611135,
            24.25594166832196
          ],
          [
            120.5654717804865,
            24.255796439138464
          ],
          [
            120.56532613214752,
            24.255445146672905
          ],
          [
            120.56531565944321,
            24.25542491503255
          ],
          [
            120.56528423029187,
            24.255354726876522
          ],
          [
            120.56527362995365,
            24.25532974917187
          ],
          [
            120.56521771776939,
            24.25520353768107
          ],
          [
            120.56516736073667,
            24.255094499150093
          ],
          [
            120.56509087928323,
            24.254920995768327
          ],
          [
            120.56503944714457,
            24.25479108424994
          ],
          [
            120.56500070263257,
            24.254703089588155
          ],
          [
            120.56489209475741,
            24.25443072125649
          ],
          [
            120.56460257931708,
            24.253770468553963
          ],
          [
            120.56456629348054,
            24.253684207178246
          ],
          [
            120.56451316122063,
            24.25356568533636
          ],
          [
            120.56447687747014,
            24.25347942394429
          ],
          [
            120.56430107433766,
            24.25308408321532
          ],
          [
            120.56410684843338,
            24.252632196185246
          ],
          [
            120.56395325547685,
            24.25228801979703
          ],
          [
            120.56347037640609,
            24.251165937878365
          ],
          [
            120.56343333118869,
            24.251079853720448
          ],
          [
            120.56315926785469,
            24.250442995373948
          ],
          [
            120.56249646479647,
            24.248922915062877
          ],
          [
            120.56236704522716,
            24.248617703913176
          ],
          [
            120.5622415462727,
            24.24833359412079
          ],
          [
            120.56224138407075,
            24.24833322346067
          ],
          [
            120.5622042840636,
            24.248249234488902
          ],
          [
            120.56213397999528,
            24.24808410648068
          ],
          [
            120.56169584432162,
            24.247087483209675
          ],
          [
            120.56155523848982,
            24.246746431471202
          ],
          [
            120.56150042018525,
            24.24661809083878
          ],
          [
            120.5613420770602,
            24.24626069384552
          ],
          [
            120.5610202043233,
            24.24551591315089
          ],
          [
            120.56079783798698,
            24.245008852113852
          ],
          [
            120.56062916012014,
            24.244606986842356
          ],
          [
            120.56056700996947,
            24.2444715837876
          ],
          [
            120.56051408320843,
            24.244344701933453
          ],
          [
            120.56049252248643,
            24.244292829714087
          ],
          [
            120.56045316220548,
            24.244198132465378
          ],
          [
            120.56041081145636,
            24.244096242102614
          ],
          [
            120.56026438689433,
            24.243766558017132
          ],
          [
            120.56005033989939,
            24.243276568651712
          ],
          [
            120.55990353998229,
            24.24293515971911
          ],
          [
            120.55974904067037,
            24.24258077790715
          ],
          [
            120.55969086684654,
            24.242447340786963
          ],
          [
            120.55967530293974,
            24.242413998189036
          ],
          [
            120.5596120249301,
            24.242278434359257
          ],
          [
            120.55952870541685,
            24.242107615204123
          ],
          [
            120.55947142658188,
            24.241974338596787
          ],
          [
            120.55920541599335,
            24.241374168780478
          ],
          [
            120.55912919795745,
            24.241194593668272
          ],
          [
            120.5590598565659,
            24.241041524446043
          ],
          [
            120.55901982326859,
            24.240947548995038
          ],
          [
            120.55897268089932,
            24.24082487826814
          ],
          [
            120.5589326497071,
            24.24073090099334
          ],
          [
            120.55889871533374,
            24.24063535947742
          ],
          [
            120.55883564960729,
            24.240486120429907
          ],
          [
            120.5587724773391,
            24.240325556729445
          ],
          [
            120.55864016352623,
            24.24000457626431
          ],
          [
            120.55856872804598,
            24.23983662436433
          ],
          [
            120.55805841249546,
            24.238689500201982
          ],
          [
            120.55805553005445,
            24.238683017955378
          ],
          [
            120.5578097411345,
            24.23813050401306
          ],
          [
            120.55667440261982,
            24.235571921185812
          ],
          [
            120.5558232335588,
            24.23351556417027
          ],
          [
            120.5556950369267,
            24.233230613816254
          ],
          [
            120.555641242541,
            24.23310560752096
          ],
          [
            120.55556626202115,
            24.23294278859547
          ],
          [
            120.55537585471389,
            24.23249349063648
          ],
          [
            120.55517032327005,
            24.232027039854106
          ],
          [
            120.55512420190419,
            24.231908340058382
          ],
          [
            120.55493929370468,
            24.231465312974866
          ],
          [
            120.55488861797335,
            24.231349974875137
          ],
          [
            120.55483459734923,
            24.231220252612786
          ],
          [
            120.55471812230853,
            24.230955087788573
          ],
          [
            120.55448586665503,
            24.230415187217215
          ],
          [
            120.55430956486569,
            24.230018404604778
          ],
          [
            120.55404320242226,
            24.229400799960597
          ],
          [
            120.55368863696911,
            24.228594852387307
          ],
          [
            120.55365755107421,
            24.228524191418543
          ],
          [
            120.55365151305944,
            24.228510465698733
          ],
          [
            120.55344872674415,
            24.228032893049857
          ],
          [
            120.55339378975914,
            24.227900218653033
          ],
          [
            120.55333411882128,
            24.227763055512412
          ],
          [
            120.5532791840359,
            24.227630381078733
          ],
          [
            120.55305349983507,
            24.227119764519806
          ],
          [
            120.55276317811764,
            24.226457129379895
          ],
          [
            120.5524920044917,
            24.225805529362717
          ],
          [
            120.552419686657,
            24.2256409920909
          ],
          [
            120.5523383238801,
            24.22544906271008
          ],
          [
            120.55193029694257,
            24.224512968551313
          ],
          [
            120.55160945076292,
            24.223768915931196
          ],
          [
            120.55149996234881,
            24.223519862637257
          ],
          [
            120.5514157642163,
            24.223333699422124
          ],
          [
            120.55141557076024,
            24.223333274483114
          ],
          [
            120.55138033815875,
            24.223255370287333
          ],
          [
            120.55132711151306,
            24.22312916861844
          ],
          [
            120.55126133233759,
            24.222984817504596
          ],
          [
            120.55114737716531,
            24.222711081394976
          ],
          [
            120.55113573132287,
            24.222676931401384
          ],
          [
            120.55108642892404,
            24.22258013825412
          ],
          [
            120.55104275634268,
            24.222472667587294
          ],
          [
            120.55098508986684,
            24.22233919508854
          ],
          [
            120.55094141744968,
            24.22223172439171
          ],
          [
            120.55071625112954,
            24.221711227886363
          ],
          [
            120.55047949172443,
            24.221158419474108
          ],
          [
            120.55019296337905,
            24.22051200674965
          ],
          [
            120.55001188978562,
            24.22009773891413
          ],
          [
            120.54984050693903,
            24.219690825738645
          ],
          [
            120.54967123107079,
            24.219279156627202
          ],
          [
            120.54950281022302,
            24.21883295341269
          ],
          [
            120.5494579777724,
            24.218703283422588
          ],
          [
            120.54941175608268,
            24.21856330164903
          ],
          [
            120.54927009672163,
            24.218123755959365
          ],
          [
            120.54910478220378,
            24.217561127165165
          ],
          [
            120.54895178967988,
            24.217054892714724
          ],
          [
            120.54887804067654,
            24.216816868538242
          ],
          [
            120.5488446726249,
            24.216697998647383
          ],
          [
            120.54881016177006,
            24.216586630379936
          ],
          [
            120.54874342596587,
            24.216348890556688
          ],
          [
            120.54869708094223,
            24.21619630169765
          ],
          [
            120.5486916330317,
            24.216177188932445
          ],
          [
            120.54864324954082,
            24.216007459423516
          ],
          [
            120.54862546072331,
            24.21594505600724
          ],
          [
            120.54859655444608,
            24.21583582072416
          ],
          [
            120.54854867906285,
            24.215680101391396
          ],
          [
            120.54851977094452,
            24.21557086428015
          ],
          [
            120.5483794486995,
            24.21510957405007
          ],
          [
            120.54805819224518,
            24.214031945295886
          ],
          [
            120.5480135466852,
            24.21389091131793
          ],
          [
            120.5478508372266,
            24.213339091172532
          ],
          [
            120.54776783386134,
            24.21304927125766
          ],
          [
            120.54747031683931,
            24.21205708569985
          ],
          [
            120.54733184942569,
            24.21157781023476
          ],
          [
            120.54729431693535,
            24.21145695200466
          ],
          [
            120.54726138725538,
            24.211328481432624
          ],
          [
            120.54722385686962,
            24.211207623189136
          ],
          [
            120.54699259025823,
            24.210427267501903
          ],
          [
            120.54692962040933,
            24.210194850716377
          ],
          [
            120.54683353259007,
            24.209879697068732
          ],
          [
            120.54665770053792,
            24.20928551685377
          ],
          [
            120.54660552136606,
            24.20909987950673
          ],
          [
            120.54648348816677,
            24.208697555086903
          ],
          [
            120.54631867579961,
            24.2081382651425
          ],
          [
            120.54607666761332,
            24.20732794969984
          ],
          [
            120.54597660483844,
            24.206998893164968
          ],
          [
            120.54582047458305,
            24.20646210021884
          ],
          [
            120.54565870119144,
            24.205916880516043
          ],
          [
            120.54562812626382,
            24.20580757820898
          ],
          [
            120.54558691557847,
            24.205679394928698
          ],
          [
            120.54555447129857,
            24.205568990891038
          ],
          [
            120.54545663102799,
            24.20523605445614
          ],
          [
            120.54543201614231,
            24.205152291669332
          ],
          [
            120.54522356131184,
            24.20442043514503
          ],
          [
            120.54505920348463,
            24.20387532438597
          ],
          [
            120.54500848432099,
            24.203711689388562
          ],
          [
            120.54493316391887,
            24.203446242268893
          ],
          [
            120.54485221872774,
            24.203186383599217
          ],
          [
            120.5448096591374,
            24.203041530053312
          ],
          [
            120.54477943288387,
            24.20294531002306
          ],
          [
            120.5446898152365,
            24.202637346938182
          ],
          [
            120.54465027748195,
            24.202524268721742
          ],
          [
            120.54460321947292,
            24.20236115917576
          ],
          [
            120.54456368187603,
            24.202248080935178
          ],
          [
            120.54451060471372,
            24.20207685963686
          ],
          [
            120.54444194348255,
            24.201907610643566
          ],
          [
            120.544414693407,
            24.20182778914269
          ],
          [
            120.54437146785082,
            24.201685553727856
          ],
          [
            120.5443096600988,
            24.20150254307051
          ],
          [
            120.54424979688443,
            24.20133360381109
          ],
          [
            120.54409459265396,
            24.20083314132519
          ],
          [
            120.5440610014133,
            24.200698553433952
          ],
          [
            120.5440248258116,
            24.20057874574264
          ],
          [
            120.54399123470635,
            24.20044415783362
          ],
          [
            120.5438339135911,
            24.199907873684374
          ],
          [
            120.54355665918584,
            24.198980408751016
          ],
          [
            120.54341372083131,
            24.198509505745058
          ],
          [
            120.54336517498572,
            24.19833491525717
          ],
          [
            120.5433648382929,
            24.198333819915018
          ],
          [
            120.54336470010804,
            24.19833337165498
          ],
          [
            120.54331534400873,
            24.19817294365528
          ],
          [
            120.54317934938611,
            24.19769258782264
          ],
          [
            120.54312568508237,
            24.197523067122912
          ],
          [
            120.54308195886858,
            24.197370184424166
          ],
          [
            120.54302829679033,
            24.19720066369283
          ],
          [
            120.54298457275858,
            24.197047782774778
          ],
          [
            120.54293880194915,
            24.19687871726621
          ],
          [
            120.54290616476005,
            24.196737228248164
          ],
          [
            120.54286039415804,
            24.196568162712378
          ],
          [
            120.54282775910387,
            24.196426671874356
          ],
          [
            120.54276911298929,
            24.19624554265411
          ],
          [
            120.54273647613043,
            24.19610405539903
          ],
          [
            120.54270049279039,
            24.196003895368857
          ],
          [
            120.54266946975,
            24.195858729043998
          ],
          [
            120.54263348652803,
            24.195758568996602
          ],
          [
            120.5426024655933,
            24.195613400855546
          ],
          [
            120.54253246952796,
            24.195386757614795
          ],
          [
            120.54235881229896,
            24.19478869036272
          ],
          [
            120.54232630661839,
            24.19465645466968
          ],
          [
            120.54228626199625,
            24.194518950387582
          ],
          [
            120.54225375646064,
            24.194386712870717
          ],
          [
            120.54213537634888,
            24.194020262918002
          ],
          [
            120.54206113362751,
            24.193778152371877
          ],
          [
            120.54200522454052,
            24.19362339798977
          ],
          [
            120.54196141066357,
            24.193476491962056
          ],
          [
            120.54190527983481,
            24.19329928497202
          ],
          [
            120.54173412880758,
            24.192758950559647
          ],
          [
            120.54168681129694,
            24.192609566240545
          ],
          [
            120.54163658365623,
            24.192458409758995
          ],
          [
            120.54159164417518,
            24.19230939282199
          ],
          [
            120.54150265371273,
            24.192029437950723
          ],
          [
            120.54145771846672,
            24.191880420982308
          ],
          [
            120.54137267673444,
            24.1916266064849
          ],
          [
            120.54130634310197,
            24.191435613530597
          ],
          [
            120.54125478444908,
            24.191279259333307
          ],
          [
            120.54122193164571,
            24.191185726716505
          ],
          [
            120.54117659610239,
            24.191070082029075
          ],
          [
            120.54111427968657,
            24.190940537281538
          ],
          [
            120.54106894234856,
            24.190824894361036
          ],
          [
            120.54100648603193,
            24.19068774659463
          ],
          [
            120.54094142119008,
            24.190538009714956
          ],
          [
            120.54089532157806,
            24.19044786279111
          ],
          [
            120.54082386214286,
            24.19031702810603
          ],
          [
            120.5407777607286,
            24.190226879334702
          ],
          [
            120.54070264624809,
            24.19009921726198
          ],
          [
            120.54063662843355,
            24.189977187868713
          ],
          [
            120.54056151423008,
            24.18984952753239
          ],
          [
            120.54049549470659,
            24.189727498072
          ],
          [
            120.54041780244873,
            24.189601332344765
          ],
          [
            120.54034268867845,
            24.189473671900917
          ],
          [
            120.54012080176287,
            24.18911524021933
          ],
          [
            120.54005326506085,
            24.18900149295158
          ],
          [
            120.539981167896,
            24.18888536083342
          ],
          [
            120.53984609508868,
            24.18865786795073
          ],
          [
            120.53976489514233,
            24.188529762671145
          ],
          [
            120.53953993904139,
            24.1881837829205
          ],
          [
            120.53945634935077,
            24.188049777826745
          ],
          [
            120.53938447348801,
            24.187940840529127
          ],
          [
            120.5392086005349,
            24.18765669582176
          ],
          [
            120.53896689326325,
            24.18727225633925
          ],
          [
            120.53865278866435,
            24.186760412613758
          ],
          [
            120.53859741508636,
            24.186652478363822
          ],
          [
            120.53840848146105,
            24.18627990853326
          ],
          [
            120.53817501889088,
            24.185776981378677
          ],
          [
            120.53812567927788,
            24.18565879004533
          ],
          [
            120.53807646739334,
            24.185524285190752
          ],
          [
            120.53802712797122,
            24.185406092018646
          ],
          [
            120.53797791825124,
            24.185271587136803
          ],
          [
            120.5379292398036,
            24.185127337769405
          ],
          [
            120.53789662660313,
            24.18502193539713
          ],
          [
            120.53784795030556,
            24.184877686007834
          ],
          [
            120.53781533723848,
            24.184772281810876
          ],
          [
            120.53770990550284,
            24.184415151261415
          ],
          [
            120.53767427858905,
            24.184289602855998
          ],
          [
            120.5375961733651,
            24.183953063924317
          ],
          [
            120.53757761349202,
            24.183857645207905
          ],
          [
            120.53754775704881,
            24.18372432751813
          ],
          [
            120.53752919724185,
            24.183628908794017
          ],
          [
            120.53750167699388,
            24.18347225959388
          ],
          [
            120.53748298511834,
            24.183354520365437
          ],
          [
            120.53742832650278,
            24.18297905909386
          ],
          [
            120.53739280157026,
            24.182591731929048
          ],
          [
            120.53738570762148,
            24.18247474117222
          ],
          [
            120.53737422348038,
            24.182335487421206
          ],
          [
            120.5373671315205,
            24.182218498471865
          ],
          [
            120.53736572866988,
            24.182115668263798
          ],
          [
            120.53736313559207,
            24.181615186330394
          ],
          [
            120.5373655829001,
            24.181464370550636
          ],
          [
            120.53738848004663,
            24.181000916882862
          ],
          [
            120.5374295455111,
            24.18057419658883
          ],
          [
            120.53751259642465,
            24.17996335619898
          ],
          [
            120.53763530053705,
            24.179155995078304
          ],
          [
            120.53770519294514,
            24.178643888257824
          ],
          [
            120.53785959534832,
            24.177550302425303
          ],
          [
            120.53790123455899,
            24.177278876257915
          ],
          [
            120.53806847529547,
            24.17614592917938
          ],
          [
            120.53818240685042,
            24.175296363474825
          ],
          [
            120.53821955700865,
            24.175056016397612
          ],
          [
            120.53823789094928,
            24.174922425670093
          ],
          [
            120.53825646396294,
            24.17480225301656
          ],
          [
            120.53834572080474,
            24.174167903988653
          ],
          [
            120.53846565601943,
            24.17333365863403
          ],
          [
            120.53846571658265,
            24.173333238057626
          ],
          [
            120.53854014957903,
            24.172815495474754
          ],
          [
            120.53864621847528,
            24.172057536914636
          ],
          [
            120.53870730627447,
            24.17164613376811
          ],
          [
            120.53891972948605,
            24.170161020792847
          ],
          [
            120.53903865902225,
            24.16934865093755
          ],
          [
            120.53908811228192,
            24.1690022657603
          ],
          [
            120.53910953662786,
            24.16885220136564
          ],
          [
            120.53914151455925,
            24.168628212614493
          ],
          [
            120.5392658599322,
            24.167779599348712
          ],
          [
            120.53937360886223,
            24.167018833069754
          ],
          [
            120.53946399146527,
            24.166418585637945
          ],
          [
            120.53949443143529,
            24.166277863759163
          ],
          [
            120.5395186559495,
            24.166117829541488
          ],
          [
            120.53954909381436,
            24.165977107638348
          ],
          [
            120.53967094605177,
            24.165454544588517
          ],
          [
            120.53984110458798,
            24.16477795191492
          ],
          [
            120.53999562522384,
            24.164193247025583
          ],
          [
            120.5400706322617,
            24.163899275092398
          ],
          [
            120.54030323009177,
            24.162949381164665
          ],
          [
            120.54054848799765,
            24.162005460642334
          ],
          [
            120.54082546751697,
            24.160856675946857
          ],
          [
            120.54098019318785,
            24.16023562053434
          ],
          [
            120.54117480560231,
            24.15946590175903
          ],
          [
            120.54127866674855,
            24.1590636997043
          ],
          [
            120.54141084760931,
            24.15850802491672
          ],
          [
            120.54143766158079,
            24.158385075466377
          ],
          [
            120.54145626666032,
            24.15821243352698
          ],
          [
            120.54148307855358,
            24.158089484056386
          ],
          [
            120.54149585961726,
            24.15796045910594
          ],
          [
            120.54152267338392,
            24.15783750962892
          ],
          [
            120.5415390274863,
            24.157728068902756
          ],
          [
            120.54155092975898,
            24.1576720911289
          ],
          [
            120.54156728578828,
            24.15756264859677
          ],
          [
            120.54160379115731,
            24.157390963317667
          ],
          [
            120.54165188396838,
            24.15710751509316
          ],
          [
            120.54169218791779,
            24.156920280267727
          ],
          [
            120.54171103836718,
            24.156803372633444
          ],
          [
            120.54172621276174,
            24.15673489741735
          ],
          [
            120.54174506315006,
            24.156617989775167
          ],
          [
            120.54177240940226,
            24.15649458133648
          ],
          [
            120.54185822259159,
            24.156054838850693
          ],
          [
            120.54199749134655,
            24.155491787828623
          ],
          [
            120.54207673419921,
            24.1550717433961
          ],
          [
            120.54256657354516,
            24.1523974422651
          ],
          [
            120.54262398538235,
            24.15195681031511
          ],
          [
            120.54285339183829,
            24.150994334120288
          ],
          [
            120.54294625054317,
            24.150541911239294
          ],
          [
            120.54334578069816,
            24.148457182817204
          ],
          [
            120.54336496009343,
            24.148357105347664
          ],
          [
            120.54336942558358,
            24.14833380618762
          ],
          [
            120.54336950377149,
            24.14833340191289
          ],
          [
            120.543897826085,
            24.145576538969
          ],
          [
            120.54406125042574,
            24.14499112685171
          ],
          [
            120.54425361348336,
            24.14451007209903
          ],
          [
            120.54443996881622,
            24.14410124731017
          ],
          [
            120.54484740873266,
            24.14341773563106
          ],
          [
            120.54708569773888,
            24.140171453423918
          ],
          [
            120.54759175395901,
            24.139469853618365
          ],
          [
            120.54902035,
            24.13741787
          ],
          [
            120.55044894,
            24.13536589
          ],
          [
            120.55052533325089,
            24.135256152797393
          ],
          [
            120.551129735876,
            24.1343879650779
          ],
          [
            120.55117841962615,
            24.134318033204398
          ],
          [
            120.55199068271789,
            24.13315124277547
          ],
          [
            120.5520718375092,
            24.13303466511562
          ],
          [
            120.55357165,
            24.13088011
          ],
          [
            120.55507147,
            24.12872556
          ],
          [
            120.55516100836103,
            24.128596921618403
          ],
          [
            120.55624777194734,
            24.12703564362412
          ],
          [
            120.55686656429084,
            24.12618273350351
          ],
          [
            120.55734721801753,
            24.125584986082167
          ],
          [
            120.55775521854878,
            24.125159490800225
          ],
          [
            120.55805553404225,
            24.12487148002914
          ],
          [
            120.5580584044364,
            24.124868725383877
          ],
          [
            120.55826600183815,
            24.12466963500603
          ],
          [
            120.55876674993696,
            24.124253326008365
          ],
          [
            120.5594621978178,
            24.12374223710256
          ],
          [
            120.55995769627413,
            24.12342328942853
          ],
          [
            120.5601095564328,
            24.123333427085065
          ],
          [
            120.56011027014976,
            24.123333004765563
          ],
          [
            120.56056717429392,
            24.123062624233818
          ],
          [
            120.56058635873052,
            24.123053310669402
          ],
          [
            120.56070053208602,
            24.12299788252466
          ],
          [
            120.56124513571045,
            24.122733490215914
          ],
          [
            120.56192565828606,
            24.122446299572232
          ],
          [
            120.56259158554968,
            24.12221197731266
          ],
          [
            120.56310617213002,
            24.122055744980706
          ],
          [
            120.56585066101509,
            24.121322417661236
          ],
          [
            120.56609629828597,
            24.121263706675045
          ],
          [
            120.56617890952718,
            24.121243961363646
          ],
          [
            120.56633875711273,
            24.121205755560485
          ],
          [
            120.56700800116666,
            24.12100887664008
          ],
          [
            120.57013559112698,
            24.12021846103429
          ],
          [
            120.5703564146217,
            24.120136638319803
          ],
          [
            120.57079925854674,
            24.120001818504036
          ],
          [
            120.5716576208063,
            24.11976958857385
          ],
          [
            120.5726468014482,
            24.119510882645955
          ],
          [
            120.57399674786117,
            24.11915407435737
          ],
          [
            120.57471049587501,
            24.118957035791464
          ],
          [
            120.57491447326657,
            24.118899612788546
          ],
          [
            120.57503396520724,
            24.118860997058086
          ],
          [
            120.57522244858173,
            24.11879799765517
          ],
          [
            120.57542309680392,
            24.118721119674237
          ],
          [
            120.57575209464491,
            24.118590853018063
          ],
          [
            120.57606258641268,
            24.118418762211512
          ],
          [
            120.57623744212154,
            24.118323726037488
          ],
          [
            120.57635198380285,
            24.118249866484216
          ],
          [
            120.57662649508731,
            24.11807819151494
          ],
          [
            120.57678786604816,
            24.117976244224597
          ],
          [
            120.57686226866358,
            24.117916085790014
          ],
          [
            120.57698008018208,
            24.117825521783015
          ],
          [
            120.57708577758848,
            24.117738643321424
          ],
          [
            120.57723882622787,
            24.1176040229253
          ],
          [
            120.57747263561969,
            24.11738279204554
          ],
          [
            120.57767788640851,
            24.117164469218757
          ],
          [
            120.57785890897546,
            24.116955360300743
          ],
          [
            120.57819077991888,
            24.116508401936763
          ],
          [
            120.57833577118241,
            24.11626922022799
          ],
          [
            120.57846580229855,
            24.116025942197858
          ],
          [
            120.57856573518237,
            24.11581881068099
          ],
          [
            120.57867509282599,
            24.115557915547196
          ],
          [
            120.57876501190651,
            24.115313687166392
          ],
          [
            120.57884786241958,
            24.11503720049045
          ],
          [
            120.57894123180961,
            24.114628092471385
          ],
          [
            120.57898040884538,
            24.11435662053739
          ],
          [
            120.57900653545798,
            24.114124384033758
          ],
          [
            120.57901758307327,
            24.113940318398114
          ],
          [
            120.57901920631534,
            24.113575611618668
          ],
          [
            120.5789982110614,
            24.11327627986138
          ],
          [
            120.57896655676163,
            24.113021276267656
          ],
          [
            120.57892447277393,
            24.112756753065618
          ],
          [
            120.57887195909738,
            24.11253824133844
          ],
          [
            120.57881596885824,
            24.11236098140014
          ],
          [
            120.57871479612155,
            24.11203204870261
          ],
          [
            120.57858672212676,
            24.111631715138863
          ],
          [
            120.57836446420211,
            24.11093070628816
          ],
          [
            120.5779269004517,
            24.109602584774805
          ],
          [
            120.57675360734797,
            24.106085431864898
          ],
          [
            120.5759866460015,
            24.103742035161993
          ],
          [
            120.57577067083926,
            24.103161191077533
          ],
          [
            120.57565891994,
            24.102883845174645
          ],
          [
            120.57552855392028,
            24.102596750061043
          ],
          [
            120.5754069856226,
            24.10233430447881
          ],
          [
            120.57521545053888,
            24.101993653644286
          ],
          [
            120.57497828812411,
            24.101567339932537
          ],
          [
            120.57475452105967,
            24.101213599399387
          ],
          [
            120.5743639311603,
            24.100706251229266
          ],
          [
            120.57398797891997,
            24.100243831746887
          ],
          [
            120.57343443456888,
            24.099602715846796
          ],
          [
            120.57302468504142,
            24.09921357979905
          ],
          [
            120.57263298341553,
            24.098877956266918
          ],
          [
            120.57223284508424,
            24.098536677137957
          ],
          [
            120.57191425873542,
            24.098304582934237
          ],
          [
            120.57159895470184,
            24.09809073712743
          ],
          [
            120.57114216110924,
            24.09781939362319
          ],
          [
            120.57070542016665,
            24.0975561536914
          ],
          [
            120.57045421899423,
            24.09741550083943
          ],
          [
            120.57021932821687,
            24.09729966296522
          ],
          [
            120.57002374173747,
            24.097203578843164
          ],
          [
            120.56920529993872,
            24.09686796316689
          ],
          [
            120.56709038295904,
            24.096095316106712
          ],
          [
            120.56612675159701,
            24.09572727181878
          ],
          [
            120.56565608501845,
            24.095519505741425
          ],
          [
            120.56516296471689,
            24.095317596018006
          ],
          [
            120.56420504198292,
            24.094974313500067
          ],
          [
            120.56328755501511,
            24.09462839448082
          ],
          [
            120.55951650676926,
            24.09319486881316
          ],
          [
            120.55747019,
            24.09244482
          ],
          [
            120.55542387,
            24.09169477
          ],
          [
            120.55337756,
            24.09094473
          ],
          [
            120.5524897692477,
            24.090613376120373
          ],
          [
            120.55184627113834,
            24.090367340350316
          ],
          [
            120.55142411114117,
            24.09020961235624
          ],
          [
            120.551031462895,
            24.09006385831347
          ],
          [
            120.54911000800965,
            24.089379064104914
          ],
          [
            120.54815758439547,
            24.089032210313455
          ],
          [
            120.54722579835266,
            24.088690589905916
          ],
          [
            120.5449586470759,
            24.087858719643933
          ],
          [
            120.54435105065889,
            24.087637269874133
          ],
          [
            120.5425134505747,
            24.086892478096935
          ],
          [
            120.54220655060988,
            24.08674711636522
          ],
          [
            120.54192420941001,
            24.086586807700968
          ],
          [
            120.54156409878578,
            24.086340553968526
          ],
          [
            120.5413554338827,
            24.086180245360932
          ],
          [
            120.54112411729196,
            24.085965781584918
          ],
          [
            120.54101382876313,
            24.085853647453362
          ],
          [
            120.54091642767679,
            24.085739552422694
          ],
          [
            120.54061491272404,
            24.08532898501354
          ],
          [
            120.53990555624678,
            24.084347183869603
          ],
          [
            120.53972009908537,
            24.08408696494303
          ],
          [
            120.53953464192395,
            24.083795291610386
          ],
          [
            120.53934143053115,
            24.08347545759591
          ],
          [
            120.53914821913835,
            24.083070672692
          ],
          [
            120.538402,
            24.081859
          ],
          [
            120.54574576708038,
            24.088134644111467
          ],
          [
            120.5458044850876,
            24.088156092430285
          ],
          [
            120.54586394963721,
            24.088177813822448
          ],
          [
            120.54591275266638,
            24.08819563990071
          ],
          [
            120.54691795973879,
            24.088565735240003
          ],
          [
            120.54789810689813,
            24.088926097623535
          ],
          [
            120.54880775918889,
            24.089261226526638
          ],
          [
            120.54927428736033,
            24.0894352568252
          ],
          [
            120.54961821266262,
            24.089563550666032
          ],
          [
            120.55053202083047,
            24.089902582281983
          ],
          [
            120.55087089923775,
            24.090027177251052
          ],
          [
            120.55096280020875,
            24.090060967491564
          ],
          [
            120.55137565875803,
            24.090212761713342
          ],
          [
            120.551427966767,
            24.090231993159122
          ],
          [
            120.5514305393833,
            24.09023294065518
          ],
          [
            120.55146983685589,
            24.090247416114856
          ],
          [
            120.55250727143714,
            24.090629538746068
          ],
          [
            120.55424596516342,
            24.091272161080745
          ],
          [
            120.55509662640715,
            24.09157941421909
          ],
          [
            120.55613479660825,
            24.091958169210663
          ],
          [
            120.55717530844639,
            24.09234136639711
          ],
          [
            120.55801165123069,
            24.092669303143886
          ],
          [
            120.55805549738527,
            24.092685456879984
          ],
          [
            120.55805838837436,
            24.092686521663484
          ],
          [
            120.55974051647014,
            24.09330623688878
          ],
          [
            120.56120998339581,
            24.09384637684028
          ],
          [
            120.56126297123544,
            24.093865853397098
          ],
          [
            120.56130712090516,
            24.093882081118736
          ],
          [
            120.5616801768705,
            24.0940192044749
          ],
          [
            120.56253719831096,
            24.09433531144906
          ],
          [
            120.5628301905591,
            24.09444252633172
          ],
          [
            120.56313669473084,
            24.09455468668794
          ],
          [
            120.5637845400449,
            24.09479332159404
          ],
          [
            120.56396296642563,
            24.094859534943904
          ],
          [
            120.56401137278871,
            24.094877497722656
          ],
          [
            120.56405838127817,
            24.094894941830518
          ],
          [
            120.56431640017462,
            24.094990691693635
          ],
          [
            120.56551381804574,
            24.095418903287097
          ],
          [
            120.56665341231742,
            24.095841655018603
          ],
          [
            120.56885000339057,
            24.096658877838202
          ],
          [
            120.56910393999428,
            24.096753351288207
          ],
          [
            120.5694642794947,
            24.096887406867097
          ],
          [
            120.57010026994945,
            24.097154519797506
          ],
          [
            120.57097359250994,
            24.097584305367185
          ],
          [
            120.57158799466237,
            24.097952801998993
          ],
          [
            120.57211662365907,
            24.098333372072602
          ],
          [
            120.5721172183071,
            24.098333799919757
          ],
          [
            120.57223941578332,
            24.098421670081994
          ],
          [
            120.5725117097482,
            24.09863260486777
          ],
          [
            120.57251253190626,
            24.098633241023382
          ],
          [
            120.5727982774674,
            24.098865903089212
          ],
          [
            120.57305306541001,
            24.099099825332054
          ],
          [
            120.57330147831365,
            24.0993254747781
          ],
          [
            120.57356524860656,
            24.099592060335922
          ],
          [
            120.57384739984738,
            24.099871771103885
          ],
          [
            120.5741533850863,
            24.100223034473785
          ],
          [
            120.57443418542047,
            24.100567074111282
          ],
          [
            120.57469146276792,
            24.100903941729975
          ],
          [
            120.5749452551895,
            24.101283807548914
          ],
          [
            120.57515185111686,
            24.101616876579804
          ],
          [
            120.57535184896024,
            24.101967516057776
          ],
          [
            120.57552921718195,
            24.10229935845223
          ],
          [
            120.57569908433734,
            24.102642157625525
          ],
          [
            120.57588256153727,
            24.103066384398982
          ],
          [
            120.57606309138836,
            24.103555016821343
          ],
          [
            120.5761044436199,
            24.10366694392738
          ],
          [
            120.57629674809701,
            24.104240909314303
          ],
          [
            120.57652266368522,
            24.1049292422542
          ],
          [
            120.5767352801307,
            24.105581765758483
          ],
          [
            120.57695811711257,
            24.10626242359499
          ],
          [
            120.57709639621669,
            24.106674489457507
          ],
          [
            120.57728065546097,
            24.107229144660167
          ],
          [
            120.57748920752896,
            24.10787008744078
          ],
          [
            120.57770614345263,
            24.108513790754383
          ],
          [
            120.57789627308159,
            24.109103711692626
          ],
          [
            120.57801950610906,
            24.109481091512375
          ],
          [
            120.57835228720569,
            24.11049782449045
          ],
          [
            120.57861400598055,
            24.11128526612945
          ],
          [
            120.57873986144236,
            24.11169971593981
          ],
          [
            120.57896458192991,
            24.112280026099516
          ],
          [
            120.57915654464709,
            24.112662276873984
          ],
          [
            120.57956123371584,
            24.113316652301293
          ],
          [
            120.57972003247745,
            24.11351685301306
          ],
          [
            120.58007764557739,
            24.11391550389377
          ],
          [
            120.58025591707253,
            24.114102684974434
          ],
          [
            120.58042222783112,
            24.114250337121195
          ],
          [
            120.5808577429574,
            24.114595351272502
          ],
          [
            120.5811071137271,
            24.11477575398949
          ],
          [
            120.58131975300688,
            24.11491663380945
          ],
          [
            120.58162613446352,
            24.11509049217825
          ],
          [
            120.58216159863719,
            24.11535596649193
          ],
          [
            120.5824865754333,
            24.115484221958248
          ],
          [
            120.5828425898008,
            24.11560952042545
          ],
          [
            120.58305556319486,
            24.115669535226623
          ],
          [
            120.58312990588615,
            24.11569048467329
          ],
          [
            120.58343221617837,
            24.1157618550241
          ],
          [
            120.5838457114045,
            24.115829726347716
          ],
          [
            120.58420938130958,
            24.115875955020044
          ],
          [
            120.58455794699356,
            24.115902076886858
          ],
          [
            120.58495766611799,
            24.115907343850495
          ],
          [
            120.58535750235883,
            24.11590070046225
          ],
          [
            120.58572052395904,
            24.11586741011132
          ],
          [
            120.58615570638648,
            24.115806223375024
          ],
          [
            120.58649848524023,
            24.11572998181906
          ],
          [
            120.58698939924518,
            24.115584117008996
          ],
          [
            120.58918420990959,
            24.11476975445083
          ],
          [
            120.59016310938335,
            24.114415117976627
          ],
          [
            120.59096115766535,
            24.11413573148217
          ],
          [
            120.59222057645071,
            24.113693231605343
          ],
          [
            120.59290607857822,
            24.113552153003514
          ],
          [
            120.59471280006885,
            24.112837970672675
          ],
          [
            120.59553645823596,
            24.112539687187684
          ],
          [
            120.596763598566,
            24.11210917949797
          ],
          [
            120.5974105448431,
            24.111900022466287
          ],
          [
            120.59769215665177,
            24.111819186297808
          ],
          [
            120.59813610290597,
            24.111703112714316
          ],
          [
            120.59870929126691,
            24.111566741749442
          ],
          [
            120.59957912578602,
            24.11140435635133
          ],
          [
            120.60047773353011,
            24.1112819832198
          ],
          [
            120.60488506075916,
            24.110814292466895
          ],
          [
            120.60524250762953,
            24.110774875200082
          ],
          [
            120.60568117420715,
            24.110726500158236
          ],
          [
            120.60750058426565,
            24.110525845355923
          ],
          [
            120.60805552228993,
            24.11046786597209
          ],
          [
            120.61116487145532,
            24.110142965997774
          ],
          [
            120.61378451694591,
            24.10984627886621
          ],
          [
            120.61478845158582,
            24.10975494062473
          ],
          [
            120.61524434254368,
            24.109694523724755
          ],
          [
            120.61598,
            24.109618
          ],
          [
            120.6196025792799,
            24.10925414067286
          ],
          [
            120.623535,
            24.108862
          ],
          [
            120.62413822873293,
            24.10878739727406
          ],
          [
            120.62473505574106,
            24.108692373144294
          ],
          [
            120.62529576751601,
            24.108613226476063
          ],
          [
            120.6257929611116,
            24.10855484224896
          ],
          [
            120.6266074095411,
            24.10849103328913
          ],
          [
            120.62703535807248,
            24.108480478381964
          ],
          [
            120.6273415881959,
            24.10848315593805
          ],
          [
            120.62774415729827,
            24.10850153752989
          ],
          [
            120.62820778885984,
            24.10854326657871
          ],
          [
            120.62864697631512,
            24.108610092323755
          ],
          [
            120.62978864605346,
            24.108881575090066
          ],
          [
            120.62987145526796,
            24.10896453304541
          ],
          [
            120.63047012992902,
            24.109122284936042
          ],
          [
            120.63066297010121,
            24.109105270369547
          ],
          [
            120.63051655778847,
            24.10902110083018
          ],
          [
            120.62992632230224,
            24.1088720359058
          ],
          [
            120.62978864605346,
            24.108881575090066
          ],
          [
            120.63066297010121,
            24.109105270369547
          ],
          [
            120.63094339382299,
            24.109177165767594
          ],
          [
            120.63097967193974,
            24.10918669173102
          ],
          [
            120.63152642813272,
            24.109333500597565
          ],
          [
            120.6316400449392,
            24.109366064285773
          ],
          [
            120.63180510651888,
            24.109414086355113
          ],
          [
            120.63194152203117,
            24.10946031645789
          ],
          [
            120.6321708303376,
            24.109537646747143
          ],
          [
            120.63235857830496,
            24.1096077868853
          ],
          [
            120.63254044810402,
            24.10967853207066
          ],
          [
            120.6327156775129,
            24.109753620438298
          ],
          [
            120.63286857362553,
            24.10981817009937
          ],
          [
            120.63299819007875,
            24.10988459236282
          ],
          [
            120.63305552782826,
            24.109909613073096
          ],
          [
            120.63305833773359,
            24.109910838779395
          ],
          [
            120.63305905675652,
            24.109911207096566
          ],
          [
            120.63307490240952,
            24.109919449190322
          ],
          [
            120.63307561961956,
            24.109919763327138
          ],
          [
            120.63316133533294,
            24.10996343448637
          ],
          [
            120.63324687029096,
            24.11000911147991
          ],
          [
            120.63349366406158,
            24.110150969196678
          ],
          [
            120.63378073892136,
            24.11030886343067
          ],
          [
            120.63403388322217,
            24.11046369619262
          ],
          [
            120.63436624682699,
            24.110668951859083
          ],
          [
            120.63464767237471,
            24.11083971219129
          ],
          [
            120.63470049234013,
            24.11087213275578
          ],
          [
            120.63471719621474,
            24.110882384853795
          ],
          [
            120.63473389616743,
            24.110892633328913
          ],
          [
            120.63498453909796,
            24.11104646712695
          ],
          [
            120.63520914044932,
            24.11118685688991
          ],
          [
            120.63541787223623,
            24.11131361210454
          ],
          [
            120.63575185354256,
            24.111518872248077
          ],
          [
            120.63594011871105,
            24.11163534412773
          ],
          [
            120.63623155411207,
            24.111815427420527
          ],
          [
            120.63647526846333,
            24.111965390384224
          ],
          [
            120.63673996443823,
            24.11212852606455
          ],
          [
            120.6369991383258,
            24.112288917702834
          ],
          [
            120.63726129049564,
            24.11244760040317
          ],
          [
            120.63751154828128,
            24.112600625558358
          ],
          [
            120.63762024111358,
            24.112668112116783
          ],
          [
            120.63785639673844,
            24.112809350696
          ],
          [
            120.63789112687674,
            24.112830122800712
          ],
          [
            120.63816264720897,
            24.113003903331396
          ],
          [
            120.63853757656817,
            24.113220970841194
          ],
          [
            120.63893646650207,
            24.1134529472985
          ],
          [
            120.63929922775498,
            24.113648936841354
          ],
          [
            120.63970004634649,
            24.113871850429376
          ],
          [
            120.64012856209467,
            24.114106873330247
          ],
          [
            120.64053849760093,
            24.11434856914161
          ],
          [
            120.64105346885681,
            24.114669972325565
          ],
          [
            120.64188571179491,
            24.115181805817294
          ],
          [
            120.64191229044312,
            24.115198151596747
          ],
          [
            120.64194256363587,
            24.115216768778676
          ],
          [
            120.64196359558454,
            24.11522970291252
          ],
          [
            120.6420487447648,
            24.11528207025299
          ],
          [
            120.64210637645489,
            24.115317513535057
          ],
          [
            120.64212512807005,
            24.115329046371574
          ],
          [
            120.64214721087176,
            24.11534262582967
          ],
          [
            120.6421776098359,
            24.115361320912086
          ],
          [
            120.64820279606413,
            24.11906655590619
          ],
          [
            120.64873411186419,
            24.11939327120847
          ],
          [
            120.6488050531739,
            24.119436894255884
          ],
          [
            120.6488937377418,
            24.119491425746105
          ],
          [
            120.64945390048538,
            24.119835875244377
          ],
          [
            120.65024188636826,
            24.120320407136923
          ],
          [
            120.65028699826934,
            24.12034814737227
          ],
          [
            120.6504151212137,
            24.12042692893006
          ],
          [
            120.6504466638481,
            24.12044632386384
          ],
          [
            120.65363004984431,
            24.12240370335792
          ],
          [
            120.65373012982006,
            24.122465237562988
          ],
          [
            120.65382982291214,
            24.1225265342578
          ],
          [
            120.65514180830556,
            24.123333200228597
          ],
          [
            120.6551423838709,
            24.12333355367168
          ],
          [
            120.65733638697692,
            24.124682475532087
          ],
          [
            120.65749205045218,
            24.124776545439286
          ],
          [
            120.65755374109649,
            24.12481382678807
          ],
          [
            120.65760940867241,
            24.12484746662842
          ],
          [
            120.65769792443282,
            24.124900959703382
          ],
          [
            120.65797228445356,
            24.125060257457147
          ],
          [
            120.65805553146434,
            24.125106970147048
          ],
          [
            120.65805825652922,
            24.12510849859169
          ],
          [
            120.65806461632117,
            24.12511206677116
          ],
          [
            120.65830202212142,
            24.12524050926868
          ],
          [
            120.65854263155555,
            24.125363829905993
          ],
          [
            120.65878631097239,
            24.125481965164237
          ],
          [
            120.65897969948703,
            24.125571169769092
          ],
          [
            120.6592723000621,
            24.125700268530128
          ],
          [
            120.65931779412603,
            24.12571963678369
          ],
          [
            120.65935446140425,
            24.125735247197703
          ],
          [
            120.65941088925035,
            24.125759270046018
          ],
          [
            120.65949455029586,
            24.12579488945312
          ],
          [
            120.65954477132343,
            24.12581626907569
          ],
          [
            120.65956681377966,
            24.12582565452861
          ],
          [
            120.6597828201032,
            24.125916174445347
          ],
          [
            120.65987147712292,
            24.125953328925448
          ],
          [
            120.65998679010377,
            24.126001650571514
          ],
          [
            120.66001486115582,
            24.126013415063525
          ],
          [
            120.66008209058683,
            24.126041588110013
          ],
          [
            120.66017757785622,
            24.12608160185127
          ],
          [
            120.66255611108085,
            24.127078325945977
          ],
          [
            120.66264429603707,
            24.127115277331058
          ],
          [
            120.662735706456,
            24.127153582963327
          ],
          [
            120.66578287321616,
            24.128430414990685
          ],
          [
            120.66712572395886,
            24.12899307381444
          ],
          [
            120.66715752896424,
            24.129006399988818
          ],
          [
            120.6671807385048,
            24.129016124588954
          ],
          [
            120.66722944159945,
            24.1290365304463
          ],
          [
            120.66836538504145,
            24.129512479335332
          ],
          [
            120.66843543683257,
            24.129541828664987
          ],
          [
            120.66852493624702,
            24.129579328508854
          ],
          [
            120.66860484164174,
            24.129612807491018
          ],
          [
            120.67273351063304,
            24.13134256861358
          ],
          [
            120.67282393054215,
            24.13138044896091
          ],
          [
            120.67290918869696,
            24.131416169219534
          ],
          [
            120.6760478521412,
            24.132731037579795
          ],
          [
            120.67606705499205,
            24.132739081910827
          ],
          [
            120.67615599671436,
            24.1327763413592
          ],
          [
            120.67624526086455,
            24.132813735073643
          ],
          [
            120.67626975146248,
            24.13282399374561
          ],
          [
            120.67814331442372,
            24.133608826613823
          ],
          [
            120.6782151693527,
            24.133638926520106
          ],
          [
            120.67830522100311,
            24.133676647557323
          ],
          [
            120.68025553607411,
            24.134493592766653
          ],
          [
            120.6803336076988,
            24.134526294309293
          ],
          [
            120.6804130376938,
            24.134559565696957
          ],
          [
            120.68189274865219,
            24.13517935854875
          ],
          [
            120.68195430276005,
            24.135205140895973
          ],
          [
            120.68201654098014,
            24.135231209969877
          ],
          [
            120.68219469093049,
            24.13530582721257
          ],
          [
            120.68237912763081,
            24.135383079442352
          ],
          [
            120.68246712456556,
            24.135418740494003
          ],
          [
            120.68257876867283,
            24.135463983818934
          ],
          [
            120.68262663892028,
            24.135483382609127
          ],
          [
            120.6828633503987,
            24.13557445664493
          ],
          [
            120.6828998496215,
            24.135587915717277
          ],
          [
            120.6829763004246,
            24.135616108721372
          ],
          [
            120.68298887904481,
            24.135620748823246
          ],
          [
            120.68305553895615,
            24.135644583771487
          ],
          [
            120.68305814007944,
            24.135645513773778
          ],
          [
            120.68324099343702,
            24.13571089172919
          ],
          [
            120.68530592758262,
            24.136437220605504
          ],
          [
            120.6855071156966,
            24.136510561395905
          ],
          [
            120.68555738818905,
            24.13652888611802
          ],
          [
            120.68579410371468,
            24.136619955639087
          ],
          [
            120.68597989622303,
            24.136694860510634
          ],
          [
            120.68616486817932,
            24.136771453760364
          ],
          [
            120.6875622426692,
            24.137356655238822
          ],
          [
            120.68783017333506,
            24.137470313661368
          ],
          [
            120.68802967386452,
            24.137558372717685
          ],
          [
            120.68822241682994,
            24.137648163986974
          ],
          [
            120.688232653792,
            24.137652934316847
          ],
          [
            120.68842786389382,
            24.137748751120643
          ],
          [
            120.68862158444773,
            24.13784708020843
          ],
          [
            120.68970072689817,
            24.138401976796857
          ],
          [
            120.6897242568603,
            24.138414076962835
          ],
          [
            120.68981908824681,
            24.138462838403377
          ],
          [
            120.68983742952864,
            24.138472269776603
          ],
          [
            120.68984261455704,
            24.138474830191864
          ],
          [
            120.69009733955335,
            24.13860065644614
          ],
          [
            120.69030032267538,
            24.13869521350983
          ],
          [
            120.69049982682617,
            24.138783269360847
          ],
          [
            120.6907006638066,
            24.138868741653518
          ],
          [
            120.69232544030393,
            24.13954923320346
          ],
          [
            120.6924405537836,
            24.139597443378754
          ],
          [
            120.69254969296351,
            24.139643151148178
          ],
          [
            120.69331177228719,
            24.13996231761301
          ],
          [
            120.69366481631576,
            24.140113231080868
          ],
          [
            120.69387428551768,
            24.14020828040102
          ],
          [
            120.69408061866231,
            24.140308933974325
          ],
          [
            120.69426711583445,
            24.140407933103262
          ],
          [
            120.69444962174448,
            24.140513011588965
          ],
          [
            120.69449370607701,
            24.140540464092382
          ],
          [
            120.69454687846766,
            24.140573576290187
          ],
          [
            120.69460411446917,
            24.140609219392466
          ],
          [
            120.69462789862067,
            24.14062403172428
          ],
          [
            120.69478946238945,
            24.14073261282697
          ],
          [
            120.69480172050432,
            24.14074085221463
          ],
          [
            120.69482885831526,
            24.140760501909362
          ],
          [
            120.6949708614554,
            24.140863322736813
          ],
          [
            120.69513510145606,
            24.140991283950655
          ],
          [
            120.69529423426927,
            24.141124572932235
          ],
          [
            120.69544804974073,
            24.141263017720846
          ],
          [
            120.69545208649562,
            24.141266921025263
          ],
          [
            120.69547622063114,
            24.141290261219176
          ],
          [
            120.69552220156997,
            24.141334726654488
          ],
          [
            120.69553138244792,
            24.14134360454007
          ],
          [
            120.6955555166122,
            24.141366944721504
          ],
          [
            120.6955963534776,
            24.14140643735812
          ],
          [
            120.69573895305196,
            24.14155465088981
          ],
          [
            120.69587566196653,
            24.141707464732487
          ],
          [
            120.69600630750492,
            24.141864681718385
          ],
          [
            120.69613072089214,
            24.142026101075757
          ],
          [
            120.69624874124338,
            24.14219151301901
          ],
          [
            120.69636021358323,
            24.14236070416228
          ],
          [
            120.69644755800549,
            24.142504704187385
          ],
          [
            120.69646500064903,
            24.14253345934865
          ],
          [
            120.69648951722981,
            24.142577531472895
          ],
          [
            120.69652586984638,
            24.142642876737163
          ],
          [
            120.696562963229,
            24.14270955438752
          ],
          [
            120.6965664460009,
            24.142716414568067
          ],
          [
            120.69659462751875,
            24.142771907026585
          ],
          [
            120.69663211738029,
            24.142845727643618
          ],
          [
            120.69665397392059,
            24.142888763305333
          ],
          [
            120.69673791714345,
            24.14307085292795
          ],
          [
            120.69677630015389,
            24.143163221515188
          ],
          [
            120.69681468518671,
            24.143255590096125
          ],
          [
            120.69688418018553,
            24.143442738057654
          ],
          [
            120.69694630822613,
            24.143632052843866
          ],
          [
            120.69700099310002,
            24.143823292326218
          ],
          [
            120.69704816254581,
            24.144016208965432
          ],
          [
            120.69707766180083,
            24.14415658139292
          ],
          [
            120.69710382806466,
            24.144297514240524
          ],
          [
            120.69712731311033,
            24.144438840857653
          ],
          [
            120.69714877844264,
            24.144580441564962
          ],
          [
            120.6971513377829,
            24.144599225829047
          ],
          [
            120.6971614880914,
            24.14467372704747
          ],
          [
            120.69717273725767,
            24.144756271959658
          ],
          [
            120.69759499580603,
            24.147854879635997
          ],
          [
            120.6976076848264,
            24.147947995254512
          ],
          [
            120.69762005080518,
            24.148038731908283
          ],
          [
            120.69766021903934,
            24.148333483314445
          ],
          [
            120.69766026350887,
            24.14833382109906
          ],
          [
            120.69797732313295,
            24.15065595326667
          ],
          [
            120.69798338856931,
            24.15070036422467
          ],
          [
            120.69798914827206,
            24.150742556977097
          ],
          [
            120.69829549852744,
            24.15298616579785
          ],
          [
            120.69860289610605,
            24.15523737456765
          ],
          [
            120.69861086391587,
            24.1552957232683
          ],
          [
            120.69862045121785,
            24.15536593426415
          ],
          [
            120.69864710999846,
            24.155561151863193
          ],
          [
            120.6986539749243,
            24.155611440624238
          ],
          [
            120.69866451424494,
            24.155688618705334
          ],
          [
            120.6993138053049,
            24.1604433500748
          ],
          [
            120.69932568827488,
            24.16053036904716
          ],
          [
            120.6993357039518,
            24.160603717581147
          ],
          [
            120.69989794907197,
            24.164720713300035
          ],
          [
            120.69990362293558,
            24.16476225202256
          ],
          [
            120.6999096838233,
            24.16480662851234
          ],
          [
            120.69992839670142,
            24.16494365787389
          ],
          [
            120.69993449631657,
            24.164988314346264
          ],
          [
            120.69993995345472,
            24.165028270706404
          ],
          [
            120.70003612339808,
            24.165732440068815
          ],
          [
            120.70003824627335,
            24.165747989085773
          ],
          [
            120.7000404988083,
            24.165764486434103
          ],
          [
            120.70028385041785,
            24.16754629553931
          ],
          [
            120.70029114235425,
            24.167599687463735
          ],
          [
            120.70029790020229,
            24.167649156011194
          ],
          [
            120.7005390311353,
            24.169414660278267
          ],
          [
            120.70054283975936,
            24.169442550221028
          ],
          [
            120.70054644905106,
            24.169468980638047
          ],
          [
            120.70061736393413,
            24.169988176118096
          ],
          [
            120.70062929888468,
            24.170075576032488
          ],
          [
            120.70064078878508,
            24.17015969382582
          ],
          [
            120.70107427401776,
            24.173333397946266
          ],
          [
            120.70107432044729,
            24.17333374656791
          ],
          [
            120.70119355628935,
            24.17422561007091
          ],
          [
            120.70132314514849,
            24.175177740697368
          ],
          [
            120.70145447209202,
            24.176162838638646
          ],
          [
            120.70156323400852,
            24.1769475882922
          ],
          [
            120.70163437327795,
            24.177484581825507
          ],
          [
            120.70163843380683,
            24.177515233363984
          ],
          [
            120.7016457268749,
            24.177570297389018
          ],
          [
            120.70165439543584,
            24.177635722502195
          ],
          [
            120.70168309777405,
            24.177852402075292
          ],
          [
            120.70169710912428,
            24.177949012150112
          ],
          [
            120.70180005968231,
            24.178658937058202
          ],
          [
            120.70188373642499,
            24.179216975063888
          ],
          [
            120.70190319654927,
            24.179346753097352
          ],
          [
            120.70201212887372,
            24.180145136698293
          ],
          [
            120.70208253080533,
            24.18070955393043
          ],
          [
            120.70213039475762,
            24.181126876166303
          ],
          [
            120.70213074013981,
            24.181129883592202
          ],
          [
            120.70213113609698,
            24.18113230421354
          ],
          [
            120.70219870136891,
            24.181546194038923
          ],
          [
            120.7022342361089,
            24.181888453369695
          ],
          [
            120.70224413885438,
            24.18198384720796
          ],
          [
            120.70224857710069,
            24.1820265968838
          ],
          [
            120.70225020994896,
            24.182042309217017
          ],
          [
            120.70225709540581,
            24.18209170380519
          ],
          [
            120.70225819912747,
            24.182099606582074
          ],
          [
            120.70227313767833,
            24.182206757345433
          ],
          [
            120.70227908792776,
            24.182249439543423
          ],
          [
            120.70229040759001,
            24.182330618634914
          ],
          [
            120.70231011534689,
            24.182471965369214
          ],
          [
            120.70239294533381,
            24.183066019001078
          ],
          [
            120.70249270463134,
            24.183820935117886
          ],
          [
            120.70256336522249,
            24.18430944866071
          ],
          [
            120.70258010261536,
            24.18442973144837
          ],
          [
            120.70258361508381,
            24.184454967912366
          ],
          [
            120.70258721854762,
            24.184480863691107
          ],
          [
            120.70259752741788,
            24.18455495820082
          ],
          [
            120.70262862648613,
            24.18477845559349
          ],
          [
            120.70263866915893,
            24.18488928068422
          ],
          [
            120.70263888414614,
            24.184891650386263
          ],
          [
            120.70264347166693,
            24.18494228469338
          ],
          [
            120.7026471896871,
            24.18498331556935
          ],
          [
            120.70268504944083,
            24.185401152444523
          ],
          [
            120.70272844800496,
            24.18596639762744
          ],
          [
            120.70275568723993,
            24.186237460886023
          ],
          [
            120.70277194695589,
            24.186399255697903
          ],
          [
            120.7027764438628,
            24.18648734325551
          ],
          [
            120.70278673904417,
            24.186688961794335
          ],
          [
            120.70284167102437,
            24.187165606998683
          ],
          [
            120.70296416760502,
            24.188050541378576
          ],
          [
            120.70306943852785,
            24.188851191666483
          ],
          [
            120.70319878949654,
            24.189791226635023
          ],
          [
            120.70330595289374,
            24.190540052261746
          ],
          [
            120.70333655322999,
            24.19076409375313
          ],
          [
            120.70334319714321,
            24.19081274376064
          ],
          [
            120.70334986235721,
            24.190861549112554
          ],
          [
            120.70342324203546,
            24.191398837860792
          ],
          [
            120.70352038990845,
            24.19216020162087
          ],
          [
            120.70363493966431,
            24.192973744928256
          ],
          [
            120.70371769304428,
            24.19355603183805
          ],
          [
            120.7037784596516,
            24.193983604565016
          ],
          [
            120.7038361445573,
            24.19436304345397
          ],
          [
            120.70384447173899,
            24.194417809505048
          ],
          [
            120.70385209690244,
            24.194467963847007
          ],
          [
            120.70387500536152,
            24.194618658082227
          ],
          [
            120.70396657687121,
            24.195213693148375
          ],
          [
            120.70409488123222,
            24.19624581593198
          ],
          [
            120.70415712841952,
            24.19674352336279
          ],
          [
            120.70415967621952,
            24.196763900137384
          ],
          [
            120.70416107579445,
            24.196775082890728
          ],
          [
            120.70421200126913,
            24.197182269773513
          ],
          [
            120.70421760534465,
            24.197227073027957
          ],
          [
            120.70436889764305,
            24.198333214908622
          ],
          [
            120.70436894798156,
            24.19833358340023
          ],
          [
            120.70465101239225,
            24.200402680222126
          ],
          [
            120.7046591710826,
            24.20046252392114
          ],
          [
            120.70466731040011,
            24.200522233948686
          ],
          [
            120.70467786987999,
            24.200599680328946
          ],
          [
            120.70468574784361,
            24.200657472032987
          ],
          [
            120.70470110496044,
            24.200770127379403
          ],
          [
            120.70470898293998,
            24.200827920886994
          ],
          [
            120.70471901196629,
            24.200901480039885
          ],
          [
            120.70472476798992,
            24.20094370840577
          ],
          [
            120.70473209226925,
            24.200997437670743
          ],
          [
            120.7047431842338,
            24.201078798355645
          ],
          [
            120.70474782894996,
            24.201112872949988
          ],
          [
            120.70475384251819,
            24.201156979898983
          ],
          [
            120.70491233003764,
            24.202319531438114
          ],
          [
            120.70491370194691,
            24.20232995566603
          ],
          [
            120.70492083830005,
            24.20238413601241
          ],
          [
            120.70493383391695,
            24.202482796805832
          ],
          [
            120.70493955386706,
            24.20252621514244
          ],
          [
            120.70495660726606,
            24.202655682592198
          ],
          [
            120.70498497443863,
            24.20289175331373
          ],
          [
            120.70501647421814,
            24.203184261147012
          ],
          [
            120.70504885551327,
            24.203521552177897
          ],
          [
            120.70514691339572,
            24.20457730188103
          ],
          [
            120.70514893080261,
            24.2045989976715
          ],
          [
            120.70515095196508,
            24.20462077292661
          ],
          [
            120.70537925504735,
            24.207078759367494
          ],
          [
            120.7053853784148,
            24.20714468476227
          ],
          [
            120.70539177657906,
            24.207213552418537
          ],
          [
            120.70563661455544,
            24.2098494639876
          ],
          [
            120.70564000587719,
            24.20988597941318
          ],
          [
            120.70564337993237,
            24.20992229796747
          ],
          [
            120.7057852066393,
            24.211449145418964
          ],
          [
            120.70579275803694,
            24.21153045033185
          ],
          [
            120.70579983485831,
            24.21160663654878
          ],
          [
            120.70583814746797,
            24.212019081738454
          ],
          [
            120.70595838622447,
            24.213313488589016
          ],
          [
            120.70614214888712,
            24.215291701310466
          ],
          [
            120.70616071918265,
            24.21549159043533
          ],
          [
            120.7061689781985,
            24.215580497473194
          ],
          [
            120.70649583484271,
            24.219098945797167
          ],
          [
            120.70653604522326,
            24.21949451303171
          ],
          [
            120.70655932044549,
            24.219692003878404
          ],
          [
            120.70658575692119,
            24.219889159502532
          ],
          [
            120.70662035524116,
            24.220112190582412
          ],
          [
            120.70663798860474,
            24.220211067632288
          ],
          [
            120.70664699193775,
            24.220261551198547
          ],
          [
            120.70665426497997,
            24.220302335834223
          ],
          [
            120.70666000410563,
            24.22033451445586
          ],
          [
            120.70667906570125,
            24.220432285459147
          ],
          [
            120.70674113994409,
            24.22072475550418
          ],
          [
            120.70680848411371,
            24.221016246056617
          ],
          [
            120.70736919374107,
            24.223333007856557
          ],
          [
            120.70736928738553,
            24.223333390876128
          ],
          [
            120.70805551500833,
            24.226168663341568
          ],
          [
            120.70805813106158,
            24.22617947454337
          ],
          [
            120.7082424229027,
            24.22694088915123
          ],
          [
            120.70824616854594,
            24.22695635979134
          ],
          [
            120.70825478349131,
            24.2269919586963
          ],
          [
            120.70839931690192,
            24.227589100291766
          ],
          [
            120.70841472489195,
            24.227652751570176
          ],
          [
            120.70842926082716,
            24.227712812960146
          ],
          [
            120.70842972318539,
            24.227714722625045
          ],
          [
            120.70854847734404,
            24.228187115571416
          ],
          [
            120.70897577272109,
            24.229840531219306
          ],
          [
            120.70899211561849,
            24.229903772479073
          ],
          [
            120.70900528834609,
            24.229954740566995
          ],
          [
            120.70922345179748,
            24.230798908104372
          ],
          [
            120.70929008960795,
            24.231048879520007
          ],
          [
            120.70933626196127,
            24.23121512714109
          ],
          [
            120.7093844008477,
            24.231380903562215
          ],
          [
            120.70944787150339,
            24.231587129466376
          ],
          [
            120.70951514145551,
            24.23179234048125
          ],
          [
            120.70961568573856,
            24.232077877538874
          ],
          [
            120.70961573271879,
            24.232078002231816
          ],
          [
            120.70962223353384,
            24.232095289348408
          ],
          [
            120.70962876565852,
            24.232112665010852
          ],
          [
            120.70970716118657,
            24.232321151285166
          ],
          [
            120.70980187490235,
            24.23256338375432
          ],
          [
            120.70991909878681,
            24.232856603754083
          ],
          [
            120.70993522266852,
            24.232896935524955
          ],
          [
            120.70995087266581,
            24.23293608536835
          ],
          [
            120.71152326857931,
            24.23686909366482
          ],
          [
            120.71153935819846,
            24.236909342118405
          ],
          [
            120.71155297643281,
            24.23694340086973
          ],
          [
            120.71155733176369,
            24.2369542929474
          ],
          [
            120.71156133459215,
            24.23696430491071
          ],
          [
            120.71156946558196,
            24.23698464329143
          ],
          [
            120.71157486469696,
            24.23699815040328
          ],
          [
            120.71160454912376,
            24.237072392542537
          ],
          [
            120.71160456283607,
            24.237072425073727
          ],
          [
            120.71161311487633,
            24.2370938188628
          ],
          [
            120.71161866479915,
            24.237107700068485
          ],
          [
            120.71162211734631,
            24.237116334934093
          ],
          [
            120.71163427273999,
            24.237146737682917
          ],
          [
            120.71164760901836,
            24.237180093417482
          ],
          [
            120.7125732358387,
            24.239495220824704
          ],
          [
            120.7126096818304,
            24.23958637641426
          ],
          [
            120.71264019388458,
            24.239662689395185
          ],
          [
            120.71273050232803,
            24.23988855965823
          ],
          [
            120.71283731648653,
            24.24015317829773
          ],
          [
            120.7129471505797,
            24.24041675335717
          ],
          [
            120.71302315268031,
            24.240591474819713
          ],
          [
            120.71310213526495,
            24.24076508043152
          ],
          [
            120.71314294139314,
            24.24085137193694
          ],
          [
            120.71325442284336,
            24.241075535522803
          ],
          [
            120.7133725323656,
            24.24129682576858
          ],
          [
            120.71349718566496,
            24.241515079974683
          ],
          [
            120.71362828466243,
            24.24173013360916
          ],
          [
            120.7137657371729,
            24.241941827568223
          ],
          [
            120.71390943524938,
            24.242150004523722
          ],
          [
            120.71405927684684,
            24.242354508964166
          ],
          [
            120.7142151461276,
            24.2425551871576
          ],
          [
            120.71437692920482,
            24.242751892598847
          ],
          [
            120.71444021408914,
            24.242825913693242
          ],
          [
            120.71463438741682,
            24.243044803020002
          ],
          [
            120.7148335171142,
            24.243259921755513
          ],
          [
            120.71510346155092,
            24.24354324769052
          ],
          [
            120.71585605048199,
            24.244326086451615
          ],
          [
            120.71587464868603,
            24.24434543286341
          ],
          [
            120.71592113342068,
            24.244393784416054
          ],
          [
            120.7159763916799,
            24.244451264614067
          ],
          [
            120.71602385896207,
            24.244500640076257
          ],
          [
            120.71603909125878,
            24.244516484074474
          ],
          [
            120.71627653243142,
            24.24476346426715
          ],
          [
            120.71628952473382,
            24.244776979943783
          ],
          [
            120.71630071517538,
            24.244788619600847
          ],
          [
            120.7173882451183,
            24.245919827825098
          ],
          [
            120.71741006441393,
            24.245942522646082
          ],
          [
            120.71742994426667,
            24.245963200347628
          ],
          [
            120.71827771186295,
            24.246844996051237
          ],
          [
            120.71831953344534,
            24.246888494964818
          ],
          [
            120.71838614384278,
            24.246957780228875
          ],
          [
            120.71925628494338,
            24.247862827781486
          ],
          [
            120.71930112944321,
            24.24790947055625
          ],
          [
            120.71932040663117,
            24.24792952207662
          ],
          [
            120.71937476009685,
            24.247986051299897
          ],
          [
            120.71970877355209,
            24.24833346096507
          ],
          [
            120.7197091429864,
            24.248333844484243
          ],
          [
            120.72017994162539,
            24.248823520094337
          ],
          [
            120.72037244965409,
            24.249028988817255
          ],
          [
            120.72055996298224,
            24.249238298178426
          ],
          [
            120.72058105456225,
            24.249262844000842
          ],
          [
            120.72062090580278,
            24.2493092225914
          ],
          [
            120.72062350466308,
            24.24931236772331
          ],
          [
            120.72068111371902,
            24.249382099552115
          ],
          [
            120.72074871363871,
            24.249463923558213
          ],
          [
            120.72087205413212,
            24.249621641007153
          ],
          [
            120.72099084478575,
            24.2497822682529
          ],
          [
            120.72110500310495,
            24.249945696804076
          ],
          [
            120.72121445251808,
            24.250111810956653
          ],
          [
            120.72131212866928,
            24.25026861782345
          ],
          [
            120.72145259000713,
            24.25050691574703
          ],
          [
            120.72155458711288,
            24.250688562500805
          ],
          [
            120.72163289554557,
            24.250828022906372
          ],
          [
            120.72186366811697,
            24.251245440991205
          ],
          [
            120.72226726523401,
            24.251975454944606
          ],
          [
            120.72232222976601,
            24.25207487477384
          ],
          [
            120.72237346481862,
            24.252167542957427
          ]
        ]
      }
    }
  ]
}