{
  "type": "FeatureCollection",
  "features": [
    {
      "type": "Feature",
      "properties": {
        "track_id": "OD-北湖-CH",
        "source_track": "BB-KL-ZY-M-1",
        "point_count": 4312
      },
      "geometry": {
        "type": "LineString",
        "coordinates": [
          [
            121.424411,
            24.991235
          ],
          [
            121.42461965633458,
            24.99164545931918
          ],
          [
            121.42353391903676,
            24.989507137727017
          ],
          [
            121.42305286235802,
            24.988630609424206
          ],
          [
            121.42292762926293,
            24.988420950536096
          ],
          [
            121.42290684010479,
            24.98838709955762
          ],
          [
            121.42282970020624,
            24.98826150123921
          ],
          [
            121.42277433577401,
            24.988180070352936
          ],
          [
            121.42271489147787,
            24.988090308941647
          ],
          [
            121.42266084949601,
            24.9880102916866
          ],
          [
            121.42260252217808,
            24.987931378996723
          ],
          [
            121.42255479955038,
            24.98787435673404
          ],
          [
            121.4223962952176,
            24.987682216329905
          ],
          [
            121.4223503501348,
            24.987632230978747
          ],
          [
            121.42225748802323,
            24.987537679932977
          ],
          [
            121.42216449688911,
            24.987440113760695
          ],
          [
            121.42200130717059,
            24.987285354087593
          ],
          [
            121.42194378646708,
            24.987236484818265
          ],
          [
            121.42184806476145,
            24.98715138515236
          ],
          [
            121.42175180630925,
            24.98707151429463
          ],
          [
            121.42160829855648,
            24.986968574661308
          ],
          [
            121.42152607345741,
            24.986910990733534
          ],
          [
            121.42143258125209,
            24.986843381206207
          ],
          [
            121.42129087970483,
            24.986755811237252
          ],
          [
            121.42115636309428,
            24.986680797136916
          ],
          [
            121.42107547574638,
            24.98663778074902
          ],
          [
            121.42096789178426,
            24.986579925180866
          ],
          [
            121.42075129261782,
            24.986474347540124
          ],
          [
            121.420249231614,
            24.98622238852237
          ],
          [
            121.41888878892576,
            24.985553574680324
          ],
          [
            121.41754144076069,
            24.984883203737628
          ],
          [
            121.41719918486679,
            24.984712572706357
          ],
          [
            121.41643973407803,
            24.984333924324815
          ],
          [
            121.41503431515076,
            24.983630495904123
          ],
          [
            121.41445455659267,
            24.983339216999006
          ],
          [
            121.41380687226558,
            24.98301314019311
          ],
          [
            121.41270640342262,
            24.9824746360456
          ],
          [
            121.41203028038541,
            24.982139692260287
          ],
          [
            121.4109940666849,
            24.98161737459941
          ],
          [
            121.41093220386526,
            24.98158618124992
          ],
          [
            121.41073929339548,
            24.98148894675043
          ],
          [
            121.41058526120977,
            24.98140066009565
          ],
          [
            121.41032465441158,
            24.981251274978607
          ],
          [
            121.40998482452152,
            24.98105648785561
          ],
          [
            121.4092173329208,
            24.980650152524568
          ],
          [
            121.40901198262861,
            24.980543407077647
          ],
          [
            121.40855556499288,
            24.98031913467349
          ],
          [
            121.40805888569339,
            24.980068148270206
          ],
          [
            121.40805548260914,
            24.980066442230335
          ],
          [
            121.4073460528402,
            24.979709927364485
          ],
          [
            121.40700180097323,
            24.979526177936183
          ],
          [
            121.40665132788541,
            24.979320776867816
          ],
          [
            121.40606833924446,
            24.978950720028305
          ],
          [
            121.40590057895123,
            24.97883036138147
          ],
          [
            121.4056424014534,
            24.97863914237065
          ],
          [
            121.40542281318574,
            24.97847771037998
          ],
          [
            121.4051819480558,
            24.97830371446109
          ],
          [
            121.40498042196954,
            24.978158700185286
          ],
          [
            121.40477555902373,
            24.978004801863317
          ],
          [
            121.40456795889675,
            24.97785575886795
          ],
          [
            121.40438164823628,
            24.97772286347714
          ],
          [
            121.40407572902055,
            24.97749080109368
          ],
          [
            121.40375909940377,
            24.9772574038453
          ],
          [
            121.40356816151174,
            24.977114354131757
          ],
          [
            121.40328406774223,
            24.97689809356521
          ],
          [
            121.40311113612191,
            24.97677270792424
          ],
          [
            121.40281992132365,
            24.976553089157584
          ],
          [
            121.40263366657267,
            24.976420976825846
          ],
          [
            121.4024036443496,
            24.976249754749396
          ],
          [
            121.40218276115074,
            24.976098703851967
          ],
          [
            121.40193195659701,
            24.975935608443276
          ],
          [
            121.40158633110737,
            24.975731879393383
          ],
          [
            121.40129502398908,
            24.975573803520344
          ],
          [
            121.40106378561636,
            24.97545716751425
          ],
          [
            121.40089802423459,
            24.975376061637004
          ],
          [
            121.40069382714444,
            24.975277959486725
          ],
          [
            121.40045544808352,
            24.975164230785833
          ],
          [
            121.40020993382828,
            24.975046133139557
          ],
          [
            121.39988020412501,
            24.97488939460929
          ],
          [
            121.39969112191781,
            24.974800089138427
          ],
          [
            121.39947225901822,
            24.974693140841225
          ],
          [
            121.39927492622374,
            24.974600588737914
          ],
          [
            121.39897502809002,
            24.97445806894253
          ],
          [
            121.39867840657135,
            24.974317841968375
          ],
          [
            121.39839533953092,
            24.974188159257785
          ],
          [
            121.39823655241584,
            24.974112575065476
          ],
          [
            121.39797256955353,
            24.973997357950978
          ],
          [
            121.39777525682868,
            24.973907277522652
          ],
          [
            121.39770334120752,
            24.973877062428294
          ],
          [
            121.3971878709733,
            24.973656911788158
          ],
          [
            121.39669479619218,
            24.97349523899952
          ],
          [
            121.39632186288597,
            24.973400821426946
          ],
          [
            121.39620434706185,
            24.973373661172467
          ],
          [
            121.396115942639,
            24.973353239719632
          ],
          [
            121.39599521295767,
            24.973333843138462
          ],
          [
            121.39545172674306,
            24.973246539788164
          ],
          [
            121.39469207751316,
            24.97313551257665
          ],
          [
            121.39465467168469,
            24.973130474648546
          ],
          [
            121.3941520841615,
            24.9730745577709
          ],
          [
            121.39396250632507,
            24.973051396433906
          ],
          [
            121.39346558168943,
            24.97296024293622
          ],
          [
            121.39298553877055,
            24.972848413596388
          ],
          [
            121.3926894618972,
            24.97275163525053
          ],
          [
            121.39250031356258,
            24.972679429301298
          ],
          [
            121.39242863676324,
            24.972652063940988
          ],
          [
            121.39231156648687,
            24.972602509290052
          ],
          [
            121.39205416885564,
            24.972493538874616
          ],
          [
            121.39178470734227,
            24.972349967274802
          ],
          [
            121.39145005579229,
            24.97215029332403
          ],
          [
            121.39119228246044,
            24.971975226343368
          ],
          [
            121.39118489446035,
            24.971969196807212
          ],
          [
            121.39117750646095,
            24.971963167270683
          ],
          [
            121.39117010852931,
            24.97195712873159
          ],
          [
            121.39116272053136,
            24.971951099194296
          ],
          [
            121.39115533253411,
            24.971945069656623
          ],
          [
            121.39114794453761,
            24.971939040118574
          ],
          [
            121.39114055651326,
            24.971933001551935
          ],
          [
            121.39113316851817,
            24.97192697201312
          ],
          [
            121.39112579042819,
            24.971920942447905
          ],
          [
            121.39111840240602,
            24.971914903880123
          ],
          [
            121.39111101438455,
            24.97190886531197
          ],
          [
            121.39110363629675,
            24.97190283574562
          ],
          [
            121.39109625818111,
            24.971896797150677
          ],
          [
            121.39108887016181,
            24.971890758581377
          ],
          [
            121.39108149204759,
            24.97188471998568
          ],
          [
            121.39107411393411,
            24.9718786813896
          ],
          [
            121.39106674572575,
            24.971872642767135
          ],
          [
            121.39105936758517,
            24.971866595142096
          ],
          [
            121.39105198947385,
            24.971860556544897
          ],
          [
            121.3910446212391,
            24.971854508893085
          ],
          [
            121.39103725300507,
            24.971848461240892
          ],
          [
            121.39102988477177,
            24.97184241358832
          ],
          [
            121.39102251653918,
            24.97183636593537
          ],
          [
            121.3910151582117,
            24.971830318256032
          ],
          [
            121.39100778995201,
            24.97182426157412
          ],
          [
            121.39100044153034,
            24.971818213868033
          ],
          [
            121.39099308317648,
            24.97181215715936
          ],
          [
            121.3909857247948,
            24.97180609142209
          ],
          [
            121.39097837634677,
            24.97180003468665
          ],
          [
            121.39097102787092,
            24.971793968922647
          ],
          [
            121.39096367939577,
            24.971787903158237
          ],
          [
            121.39095634082577,
            24.971781837367455
          ],
          [
            121.39094900222791,
            24.971775762548102
          ],
          [
            121.39094166363078,
            24.971769687728354
          ],
          [
            121.39093433493878,
            24.971763612882235
          ],
          [
            121.39092700621893,
            24.971757529007537
          ],
          [
            121.3909196874042,
            24.971751445106452
          ],
          [
            121.39091236856166,
            24.971745352176807
          ],
          [
            121.39090504971985,
            24.971739259246778
          ],
          [
            121.3908977407831,
            24.971733166290356
          ],
          [
            121.3908904318186,
            24.971727064305377
          ],
          [
            121.39088313275916,
            24.971720962294004
          ],
          [
            121.39087584357631,
            24.971714851228064
          ],
          [
            121.39086855439417,
            24.97170874016175
          ],
          [
            121.3908612750886,
            24.971702620040862
          ],
          [
            121.39085399575521,
            24.971696490891393
          ],
          [
            121.39084672632696,
            24.971690361715556
          ],
          [
            121.39083945687086,
            24.971684223511147
          ],
          [
            121.39083220719574,
            24.971678076226162
          ],
          [
            121.39082495752132,
            24.9716719289408
          ],
          [
            121.3908177177235,
            24.971665772600875
          ],
          [
            121.39081048780221,
            24.971659607206373
          ],
          [
            121.39080326775752,
            24.97165343275732
          ],
          [
            121.39079604771356,
            24.97164725830789
          ],
          [
            121.390788847422,
            24.9716410657497
          ],
          [
            121.39078165703555,
            24.971634873165137
          ],
          [
            121.39077446659277,
            24.971628662523813
          ],
          [
            121.39076729595945,
            24.971622451830136
          ],
          [
            121.39076013517422,
            24.97161622305369
          ],
          [
            121.39075298426552,
            24.971609985222692
          ],
          [
            121.39074585313779,
            24.971603738311135
          ],
          [
            121.39073873188663,
            24.97159748234502
          ],
          [
            121.39073162048352,
            24.971591208296143
          ],
          [
            121.39072452886136,
            24.971584925166738
          ],
          [
            121.39071744711575,
            24.97157863298277
          ],
          [
            121.39071038509407,
            24.971572313661856
          ],
          [
            121.39070334288185,
            24.971565994288607
          ],
          [
            121.39069632039354,
            24.971559647778413
          ],
          [
            121.3906893077818,
            24.97155329221368
          ],
          [
            121.3906823149225,
            24.971546918540206
          ],
          [
            121.39067535171996,
            24.971540526732014
          ],
          [
            121.39066840824137,
            24.971534107786876
          ],
          [
            121.39066148454371,
            24.971527679761223
          ],
          [
            121.39065458056994,
            24.97152122459865
          ],
          [
            121.390647706253,
            24.971514751301353
          ],
          [
            121.39064085168847,
            24.971508259895355
          ],
          [
            121.39063403665658,
            24.971501741300465
          ],
          [
            121.3906272413486,
            24.971495195568647
          ],
          [
            121.39062047566888,
            24.971488622673924
          ],
          [
            121.39061373961749,
            24.9714820226163
          ],
          [
            121.39060906004048,
            24.97147740338506
          ],
          [
            121.39060238330241,
            24.97147076705817
          ],
          [
            121.39059573613561,
            24.971464085512004
          ],
          [
            121.39058912852995,
            24.97145738580516
          ],
          [
            121.39058254064821,
            24.971450658961437
          ],
          [
            121.39057598242326,
            24.971443913983038
          ],
          [
            121.39056944392222,
            24.971437141867753
          ],
          [
            121.39056293507795,
            24.9714303516178
          ],
          [
            121.3905564459576,
            24.971423534230986
          ],
          [
            121.39054998652256,
            24.971416707737717
          ],
          [
            121.39054353693555,
            24.97140986316175
          ],
          [
            121.39053710707248,
            24.971402991448933
          ],
          [
            121.39053069699033,
            24.97139611065564
          ],
          [
            121.3905243066891,
            24.971389220781887
          ],
          [
            121.39051792623593,
            24.971382312825472
          ],
          [
            121.39051156556366,
            24.971375395788584
          ],
          [
            121.390505214768,
            24.971368469697243
          ],
          [
            121.39049887382036,
            24.971361525523225
          ],
          [
            121.3904925427778,
            24.97135458132294
          ],
          [
            121.39048622158333,
            24.97134761903998
          ],
          [
            121.3904799102939,
            24.971340656730764
          ],
          [
            121.39047360888102,
            24.971333685367075
          ],
          [
            121.3904673074404,
            24.971326704974903
          ],
          [
            121.3904610159048,
            24.971319724556462
          ],
          [
            121.39045472436995,
            24.97131274413776
          ],
          [
            121.39044844271163,
            24.9713057546646
          ],
          [
            121.39044216102553,
            24.971298756162934
          ],
          [
            121.39043587936867,
            24.97129176668919
          ],
          [
            121.39042960761682,
            24.971284777189222
          ],
          [
            121.39042332593286,
            24.97127777868672
          ],
          [
            121.39041705418245,
            24.971270789186175
          ],
          [
            121.39041077249993,
            24.97126379068312
          ],
          [
            121.39040448097076,
            24.971256810262172
          ],
          [
            121.39039819931814,
            24.97124982078675
          ],
          [
            121.39039190779037,
            24.97124284036523
          ],
          [
            121.39038560635902,
            24.97123585996942
          ],
          [
            121.39037930495682,
            24.971228888601512
          ],
          [
            121.3903729936795,
            24.971221926287505
          ],
          [
            121.39036667249854,
            24.971214963999184
          ],
          [
            121.39036034147097,
            24.971208019792957
          ],
          [
            121.39035400053973,
            24.971201075612402
          ],
          [
            121.39034764976188,
            24.971194149513963
          ],
          [
            121.39034128910886,
            24.971187232469415
          ],
          [
            121.39024369200791,
            24.97106196810368
          ],
          [
            121.38988389424644,
            24.97070359409693
          ],
          [
            121.38984263792555,
            24.97063299261373
          ],
          [
            121.3897559452072,
            24.970541907523188
          ],
          [
            121.38963435832726,
            24.970425273374108
          ],
          [
            121.38946035564744,
            24.970263887610304
          ],
          [
            121.38937452583075,
            24.970182460294545
          ],
          [
            121.38929729435446,
            24.970110878360575
          ],
          [
            121.3891165874212,
            24.969968414935774
          ],
          [
            121.38878155454596,
            24.96972592369122
          ],
          [
            121.38865162992006,
            24.96964080113891
          ],
          [
            121.3884139525566,
            24.96949441377718
          ],
          [
            121.38814525262471,
            24.969337616033357
          ],
          [
            121.38765259353276,
            24.969065513958185
          ],
          [
            121.38736325910955,
            24.96889735674171
          ],
          [
            121.38718549108845,
            24.968797081479693
          ],
          [
            121.3867872859999,
            24.96856719990619
          ],
          [
            121.38659266162242,
            24.968460476369767
          ],
          [
            121.38622811999821,
            24.96823596797977
          ],
          [
            121.38606940399421,
            24.968133935592824
          ],
          [
            121.38590862406095,
            24.968030581223502
          ],
          [
            121.38575147657866,
            24.967929555593116
          ],
          [
            121.38549323710866,
            24.967758416028342
          ],
          [
            121.3852825776055,
            24.96762537868
          ],
          [
            121.38459837852083,
            24.96718518554651
          ],
          [
            121.38413397115636,
            24.966880821794188
          ],
          [
            121.38364354659628,
            24.96656318880451
          ],
          [
            121.38306354108148,
            24.966184274872816
          ],
          [
            121.38305888671296,
            24.966181244311166
          ],
          [
            121.38305550262072,
            24.96617904108466
          ],
          [
            121.38286538838848,
            24.9660553006986
          ],
          [
            121.38270584713547,
            24.965950431881883
          ],
          [
            121.38253822089435,
            24.965841195909213
          ],
          [
            121.38238148185475,
            24.965739154422472
          ],
          [
            121.38220831896388,
            24.96562321523617
          ],
          [
            121.38206179260973,
            24.965521544436978
          ],
          [
            121.38192400275274,
            24.9654201851303
          ],
          [
            121.3817587385834,
            24.965299250559273
          ],
          [
            121.38131436519026,
            24.964957647923
          ],
          [
            121.38069274446141,
            24.96448092824416
          ],
          [
            121.3802322792912,
            24.96414450955182
          ],
          [
            121.37977553328653,
            24.963818661077948
          ],
          [
            121.37936651686326,
            24.963525353971548
          ],
          [
            121.37883748212796,
            24.963149164318253
          ],
          [
            121.37824210627701,
            24.962724668301327
          ],
          [
            121.37776732951453,
            24.96240316580187
          ],
          [
            121.3773475488429,
            24.962126609754314
          ],
          [
            121.37682151369009,
            24.96178182364938
          ],
          [
            121.37635256003401,
            24.961480642564922
          ],
          [
            121.37607749604551,
            24.9613013942908
          ],
          [
            121.37574801543104,
            24.96109377141318
          ],
          [
            121.3753146392778,
            24.96080845023546
          ],
          [
            121.37483435318084,
            24.96049739779803
          ],
          [
            121.37444287155974,
            24.960240985553778
          ],
          [
            121.37402935684995,
            24.95996840372383
          ],
          [
            121.37368395632895,
            24.959750271095075
          ],
          [
            121.37340114649514,
            24.959568039801514
          ],
          [
            121.37322172549447,
            24.959453324423293
          ],
          [
            121.37299933266048,
            24.959321860596262
          ],
          [
            121.37282725885936,
            24.95922295295661
          ],
          [
            121.37272357043814,
            24.959164068025075
          ],
          [
            121.37258192376832,
            24.95908598448355
          ],
          [
            121.37243383926257,
            24.959007646053802
          ],
          [
            121.37218732985335,
            24.958881667307494
          ],
          [
            121.37197406123407,
            24.958780207276497
          ],
          [
            121.37176662713759,
            24.958685693199186
          ],
          [
            121.37083029666937,
            24.958298717595877
          ],
          [
            121.37049889524054,
            24.958161752242102
          ],
          [
            121.37004458822054,
            24.957973296118894
          ],
          [
            121.36956832465728,
            24.957777480828792
          ],
          [
            121.36910057873109,
            24.957588062020367
          ],
          [
            121.36873271705124,
            24.9574378121032
          ],
          [
            121.36839265626581,
            24.95729801049479
          ],
          [
            121.36800420511914,
            24.95713702987202
          ],
          [
            121.3676867808196,
            24.957009187389232
          ],
          [
            121.36739195310096,
            24.95689021749155
          ],
          [
            121.36720142227983,
            24.956816294006366
          ],
          [
            121.3670144133983,
            24.956747751500775
          ],
          [
            121.36685938268083,
            24.956692672473807
          ],
          [
            121.3666412741541,
            24.95661952039277
          ],
          [
            121.36645135234909,
            24.956563696211454
          ],
          [
            121.36632750566937,
            24.956528086206905
          ],
          [
            121.3661926383335,
            24.95649301780674
          ],
          [
            121.36595346512817,
            24.95643621260539
          ],
          [
            121.3657399739934,
            24.956390385590776
          ],
          [
            121.36560322415646,
            24.956364972545995
          ],
          [
            121.36536375004502,
            24.9563268376895
          ],
          [
            121.36512744315243,
            24.956294752683323
          ],
          [
            121.3649584785978,
            24.956276162160947
          ],
          [
            121.36478327056427,
            24.95625941045671
          ],
          [
            121.3646348666317,
            24.95624801895114
          ],
          [
            121.36449861456337,
            24.95624018180357
          ],
          [
            121.36431441944144,
            24.956235206407698
          ],
          [
            121.36418722222348,
            24.956231842930233
          ],
          [
            121.36404117588094,
            24.956230737350147
          ],
          [
            121.3639015275131,
            24.95623316412525
          ],
          [
            121.36375266209845,
            24.95623657027995
          ],
          [
            121.36362891875197,
            24.95624251511504
          ],
          [
            121.36349268538328,
            24.956251144652935
          ],
          [
            121.36336000178159,
            24.956261282164483
          ],
          [
            121.3632300370565,
            24.956273263733156
          ],
          [
            121.36309177063748,
            24.95628768501448
          ],
          [
            121.36296628007624,
            24.95630234588587
          ],
          [
            121.36285695430146,
            24.956317933304565
          ],
          [
            121.36274257707375,
            24.956336638686516
          ],
          [
            121.36263457682422,
            24.956355111776258
          ],
          [
            121.36250648664283,
            24.956378265209448
          ],
          [
            121.36239603735983,
            24.95639914561967
          ],
          [
            121.36228672318428,
            24.956422135813973
          ],
          [
            121.36214167401218,
            24.956453916112533
          ],
          [
            121.36197247295573,
            24.9564932394404
          ],
          [
            121.36175065139868,
            24.956544634847702
          ],
          [
            121.36145935742718,
            24.956616115000923
          ],
          [
            121.3612272578736,
            24.956668211696762
          ],
          [
            121.36103861199861,
            24.956712925887615
          ],
          [
            121.3608876245378,
            24.95674620000734
          ],
          [
            121.36076198597243,
            24.95676810009759
          ],
          [
            121.3605938499287,
            24.95679256770087
          ],
          [
            121.36045314047169,
            24.956811759406456
          ],
          [
            121.36034709092228,
            24.956823608364424
          ],
          [
            121.360192430243,
            24.95683348023599
          ],
          [
            121.36009989700239,
            24.956837956308952
          ],
          [
            121.35996919471772,
            24.956838425715247
          ],
          [
            121.35987360002005,
            24.956835632220727
          ],
          [
            121.35975464064516,
            24.956828462193297
          ],
          [
            121.35963017893617,
            24.956819219813916
          ],
          [
            121.35951204919662,
            24.956807858448983
          ],
          [
            121.35938476525509,
            24.95679185143598
          ],
          [
            121.35924196381345,
            24.956765923502903
          ],
          [
            121.35913649566169,
            24.956746080793767
          ],
          [
            121.35896047793214,
            24.95670280801548
          ],
          [
            121.35884323805288,
            24.956673811664135
          ],
          [
            121.3587340905353,
            24.95664527423157
          ],
          [
            121.35865598936746,
            24.956619993416666
          ],
          [
            121.35856297359756,
            24.956587769572252
          ],
          [
            121.3584215413587,
            24.95653180032883
          ],
          [
            121.35827578290947,
            24.956469467360808
          ],
          [
            121.35818222211093,
            24.956423359029156
          ],
          [
            121.35805880689325,
            24.95635460714956
          ],
          [
            121.35805547404358,
            24.956352755326943
          ],
          [
            121.35805170472274,
            24.956350651760456
          ],
          [
            121.35786452749144,
            24.956235620316498
          ],
          [
            121.35784697776857,
            24.956224936833006
          ],
          [
            121.35774402073906,
            24.95616224771109
          ],
          [
            121.35760635132273,
            24.956078416272543
          ],
          [
            121.35670422001584,
            24.95550228819325
          ],
          [
            121.35592327336269,
            24.95497832861635
          ],
          [
            121.35431321970225,
            24.953867511791234
          ],
          [
            121.35382832387882,
            24.9535374511221
          ],
          [
            121.35344670405914,
            24.953275009776974
          ],
          [
            121.35314160281463,
            24.95307038403833
          ],
          [
            121.35282600098141,
            24.952857250760303
          ],
          [
            121.35280920306582,
            24.952845959991812
          ],
          [
            121.35240996314668,
            24.952577571876045
          ],
          [
            121.3523719323485,
            24.952552003326257
          ],
          [
            121.35199344284624,
            24.952301693870126
          ],
          [
            121.35178542139232,
            24.952162128757482
          ],
          [
            121.3515703360696,
            24.952017822088173
          ],
          [
            121.35150808666499,
            24.95197606849921
          ],
          [
            121.35137883161005,
            24.951888022181215
          ],
          [
            121.35113096114719,
            24.951720110876767
          ],
          [
            121.35089727654795,
            24.95156419147506
          ],
          [
            121.35072179817092,
            24.95144553002943
          ],
          [
            121.3505605352651,
            24.95133546600743
          ],
          [
            121.35039921665171,
            24.951226611734317
          ],
          [
            121.35025192099145,
            24.95113885061253
          ],
          [
            121.35014347417331,
            24.951072034055034
          ],
          [
            121.35004269328441,
            24.951012584581193
          ],
          [
            121.34994295210006,
            24.95095657239048
          ],
          [
            121.34985098670002,
            24.95090827012482
          ],
          [
            121.34976468816173,
            24.95086431518199
          ],
          [
            121.34965451766358,
            24.950814647113535
          ],
          [
            121.3495499551106,
            24.950773010049648
          ],
          [
            121.34943427573413,
            24.950729268300247
          ],
          [
            121.34934358899342,
            24.95069881173322
          ],
          [
            121.34925934908557,
            24.950671888132028
          ],
          [
            121.34915345385876,
            24.950642189368466
          ],
          [
            121.34905726855231,
            24.950617821581012
          ],
          [
            121.34894188351427,
            24.95059056449393
          ],
          [
            121.3488373418056,
            24.95056672172269
          ],
          [
            121.34872625971947,
            24.950544772080924
          ],
          [
            121.34860525945734,
            24.950524380381275
          ],
          [
            121.34847650516288,
            24.950500404415198
          ],
          [
            121.3482848729974,
            24.950474616198704
          ],
          [
            121.34811947118644,
            24.95045508627904
          ],
          [
            121.34793973661695,
            24.950430795604195
          ],
          [
            121.3477566539052,
            24.950406124308877
          ],
          [
            121.34759184307953,
            24.950385400681988
          ],
          [
            121.3474503601492,
            24.950367096232497
          ],
          [
            121.3472803106853,
            24.95034278217161
          ],
          [
            121.34711833507858,
            24.950323080640448
          ],
          [
            121.34697690987853,
            24.95030412556529
          ],
          [
            121.34685587305009,
            24.950288174465946
          ],
          [
            121.34673652183602,
            24.95027297772507
          ],
          [
            121.34662179536753,
            24.950257824298287
          ],
          [
            121.34653213627128,
            24.950243894501202
          ],
          [
            121.34643534875984,
            24.95023052292657
          ],
          [
            121.34635015112318,
            24.950218442482125
          ],
          [
            121.3462579070231,
            24.950204356018986
          ],
          [
            121.34615867022929,
            24.950186241051725
          ],
          [
            121.34605949897282,
            24.950166762587045
          ],
          [
            121.34597059604201,
            24.950146971303948
          ],
          [
            121.34587947508525,
            24.950127239286992
          ],
          [
            121.34578772874391,
            24.950103409800736
          ],
          [
            121.34570134342584,
            24.950080867898237
          ],
          [
            121.34564983064685,
            24.950063625930394
          ],
          [
            121.34558797233822,
            24.95004385292396
          ],
          [
            121.34553429775458,
            24.95002552350175
          ],
          [
            121.3454740086923,
            24.9500073899653
          ],
          [
            121.34541821847127,
            24.949986772209293
          ],
          [
            121.34536217931648,
            24.94996565845069
          ],
          [
            121.34521470295857,
            24.94990363249859
          ],
          [
            121.34492913450781,
            24.949771044702306
          ],
          [
            121.3446552394633,
            24.94964111076274
          ],
          [
            121.34432461728981,
            24.94948090901431
          ],
          [
            121.34398766990614,
            24.949317777887444
          ],
          [
            121.34371569594097,
            24.94918711549319
          ],
          [
            121.34346533509171,
            24.949065358883296
          ],
          [
            121.3432836266705,
            24.948978139586295
          ],
          [
            121.34311298176713,
            24.948895210132104
          ],
          [
            121.34292000678786,
            24.94880162426707
          ],
          [
            121.34275146693919,
            24.948720576470645
          ],
          [
            121.34258118943683,
            24.948637753893358
          ],
          [
            121.34242843525561,
            24.9485640184968
          ],
          [
            121.3422678699706,
            24.948490968983133
          ],
          [
            121.34216029678498,
            24.948444070075613
          ],
          [
            121.34207013138752,
            24.948407522743317
          ],
          [
            121.34197816439925,
            24.948371205199614
          ],
          [
            121.34187223171195,
            24.948333782074215
          ],
          [
            121.34187139907431,
            24.94833348604955
          ],
          [
            121.34186869303313,
            24.948332535254693
          ],
          [
            121.34177897264715,
            24.948302884375792
          ],
          [
            121.34170537761419,
            24.948278216217517
          ],
          [
            121.34162253773258,
            24.948255058897065
          ],
          [
            121.34155750962802,
            24.948237972884847
          ],
          [
            121.34145193567542,
            24.948212050742608
          ],
          [
            121.34136038726342,
            24.948190953638527
          ],
          [
            121.34125225109202,
            24.94816952431023
          ],
          [
            121.3411403531285,
            24.948152112100228
          ],
          [
            121.34103829812786,
            24.948134605048807
          ],
          [
            121.34091354949258,
            24.948121826537065
          ],
          [
            121.34079500576289,
            24.948111173444833
          ],
          [
            121.34068307815116,
            24.948104540798575
          ],
          [
            121.34058673519759,
            24.948100761512226
          ],
          [
            121.34046341920862,
            24.948101187812544
          ],
          [
            121.34036083966713,
            24.948101756235754
          ],
          [
            121.34023785345336,
            24.948106876334045
          ],
          [
            121.34011716448535,
            24.948115548253625
          ],
          [
            121.34001245910216,
            24.948124508620158
          ],
          [
            121.3398821183531,
            24.948141598734438
          ],
          [
            121.33976542444451,
            24.948159081946436
          ],
          [
            121.33965469347396,
            24.94818075868117
          ],
          [
            121.33954913773547,
            24.948204662568475
          ],
          [
            121.33949968221836,
            24.948218435152985
          ],
          [
            121.33940398703206,
            24.94824507914122
          ],
          [
            121.3392383836057,
            24.948294985790707
          ],
          [
            121.33913456874231,
            24.948329078420507
          ],
          [
            121.33912187547101,
            24.948333386747468
          ],
          [
            121.33912097517818,
            24.948333695760333
          ],
          [
            121.33903165717898,
            24.948363981473612
          ],
          [
            121.3389854478584,
            24.94838073488267
          ],
          [
            121.33887548845598,
            24.948427562247993
          ],
          [
            121.33877191948804,
            24.94846836212565
          ],
          [
            121.33868001820758,
            24.948510056299998
          ],
          [
            121.33859321578139,
            24.948551404781522
          ],
          [
            121.33850695070161,
            24.94859372705287
          ],
          [
            121.33842757746861,
            24.948635925279582
          ],
          [
            121.33834862258135,
            24.948679034376767
          ],
          [
            121.3382703378452,
            24.94872460664836
          ],
          [
            121.33815646651252,
            24.948796893265904
          ],
          [
            121.33805173919097,
            24.9488670103036
          ],
          [
            121.33800037308819,
            24.948902942281087
          ],
          [
            121.3378140369475,
            24.949041787452114
          ],
          [
            121.3375917178064,
            24.94921472369775
          ],
          [
            121.33740645829789,
            24.94936743345545
          ],
          [
            121.33729333915859,
            24.949465421403776
          ],
          [
            121.33719478256587,
            24.949550962336666
          ],
          [
            121.3370856359575,
            24.949656913162833
          ],
          [
            121.33699649224057,
            24.949744500157422
          ],
          [
            121.3369435352935,
            24.94980380072025
          ],
          [
            121.33689031407583,
            24.949856980645727
          ],
          [
            121.33682285838105,
            24.949930470391376
          ],
          [
            121.3367513649555,
            24.950015868588206
          ],
          [
            121.33669049363155,
            24.950089063511893
          ],
          [
            121.33663727768308,
            24.950158837427683
          ],
          [
            121.3365868161276,
            24.950229155830275
          ],
          [
            121.3365447447319,
            24.95028584052281
          ],
          [
            121.3364929304554,
            24.950361299075585
          ],
          [
            121.33645063526428,
            24.950423121373266
          ],
          [
            121.3364156261534,
            24.950476792669956
          ],
          [
            121.33637385552508,
            24.95054947485613
          ],
          [
            121.33633358521085,
            24.950620366031522
          ],
          [
            121.33628402247221,
            24.950704540805386
          ],
          [
            121.33623992829399,
            24.95078225698418
          ],
          [
            121.33620165274674,
            24.95085843422888
          ],
          [
            121.33615850194525,
            24.95094444529965
          ],
          [
            121.33611903161345,
            24.951025581777657
          ],
          [
            121.3360901598791,
            24.95108578469635
          ],
          [
            121.33605431926365,
            24.95117619410248
          ],
          [
            121.33600073744552,
            24.95132310675914
          ],
          [
            121.33597749834422,
            24.951386231161425
          ],
          [
            121.3359536699496,
            24.95145116255687
          ],
          [
            121.3359338456581,
            24.951513683380377
          ],
          [
            121.33591379783562,
            24.951581423085877
          ],
          [
            121.33588900379613,
            24.951677368997558
          ],
          [
            121.33585874732404,
            24.95180034904261
          ],
          [
            121.33583310808662,
            24.95190965879223
          ],
          [
            121.33581036520478,
            24.95202436998318
          ],
          [
            121.33579253136072,
            24.9521234510755
          ],
          [
            121.33578147068847,
            24.95220777361865
          ],
          [
            121.33576716198182,
            24.95234327611199
          ],
          [
            121.33576428136935,
            24.952380217543272
          ],
          [
            121.33576322084275,
            24.952398141188272
          ],
          [
            121.33576006855374,
            24.952451758575226
          ],
          [
            121.33575133134026,
            24.952629672673442
          ],
          [
            121.33574853780914,
            24.95273159989481
          ],
          [
            121.33574984358488,
            24.95282237690489
          ],
          [
            121.33575281473306,
            24.952895508785396
          ],
          [
            121.33576006366398,
            24.953005042315382
          ],
          [
            121.33577023893397,
            24.953098137670352
          ],
          [
            121.33577973242481,
            24.953202745692227
          ],
          [
            121.33578927149784,
            24.953283988268378
          ],
          [
            121.3358014428537,
            24.953368168147644
          ],
          [
            121.33581157343217,
            24.953433808417863
          ],
          [
            121.33582527309134,
            24.95350821618575
          ],
          [
            121.33584370839127,
            24.953597952421994
          ],
          [
            121.33586212742357,
            24.953685332295024
          ],
          [
            121.33587819542161,
            24.953752972490005
          ],
          [
            121.33589874939601,
            24.953835165276473
          ],
          [
            121.33593321359014,
            24.953952519151564
          ],
          [
            121.3359620872557,
            24.95404968923331
          ],
          [
            121.33598593154468,
            24.954114513089475
          ],
          [
            121.3360303358584,
            24.954230851398947
          ],
          [
            121.3360746558145,
            24.954341619398836
          ],
          [
            121.33613166271783,
            24.95447827911176
          ],
          [
            121.33618094588499,
            24.954585975269058
          ],
          [
            121.3362401946305,
            24.954702045266647
          ],
          [
            121.3363125907944,
            24.954838489595915
          ],
          [
            121.33648315073069,
            24.9551183259221
          ],
          [
            121.33666342678433,
            24.955398275501853
          ],
          [
            121.3367065595982,
            24.955465439110515
          ],
          [
            121.33675587836836,
            24.955542203898197
          ],
          [
            121.336811922584,
            24.955626654631267
          ],
          [
            121.33686059834746,
            24.955699990068084
          ],
          [
            121.33696318228752,
            24.955858801192793
          ],
          [
            121.33705591241724,
            24.95599565957209
          ],
          [
            121.3371540646649,
            24.95614883787392
          ],
          [
            121.33723908469688,
            24.956279935447846
          ],
          [
            121.33734958552222,
            24.95645445571952
          ],
          [
            121.33744507736944,
            24.956597780898964
          ],
          [
            121.33750553544247,
            24.956691674017165
          ],
          [
            121.33755269896206,
            24.956765789073753
          ],
          [
            121.33762075825044,
            24.956868855759073
          ],
          [
            121.33768799289665,
            24.956974533468784
          ],
          [
            121.33777121241312,
            24.957102276257235
          ],
          [
            121.33785702683929,
            24.957237298974245
          ],
          [
            121.33796247601501,
            24.95739632856613
          ],
          [
            121.33806295185181,
            24.95755095451115
          ],
          [
            121.3381827911876,
            24.957735366028835
          ],
          [
            121.33827897440342,
            24.95788815978321
          ],
          [
            121.33840927555151,
            24.958106331360412
          ],
          [
            121.33849962973841,
            24.958264031559178
          ],
          [
            121.33852325971233,
            24.958311259224757
          ],
          [
            121.33855788033343,
            24.95837941666055
          ],
          [
            121.33860594821759,
            24.958483178339193
          ],
          [
            121.33864761308624,
            24.958577700519694
          ],
          [
            121.33869400674723,
            24.958699305953626
          ],
          [
            121.33873656730762,
            24.958813471715434
          ],
          [
            121.33877478493086,
            24.95893655830281
          ],
          [
            121.33879764474402,
            24.959027963289543
          ],
          [
            121.33881878959991,
            24.959122369578164
          ],
          [
            121.33884343940845,
            24.959238146973476
          ],
          [
            121.33885907524625,
            24.959327934253086
          ],
          [
            121.33886936966319,
            24.959405608636153
          ],
          [
            121.33887934657336,
            24.95949753044388
          ],
          [
            121.33888702442152,
            24.95960338819297
          ],
          [
            121.33889396144421,
            24.959717183527065
          ],
          [
            121.33889671259472,
            24.95983218915143
          ],
          [
            121.3388959972651,
            24.959900083813086
          ],
          [
            121.33889369487225,
            24.959974301915526
          ],
          [
            121.33889098046923,
            24.960053576818826
          ],
          [
            121.3388821092051,
            24.960148475710596
          ],
          [
            121.33886819358557,
            24.96025659452266
          ],
          [
            121.3388602970083,
            24.960316840468593
          ],
          [
            121.33884648449639,
            24.96039390159239
          ],
          [
            121.33883446154198,
            24.960469875243525
          ],
          [
            121.33880988369187,
            24.960583083194972
          ],
          [
            121.33878716618418,
            24.9606812727997
          ],
          [
            121.33876655031355,
            24.960758520926987
          ],
          [
            121.33873958679487,
            24.960850463549445
          ],
          [
            121.33871536595935,
            24.9609204791487
          ],
          [
            121.33869159891725,
            24.961000713778613
          ],
          [
            121.33861111220475,
            24.961228834981377
          ],
          [
            121.33846618014695,
            24.96161201064944
          ],
          [
            121.33836417468052,
            24.961884627063384
          ],
          [
            121.33826974884033,
            24.962144108026777
          ],
          [
            121.33817349416593,
            24.962408585741848
          ],
          [
            121.33809349254037,
            24.9626191815548
          ],
          [
            121.33800682990487,
            24.962853184831836
          ],
          [
            121.33793624342763,
            24.963055498265035
          ],
          [
            121.33790171281984,
            24.963151258812804
          ],
          [
            121.33786846569862,
            24.963260080426906
          ],
          [
            121.33785273893706,
            24.963314683305256
          ],
          [
            121.33783484354744,
            24.96338391698838
          ],
          [
            121.3378063799802,
            24.96349278190447
          ],
          [
            121.33779559509857,
            24.963543726122207
          ],
          [
            121.33777866972821,
            24.963620035803626
          ],
          [
            121.3377685522741,
            24.96367603436691
          ],
          [
            121.33776070521674,
            24.963725662810692
          ],
          [
            121.33775128284181,
            24.963796845438207
          ],
          [
            121.33773611222176,
            24.963917371867886
          ],
          [
            121.33772628720091,
            24.964047880526856
          ],
          [
            121.33772113396095,
            24.964173719972955
          ],
          [
            121.33772207232984,
            24.96425627284358
          ],
          [
            121.33772476913025,
            24.964355334530552
          ],
          [
            121.33772924754477,
            24.964450365543048
          ],
          [
            121.33773621213102,
            24.96454186986931
          ],
          [
            121.33774587505744,
            24.964616864298065
          ],
          [
            121.33775701907788,
            24.964708350113735
          ],
          [
            121.33777137436405,
            24.964800704390996
          ],
          [
            121.33778778918301,
            24.964885614655266
          ],
          [
            121.33780556144701,
            24.964967109131027
          ],
          [
            121.33782115177569,
            24.965029333083
          ],
          [
            121.3378460314509,
            24.96511673400843
          ],
          [
            121.33786371423747,
            24.965183566680302
          ],
          [
            121.33788544200867,
            24.965251915957957
          ],
          [
            121.33790572270222,
            24.965308974083168
          ],
          [
            121.3379469254117,
            24.965422177007483
          ],
          [
            121.33797282948792,
            24.965492954438798
          ],
          [
            121.33800799048169,
            24.965573380186854
          ],
          [
            121.33802239987506,
            24.96560566887415
          ],
          [
            121.33804734244396,
            24.96566161493879
          ],
          [
            121.33808103173179,
            24.965732591354396
          ],
          [
            121.33808200796821,
            24.965734656623834
          ],
          [
            121.33812403347628,
            24.965819030189227
          ],
          [
            121.33813583152255,
            24.965841637403646
          ],
          [
            121.33815862113832,
            24.965885291761023
          ],
          [
            121.33820469910572,
            24.965970251967672
          ],
          [
            121.33826140724024,
            24.96607082506535
          ],
          [
            121.3383714681465,
            24.96626177681068
          ],
          [
            121.33846852207493,
            24.966422567325754
          ],
          [
            121.33854513589712,
            24.966555010174275
          ],
          [
            121.33862140475057,
            24.966688004491722
          ],
          [
            121.3387362613318,
            24.966886546882833
          ],
          [
            121.33881187126926,
            24.967017475106985
          ],
          [
            121.33887432267538,
            24.96712812854313
          ],
          [
            121.33892858629129,
            24.967225348390294
          ],
          [
            121.3389747894014,
            24.967315842410205
          ],
          [
            121.33902675960846,
            24.9674254362367
          ],
          [
            121.33907646774087,
            24.967533563577682
          ],
          [
            121.33911563538075,
            24.96761908090826
          ],
          [
            121.33914351955971,
            24.967692787800036
          ],
          [
            121.33917412163953,
            24.967782450563202
          ],
          [
            121.33920868762802,
            24.967887362148037
          ],
          [
            121.33923702643888,
            24.96797512507569
          ],
          [
            121.33926045735953,
            24.968075385343827
          ],
          [
            121.33928124005162,
            24.968167020568075
          ],
          [
            121.33930506176182,
            24.968283350342656
          ],
          [
            121.33931747850079,
            24.968350817757084
          ],
          [
            121.33933332160262,
            24.96845421006848
          ],
          [
            121.33934185524663,
            24.968550324153778
          ],
          [
            121.3393482182507,
            24.968631402006253
          ],
          [
            121.33935279455285,
            24.968739930016273
          ],
          [
            121.33935513498656,
            24.968834920643484
          ],
          [
            121.33935457688408,
            24.96893476608215
          ],
          [
            121.33935346163364,
            24.96899036500443
          ],
          [
            121.33935049280574,
            24.969038203797588
          ],
          [
            121.33934352965831,
            24.96912471094942
          ],
          [
            121.3393296452027,
            24.969247988153683
          ],
          [
            121.33931536296679,
            24.969356243141398
          ],
          [
            121.3392939549165,
            24.969470048722762
          ],
          [
            121.33926471724834,
            24.969610866807802
          ],
          [
            121.3392352396977,
            24.96972924103582
          ],
          [
            121.33921468866016,
            24.969805270171342
          ],
          [
            121.339178054533,
            24.969914397636977
          ],
          [
            121.339146359048,
            24.970004157132777
          ],
          [
            121.3391118758051,
            24.97009224370353
          ],
          [
            121.33907724460595,
            24.9701733426857
          ],
          [
            121.33903829249032,
            24.970260735206562
          ],
          [
            121.33899986461536,
            24.97034428046035
          ],
          [
            121.33894646504967,
            24.970454520404544
          ],
          [
            121.33891327445458,
            24.97051924772982
          ],
          [
            121.33887876988578,
            24.970577965179565
          ],
          [
            121.33882502607744,
            24.970671079146612
          ],
          [
            121.33876829708606,
            24.970759162085677
          ],
          [
            121.33871077783279,
            24.970844420937667
          ],
          [
            121.33864182953273,
            24.97093719023609
          ],
          [
            121.33854619791236,
            24.971062296406032
          ],
          [
            121.33840579229998,
            24.97122154103636
          ],
          [
            121.33809770478496,
            24.9715261701786
          ],
          [
            121.33761436302761,
            24.97194969283123
          ],
          [
            121.33702729274765,
            24.972480533607506
          ],
          [
            121.33647706573535,
            24.972979770963498
          ],
          [
            121.33623213725103,
            24.97320292643556
          ],
          [
            121.33608633823192,
            24.973333046687305
          ],
          [
            121.3360858046853,
            24.973333526392434
          ],
          [
            121.33578030354231,
            24.97360616661553
          ],
          [
            121.33534722712378,
            24.973998727822604
          ],
          [
            121.33503653250278,
            24.974278627956398
          ],
          [
            121.33467300680765,
            24.974606911583095
          ],
          [
            121.33439635207472,
            24.974864939506837
          ],
          [
            121.33410388991999,
            24.975127281814014
          ],
          [
            121.33383559006646,
            24.975369734162303
          ],
          [
            121.33350515759099,
            24.975667777132834
          ],
          [
            121.33319383372012,
            24.975948830460208
          ],
          [
            121.3330589499165,
            24.976070328367072
          ],
          [
            121.33305554100535,
            24.976073396591808
          ],
          [
            121.33291232735297,
            24.976202406501542
          ],
          [
            121.33259964125524,
            24.97648618818483
          ],
          [
            121.3322724351304,
            24.976781774541774
          ],
          [
            121.33195989721088,
            24.97706280994532
          ],
          [
            121.33167382734388,
            24.97732296643557
          ],
          [
            121.33139912433865,
            24.977570972048753
          ],
          [
            121.33114146955063,
            24.97780893586298
          ],
          [
            121.33100243899983,
            24.977936932489634
          ],
          [
            121.33089371502734,
            24.978041794285467
          ],
          [
            121.33073171656396,
            24.978207706451848
          ],
          [
            121.33056941009458,
            24.978377131138934
          ],
          [
            121.33044133341296,
            24.978519999629814
          ],
          [
            121.33031173175254,
            24.97867054545874
          ],
          [
            121.33018482216127,
            24.97882783837977
          ],
          [
            121.33007980583751,
            24.97895298699985
          ],
          [
            121.32994811614027,
            24.979123155660737
          ],
          [
            121.32994800754616,
            24.97912329132612
          ],
          [
            121.32994589514249,
            24.97912602255835
          ],
          [
            121.32958983312695,
            24.97958555790652
          ],
          [
            121.32910969977378,
            24.980217599846945
          ],
          [
            121.32866241631287,
            24.980797131270595
          ],
          [
            121.32806349532294,
            24.981550871844924
          ],
          [
            121.32762025539563,
            24.98213113152002
          ],
          [
            121.3272525674029,
            24.982605764096036
          ],
          [
            121.32682285670646,
            24.983150808310988
          ],
          [
            121.32636883102596,
            24.9837359180556
          ],
          [
            121.32580625807194,
            24.984472009706643
          ],
          [
            121.32457168957524,
            24.986063165529643
          ],
          [
            121.32437311977046,
            24.98631949675798
          ],
          [
            121.32414823973917,
            24.986609876597406
          ],
          [
            121.32389189208973,
            24.986935778737642
          ],
          [
            121.3236515541139,
            24.98724024853317
          ],
          [
            121.32346055961735,
            24.987489456782537
          ],
          [
            121.323224277128,
            24.987800065342764
          ],
          [
            121.32305945703087,
            24.988009473624196
          ],
          [
            121.32285962314121,
            24.98826966967394
          ],
          [
            121.32273788369612,
            24.9884264755078
          ],
          [
            121.32259069434781,
            24.988620686505666
          ],
          [
            121.32241974417097,
            24.988839153721376
          ],
          [
            121.32227587937432,
            24.989009477338918
          ],
          [
            121.32219356586883,
            24.989098602426424
          ],
          [
            121.32206091187385,
            24.98923010694211
          ],
          [
            121.32195503294841,
            24.989327245860387
          ],
          [
            121.32184403969548,
            24.98943476025689
          ],
          [
            121.32153645675017,
            24.989680796404695
          ],
          [
            121.32129150092976,
            24.98982121001939
          ],
          [
            121.32101135187142,
            24.989974311696084
          ],
          [
            121.32090251661995,
            24.990013106321822
          ],
          [
            121.32082816926233,
            24.990046292166408
          ],
          [
            121.32070429232436,
            24.9900987066732
          ],
          [
            121.32056765196963,
            24.990149424167694
          ],
          [
            121.32045451315018,
            24.990186647785038
          ],
          [
            121.32034642173507,
            24.990218280959482
          ],
          [
            121.3202294994879,
            24.990248163512433
          ],
          [
            121.32008327002222,
            24.99028367948005
          ],
          [
            121.31992789849502,
            24.990312028430477
          ],
          [
            121.3197759359443,
            24.990337083590994
          ],
          [
            121.31960240098384,
            24.990359440326973
          ],
          [
            121.31945467262942,
            24.99037088944089
          ],
          [
            121.31926772278236,
            24.99037711392225
          ],
          [
            121.319075361702,
            24.99037851962947
          ],
          [
            121.3190538631799,
            24.990377554556023
          ],
          [
            121.31867689168303,
            24.990343567260197
          ],
          [
            121.31858219349981,
            24.99033327914316
          ],
          [
            121.318469937432,
            24.990317412938516
          ],
          [
            121.31838371577216,
            24.99029824978696
          ],
          [
            121.31827996304203,
            24.990272370911693
          ],
          [
            121.31706020701077,
            24.98993219717802
          ],
          [
            121.31655735177313,
            24.98976647882871
          ],
          [
            121.3165209166447,
            24.98975447645888
          ],
          [
            121.31641980580595,
            24.989715490586708
          ],
          [
            121.31615877417858,
            24.989614856148307
          ],
          [
            121.31606466407194,
            24.989578572678663
          ],
          [
            121.31597759419205,
            24.989545009776876
          ],
          [
            121.31513505817307,
            24.98914241853321
          ],
          [
            121.31432941640367,
            24.98885252615737
          ],
          [
            121.3136383008149,
            24.9886332061041
          ],
          [
            121.3131852817712,
            24.988530027678912
          ],
          [
            121.31184610835278,
            24.988325811829668
          ],
          [
            121.31128885341322,
            24.988211091139444
          ],
          [
            121.31043235416689,
            24.98800162683105
          ],
          [
            121.30929281388718,
            24.987813773031174
          ],
          [
            121.30820017734764,
            24.98770792585172
          ],
          [
            121.3079432564933,
            24.987710263375597
          ],
          [
            121.30624228577125,
            24.98749973918279
          ],
          [
            121.30461471207674,
            24.987289045281265
          ],
          [
            121.30367923949277,
            24.987155279608178
          ],
          [
            121.30286317862006,
            24.98697539219321
          ],
          [
            121.30198300638591,
            24.986729055574145
          ],
          [
            121.30178040445682,
            24.986672172844347
          ],
          [
            121.30130088698793,
            24.986537457843916
          ],
          [
            121.30084965208258,
            24.986411197821386
          ],
          [
            121.30034179009758,
            24.98626979285299
          ],
          [
            121.29989738282009,
            24.986143814079732
          ],
          [
            121.29934986486282,
            24.985987760421168
          ],
          [
            121.298768963063,
            24.985822201737527
          ],
          [
            121.29827026634962,
            24.985683994364532
          ],
          [
            121.29822130965135,
            24.985670423595447
          ],
          [
            121.29819301013094,
            24.98566258051924
          ],
          [
            121.29772802545281,
            24.98552927837179
          ],
          [
            121.29732722097786,
            24.98541686448931
          ],
          [
            121.29685608270157,
            24.98528600051178
          ],
          [
            121.29647008302237,
            24.985179495411188
          ],
          [
            121.29532146728008,
            24.984863611916552
          ],
          [
            121.29444027394213,
            24.98461692546167
          ],
          [
            121.29374792445336,
            24.98442910502341
          ],
          [
            121.2934353480014,
            24.98435519280313
          ],
          [
            121.29309972016799,
            24.984288972312036
          ],
          [
            121.29265087301197,
            24.98422296470008
          ],
          [
            121.29114918504719,
            24.984025255354865
          ],
          [
            121.28933214585028,
            24.983783300487822
          ],
          [
            121.2891011996998,
            24.9837538384146
          ],
          [
            121.28860776204424,
            24.98369208529877
          ],
          [
            121.28825603049287,
            24.983646379379348
          ],
          [
            121.2879121358641,
            24.98360128944976
          ],
          [
            121.28733316051952,
            24.98352882743237
          ],
          [
            121.28667963955813,
            24.98344453519669
          ],
          [
            121.28614015994398,
            24.983376885801807
          ],
          [
            121.28555619439166,
            24.98330447159027
          ],
          [
            121.28503752252303,
            24.98323903534853
          ],
          [
            121.2843334342122,
            24.983149105656587
          ],
          [
            121.28373774505174,
            24.983073402319558
          ],
          [
            121.28364862906719,
            24.983061871462247
          ],
          [
            121.28337788260463,
            24.983026824595015
          ],
          [
            121.28332790475828,
            24.983020356144173
          ],
          [
            121.28305875036648,
            24.98298405072613
          ],
          [
            121.28305549048024,
            24.982983614537453
          ],
          [
            121.28280651981662,
            24.982950023917134
          ],
          [
            121.28266457677455,
            24.98293347377188
          ],
          [
            121.28262493397145,
            24.982928583471146
          ],
          [
            121.28261348006355,
            24.98292716971541
          ],
          [
            121.28231546056644,
            24.982890385084392
          ],
          [
            121.28222203583118,
            24.982878789316842
          ],
          [
            121.28210358988878,
            24.982862798977386
          ],
          [
            121.28183054785474,
            24.982837161162088
          ],
          [
            121.28137121871747,
            24.982765415325083
          ],
          [
            121.28110064384391,
            24.98271814864565
          ],
          [
            121.28030977313404,
            24.982524718473115
          ],
          [
            121.2801377333051,
            24.982475359453606
          ],
          [
            121.27946840737226,
            24.982256849993632
          ],
          [
            121.27803100116041,
            24.981720640611282
          ],
          [
            121.2768370034638,
            24.981269959621628
          ],
          [
            121.27633753783961,
            24.981056852939922
          ],
          [
            121.27579811439375,
            24.98079413566217
          ],
          [
            121.27567219027712,
            24.980737038984035
          ],
          [
            121.27512608459637,
            24.98040799138113
          ],
          [
            121.27510891513064,
            24.980397423845346
          ],
          [
            121.27497617003792,
            24.98031495148721
          ],
          [
            121.27495353290556,
            24.98029992500582
          ],
          [
            121.27433300190482,
            24.979889829072437
          ],
          [
            121.2743060028975,
            24.979873113201577
          ],
          [
            121.27415483490734,
            24.979777077366148
          ],
          [
            121.2739297350753,
            24.979618502707815
          ],
          [
            121.27303094518689,
            24.978965824970473
          ],
          [
            121.27251523805438,
            24.978607496135293
          ],
          [
            121.27130920598783,
            24.977736847922543
          ],
          [
            121.27127659619966,
            24.977708630578643
          ],
          [
            121.27122367755422,
            24.977669742615063
          ],
          [
            121.2707314315115,
            24.977300286940462
          ],
          [
            121.2701791746595,
            24.976903799321132
          ],
          [
            121.26980960583192,
            24.97664265659903
          ],
          [
            121.26955558591857,
            24.976484506787944
          ],
          [
            121.26924272993783,
            24.976271037937607
          ],
          [
            121.26900127660211,
            24.97611095042492
          ],
          [
            121.26851429152994,
            24.975836645565117
          ],
          [
            121.26801475686354,
            24.975579560685443
          ],
          [
            121.26792240160225,
            24.975528129915098
          ],
          [
            121.26779228680456,
            24.97547103401285
          ],
          [
            121.26745860599097,
            24.975316842831578
          ],
          [
            121.26698441108198,
            24.97514188495819
          ],
          [
            121.26635708435802,
            24.974923240581546
          ],
          [
            121.26560816342217,
            24.97470672453834
          ],
          [
            121.26486763674826,
            24.974495922772984
          ],
          [
            121.26472092197659,
            24.97445636869611
          ],
          [
            121.26454669644542,
            24.974414317367017
          ],
          [
            121.26410622764386,
            24.974319552368794
          ],
          [
            121.26312869549908,
            24.97405756513424
          ],
          [
            121.26243433713222,
            24.973858135597123
          ],
          [
            121.26175039357811,
            24.97363192445123
          ],
          [
            121.26131014482976,
            24.97347491830767
          ],
          [
            121.26101814233516,
            24.973384542096003
          ],
          [
            121.26086524519576,
            24.973333519997517
          ],
          [
            121.2608641152676,
            24.973333142786455
          ],
          [
            121.26035509340525,
            24.97316328956703
          ],
          [
            121.25958415542996,
            24.97292781295801
          ],
          [
            121.25854956866114,
            24.972649418192297
          ],
          [
            121.25805879547899,
            24.972497816827396
          ],
          [
            121.25805552484226,
            24.972496802292014
          ],
          [
            121.25766665746727,
            24.97237667637937
          ],
          [
            121.25714431609155,
            24.972213416831043
          ],
          [
            121.25668924612305,
            24.97205405709178
          ],
          [
            121.25633887076218,
            24.97191490176697
          ],
          [
            121.25589998642582,
            24.971721772751582
          ],
          [
            121.25539673012818,
            24.971464443861706
          ],
          [
            121.25487805459461,
            24.971168651747504
          ],
          [
            121.2545614745616,
            24.97098937550461
          ],
          [
            121.25421469811779,
            24.970796327718606
          ],
          [
            121.25384014420455,
            24.970595309287962
          ],
          [
            121.25343759934995,
            24.970369040080804
          ],
          [
            121.25322702611734,
            24.97025053094959
          ],
          [
            121.2528828684139,
            24.97003801944277
          ],
          [
            121.25254129944965,
            24.969817034132358
          ],
          [
            121.25220474037944,
            24.969584889510273
          ],
          [
            121.25187266518229,
            24.96934588399986
          ],
          [
            121.25162190036433,
            24.969157732548357
          ],
          [
            121.25142140490645,
            24.968995985011983
          ],
          [
            121.25124851907829,
            24.968856589985574
          ],
          [
            121.25092858526683,
            24.968600425999433
          ],
          [
            121.25061334938047,
            24.968330566400486
          ],
          [
            121.25031392033478,
            24.968089227236696
          ],
          [
            121.24988114283128,
            24.96773560882195
          ],
          [
            121.24943519883237,
            24.96736904643876
          ],
          [
            121.24909449485212,
            24.96708887969123
          ],
          [
            121.24872231619881,
            24.966783674885527
          ],
          [
            121.24829038550126,
            24.96642798281917
          ],
          [
            121.2478727963827,
            24.966086106085957
          ],
          [
            121.24748293037757,
            24.96576369238767
          ],
          [
            121.2471110604763,
            24.96546032472672
          ],
          [
            121.24675936260702,
            24.965174672466052
          ],
          [
            121.24634369044136,
            24.964826323845934
          ],
          [
            121.24595596356113,
            24.964509807064044
          ],
          [
            121.24556695199216,
            24.9641887230093
          ],
          [
            121.24518748673738,
            24.9638710800623
          ],
          [
            121.24493610415374,
            24.963665303745316
          ],
          [
            121.24439023974145,
            24.963213581076847
          ],
          [
            121.24412602154429,
            24.963001323991783
          ],
          [
            121.24391228478615,
            24.96282961144272
          ],
          [
            121.24380426102229,
            24.962742836047557
          ],
          [
            121.24325448541369,
            24.962292388515056
          ],
          [
            121.24295839938159,
            24.962039066132228
          ],
          [
            121.24275698223948,
            24.96187543926721
          ],
          [
            121.24273724231081,
            24.961859409960418
          ],
          [
            121.24271023132093,
            24.96183746085737
          ],
          [
            121.24268629541773,
            24.961818016627046
          ],
          [
            121.24266869811112,
            24.961803717267763
          ],
          [
            121.24263709460548,
            24.961778146226766
          ],
          [
            121.24236815881444,
            24.961561045393317
          ],
          [
            121.24214381873814,
            24.961383578365844
          ],
          [
            121.2418277257818,
            24.96115258629776
          ],
          [
            121.2415950578521,
            24.96098000727098
          ],
          [
            121.24141177001803,
            24.960858051212057
          ],
          [
            121.24111400173675,
            24.960667827135975
          ],
          [
            121.24073323323344,
            24.960442670410877
          ],
          [
            121.24039324988925,
            24.960233129168476
          ],
          [
            121.24004378385148,
            24.960035772676854
          ],
          [
            121.23968672791726,
            24.95982056943199
          ],
          [
            121.2392550373361,
            24.959563096980943
          ],
          [
            121.23882147448595,
            24.95930957166397
          ],
          [
            121.23848276442772,
            24.959109946141115
          ],
          [
            121.23810471430261,
            24.958882322520324
          ],
          [
            121.23809290551921,
            24.958875208975883
          ],
          [
            121.23808586587538,
            24.958870976889376
          ],
          [
            121.2380572122516,
            24.958854112529814
          ],
          [
            121.23802173728963,
            24.958833232407354
          ],
          [
            121.23801243727601,
            24.958827767041146
          ],
          [
            121.23751985420368,
            24.958537875573303
          ],
          [
            121.2372025809738,
            24.958349362960767
          ],
          [
            121.23678510321622,
            24.95810275786389
          ],
          [
            121.23641342166881,
            24.957882613317757
          ],
          [
            121.23603361367833,
            24.957658824212217
          ],
          [
            121.23560830001088,
            24.95742417273729
          ],
          [
            121.23538033905264,
            24.957307362770454
          ],
          [
            121.23499753080682,
            24.95713929892108
          ],
          [
            121.23418927566249,
            24.956809528071116
          ],
          [
            121.23345071384071,
            24.956510872774274
          ],
          [
            121.23305873880824,
            24.956352605033263
          ],
          [
            121.23305549794838,
            24.956351291959447
          ],
          [
            121.23283433724431,
            24.956261985939165
          ],
          [
            121.23225273057918,
            24.95602732523131
          ],
          [
            121.23157813476386,
            24.95575586266291
          ],
          [
            121.23110500952343,
            24.955567001296863
          ],
          [
            121.23067738064309,
            24.955393759307054
          ],
          [
            121.23024376361872,
            24.955211009411904
          ],
          [
            121.22958771693368,
            24.954940357746185
          ],
          [
            121.2295813541988,
            24.954937731262728
          ],
          [
            121.22946442665595,
            24.954889492170345
          ],
          [
            121.22940589355437,
            24.954865350125218
          ],
          [
            121.22940116610673,
            24.954863398244882
          ],
          [
            121.22902018121863,
            24.954703595116094
          ],
          [
            121.22863880088107,
            24.954543629099877
          ],
          [
            121.22755851705219,
            24.954115333206307
          ],
          [
            121.2266923428459,
            24.9537664244501
          ],
          [
            121.22597392434591,
            24.9534808013002
          ],
          [
            121.22523063676186,
            24.953175683842105
          ],
          [
            121.22432355747267,
            24.95278920171314
          ],
          [
            121.2233920666187,
            24.952355333482867
          ],
          [
            121.22294373105889,
            24.952153769037203
          ],
          [
            121.22267524491701,
            24.952023764435378
          ],
          [
            121.22248212755837,
            24.951930491693002
          ],
          [
            121.22217581162971,
            24.95175554514164
          ],
          [
            121.22185910604662,
            24.951557193761396
          ],
          [
            121.22148782245581,
            24.951306801908498
          ],
          [
            121.22114822086897,
            24.951040390850164
          ],
          [
            121.22094572162169,
            24.95086021362139
          ],
          [
            121.22058481621882,
            24.950518653362472
          ],
          [
            121.22028157134793,
            24.950190594699777
          ],
          [
            121.21999000895312,
            24.949843305710743
          ],
          [
            121.21980467307029,
            24.949628622075725
          ],
          [
            121.21949812257046,
            24.94920984022887
          ],
          [
            121.21912400165327,
            24.948737194352663
          ],
          [
            121.21881718587346,
            24.94833384998918
          ],
          [
            121.21881689802615,
            24.948333471219026
          ],
          [
            121.21857386673534,
            24.948013978723587
          ],
          [
            121.21809442893509,
            24.947429044868652
          ],
          [
            121.2176881360306,
            24.94690605477826
          ],
          [
            121.21728687376948,
            24.946369901801805
          ],
          [
            121.21687093047407,
            24.94584556015556
          ],
          [
            121.21660032815424,
            24.945496274552063
          ],
          [
            121.21632129839328,
            24.945128835511895
          ],
          [
            121.2160493169141,
            24.944787550029375
          ],
          [
            121.21570351944857,
            24.944340964231326
          ],
          [
            121.21535237015256,
            24.943884616586693
          ],
          [
            121.21514628613673,
            24.943618639398526
          ],
          [
            121.21497935784394,
            24.943410387250957
          ],
          [
            121.21480789200668,
            24.943206195205068
          ],
          [
            121.21469154901706,
            24.94306846293127
          ],
          [
            121.21456762070393,
            24.942930470632895
          ],
          [
            121.21435645992753,
            24.942727328324676
          ],
          [
            121.21414305170856,
            24.942529723354046
          ],
          [
            121.21345414752352,
            24.94191131754429
          ],
          [
            121.2127870554522,
            24.941322165491744
          ],
          [
            121.21208696330345,
            24.940696690888757
          ],
          [
            121.21172683160933,
            24.94038218353802
          ],
          [
            121.21167086086967,
            24.940333301953395
          ],
          [
            121.21164448204355,
            24.940310262789946
          ],
          [
            121.21149871443392,
            24.94018296142916
          ],
          [
            121.21140348319047,
            24.94009979136342
          ],
          [
            121.21137442502113,
            24.94007329806861
          ],
          [
            121.21115319646077,
            24.939871537689527
          ],
          [
            121.21110371839713,
            24.939826411536128
          ],
          [
            121.21084895008902,
            24.939594055756043
          ],
          [
            121.21046568121298,
            24.93920805489311
          ],
          [
            121.21028221060077,
            24.939011413137223
          ],
          [
            121.2100957122076,
            24.938786534525697
          ],
          [
            121.20973604704167,
            24.938331891493117
          ],
          [
            121.20917597768893,
            24.937617347977344
          ],
          [
            121.20844623852182,
            24.93668540957399
          ],
          [
            121.2080587479915,
            24.936193125613904
          ],
          [
            121.2080555528064,
            24.936189058256183
          ],
          [
            121.20800524378276,
            24.936125153081683
          ],
          [
            121.20765092366398,
            24.935689727855934
          ],
          [
            121.20740405066594,
            24.935415110992015
          ],
          [
            121.20721782907772,
            24.93521319653923
          ],
          [
            121.20674788562424,
            24.934791030031555
          ],
          [
            121.20652175360313,
            24.934607479680523
          ],
          [
            121.20619917972468,
            24.934369720343472
          ],
          [
            121.20587860204023,
            24.93415269582883
          ],
          [
            121.20554113285243,
            24.93395322710831
          ],
          [
            121.20526767470051,
            24.93381145139672
          ],
          [
            121.20509706366511,
            24.933723126429975
          ],
          [
            121.20442437943211,
            24.933378559747325
          ],
          [
            121.20256945914083,
            24.93245630132623
          ],
          [
            121.20185373870665,
            24.93210033334582
          ],
          [
            121.20102735534188,
            24.93168980792043
          ],
          [
            121.20026247508379,
            24.931310198878744
          ],
          [
            121.19973623177479,
            24.931047843559927
          ],
          [
            121.19923841043122,
            24.930799686213717
          ],
          [
            121.19883975607343,
            24.930609375529396
          ],
          [
            121.19829872871803,
            24.930342376130383
          ],
          [
            121.1977730279876,
            24.930079814459226
          ],
          [
            121.19700375102532,
            24.929699824184656
          ],
          [
            121.19648044704509,
            24.92944048691792
          ],
          [
            121.19578862547682,
            24.929092222454855
          ],
          [
            121.1952419117602,
            24.92881489981042
          ],
          [
            121.19473339119922,
            24.92857042487217
          ],
          [
            121.1943354362903,
            24.92836890584311
          ],
          [
            121.19369300967232,
            24.928050017908532
          ],
          [
            121.19317554412187,
            24.92779244896129
          ],
          [
            121.19285935830158,
            24.927636278151176
          ],
          [
            121.1921784340216,
            24.927298130619896
          ],
          [
            121.19177383646576,
            24.92709830156002
          ],
          [
            121.1912346115734,
            24.926831129478085
          ],
          [
            121.19071115617346,
            24.926567104235797
          ],
          [
            121.19039580177333,
            24.92640671982937
          ],
          [
            121.19007660616506,
            24.926233122010025
          ],
          [
            121.18986812111581,
            24.926109634843694
          ],
          [
            121.18970344665836,
            24.926004654115484
          ],
          [
            121.18953690122822,
            24.925893211217833
          ],
          [
            121.18940812632027,
            24.925806566419173
          ],
          [
            121.18922373201471,
            24.925670425970136
          ],
          [
            121.18907301386474,
            24.925555630961647
          ],
          [
            121.18896040790246,
            24.925462582155234
          ],
          [
            121.18884152381429,
            24.925362282347162
          ],
          [
            121.18874255549505,
            24.925271735032958
          ],
          [
            121.18865079269634,
            24.925179580499837
          ],
          [
            121.18856098306482,
            24.92509562126337
          ],
          [
            121.18850720740893,
            24.925040796339424
          ],
          [
            121.18841012929626,
            24.92494284308596
          ],
          [
            121.18824539129156,
            24.92477461656048
          ],
          [
            121.18801017945032,
            24.924514767813022
          ],
          [
            121.18749701735116,
            24.92391009303534
          ],
          [
            121.1871938108663,
            24.923552126060244
          ],
          [
            121.18701083263286,
            24.923333560359954
          ],
          [
            121.18701053509474,
            24.923333217652267
          ],
          [
            121.18659286551691,
            24.92283432348253
          ],
          [
            121.1860045074036,
            24.922167043921846
          ],
          [
            121.1850497211917,
            24.921178127294226
          ],
          [
            121.18439305098764,
            24.920494132999465
          ],
          [
            121.18352841584947,
            24.91958011217849
          ],
          [
            121.18305549337369,
            24.919083966199576
          ],
          [
            121.18304967284534,
            24.919077861083455
          ],
          [
            121.18286500605237,
            24.91891325522682
          ],
          [
            121.18236519884813,
            24.91838972054858
          ],
          [
            121.18186605588437,
            24.917884186064143
          ],
          [
            121.18148366313586,
            24.917481901666495
          ],
          [
            121.18105208305012,
            24.917021541766132
          ],
          [
            121.18080234548529,
            24.916766917325138
          ],
          [
            121.18064005730841,
            24.91659400240727
          ],
          [
            121.18045406388043,
            24.91639742532747
          ],
          [
            121.18034390685479,
            24.916283059715276
          ],
          [
            121.18019061520752,
            24.91613467275338
          ],
          [
            121.17992190922324,
            24.915884556852152
          ],
          [
            121.17959238170357,
            24.915602715487424
          ],
          [
            121.17924348901506,
            24.915326250528263
          ],
          [
            121.17906014637714,
            24.915193716345712
          ],
          [
            121.17885815845646,
            24.9150516251032
          ],
          [
            121.17873443477453,
            24.914967258046175
          ],
          [
            121.17855754461245,
            24.914852980070858
          ],
          [
            121.17840690066693,
            24.91475999570429
          ],
          [
            121.17826669423457,
            24.914675756311592
          ],
          [
            121.17809787057209,
            24.914580175105435
          ],
          [
            121.17784919222535,
            24.91444211074666
          ],
          [
            121.17758958734461,
            24.914312708242782
          ],
          [
            121.17736910419094,
            24.914201604588488
          ],
          [
            121.17725364417758,
            24.914148609379676
          ],
          [
            121.17699836157874,
            24.914043288627457
          ],
          [
            121.17665116200497,
            24.91390582667947
          ],
          [
            121.17643129024205,
            24.913826735818635
          ],
          [
            121.17618611895104,
            24.91374381034038
          ],
          [
            121.17592144912159,
            24.91366371530872
          ],
          [
            121.17572824367092,
            24.9136090500458
          ],
          [
            121.17572482689461,
            24.913608133168726
          ],
          [
            121.17554386678901,
            24.913559728017017
          ],
          [
            121.17529630421774,
            24.91350021467984
          ],
          [
            121.17501411733897,
            24.913444515461247
          ],
          [
            121.17476326550856,
            24.91339694974919
          ],
          [
            121.17456080414463,
            24.91336309538663
          ],
          [
            121.17441546504168,
            24.913343077787037
          ],
          [
            121.17425246981563,
            24.91331976723025
          ],
          [
            121.1740054300938,
            24.913293448783076
          ],
          [
            121.1737368595628,
            24.91326812105429
          ],
          [
            121.17353069756903,
            24.913256533786203
          ],
          [
            121.17345222489743,
            24.913252237237888
          ],
          [
            121.17329636921355,
            24.91324411223116
          ],
          [
            121.1731151333319,
            24.91323823752463
          ],
          [
            121.17294215897104,
            24.91323593731728
          ],
          [
            121.17256022896163,
            24.913241941235384
          ],
          [
            121.1712420192295,
            24.913286715951962
          ],
          [
            121.16959712961946,
            24.91334487893224
          ],
          [
            121.16873647798684,
            24.91337217310334
          ],
          [
            121.16744573671289,
            24.913416287318295
          ],
          [
            121.16651126863748,
            24.913449781835574
          ],
          [
            121.16573161240927,
            24.91347385340194
          ],
          [
            121.1647859887805,
            24.91350931771354
          ],
          [
            121.16443120058958,
            24.913520940702913
          ],
          [
            121.1643930974015,
            24.913522183492983
          ],
          [
            121.16424846567708,
            24.913526920275395
          ],
          [
            121.16410326965736,
            24.913531666566982
          ],
          [
            121.16408241140252,
            24.91353234859401
          ],
          [
            121.16360497808232,
            24.913547977710117
          ],
          [
            121.16132507443194,
            24.91362536142084
          ],
          [
            121.16081730646967,
            24.913640626201232
          ],
          [
            121.16018158277214,
            24.913664459321584
          ],
          [
            121.16015970483551,
            24.913665187037648
          ],
          [
            121.1600716882248,
            24.913668125497097
          ],
          [
            121.15944729584041,
            24.91368898198994
          ],
          [
            121.15888973503998,
            24.913707697165975
          ],
          [
            121.15809403265555,
            24.913735655236547
          ],
          [
            121.15805854280812,
            24.913736812382272
          ],
          [
            121.15805550364247,
            24.91373690588777
          ],
          [
            121.15755169624391,
            24.913753347113083
          ],
          [
            121.1568928740113,
            24.913776648910797
          ],
          [
            121.15634496504651,
            24.913795524991446
          ],
          [
            121.15586601720216,
            24.913812963706643
          ],
          [
            121.1553527945501,
            24.913829596943287
          ],
          [
            121.15487667727119,
            24.91384660519587
          ],
          [
            121.15476027821845,
            24.913850355469517
          ],
          [
            121.15473317322032,
            24.91385123226916
          ],
          [
            121.15469820796723,
            24.913852360985814
          ],
          [
            121.15457524549596,
            24.913856325577655
          ],
          [
            121.1544525503036,
            24.91386028076285
          ],
          [
            121.1544168722712,
            24.913861428208666
          ],
          [
            121.15429902869445,
            24.913865901895306
          ],
          [
            121.15425952970506,
            24.913867396338258
          ],
          [
            121.15406892480527,
            24.913874617509993
          ],
          [
            121.15363572714512,
            24.91389456588028
          ],
          [
            121.15310104774075,
            24.913924927712362
          ],
          [
            121.15253039392884,
            24.91395720234588
          ],
          [
            121.15172544300079,
            24.914002344164167
          ],
          [
            121.15090371787855,
            24.914044997728073
          ],
          [
            121.14998936618177,
            24.914094375872438
          ],
          [
            121.1491471714096,
            24.914140994815433
          ],
          [
            121.14849184259182,
            24.91417467487125
          ],
          [
            121.14804063525533,
            24.914194977036697
          ],
          [
            121.14801783680126,
            24.91419600182535
          ],
          [
            121.14790822008952,
            24.914200931779092
          ],
          [
            121.14779842517977,
            24.914205870857366
          ],
          [
            121.14778549648454,
            24.9142064524627
          ],
          [
            121.14767961302395,
            24.914212200139577
          ],
          [
            121.14695081266531,
            24.914251805636283
          ],
          [
            121.1459651433567,
            24.914305590122552
          ],
          [
            121.14540637118905,
            24.914350890072058
          ],
          [
            121.14498665176691,
            24.91440266165047
          ],
          [
            121.14436566905475,
            24.914526177614125
          ],
          [
            121.14407180408912,
            24.914591999433867
          ],
          [
            121.14385511333133,
            24.9146525639137
          ],
          [
            121.14377987769565,
            24.9146735915392
          ],
          [
            121.14367356684086,
            24.914712579603606
          ],
          [
            121.14358607779118,
            24.91474466075135
          ],
          [
            121.14352177464885,
            24.914768241805536
          ],
          [
            121.14349741244165,
            24.9147783410184
          ],
          [
            121.14346761772605,
            24.91479070257028
          ],
          [
            121.14320363085845,
            24.91490015560461
          ],
          [
            121.14269872545451,
            24.915112700216408
          ],
          [
            121.14241938270723,
            24.91522259089295
          ],
          [
            121.14202808728592,
            24.91538256930151
          ],
          [
            121.14192935653745,
            24.915419634868716
          ],
          [
            121.14170101072634,
            24.91550607387079
          ],
          [
            121.14145875597572,
            24.915610772249266
          ],
          [
            121.14112708726732,
            24.915771432057735
          ],
          [
            121.14087571304017,
            24.91590187827778
          ],
          [
            121.14051887633862,
            24.916088490261938
          ],
          [
            121.14017792005853,
            24.91628531571771
          ],
          [
            121.13989518419176,
            24.916445764267735
          ],
          [
            121.13969019239862,
            24.9165610693732
          ],
          [
            121.1394804924087,
            24.916671728939914
          ],
          [
            121.13930422162903,
            24.916761744999572
          ],
          [
            121.13911410537578,
            24.916856369256415
          ],
          [
            121.13883244166865,
            24.916986461085223
          ],
          [
            121.13858096240988,
            24.917089303509776
          ],
          [
            121.13830477512148,
            24.917195165878113
          ],
          [
            121.13801752128637,
            24.91729428468513
          ],
          [
            121.13724673347804,
            24.91755850990283
          ],
          [
            121.13676271533132,
            24.917725222810343
          ],
          [
            121.1362083313229,
            24.917916059296946
          ],
          [
            121.13573086330723,
            24.918081796827813
          ],
          [
            121.1352149657043,
            24.918260947867015
          ],
          [
            121.1347647874797,
            24.918415037923356
          ],
          [
            121.134392933665,
            24.918545338274324
          ],
          [
            121.1340361051351,
            24.918664013587264
          ],
          [
            121.1336319072721,
            24.91880531069533
          ],
          [
            121.13322737154117,
            24.918946300042197
          ],
          [
            121.1330586521165,
            24.919004214806133
          ],
          [
            121.13305548516101,
            24.919005301047786
          ],
          [
            121.13282920610484,
            24.91908296701133
          ],
          [
            121.13242260776187,
            24.919222547572417
          ],
          [
            121.13207723013547,
            24.919341208030282
          ],
          [
            121.1316740422799,
            24.91947753328273
          ],
          [
            121.13131160222481,
            24.91960312283756
          ],
          [
            121.13099440051,
            24.91971373869701
          ],
          [
            121.13065214245344,
            24.919835887130407
          ],
          [
            121.13029485410266,
            24.91995734369229
          ],
          [
            121.12993142983098,
            24.920081729967563
          ],
          [
            121.12951758139732,
            24.920224775857324
          ],
          [
            121.12897922611482,
            24.920408439066417
          ],
          [
            121.12880735594536,
            24.920467895614223
          ],
          [
            121.12878170307178,
            24.920476765666766
          ],
          [
            121.12875230915976,
            24.920486939044064
          ],
          [
            121.1287185605833,
            24.920498614899817
          ],
          [
            121.12868901820033,
            24.920508833535127
          ],
          [
            121.12867345030328,
            24.92051421890624
          ],
          [
            121.12861998698388,
            24.920532710184496
          ],
          [
            121.12818669798337,
            24.920682594668094
          ],
          [
            121.12751522602771,
            24.920914299086668
          ],
          [
            121.12704299895933,
            24.92107721452966
          ],
          [
            121.12659815593344,
            24.921230769798285
          ],
          [
            121.12616346678847,
            24.921371648214244
          ],
          [
            121.12584625938442,
            24.921466164407008
          ],
          [
            121.12557724783736,
            24.921531648945663
          ],
          [
            121.12519069126405,
            24.921611821734306
          ],
          [
            121.12453270271537,
            24.92173464521797
          ],
          [
            121.12378637112683,
            24.921868788633663
          ],
          [
            121.12322716760526,
            24.921971110960175
          ],
          [
            121.12269160137734,
            24.922068915567692
          ],
          [
            121.12218405641806,
            24.922160050343983
          ],
          [
            121.12163240321262,
            24.92226113263498
          ],
          [
            121.12105660221042,
            24.92236302699854
          ],
          [
            121.12054125731417,
            24.92245848715303
          ],
          [
            121.1200306409842,
            24.922550691473973
          ],
          [
            121.11964338625825,
            24.92262237272502
          ],
          [
            121.11872419945112,
            24.922789195090253
          ],
          [
            121.11778002817218,
            24.92296378698081
          ],
          [
            121.11723621461356,
            24.92306022425026
          ],
          [
            121.11681840609619,
            24.923135127294167
          ],
          [
            121.11625948521981,
            24.923234434861975
          ],
          [
            121.11579271539524,
            24.92331883503254
          ],
          [
            121.11571370134185,
            24.923333350945466
          ],
          [
            121.11571161264366,
            24.923333731761925
          ],
          [
            121.11530293086179,
            24.923408758905307
          ],
          [
            121.11483167401596,
            24.923492437261757
          ],
          [
            121.11431747332519,
            24.923582882295808
          ],
          [
            121.1137848231539,
            24.92368017418548
          ],
          [
            121.11336189268928,
            24.923756118759545
          ],
          [
            121.11299929383193,
            24.923828603662766
          ],
          [
            121.11272828432807,
            24.923887692452055
          ],
          [
            121.11245046880316,
            24.92395336763231
          ],
          [
            121.11240174010726,
            24.923967524893207
          ],
          [
            121.11223300618796,
            24.92401686615895
          ],
          [
            121.11211351594376,
            24.924052266379032
          ],
          [
            121.11188967174118,
            24.924121050854726
          ],
          [
            121.11165252481626,
            24.924205491284123
          ],
          [
            121.11140491276846,
            24.924301342105522
          ],
          [
            121.111146464592,
            24.92441453524354
          ],
          [
            121.1109376400166,
            24.92451794027725
          ],
          [
            121.11065182927928,
            24.92465804870604
          ],
          [
            121.1102589156444,
            24.924848425056286
          ],
          [
            121.1080588108637,
            24.925930724805188
          ],
          [
            121.1080555449573,
            24.925932334238542
          ],
          [
            121.10787107044759,
            24.926023077472557
          ],
          [
            121.10633611540096,
            24.92678290502252
          ],
          [
            121.10624648002737,
            24.92682728061748
          ],
          [
            121.10592923736809,
            24.92698431268263
          ],
          [
            121.10513958316983,
            24.927371650944547
          ],
          [
            121.10512687550117,
            24.927377880515618
          ],
          [
            121.1051180573276,
            24.92738220233791
          ],
          [
            121.1047743758324,
            24.92755078895393
          ],
          [
            121.10368718673257,
            24.928080562690564
          ],
          [
            121.10297877424094,
            24.928428604299146
          ],
          [
            121.10226720656362,
            24.928773457653364
          ],
          [
            121.10146984687893,
            24.92916167554548
          ],
          [
            121.10122172360632,
            24.929283791629427
          ],
          [
            121.10111589229093,
            24.929335623609077
          ],
          [
            121.10085695010484,
            24.929462432193127
          ],
          [
            121.10032066249241,
            24.92972192889357
          ],
          [
            121.09989172243554,
            24.92993267934546
          ],
          [
            121.09936215649537,
            24.930195625986464
          ],
          [
            121.0993478349601,
            24.930202632587164
          ],
          [
            121.09932624872327,
            24.930213183182932
          ],
          [
            121.09930386079768,
            24.930224131561786
          ],
          [
            121.09929720973653,
            24.930227377208897
          ],
          [
            121.09926356845655,
            24.930243831408536
          ],
          [
            121.09851106628153,
            24.930611725650152
          ],
          [
            121.09793271695777,
            24.930895212090412
          ],
          [
            121.09721295180782,
            24.93123929729731
          ],
          [
            121.09609050699434,
            24.931792882671527
          ],
          [
            121.09509642170308,
            24.93227834832006
          ],
          [
            121.09390876604708,
            24.932857364897657
          ],
          [
            121.09323773227676,
            24.933186819205627
          ],
          [
            121.09267736373708,
            24.933462274753538
          ],
          [
            121.09218502096631,
            24.933703874568224
          ],
          [
            121.0918197131705,
            24.93386477947349
          ],
          [
            121.09166284651918,
            24.933923714467447
          ],
          [
            121.09142435636856,
            24.934016682489506
          ],
          [
            121.09126721322838,
            24.93407716110217
          ],
          [
            121.09089368698365,
            24.93420053747923
          ],
          [
            121.09058459818691,
            24.934294784090376
          ],
          [
            121.09036441044711,
            24.93435490280015
          ],
          [
            121.0900726674794,
            24.934420499573132
          ],
          [
            121.08973631137967,
            24.934491476515106
          ],
          [
            121.08939745660984,
            24.934544469514687
          ],
          [
            121.08916578224985,
            24.93457748089289
          ],
          [
            121.08872902108666,
            24.934632517171515
          ],
          [
            121.08862930962535,
            24.934643582182712
          ],
          [
            121.08844783128141,
            24.9346558513133
          ],
          [
            121.08840794897624,
            24.93465794249075
          ],
          [
            121.0880988016368,
            24.93467412396121
          ],
          [
            121.08804834371229,
            24.934675291362165
          ],
          [
            121.08769609867744,
            24.934683471153942
          ],
          [
            121.08739822506637,
            24.93467982707916
          ],
          [
            121.08716432062297,
            24.934668588196644
          ],
          [
            121.08660254961,
            24.93462390881236
          ],
          [
            121.08610701435043,
            24.93456978140905
          ],
          [
            121.08599812776039,
            24.93455789059858
          ],
          [
            121.08591047189094,
            24.934548316814432
          ],
          [
            121.08523498085262,
            24.934473633018737
          ],
          [
            121.08412654553703,
            24.934316093239378
          ],
          [
            121.08307308370595,
            24.93410977897121
          ],
          [
            121.08305877400028,
            24.934106942982147
          ],
          [
            121.0830555258427,
            24.934106294743284
          ],
          [
            121.08188496452595,
            24.933874450622213
          ],
          [
            121.08042705111407,
            24.933591696692734
          ],
          [
            121.07939004340383,
            24.933409128427957
          ],
          [
            121.07901488678907,
            24.933351437300235
          ],
          [
            121.07734036961851,
            24.933035344445706
          ],
          [
            121.07699220026588,
            24.932967486227486
          ],
          [
            121.07680234568676,
            24.93293048623481
          ],
          [
            121.07639380841735,
            24.932848058691235
          ],
          [
            121.07561037742886,
            24.932694008299766
          ],
          [
            121.07471083858927,
            24.93251500319134
          ],
          [
            121.07355190245092,
            24.932283295348444
          ],
          [
            121.07332335063955,
            24.93223878929977
          ],
          [
            121.07275365526016,
            24.932127846845038
          ],
          [
            121.07261044432389,
            24.932099964561534
          ],
          [
            121.0717689422742,
            24.93193106137743
          ],
          [
            121.07075940853647,
            24.931732457429252
          ],
          [
            121.06953450628376,
            24.9314868367411
          ],
          [
            121.06870468961574,
            24.931323959847997
          ],
          [
            121.06869689638518,
            24.93132242860125
          ],
          [
            121.06847350705249,
            24.931278580831545
          ],
          [
            121.06834963739024,
            24.93125426083313
          ],
          [
            121.06789605430787,
            24.931161402735153
          ],
          [
            121.06748922404547,
            24.931082958605813
          ],
          [
            121.06711595173964,
            24.931007784619297
          ],
          [
            121.0667521780471,
            24.93093776069543
          ],
          [
            121.06623075643522,
            24.930832143582023
          ],
          [
            121.06581066694888,
            24.93074716414805
          ],
          [
            121.06537506563994,
            24.93064905391838
          ],
          [
            121.06486241602538,
            24.930518888800485
          ],
          [
            121.06439308988921,
            24.930377778766726
          ],
          [
            121.06390471193716,
            24.930212027713775
          ],
          [
            121.06337677722433,
            24.930002702453788
          ],
          [
            121.06291520430372,
            24.92979694967961
          ],
          [
            121.06271949084436,
            24.929708237204643
          ],
          [
            121.06228738549652,
            24.929481442779824
          ],
          [
            121.0620145511761,
            24.929330970763885
          ],
          [
            121.06174795237378,
            24.929174672301855
          ],
          [
            121.0614805265065,
            24.929006401954712
          ],
          [
            121.0612410353539,
            24.92884373535542
          ],
          [
            121.06113180836293,
            24.928769105746856
          ],
          [
            121.06112307258861,
            24.92876314151305
          ],
          [
            121.06111440614116,
            24.928757213364168
          ],
          [
            121.06098257724517,
            24.928667136175655
          ],
          [
            121.06079168426466,
            24.928528771644835
          ],
          [
            121.06065307360355,
            24.928418545390276
          ],
          [
            121.0603351035367,
            24.928164703659842
          ],
          [
            121.06003630176878,
            24.92790768453068
          ],
          [
            121.05982621488626,
            24.927712104049988
          ],
          [
            121.05969445118505,
            24.927588674522386
          ],
          [
            121.05952328731235,
            24.92741549569937
          ],
          [
            121.0593716869845,
            24.92726004982441
          ],
          [
            121.05924029307809,
            24.927121181059157
          ],
          [
            121.05924024355133,
            24.92712113593649
          ],
          [
            121.05924003552165,
            24.927120910307462
          ],
          [
            121.0592370637088,
            24.92711776958147
          ],
          [
            121.0591979942901,
            24.9270764798594
          ],
          [
            121.05901511380709,
            24.926871786708368
          ],
          [
            121.05877954360075,
            24.926589505393885
          ],
          [
            121.0584996506932,
            24.926229424718564
          ],
          [
            121.05811981893967,
            24.92567845744293
          ],
          [
            121.05805861954282,
            24.92559009256805
          ],
          [
            121.05805546891635,
            24.925585534417625
          ],
          [
            121.05781968809558,
            24.925245081178968
          ],
          [
            121.05705587133563,
            24.92414209627401
          ],
          [
            121.05650002820485,
            24.923333447113396
          ],
          [
            121.05649974089424,
            24.92333303191251
          ],
          [
            121.05624821495132,
            24.922967103687917
          ],
          [
            121.0557392033638,
            24.922226418286005
          ],
          [
            121.05548099479948,
            24.921851110619457
          ],
          [
            121.05532313594475,
            24.92162164738618
          ],
          [
            121.05512663005446,
            24.921334948709124
          ],
          [
            121.05498342453976,
            24.921126001405508
          ],
          [
            121.05494497584574,
            24.921070454339166
          ],
          [
            121.05491744457132,
            24.92103065793213
          ],
          [
            121.05488618833421,
            24.92098549997631
          ],
          [
            121.05485628935735,
            24.92094229166513
          ],
          [
            121.05478167080713,
            24.92083448298151
          ],
          [
            121.05473358292276,
            24.920764999432205
          ],
          [
            121.05456513706564,
            24.92052162636293
          ],
          [
            121.05430588513224,
            24.92014396954389
          ],
          [
            121.05407970315088,
            24.919813681712036
          ],
          [
            121.05383678925799,
            24.919457388518317
          ],
          [
            121.05345570043842,
            24.918902653410605
          ],
          [
            121.05292206449619,
            24.91812484166129
          ],
          [
            121.05200378571281,
            24.916745739320078
          ],
          [
            121.05096967254023,
            24.91502003109379
          ],
          [
            121.04979795107808,
            24.913027361862554
          ],
          [
            121.0491804962326,
            24.911985950248337
          ],
          [
            121.04883238129747,
            24.91138945313948
          ],
          [
            121.04853952802671,
            24.910888991283713
          ],
          [
            121.04837455764478,
            24.910607094202664
          ],
          [
            121.0479380611956,
            24.909869643656194
          ],
          [
            121.04766946734688,
            24.909415867535895
          ],
          [
            121.04718574562528,
            24.908592911873953
          ],
          [
            121.04689277695641,
            24.908092545931744
          ],
          [
            121.04688704142833,
            24.908082742792214
          ],
          [
            121.04678090960464,
            24.907901465932948
          ],
          [
            121.04672042430803,
            24.907798144765266
          ],
          [
            121.04668057328175,
            24.90773078663019
          ],
          [
            121.04667596709005,
            24.90772300551096
          ],
          [
            121.04605848481364,
            24.906679160542684
          ],
          [
            121.04564929301374,
            24.905980363488965
          ],
          [
            121.04497167620711,
            24.904816525376543
          ],
          [
            121.04430888795152,
            24.903671368577484
          ],
          [
            121.0433115348438,
            24.902020972003953
          ],
          [
            121.04286424650327,
            24.901274922723257
          ],
          [
            121.04229480758832,
            24.900373968579917
          ],
          [
            121.04200919043758,
            24.89989424758264
          ],
          [
            121.0418848000397,
            24.89968531786185
          ],
          [
            121.04188155137643,
            24.89967986555816
          ],
          [
            121.04169289997917,
            24.899358440490186
          ],
          [
            121.0415754922874,
            24.899158392591378
          ],
          [
            121.04155605974242,
            24.89912529951151
          ],
          [
            121.04152931772184,
            24.89907974912884
          ],
          [
            121.0414770519914,
            24.898990742622406
          ],
          [
            121.04143215522686,
            24.898914292699075
          ],
          [
            121.0413254946839,
            24.898732677811093
          ],
          [
            121.04109158650873,
            24.898373579489704
          ],
          [
            121.04106337180174,
            24.898333753495955
          ],
          [
            121.04106309450849,
            24.898333365346577
          ],
          [
            121.04089269747648,
            24.898092847639468
          ],
          [
            121.04072538576672,
            24.897871117206194
          ],
          [
            121.04051443944871,
            24.897613600408775
          ],
          [
            121.04049982316437,
            24.89759575502168
          ],
          [
            121.04046582871827,
            24.89755815149141
          ],
          [
            121.04045342119478,
            24.89754442249907
          ],
          [
            121.04041618874518,
            24.897503244546854
          ],
          [
            121.04037095530813,
            24.897453202757646
          ],
          [
            121.0403329901447,
            24.897411203388355
          ],
          [
            121.04032275124219,
            24.897399884409637
          ],
          [
            121.04029120275017,
            24.897364979700654
          ],
          [
            121.04024004900997,
            24.89731184269179
          ],
          [
            121.04008371647598,
            24.897149434864854
          ],
          [
            121.03987604663617,
            24.896945681011715
          ],
          [
            121.03966476711403,
            24.89675016182075
          ],
          [
            121.03943485960795,
            24.896556281408724
          ],
          [
            121.03922175804671,
            24.896385581425957
          ],
          [
            121.038989936252,
            24.896206561743494
          ],
          [
            121.03882604876446,
            24.896090254104067
          ],
          [
            121.03862999711703,
            24.895960908419436
          ],
          [
            121.03844814448138,
            24.89584476752335
          ],
          [
            121.03826059308327,
            24.89573659100865
          ],
          [
            121.03793174932417,
            24.895560068320442
          ],
          [
            121.03777085360186,
            24.895478166394156
          ],
          [
            121.03756526056968,
            24.895377270542333
          ],
          [
            121.03729045068353,
            24.895253504450086
          ],
          [
            121.0370861708882,
            24.895172271697806
          ],
          [
            121.03666388240168,
            24.89500809330808
          ],
          [
            121.03641085856428,
            24.894910584166265
          ],
          [
            121.03609711158644,
            24.894791204189097
          ],
          [
            121.03567136170574,
            24.89462863089181
          ],
          [
            121.0352610763161,
            24.894473167187446
          ],
          [
            121.03517486127215,
            24.89443943896609
          ],
          [
            121.03514972636287,
            24.894429603813276
          ],
          [
            121.0351210969228,
            24.894418397145248
          ],
          [
            121.03480742077844,
            24.894295673881196
          ],
          [
            121.03430875507652,
            24.894105892714947
          ],
          [
            121.03374282378266,
            24.89388838048915
          ],
          [
            121.03305864550175,
            24.893622418277715
          ],
          [
            121.0330554875952,
            24.8936211910998
          ],
          [
            121.03300860407256,
            24.893602963885964
          ],
          [
            121.03256941913587,
            24.893435807222147
          ],
          [
            121.03252264474744,
            24.893418004171266
          ],
          [
            121.0325033113387,
            24.893410650147064
          ],
          [
            121.03248373044745,
            24.89340319686059
          ],
          [
            121.03247998849747,
            24.893401771170343
          ],
          [
            121.0319528991284,
            24.893201163101864
          ],
          [
            121.03102227783208,
            24.89284639450429
          ],
          [
            121.02998271945526,
            24.89244263524447
          ],
          [
            121.02889457489829,
            24.89202830574285
          ],
          [
            121.02819977644154,
            24.891761429406323
          ],
          [
            121.02742148299143,
            24.891464391896154
          ],
          [
            121.0267824221324,
            24.891218598321775
          ],
          [
            121.02629388751929,
            24.891030982387534
          ],
          [
            121.02568581523201,
            24.89079931729095
          ],
          [
            121.02512263598013,
            24.890581320357775
          ],
          [
            121.02464827138094,
            24.890397750434808
          ],
          [
            121.02381596716675,
            24.890079720697226
          ],
          [
            121.02351906234406,
            24.88996573763045
          ],
          [
            121.02266842100997,
            24.88963778202101
          ],
          [
            121.02212587169558,
            24.889429729057962
          ],
          [
            121.02200159279407,
            24.889378573800172
          ],
          [
            121.02197963735931,
            24.889369530461792
          ],
          [
            121.02195126753834,
            24.88935785173696
          ],
          [
            121.02192037354367,
            24.889345144126604
          ],
          [
            121.02188534187742,
            24.889330721698514
          ],
          [
            121.02172073572216,
            24.889262968672305
          ],
          [
            121.02139948038769,
            24.88911838727328
          ],
          [
            121.02098439065084,
            24.888902709803112
          ],
          [
            121.02068366039596,
            24.88872736381033
          ],
          [
            121.02034764783728,
            24.888510499869785
          ],
          [
            121.0201306500816,
            24.888359238427405
          ],
          [
            121.01985438428224,
            24.888147836576216
          ],
          [
            121.01935283286403,
            24.887745402084935
          ],
          [
            121.01904875120903,
            24.88749821327992
          ],
          [
            121.01899597904078,
            24.887455325513155
          ],
          [
            121.01898442678151,
            24.88744593732346
          ],
          [
            121.01897288442186,
            24.88743654913162
          ],
          [
            121.01893603005904,
            24.887406597186494
          ],
          [
            121.01858391982903,
            24.887120365162737
          ],
          [
            121.01800762908421,
            24.88665478088339
          ],
          [
            121.01793197126136,
            24.88659365788455
          ],
          [
            121.01780535371036,
            24.886491361855136
          ],
          [
            121.01773993158957,
            24.886438507660497
          ],
          [
            121.0176183925035,
            24.88634031884321
          ],
          [
            121.01720716233302,
            24.88600616710767
          ],
          [
            121.0168930914384,
            24.885751273672515
          ],
          [
            121.01668184044475,
            24.88557804914233
          ],
          [
            121.01639819085186,
            24.885349532586897
          ],
          [
            121.01621852771177,
            24.885198739793704
          ],
          [
            121.0158784076984,
            24.884924291243966
          ],
          [
            121.0154472612196,
            24.88457640432743
          ],
          [
            121.01507372666421,
            24.884272614675393
          ],
          [
            121.0145326515087,
            24.88383517319517
          ],
          [
            121.01407356885063,
            24.883461598824567
          ],
          [
            121.01369444851308,
            24.883154303132454
          ],
          [
            121.01363887881442,
            24.883109382283966
          ],
          [
            121.01353408440903,
            24.883024659122196
          ],
          [
            121.01349664867757,
            24.88299438084116
          ],
          [
            121.01346308323548,
            24.882967244128057
          ],
          [
            121.01340707817444,
            24.882921962090396
          ],
          [
            121.01327563768463,
            24.882815699076282
          ],
          [
            121.01284571354185,
            24.88247007962185
          ],
          [
            121.01245502794312,
            24.8821508369949
          ],
          [
            121.01204823024199,
            24.881820318003804
          ],
          [
            121.01174589002363,
            24.881574630766334
          ],
          [
            121.0112099162979,
            24.88114389389908
          ],
          [
            121.01098522970219,
            24.88096107390765
          ],
          [
            121.01068932735086,
            24.880720051775576
          ],
          [
            121.01019136889636,
            24.880316854511154
          ],
          [
            121.01015128213797,
            24.88028438162846
          ],
          [
            121.01008799459424,
            24.880233139995358
          ],
          [
            121.01003143770572,
            24.880187342085176
          ],
          [
            121.0099656361849,
            24.880134069149655
          ],
          [
            121.00968482229364,
            24.879906686096863
          ],
          [
            121.00881613764815,
            24.87920051939125
          ],
          [
            121.00851652217888,
            24.878956992210263
          ],
          [
            121.00841576311797,
            24.878875073048942
          ],
          [
            121.00832219983843,
            24.87879901293336
          ],
          [
            121.00822703324312,
            24.878721643709923
          ],
          [
            121.00814119040369,
            24.878651857881785
          ],
          [
            121.00805862379492,
            24.878584699128947
          ],
          [
            121.00805546643086,
            24.878582135196886
          ],
          [
            121.00759627421151,
            24.878208648982103
          ],
          [
            121.0068565385413,
            24.87760745687949
          ],
          [
            121.00618762642283,
            24.877067056275717
          ],
          [
            121.00556797902858,
            24.876560056375272
          ],
          [
            121.00504833922577,
            24.876140356432074
          ],
          [
            121.00428870513937,
            24.875523532745344
          ],
          [
            121.00425273870705,
            24.875494443839155
          ],
          [
            121.00415117371084,
            24.875412314127612
          ],
          [
            121.0040134148937,
            24.875300914816954
          ],
          [
            121.00361135335686,
            24.874975771461187
          ],
          [
            121.00310723535102,
            24.874563955234976
          ],
          [
            121.00235760657836,
            24.87395596031923
          ],
          [
            121.0015912297531,
            24.873333750853654
          ],
          [
            121.00159075470398,
            24.873333362631655
          ],
          [
            121.00154918791777,
            24.873299614400516
          ],
          [
            121.00112852339525,
            24.872955901791897
          ],
          [
            121.0005093822824,
            24.872447788158883
          ],
          [
            120.99992464693402,
            24.87198661131345
          ],
          [
            120.99951116634485,
            24.871656364670347
          ],
          [
            120.99896251121666,
            24.871225646411872
          ],
          [
            120.99841196987255,
            24.8707775100406
          ],
          [
            120.9983984018446,
            24.870766467992212
          ],
          [
            120.99837789641236,
            24.87074977400178
          ],
          [
            120.99825392377414,
            24.870648851591074
          ],
          [
            120.99599230745461,
            24.86879624179609
          ],
          [
            120.99573023841603,
            24.86858593271041
          ],
          [
            120.9956581255478,
            24.8685280757347
          ],
          [
            120.9949680047415,
            24.86797427037869
          ],
          [
            120.99423798077056,
            24.86736880796288
          ],
          [
            120.99393431545562,
            24.86712507040719
          ],
          [
            120.99387168464918,
            24.867071952928004
          ],
          [
            120.99384457004902,
            24.867048956112132
          ],
          [
            120.99381856379239,
            24.867026898305696
          ],
          [
            120.99364503065026,
            24.866879725758043
          ],
          [
            120.99352441113562,
            24.86676931051249
          ],
          [
            120.99339042332662,
            24.866634680021367
          ],
          [
            120.9932898938113,
            24.86652007622603
          ],
          [
            120.99320973961703,
            24.866426419512226
          ],
          [
            120.99313116011731,
            24.86631324311331
          ],
          [
            120.99305735022193,
            24.866209023209517
          ],
          [
            120.99300228300952,
            24.866119051190907
          ],
          [
            120.99293926065808,
            24.8660061282138
          ],
          [
            120.99289035874571,
            24.86591938866197
          ],
          [
            120.9928557659861,
            24.865845831454248
          ],
          [
            120.99281223850636,
            24.86574695776717
          ],
          [
            120.9927710765378,
            24.865643542822287
          ],
          [
            120.99272594747065,
            24.865519921786564
          ],
          [
            120.99267313176729,
            24.865352854996317
          ],
          [
            120.99264146063769,
            24.86524566654342
          ],
          [
            120.99262318700202,
            24.86517018699808
          ],
          [
            120.99260245082579,
            24.865068398144548
          ],
          [
            120.99258954101671,
            24.864991302749132
          ],
          [
            120.99256557256204,
            24.86482793001305
          ],
          [
            120.99255408072587,
            24.864704301554006
          ],
          [
            120.99254616323978,
            24.86454980466931
          ],
          [
            120.9925425223192,
            24.86437103926047
          ],
          [
            120.99254709388723,
            24.864212678773832
          ],
          [
            120.99255280741642,
            24.864153894188284
          ],
          [
            120.99255975871134,
            24.86408226204094
          ],
          [
            120.99256356112625,
            24.864043069306465
          ],
          [
            120.99256966982674,
            24.86399521830949
          ],
          [
            120.99257890712427,
            24.863922845932564
          ],
          [
            120.99260768442856,
            24.863761064815694
          ],
          [
            120.99263388614595,
            24.863642449049976
          ],
          [
            120.99267179601068,
            24.86350242716544
          ],
          [
            120.99271212012152,
            24.863367226631166
          ],
          [
            120.99277067377905,
            24.86320974450972
          ],
          [
            120.99282526706504,
            24.863084304490457
          ],
          [
            120.99289016274568,
            24.862944103262823
          ],
          [
            120.99295156385685,
            24.862824450816575
          ],
          [
            120.99301365699513,
            24.862714910350338
          ],
          [
            120.99310016504535,
            24.862572263296958
          ],
          [
            120.99316501805359,
            24.862477746397442
          ],
          [
            120.99326690358104,
            24.86234208804303
          ],
          [
            120.99337499349178,
            24.862208371030068
          ],
          [
            120.9934761055598,
            24.862094299756027
          ],
          [
            120.99355647416533,
            24.862010635674128
          ],
          [
            120.99363318078188,
            24.861935133201104
          ],
          [
            120.99374245577617,
            24.8618345778296
          ],
          [
            120.99388063713296,
            24.86171737491735
          ],
          [
            120.99396603150682,
            24.8616500615211
          ],
          [
            120.99405428554837,
            24.861585492868564
          ],
          [
            120.99418498376133,
            24.861496973077465
          ],
          [
            120.99434852665479,
            24.86139322325245
          ],
          [
            120.99454596292652,
            24.8612768435459
          ],
          [
            120.99486749434284,
            24.861102901851662
          ],
          [
            120.9956577367885,
            24.860675181245494
          ],
          [
            120.99609031687318,
            24.860441642621932
          ],
          [
            120.99666507897872,
            24.86012972009127
          ],
          [
            120.9972146830172,
            24.85983435323406
          ],
          [
            120.99769363872511,
            24.85957321954099
          ],
          [
            120.99851184676298,
            24.859128041010834
          ],
          [
            120.99898504762693,
            24.858873620338652
          ],
          [
            120.99943966260898,
            24.858628515557875
          ],
          [
            120.99988229226442,
            24.858390848905206
          ],
          [
            121.00019706988923,
            24.858219920231374
          ],
          [
            121.00037721809028,
            24.85812210452595
          ],
          [
            121.00081760776324,
            24.857884480234258
          ],
          [
            121.00122479650105,
            24.857663810539155
          ],
          [
            121.0015881272547,
            24.857464050334553
          ],
          [
            121.00183551258698,
            24.857333440417328
          ],
          [
            121.00205932666366,
            24.857219298500436
          ],
          [
            121.00221886990407,
            24.857138743442277
          ],
          [
            121.00248989425717,
            24.85701265538932
          ],
          [
            121.00286057423266,
            24.856849656230498
          ],
          [
            121.00399600212405,
            24.85639376030799
          ],
          [
            121.00662847947653,
            24.855330499915937
          ],
          [
            121.00747218357259,
            24.8549907064318
          ],
          [
            121.00805550575835,
            24.854755030744055
          ],
          [
            121.00805865237322,
            24.854753757547602
          ],
          [
            121.0082352387215,
            24.85468241327683
          ],
          [
            121.00826910931778,
            24.854668733139647
          ],
          [
            121.00833936381653,
            24.854640343446228
          ],
          [
            121.00885973044011,
            24.854422716198187
          ],
          [
            121.0092086646978,
            24.854263611888502
          ],
          [
            121.00923424292,
            24.854250654327405
          ],
          [
            121.00953770808074,
            24.85409689695631
          ],
          [
            121.00988185820214,
            24.85390043119384
          ],
          [
            121.01016842884422,
            24.853725068307853
          ],
          [
            121.01046246726892,
            24.853522727008293
          ],
          [
            121.01047325238657,
            24.853515304776334
          ],
          [
            121.01049879022648,
            24.853496234665222
          ],
          [
            121.01053427207738,
            24.85346972431541
          ],
          [
            121.0107278685487,
            24.85332510009224
          ],
          [
            121.0110412853697,
            24.853073902709685
          ],
          [
            121.01123991390635,
            24.852892206173426
          ],
          [
            121.01136550225056,
            24.852777326293573
          ],
          [
            121.01154503285457,
            24.852601697989325
          ],
          [
            121.01185958551447,
            24.852261161163696
          ],
          [
            121.01217692198352,
            24.85187084897209
          ],
          [
            121.0124133513187,
            24.85154455533764
          ],
          [
            121.01250234323187,
            24.851407395025934
          ],
          [
            121.01261547496736,
            24.851233007858546
          ],
          [
            121.01286492291813,
            24.85080329019164
          ],
          [
            121.01288962525375,
            24.850751364795418
          ],
          [
            121.0129766916699,
            24.85056833022201
          ],
          [
            121.01301049525284,
            24.850497263458692
          ],
          [
            121.0130297861299,
            24.85045670546996
          ],
          [
            121.0130470885236,
            24.85042005702022
          ],
          [
            121.01312180823255,
            24.850261770725496
          ],
          [
            121.0131256663891,
            24.850253608564874
          ],
          [
            121.01313423302945,
            24.85023128017358
          ],
          [
            121.01317464261106,
            24.850126039674354
          ],
          [
            121.01320685151978,
            24.850042143413475
          ],
          [
            121.01323608284747,
            24.849966002945177
          ],
          [
            121.01334733694682,
            24.84965124826445
          ],
          [
            121.01341290873496,
            24.84945372448228
          ],
          [
            121.01341382858537,
            24.84945028451652
          ],
          [
            121.01350033385151,
            24.849126692954716
          ],
          [
            121.0135621469667,
            24.84885559565248
          ],
          [
            121.01362132060397,
            24.848518770595575
          ],
          [
            121.01364173302392,
            24.848333656043085
          ],
          [
            121.01364177256238,
            24.848333285868268
          ],
          [
            121.01365303149436,
            24.84823118981276
          ],
          [
            121.01367870099888,
            24.847894015648485
          ],
          [
            121.01369019033285,
            24.84754844619698
          ],
          [
            121.01368079617696,
            24.847151361635337
          ],
          [
            121.01365851832003,
            24.84683582425675
          ],
          [
            121.01361435044755,
            24.84649076543868
          ],
          [
            121.01356422121363,
            24.8461900193485
          ],
          [
            121.01350783245424,
            24.845921460644185
          ],
          [
            121.01350111056797,
            24.845889464002628
          ],
          [
            121.01350015037741,
            24.84588561791892
          ],
          [
            121.01349314197948,
            24.84585755775889
          ],
          [
            121.01348544066676,
            24.84582674394736
          ],
          [
            121.0134679691917,
            24.845756819253968
          ],
          [
            121.01345163610087,
            24.845691435825824
          ],
          [
            121.01343880721372,
            24.845640091505736
          ],
          [
            121.01343615454532,
            24.84563148751757
          ],
          [
            121.0134047283625,
            24.845529476532697
          ],
          [
            121.0133977997594,
            24.845506959901453
          ],
          [
            121.01339087116173,
            24.845484470355508
          ],
          [
            121.0133487255443,
            24.845347655180436
          ],
          [
            121.01326245506323,
            24.845068174449274
          ],
          [
            121.01314968493226,
            24.844763948680022
          ],
          [
            121.0130340396554,
            24.84449398649034
          ],
          [
            121.01287958595312,
            24.844195569494474
          ],
          [
            121.01273828597014,
            24.8439294464067
          ],
          [
            121.0125446797446,
            24.843612848829906
          ],
          [
            121.01232585414364,
            24.843299999928156
          ],
          [
            121.01211953851417,
            24.843012068539224
          ],
          [
            121.01176627549864,
            24.842536715317177
          ],
          [
            121.01175654816214,
            24.84252362465147
          ],
          [
            121.01174666249757,
            24.84251030828322
          ],
          [
            121.01152243959753,
            24.842208581784664
          ],
          [
            121.01089981955569,
            24.841384915555114
          ],
          [
            121.01021020680412,
            24.840467507528686
          ],
          [
            121.00923197364605,
            24.83913787850696
          ],
          [
            121.00912970862066,
            24.838998871780934
          ],
          [
            121.00909957832981,
            24.838957910961753
          ],
          [
            121.0085698253905,
            24.838275625546054
          ],
          [
            121.00805863975319,
            24.837601345539287
          ],
          [
            121.00805551301039,
            24.837597219647094
          ],
          [
            121.00791356306812,
            24.83740997449311
          ],
          [
            121.00735282051885,
            24.83663803245447
          ],
          [
            121.0070684206934,
            24.836262023845535
          ],
          [
            121.00694568889217,
            24.836099767940958
          ],
          [
            121.00690648681467,
            24.83604792764451
          ],
          [
            121.00644219792048,
            24.83541369954966
          ],
          [
            121.00643699345123,
            24.835406666508536
          ],
          [
            121.0058609731734,
            24.834628570855838
          ],
          [
            121.00580608950305,
            24.83455442124596
          ],
          [
            121.00552891111793,
            24.83416816187893
          ],
          [
            121.0050618168787,
            24.833541242592226
          ],
          [
            121.00442592572496,
            24.832690309631978
          ],
          [
            121.00378133654023,
            24.831823393491664
          ],
          [
            121.00339363731486,
            24.831293849104444
          ],
          [
            121.00323892857425,
            24.831082538456034
          ],
          [
            121.00315077520727,
            24.830954569143916
          ],
          [
            121.00276886841968,
            24.830400122106663
          ],
          [
            121.00228353712525,
            24.829659813138935
          ],
          [
            121.00192975419584,
            24.82906984495807
          ],
          [
            121.00163028915021,
            24.82855173386113
          ],
          [
            121.00138855399926,
            24.828111628628182
          ],
          [
            121.00128504985005,
            24.827923193832962
          ],
          [
            121.00119953193503,
            24.827757249038882
          ],
          [
            121.00110712852126,
            24.827577978042395
          ],
          [
            121.00071629642224,
            24.82677458020268
          ],
          [
            121.00040651305292,
            24.82607557868101
          ],
          [
            121.00013306995596,
            24.82540335523426
          ],
          [
            120.99988755739523,
            24.824774026104727
          ],
          [
            120.99987888135148,
            24.82475131015336
          ],
          [
            120.99977561985591,
            24.824480939728037
          ],
          [
            120.99957944601366,
            24.823967248336672
          ],
          [
            120.99934076511929,
            24.823333801167596
          ],
          [
            120.99934064640767,
            24.823333476137616
          ],
          [
            120.99932550078371,
            24.823293271729487
          ],
          [
            120.99921998621105,
            24.823013249287513
          ],
          [
            120.99921782962673,
            24.823007588345963
          ],
          [
            120.9990051597122,
            24.822450351086687
          ],
          [
            120.9990049123997,
            24.822449701026002
          ],
          [
            120.99900470465742,
            24.82244913222298
          ],
          [
            120.99888769645874,
            24.822142538274168
          ],
          [
            120.99880862623417,
            24.821934834765514
          ],
          [
            120.9986118075129,
            24.821417864543506
          ],
          [
            120.9984587537475,
            24.821019602509338
          ],
          [
            120.99837553018378,
            24.82080306872728
          ],
          [
            120.99830108131694,
            24.820607959860034
          ],
          [
            120.99809960758937,
            24.820079982955434
          ],
          [
            120.99791253829457,
            24.81959503625676
          ],
          [
            120.99782635860834,
            24.819388650234536
          ],
          [
            120.99774325562517,
            24.81918964057089
          ],
          [
            120.9976128388847,
            24.818913372362136
          ],
          [
            120.99743915440939,
            24.81858542357565
          ],
          [
            120.99738079140704,
            24.818482794442122
          ],
          [
            120.99732344045314,
            24.81838195928586
          ],
          [
            120.99730534500351,
            24.818350144874156
          ],
          [
            120.99711681320579,
            24.818043439723223
          ],
          [
            120.9969625178628,
            24.81781206968691
          ],
          [
            120.99674360843657,
            24.817504966165032
          ],
          [
            120.99650193799684,
            24.817195505313983
          ],
          [
            120.99618277459757,
            24.81682583936819
          ],
          [
            120.99590934201554,
            24.816543290988555
          ],
          [
            120.9954959102102,
            24.816148395014377
          ],
          [
            120.995150040474,
            24.81585902642535
          ],
          [
            120.99463737578324,
            24.815452324403896
          ],
          [
            120.994258294484,
            24.815156464575434
          ],
          [
            120.99423445333896,
            24.8151378520891
          ],
          [
            120.99422770715272,
            24.81513258815136
          ],
          [
            120.9942198530892,
            24.8151264574243
          ],
          [
            120.99417097887161,
            24.815088311471097
          ],
          [
            120.99389988473648,
            24.814876731516602
          ],
          [
            120.9930543142515,
            24.81422425137772
          ],
          [
            120.99294441442214,
            24.81413870017759
          ],
          [
            120.99293054044979,
            24.814127901307806
          ],
          [
            120.9929186210623,
            24.81411861030674
          ],
          [
            120.992907740294,
            24.814110149985886
          ],
          [
            120.99281136346366,
            24.814035123975344
          ],
          [
            120.9918151802599,
            24.813259644448877
          ],
          [
            120.99145916312864,
            24.81298438921096
          ],
          [
            120.99136613822982,
            24.812912460165414
          ],
          [
            120.99132581092178,
            24.81288128204518
          ],
          [
            120.99128566167944,
            24.81285023935345
          ],
          [
            120.99108493456148,
            24.812695040178227
          ],
          [
            120.99098905841183,
            24.8126209041334
          ],
          [
            120.9903242624727,
            24.81210014657289
          ],
          [
            120.98984125093057,
            24.81174454079401
          ],
          [
            120.98983164651447,
            24.811737470739477
          ],
          [
            120.98982187394824,
            24.811730274272332
          ],
          [
            120.98981880765741,
            24.811728016911058
          ],
          [
            120.9895088746747,
            24.811509241289727
          ],
          [
            120.98858897533808,
            24.81094679079359
          ],
          [
            120.98598322082354,
            24.809530115510018
          ],
          [
            120.98554006198484,
            24.809288476672073
          ],
          [
            120.98990035945256,
            24.811369472834496
          ],
          [
            120.98959423834106,
            24.811306997340417
          ],
          [
            120.9893362661742,
            24.811230416551854
          ],
          [
            120.98905297420987,
            24.811120608177912
          ],
          [
            120.98881399761316,
            24.81101513631972
          ],
          [
            120.98794674320622,
            24.81051234683394
          ],
          [
            120.98730282451913,
            24.81017056059866
          ],
          [
            120.98680885917794,
            24.809908417238326
          ],
          [
            120.98657147150179,
            24.809784162407546
          ],
          [
            120.98554006198484,
            24.809288476672073
          ],
          [
            120.98554006198484,
            24.809288476672073
          ],
          [
            120.98305861592358,
            24.80793533259871
          ],
          [
            120.9830555121833,
            24.80793364479908
          ],
          [
            120.97881242681967,
            24.8056197098726
          ],
          [
            120.97450476647768,
            24.803096188933676
          ],
          [
            120.97418854560782,
            24.8029058926563
          ],
          [
            120.96859531246558,
            24.799539756407064
          ],
          [
            120.96706857266365,
            24.798574340444276
          ],
          [
            120.96664772366344,
            24.79833376979909
          ],
          [
            120.9666471599753,
            24.79833344464294
          ],
          [
            120.96615929387166,
            24.79801576222895
          ],
          [
            120.96569132366092,
            24.79772266772539
          ],
          [
            120.96481813654954,
            24.79717107773518
          ],
          [
            120.9643585738519,
            24.796898575311644
          ],
          [
            120.9642354741369,
            24.79683078609595
          ],
          [
            120.9641417636372,
            24.79678379675216
          ],
          [
            120.96401348925534,
            24.79672321998648
          ],
          [
            120.96387663875656,
            24.796666234434436
          ],
          [
            120.96348189474011,
            24.79652400997699
          ],
          [
            120.96298138064208,
            24.79638351893368
          ],
          [
            120.96260627434712,
            24.79629755440001
          ],
          [
            120.96224729053752,
            24.796276102540382
          ],
          [
            120.961842108298,
            24.796252814265006
          ],
          [
            120.96102290187868,
            24.79627010966333
          ],
          [
            120.96079693858907,
            24.796276506111994
          ],
          [
            120.96065560025164,
            24.796280504818466
          ],
          [
            120.95923597534886,
            24.796320645356527
          ],
          [
            120.95915649547536,
            24.79632289528946
          ],
          [
            120.95907991951553,
            24.796325062910824
          ],
          [
            120.95893238947883,
            24.79632922984061
          ],
          [
            120.95878494844818,
            24.796333396649455
          ],
          [
            120.95856741480249,
            24.796339543765548
          ],
          [
            120.95805866251276,
            24.7963539246018
          ],
          [
            120.95805552715476,
            24.796354004980742
          ],
          [
            120.95798891309892,
            24.796355891336592
          ],
          [
            120.95637832933004,
            24.79639216443287
          ],
          [
            120.95636827047306,
            24.796392390827783
          ],
          [
            120.95634362281233,
            24.79639294341482
          ],
          [
            120.95631961804904,
            24.796393478128202
          ],
          [
            120.9562650499844,
            24.796394707239365
          ],
          [
            120.95514850769248,
            24.79641984744602
          ],
          [
            120.95362687617852,
            24.79643642070885
          ],
          [
            120.95262807314016,
            24.79632369245155
          ],
          [
            120.95215119999757,
            24.79623687495399
          ],
          [
            120.9516094861791,
            24.796095095788314
          ],
          [
            120.95125566234151,
            24.795986330464338
          ],
          [
            120.95093742567276,
            24.795877088427734
          ],
          [
            120.95051505211907,
            24.795691690957433
          ],
          [
            120.94920554121025,
            24.795103994168617
          ],
          [
            120.94728798785512,
            24.794229630692957
          ],
          [
            120.94726296980517,
            24.79421821872104
          ],
          [
            120.94723778365251,
            24.79420673445663
          ],
          [
            120.94652606663082,
            24.793882200584903
          ],
          [
            120.94455034955773,
            24.792977742896646
          ],
          [
            120.94283417668507,
            24.792193782294262
          ],
          [
            120.94243671033475,
            24.792054074410242
          ],
          [
            120.94208630516225,
            24.79193064605673
          ],
          [
            120.94200743318983,
            24.791902868728585
          ],
          [
            120.94194472342453,
            24.791884706800968
          ],
          [
            120.93947953623292,
            24.791170873823283
          ],
          [
            120.93925711954937,
            24.7911047645653
          ],
          [
            120.93911468253216,
            24.79106243012479
          ],
          [
            120.9390987289666,
            24.79105768992276
          ],
          [
            120.93707355111552,
            24.79044732927059
          ],
          [
            120.93533248210781,
            24.78992209587612
          ],
          [
            120.93416165959226,
            24.789502816706477
          ],
          [
            120.9340265588813,
            24.78945443507434
          ],
          [
            120.93305549174057,
            24.789106685045535
          ],
          [
            120.93271403425831,
            24.788984401619857
          ],
          [
            120.93071130819112,
            24.78823916740358
          ],
          [
            120.92940373100339,
            24.787753610431285
          ],
          [
            120.92935653916807,
            24.787736084353718
          ],
          [
            120.92917198912957,
            24.787667548358183
          ],
          [
            120.92908186133133,
            24.787634081680743
          ],
          [
            120.92898878700302,
            24.78759952108643
          ],
          [
            120.92889653342087,
            24.787565258768957
          ],
          [
            120.92878732454494,
            24.78752414733287
          ],
          [
            120.92768426239076,
            24.787108885460377
          ],
          [
            120.92686217796034,
            24.786799390736054
          ],
          [
            120.92489173259989,
            24.78605511457214
          ],
          [
            120.92378639806763,
            24.785633370037836
          ],
          [
            120.92318702279414,
            24.785384712988613
          ],
          [
            120.92268861139404,
            24.78507685979103
          ],
          [
            120.92207412497622,
            24.784661259991005
          ],
          [
            120.92206023581359,
            24.784651862977633
          ],
          [
            120.9220254783135,
            24.784628352363256
          ],
          [
            120.9220134970626,
            24.784620247434432
          ],
          [
            120.9219924924253,
            24.784602693848083
          ],
          [
            120.92198309223681,
            24.78459483403487
          ],
          [
            120.92145435061705,
            24.784153084251695
          ],
          [
            120.92102808615734,
            24.783715919049005
          ],
          [
            120.92070476065926,
            24.78334855340621
          ],
          [
            120.92050570257773,
            24.7830850282659
          ],
          [
            120.92045007120687,
            24.78301137919116
          ],
          [
            120.9204339647966,
            24.782990063043155
          ],
          [
            120.92025779580901,
            24.782721006140328
          ],
          [
            120.9199710246454,
            24.782249079597644
          ],
          [
            120.91977388893275,
            24.781846314782168
          ],
          [
            120.91959226514582,
            24.781375942524388
          ],
          [
            120.91943523107629,
            24.78093110722329
          ],
          [
            120.91929141272458,
            24.780360220951337
          ],
          [
            120.91905970007973,
            24.779025906162964
          ],
          [
            120.91849178592139,
            24.77555482942511
          ],
          [
            120.91848417015957,
            24.775508279889383
          ],
          [
            120.91843670277171,
            24.7752181518315
          ],
          [
            120.91812373693283,
            24.77333381922381
          ],
          [
            120.91812368769607,
            24.773333503194117
          ],
          [
            120.91800864135705,
            24.772640861443865
          ],
          [
            120.9178286881341,
            24.77160076139074
          ],
          [
            120.91771609707973,
            24.77110362707414
          ],
          [
            120.91761545886645,
            24.770746452382323
          ],
          [
            120.91751299424072,
            24.77044551608861
          ],
          [
            120.91738489476886,
            24.770121054959326
          ],
          [
            120.91702549992037,
            24.7693152032155
          ],
          [
            120.91701187114894,
            24.76928465082024
          ],
          [
            120.9170024416997,
            24.769263509512665
          ],
          [
            120.91699622090101,
            24.76925005336854
          ],
          [
            120.91698064918124,
            24.769216340766853
          ],
          [
            120.91697031084338,
            24.769193934941505
          ],
          [
            120.91410548528846,
            24.762991156568283
          ],
          [
            120.91346366196731,
            24.761625556675174
          ],
          [
            120.91345256534184,
            24.76160194662805
          ],
          [
            120.91342758586113,
            24.761548789477153
          ],
          [
            120.91340125375498,
            24.761492760424606
          ],
          [
            120.91339406105566,
            24.76147745629202
          ],
          [
            120.91286241337285,
            24.76034624993099
          ],
          [
            120.91246604392063,
            24.759482941586235
          ],
          [
            120.91243554735438,
            24.759416517921814
          ],
          [
            120.91156669014075,
            24.75752409541132
          ],
          [
            120.91032193705612,
            24.755057409048888
          ],
          [
            120.90958066424895,
            24.753546138030327
          ],
          [
            120.90955077376981,
            24.753485189086035
          ],
          [
            120.90954095046918,
            24.753465166587315
          ],
          [
            120.90953168497362,
            24.753446285649023
          ],
          [
            120.90923014099337,
            24.752831499800624
          ],
          [
            120.90885323970699,
            24.752075137589017
          ],
          [
            120.90805868021808,
            24.750517440372313
          ],
          [
            120.90805555055185,
            24.750511307980695
          ],
          [
            120.90782164606394,
            24.750052751274005
          ],
          [
            120.90695861791109,
            24.748333401408892
          ],
          [
            120.9069584500771,
            24.748333076272246
          ],
          [
            120.90667166448462,
            24.747761725636575
          ],
          [
            120.90576837979692,
            24.746199767487084
          ],
          [
            120.90542687897614,
            24.74569791883198
          ],
          [
            120.90522977855498,
            24.74543825583682
          ],
          [
            120.90499165982966,
            24.74513921055289
          ],
          [
            120.9049749872159,
            24.74511827149713
          ],
          [
            120.90495499588738,
            24.7450931681123
          ],
          [
            120.90494287664426,
            24.74507794709635
          ],
          [
            120.90491104264912,
            24.74503797498264
          ],
          [
            120.90478631445785,
            24.744881320383598
          ],
          [
            120.90387350190757,
            24.74387492436069
          ],
          [
            120.9035085339734,
            24.743553404133877
          ],
          [
            120.9031431828807,
            24.743205672489815
          ],
          [
            120.90272994745501,
            24.74286639584281
          ],
          [
            120.90251767189076,
            24.74270782257713
          ],
          [
            120.90248965045394,
            24.74268688488771
          ],
          [
            120.9024547224767,
            24.74266078731947
          ],
          [
            120.90235725026777,
            24.74258797071193
          ],
          [
            120.90204310695333,
            24.74235329079064
          ],
          [
            120.90189414767308,
            24.742242005110416
          ],
          [
            120.90185248005207,
            24.74221260751954
          ],
          [
            120.90182125651711,
            24.74219058416542
          ],
          [
            120.90179352093857,
            24.74217101889245
          ],
          [
            120.90147851968297,
            24.741948805833267
          ],
          [
            120.90087855301581,
            24.741569304807594
          ],
          [
            120.90077644347522,
            24.74151201343997
          ],
          [
            120.9007194843217,
            24.741480050291734
          ],
          [
            120.90063497453941,
            24.74143262980827
          ],
          [
            120.90056485281478,
            24.74139328143874
          ],
          [
            120.90044540091216,
            24.741326254444928
          ],
          [
            120.8993915890832,
            24.740779423679207
          ],
          [
            120.89937579748786,
            24.74077123308951
          ],
          [
            120.8993577132513,
            24.740761849172305
          ],
          [
            120.89873119989838,
            24.74043674662464
          ],
          [
            120.89789127848078,
            24.7400009038498
          ],
          [
            120.89684365265069,
            24.73947249592688
          ],
          [
            120.89642583836373,
            24.739301980954814
          ],
          [
            120.89454901482091,
            24.738605048194927
          ],
          [
            120.893520373821,
            24.738230388944164
          ],
          [
            120.89292558383131,
            24.738008085279084
          ],
          [
            120.89240810864955,
            24.737815286343828
          ],
          [
            120.89190190306773,
            24.73759050510139
          ],
          [
            120.89155217817446,
            24.73741811153519
          ],
          [
            120.89097644751209,
            24.73712577837193
          ],
          [
            120.88984697821498,
            24.73653247207479
          ],
          [
            120.88983101989119,
            24.736524090753115
          ],
          [
            120.88981809513442,
            24.73651730070866
          ],
          [
            120.88980517037906,
            24.73651051066309
          ],
          [
            120.88979279897967,
            24.73650400994126
          ],
          [
            120.88956231764043,
            24.736382937148814
          ],
          [
            120.88848479591317,
            24.735829628838076
          ],
          [
            120.88698574714647,
            24.73504298315656
          ],
          [
            120.88650771061184,
            24.734792771081686
          ],
          [
            120.88583885319264,
            24.734443530073868
          ],
          [
            120.88490213153439,
            24.733938850383215
          ],
          [
            120.88445592630555,
            24.733698298828966
          ],
          [
            120.88427886374019,
            24.733588767025765
          ],
          [
            120.88427868886953,
            24.733588653129285
          ],
          [
            120.88427646586898,
            24.733587279052266
          ],
          [
            120.88397006784109,
            24.733397737657146
          ],
          [
            120.88305864407062,
            24.732760813697258
          ],
          [
            120.88305551239304,
            24.73275861728228
          ],
          [
            120.88268768341842,
            24.732501571962416
          ],
          [
            120.88224361417592,
            24.732196749233566
          ],
          [
            120.8815750547502,
            24.731727100783324
          ],
          [
            120.8811710538239,
            24.73144625060045
          ],
          [
            120.8811602956351,
            24.731438775344056
          ],
          [
            120.88115303459783,
            24.73143373157759
          ],
          [
            120.88115134529693,
            24.731432556508363
          ],
          [
            120.88114072542129,
            24.731425171647118
          ],
          [
            120.88113039203688,
            24.731417985643528
          ],
          [
            120.88110953755921,
            24.731403496112353
          ],
          [
            120.88110113057517,
            24.73139764788092
          ],
          [
            120.88104959210442,
            24.731361817259643
          ],
          [
            120.88049868185372,
            24.73099197920283
          ],
          [
            120.88000427644491,
            24.730646363187255
          ],
          [
            120.87957244605845,
            24.730354417224518
          ],
          [
            120.87912410320544,
            24.730058357675354
          ],
          [
            120.87865181779523,
            24.729744355445447
          ],
          [
            120.8783083935177,
            24.72951813402055
          ],
          [
            120.87802654714038,
            24.729331390223226
          ],
          [
            120.87785815301326,
            24.729217753414527
          ],
          [
            120.87760045041941,
            24.729048607348854
          ],
          [
            120.8770576660649,
            24.72868925457585
          ],
          [
            120.8765546945035,
            24.7283581021447
          ],
          [
            120.87619368635436,
            24.72811763215528
          ],
          [
            120.87588605684168,
            24.727909907423793
          ],
          [
            120.87569179956249,
            24.727773819480074
          ],
          [
            120.87532088735018,
            24.72749614996383
          ],
          [
            120.87481463501308,
            24.727074512358335
          ],
          [
            120.87460022883323,
            24.726864993823778
          ],
          [
            120.8741801193692,
            24.72643427096063
          ],
          [
            120.8739391239572,
            24.726166439877044
          ],
          [
            120.87376032221033,
            24.725981002505065
          ],
          [
            120.87331727711974,
            24.725353405136467
          ],
          [
            120.87272068099243,
            24.72447577077233
          ],
          [
            120.8720897290585,
            24.723602420382605
          ],
          [
            120.87188341046065,
            24.723333839027067
          ],
          [
            120.87188312417034,
            24.72333347763442
          ],
          [
            120.87157663901523,
            24.72293451704645
          ],
          [
            120.87157646132052,
            24.722934291176745
          ],
          [
            120.87156283848893,
            24.72291655616822
          ],
          [
            120.87156267067904,
            24.722916330306965
          ],
          [
            120.87113282292185,
            24.72235676887906
          ],
          [
            120.87044080653172,
            24.72143449555181
          ],
          [
            120.87044062885049,
            24.721434260652035
          ],
          [
            120.87043427188473,
            24.721425786236296
          ],
          [
            120.87042740162698,
            24.721416625195342
          ],
          [
            120.87042721407049,
            24.721416381258308
          ],
          [
            120.87041979102908,
            24.721406488414424
          ],
          [
            120.8703280269427,
            24.72127731669524
          ],
          [
            120.87032785912788,
            24.721277099861254
          ],
          [
            120.87032226269828,
            24.72126920393523
          ],
          [
            120.8703096682117,
            24.7212514877566
          ],
          [
            120.8702923458713,
            24.72122711333327
          ],
          [
            120.87029220769188,
            24.721226914582285
          ],
          [
            120.86999968335475,
            24.72081518714747
          ],
          [
            120.86966731252114,
            24.720245530507793
          ],
          [
            120.86935176792011,
            24.719609869855123
          ],
          [
            120.86916697593641,
            24.719222603002887
          ],
          [
            120.86899741328322,
            24.718876736800798
          ],
          [
            120.86887411757917,
            24.718599908226857
          ],
          [
            120.86879217353625,
            24.718403651790094
          ],
          [
            120.86871771353724,
            24.71820618297879
          ],
          [
            120.86862677562831,
            24.71792474174014
          ],
          [
            120.86857008264474,
            24.71774208645642
          ],
          [
            120.8685334455763,
            24.717615571177234
          ],
          [
            120.86849460124765,
            24.717454392739988
          ],
          [
            120.86843717367415,
            24.717199886286895
          ],
          [
            120.8683930550228,
            24.71696001798945
          ],
          [
            120.86835432842382,
            24.716715459474955
          ],
          [
            120.86832682090962,
            24.716489446731927
          ],
          [
            120.86830116177163,
            24.716216540480254
          ],
          [
            120.86828246463625,
            24.715865280149846
          ],
          [
            120.86828146767208,
            24.715685535704424
          ],
          [
            120.86828486595644,
            24.715443108773734
          ],
          [
            120.86829813567391,
            24.71519400925517
          ],
          [
            120.86831467238719,
            24.7150056667947
          ],
          [
            120.86831511156494,
            24.71500160426003
          ],
          [
            120.86831518142853,
            24.715000963282833
          ],
          [
            120.8683175373251,
            24.71497888112237
          ],
          [
            120.8683200429745,
            24.71495538158554
          ],
          [
            120.868320112838,
            24.714954740608338
          ],
          [
            120.86833933933092,
            24.714774508283018
          ],
          [
            120.8683666582907,
            24.714530946636422
          ],
          [
            120.86843918214029,
            24.714160462870197
          ],
          [
            120.86856426542592,
            24.713642875138607
          ],
          [
            120.86883343618264,
            24.71264504959554
          ],
          [
            120.8690757198302,
            24.711740331165153
          ],
          [
            120.86908902614124,
            24.711690630667597
          ],
          [
            120.86908922461248,
            24.711689872428664
          ],
          [
            120.86909651775883,
            24.711662648185442
          ],
          [
            120.86910381089254,
            24.711635432970457
          ],
          [
            120.8691040192664,
            24.71163465668271
          ],
          [
            120.86911451744227,
            24.711595445099952
          ],
          [
            120.86923878823993,
            24.711131387162464
          ],
          [
            120.86945707558955,
            24.710342720191658
          ],
          [
            120.8695754894661,
            24.709957630989493
          ],
          [
            120.8697072003021,
            24.709597147447656
          ],
          [
            120.8698304432574,
            24.709300101231282
          ],
          [
            120.8699475102329,
            24.709048780009343
          ],
          [
            120.87006304148424,
            24.708819668005887
          ],
          [
            120.8701868179369,
            24.708597542238852
          ],
          [
            120.87030411701387,
            24.708397531126987
          ],
          [
            120.87057356599661,
            24.70798573813528
          ],
          [
            120.87097320698793,
            24.707451979297403
          ],
          [
            120.87154204143184,
            24.70678286122075
          ],
          [
            120.87214486820814,
            24.706085437741606
          ],
          [
            120.87214542234614,
            24.706084788145677
          ],
          [
            120.87214953873635,
            24.706080024487058
          ],
          [
            120.87220436781087,
            24.70601659926693
          ],
          [
            120.87226610365282,
            24.705945171427768
          ],
          [
            120.872266667673,
            24.705944521839783
          ],
          [
            120.87227975894909,
            24.70592937375613
          ],
          [
            120.87228768495329,
            24.70592020731896
          ],
          [
            120.87364657731892,
            24.704348057266536
          ],
          [
            120.87364714132475,
            24.704347407673165
          ],
          [
            120.8737035223932,
            24.70428216841872
          ],
          [
            120.87370702517921,
            24.70427811746876
          ],
          [
            120.8737954952296,
            24.704175761002638
          ],
          [
            120.87379865169315,
            24.70417210702317
          ],
          [
            120.87384878893882,
            24.7041141034994
          ],
          [
            120.87384935294253,
            24.704113453905236
          ],
          [
            120.87636042060915,
            24.701208121710714
          ],
          [
            120.87636664418186,
            24.70120092191112
          ],
          [
            120.87640304565005,
            24.701158796752775
          ],
          [
            120.87645239881827,
            24.701101703584413
          ],
          [
            120.87645295290291,
            24.70110106300069
          ],
          [
            120.87647857932247,
            24.7010714247155
          ],
          [
            120.87741000656291,
            24.699994952456244
          ],
          [
            120.877432792887,
            24.69996860716965
          ],
          [
            120.87743336672759,
            24.699967966598315
          ],
          [
            120.87744840589198,
            24.699950580513033
          ],
          [
            120.87746383091259,
            24.699932761362113
          ],
          [
            120.87746438499569,
            24.699932111745802
          ],
          [
            120.8775021510602,
            24.699888470598616
          ],
          [
            120.8775594184952,
            24.699822291579675
          ],
          [
            120.87755997257732,
            24.699821641962988
          ],
          [
            120.87756935223783,
            24.69981080610748
          ],
          [
            120.87814935472397,
            24.699140461345387
          ],
          [
            120.8788527224947,
            24.698333618172004
          ],
          [
            120.8788530786793,
            24.698333203137746
          ],
          [
            120.87949804463561,
            24.697593339006666
          ],
          [
            120.87957168359519,
            24.697508862061
          ],
          [
            120.87964366030796,
            24.697426297836948
          ],
          [
            120.87991876382526,
            24.69711072912322
          ],
          [
            120.88026200605199,
            24.69667258596335
          ],
          [
            120.88047020307744,
            24.696354200018078
          ],
          [
            120.88068192110302,
            24.695969536606782
          ],
          [
            120.88083624197552,
            24.695602929938282
          ],
          [
            120.88096114895616,
            24.695207534208045
          ],
          [
            120.88107573493093,
            24.694638074148244
          ],
          [
            120.88109260664369,
            24.694094304608626
          ],
          [
            120.88107646916112,
            24.693635433210545
          ],
          [
            120.88107645010739,
            24.693634683810036
          ],
          [
            120.8810748333645,
            24.69358883458695
          ],
          [
            120.88107319738047,
            24.693542434595155
          ],
          [
            120.88107157126294,
            24.69349605266837
          ],
          [
            120.88106971395732,
            24.693443359468635
          ],
          [
            120.88106969490366,
            24.693442610068107
          ],
          [
            120.88106716484312,
            24.69336988156007
          ],
          [
            120.88100461455369,
            24.6924584347657
          ],
          [
            120.88100011123858,
            24.6923927741877
          ],
          [
            120.88099818122573,
            24.69236465715651
          ],
          [
            120.88099664120159,
            24.692342129225406
          ],
          [
            120.88099509129562,
            24.6923196012864
          ],
          [
            120.8809932879981,
            24.692293335247385
          ],
          [
            120.88099324905166,
            24.692292721262078
          ],
          [
            120.88098875552754,
            24.692227169034982
          ],
          [
            120.88095809988766,
            24.691780357430446
          ],
          [
            120.88067588188119,
            24.686528834575967
          ],
          [
            120.8802725156107,
            24.680613696690326
          ],
          [
            120.88019741886362,
            24.67934951160143
          ],
          [
            120.88019541545593,
            24.679315859825607
          ],
          [
            120.88019537658617,
            24.67931517360906
          ],
          [
            120.88019454023024,
            24.679301106138283
          ],
          [
            120.88019366493573,
            24.679286424680924
          ],
          [
            120.8801936260832,
            24.679285720406877
          ],
          [
            120.88019138931236,
            24.679248104820154
          ],
          [
            120.8799977317065,
            24.675988161873008
          ],
          [
            120.8799963099838,
            24.67596630210653
          ],
          [
            120.87999468364444,
            24.67594142657026
          ],
          [
            120.8799907395972,
            24.675881030035622
          ],
          [
            120.87998847048324,
            24.675846357779506
          ],
          [
            120.87998714607969,
            24.675826060065994
          ],
          [
            120.87998485754245,
            24.67579103567236
          ],
          [
            120.87998482833987,
            24.675790575182194
          ],
          [
            120.87998162441058,
            24.675741519361775
          ],
          [
            120.87997845936853,
            24.675693131700406
          ],
          [
            120.87997843015738,
            24.675692680238985
          ],
          [
            120.87988885691759,
            24.6743218348691
          ],
          [
            120.87978208190495,
            24.673333515155615
          ],
          [
            120.87978204271026,
            24.673333172031207
          ],
          [
            120.87977961377383,
            24.6733107155506
          ],
          [
            120.87971305887613,
            24.67295750214732
          ],
          [
            120.87970311015036,
            24.67290463076295
          ],
          [
            120.87953914299499,
            24.67203445143003
          ],
          [
            120.87953905452747,
            24.672033972834512
          ],
          [
            120.87953900537501,
            24.672033710960896
          ],
          [
            120.87953027572398,
            24.671987386391812
          ],
          [
            120.87952016979509,
            24.671933747417803
          ],
          [
            120.87951006387473,
            24.671880108442775
          ],
          [
            120.87950702619787,
            24.671863989659027
          ],
          [
            120.87950545314125,
            24.671855799306506
          ],
          [
            120.87950464694252,
            24.671851609312423
          ],
          [
            120.87950456830401,
            24.671851184897342
          ],
          [
            120.87891667938811,
            24.66879304777882
          ],
          [
            120.87889852121847,
            24.6686985922131
          ],
          [
            120.87878930731266,
            24.668130495191452
          ],
          [
            120.87878604336869,
            24.668113545556217
          ],
          [
            120.8787840673295,
            24.668103260192503
          ],
          [
            120.87865457320001,
            24.66742960936255
          ],
          [
            120.87861688139074,
            24.66723348303301
          ],
          [
            120.87852895382514,
            24.666776086630126
          ],
          [
            120.87850677541351,
            24.666660717107163
          ],
          [
            120.87839678838995,
            24.666088574141643
          ],
          [
            120.87838335960005,
            24.666018698629177
          ],
          [
            120.87827507441703,
            24.66545537801822
          ],
          [
            120.87827287233577,
            24.66544393677829
          ],
          [
            120.87826907774618,
            24.665424151661426
          ],
          [
            120.87826302203322,
            24.665392681479524
          ],
          [
            120.8782614884654,
            24.665384689772456
          ],
          [
            120.87818777852891,
            24.665001196070328
          ],
          [
            120.87754984902585,
            24.661682430887698
          ],
          [
            120.8775496720498,
            24.661681545923262
          ],
          [
            120.87753718787562,
            24.661616582721997
          ],
          [
            120.87752550979975,
            24.661555791471564
          ],
          [
            120.87751382184632,
            24.661495009240504
          ],
          [
            120.87750111159811,
            24.66142889016688
          ],
          [
            120.87750094450271,
            24.661428005210404
          ],
          [
            120.87717964457127,
            24.65975603742346
          ],
          [
            120.87716498807414,
            24.659680102432556
          ],
          [
            120.87714888624527,
            24.65959703352159
          ],
          [
            120.87669573405121,
            24.657238597462225
          ],
          [
            120.87641438487275,
            24.655720564610423
          ],
          [
            120.87633752326339,
            24.655178070044336
          ],
          [
            120.87630805452743,
            24.6547853297405
          ],
          [
            120.87628967703179,
            24.654235759494515
          ],
          [
            120.8762881510566,
            24.654190253154987
          ],
          [
            120.87628691310825,
            24.65415322508277
          ],
          [
            120.87627945663985,
            24.653930198887043
          ],
          [
            120.87626960909579,
            24.65357717423964
          ],
          [
            120.87625031383494,
            24.652826468837308
          ],
          [
            120.8762430853844,
            24.652542642927816
          ],
          [
            120.87624221035198,
            24.6525082966962
          ],
          [
            120.87624219122544,
            24.65250765563647
          ],
          [
            120.87624158245175,
            24.652483819133707
          ],
          [
            120.87624096443102,
            24.65245934157926
          ],
          [
            120.8762409453134,
            24.652458691490757
          ],
          [
            120.87622312219347,
            24.651758259485636
          ],
          [
            120.8761978513237,
            24.651317344819596
          ],
          [
            120.87610781863265,
            24.650700595236195
          ],
          [
            120.87602717977012,
            24.650366039136937
          ],
          [
            120.87596997099577,
            24.650134999350524
          ],
          [
            120.87590498756045,
            24.64990401631901
          ],
          [
            120.87579419516746,
            24.64959326214742
          ],
          [
            120.87568546740698,
            24.64932304886733
          ],
          [
            120.87538781234424,
            24.648686624659938
          ],
          [
            120.87538754618613,
            24.648686046596545
          ],
          [
            120.87536644996015,
            24.64864097543015
          ],
          [
            120.87536040696624,
            24.64862807730337
          ],
          [
            120.87533919376362,
            24.64859139378451
          ],
          [
            120.87533781309654,
            24.64858899098059
          ],
          [
            120.87519020860717,
            24.648333741891513
          ],
          [
            120.87519003109175,
            24.648333434765156
          ],
          [
            120.87515038598407,
            24.648264864273266
          ],
          [
            120.87510974484707,
            24.64819458650096
          ],
          [
            120.87510299651983,
            24.64818568753267
          ],
          [
            120.87510296691902,
            24.64818565139289
          ],
          [
            120.87500214658454,
            24.648052745010297
          ],
          [
            120.8749381066897,
            24.647968326698155
          ],
          [
            120.8748850673882,
            24.647898417757037
          ],
          [
            120.87486650919334,
            24.647874331545726
          ],
          [
            120.87448556884738,
            24.64738059939662
          ],
          [
            120.87448548004609,
            24.647380490976946
          ],
          [
            120.87447892897741,
            24.647371998440367
          ],
          [
            120.87447183528634,
            24.647362792175663
          ],
          [
            120.87447172675444,
            24.647362656653115
          ],
          [
            120.87444395377919,
            24.64732666274253
          ],
          [
            120.87442096330618,
            24.647299421723645
          ],
          [
            120.87441917734043,
            24.6472973165226
          ],
          [
            120.87418926324203,
            24.647024951270105
          ],
          [
            120.8737867899067,
            24.64665161632697
          ],
          [
            120.8734667020803,
            24.64638206343324
          ],
          [
            120.8712711766616,
            24.64478968676746
          ],
          [
            120.87126307231492,
            24.644783811109914
          ],
          [
            120.8712513155942,
            24.644775277857875
          ],
          [
            120.87123266869645,
            24.6447617548077
          ],
          [
            120.87121991496905,
            24.644752507424286
          ],
          [
            120.8712189080981,
            24.644751775229256
          ],
          [
            120.87121848363152,
            24.644751467886564
          ],
          [
            120.87119735973148,
            24.644735477848617
          ],
          [
            120.87118027305837,
            24.644722552029226
          ],
          [
            120.87117079691473,
            24.644715384073304
          ],
          [
            120.87019013093494,
            24.643973140848672
          ],
          [
            120.86925954350805,
            24.643285342285456
          ],
          [
            120.86884455969798,
            24.642979464369514
          ],
          [
            120.86882837233625,
            24.64296664741148
          ],
          [
            120.86878213965167,
            24.642930058492354
          ],
          [
            120.86849727234443,
            24.642704559135552
          ],
          [
            120.86838152428226,
            24.642602658146874
          ],
          [
            120.86805289706177,
            24.64232996221209
          ],
          [
            120.86780183664969,
            24.642104256445236
          ],
          [
            120.86728009048825,
            24.641615131082165
          ],
          [
            120.865160356266,
            24.639193318804104
          ],
          [
            120.86516019840869,
            24.639193138086508
          ],
          [
            120.86512913005562,
            24.639157636059583
          ],
          [
            120.86510033090185,
            24.639124745385747
          ],
          [
            120.86509742041339,
            24.639121411146604
          ],
          [
            120.86507864523833,
            24.639099959924817
          ],
          [
            120.8646533332771,
            24.638628897202864
          ],
          [
            120.8641193000523,
            24.638062752044327
          ],
          [
            120.8635035577549,
            24.637480694292858
          ],
          [
            120.863052986271,
            24.637093833762176
          ],
          [
            120.8630528579747,
            24.637093725299685
          ],
          [
            120.86302967616707,
            24.63707381373064
          ],
          [
            120.86300537917366,
            24.637052962146406
          ],
          [
            120.86300521140471,
            24.637052817532712
          ],
          [
            120.8629435314555,
            24.636999852535926
          ],
          [
            120.86279793006452,
            24.63688152368362
          ],
          [
            120.86277176565018,
            24.636861175970502
          ],
          [
            120.86277142023535,
            24.636860886733555
          ],
          [
            120.86275709985502,
            24.636849325823775
          ],
          [
            120.86275009264185,
            24.63684366739685
          ],
          [
            120.8627400649974,
            24.636835956674027
          ],
          [
            120.86273825884072,
            24.636834564589524
          ],
          [
            120.86272193431583,
            24.636822008678497
          ],
          [
            120.86272156913533,
            24.636821728452176
          ],
          [
            120.86269497978425,
            24.636801569942588
          ],
          [
            120.86245082694977,
            24.636610170908508
          ],
          [
            120.86119865972779,
            24.635628528252305
          ],
          [
            120.86119429755992,
            24.635625021049492
          ],
          [
            120.8600536692216,
            24.634706935187985
          ],
          [
            120.85871786947426,
            24.63364231849046
          ],
          [
            120.85805548971085,
            24.633104896959605
          ],
          [
            120.85733267246455,
            24.632518432083327
          ],
          [
            120.85730439980796,
            24.632494749783383
          ],
          [
            120.85722420252205,
            24.63243427094349
          ],
          [
            120.85702193045218,
            24.63225809828144
          ],
          [
            120.85674941981982,
            24.632020570908228
          ],
          [
            120.85664285243521,
            24.631923165896733
          ],
          [
            120.85653869518616,
            24.631817257970525
          ],
          [
            120.85636173857999,
            24.631626256169074
          ],
          [
            120.85603699402093,
            24.631245516803347
          ],
          [
            120.85572462576528,
            24.630858116307056
          ],
          [
            120.85511128125886,
            24.630059786195904
          ],
          [
            120.85452155606353,
            24.629334365965835
          ],
          [
            120.8541118905359,
            24.62887420404178
          ],
          [
            120.85358512224914,
            24.628329110378957
          ],
          [
            120.85303301716685,
            24.627822994563925
          ],
          [
            120.85297337363912,
            24.62776759868352
          ],
          [
            120.85272728706104,
            24.62755135262495
          ],
          [
            120.85199101007402,
            24.626951053548808
          ],
          [
            120.85121956166499,
            24.626389007261324
          ],
          [
            120.85069328408173,
            24.626040497257765
          ],
          [
            120.85041562668579,
            24.625866479933183
          ],
          [
            120.85020373953367,
            24.6257359200869
          ],
          [
            120.8495962679558,
            24.625362460003455
          ],
          [
            120.84877667858756,
            24.62485857983092
          ],
          [
            120.84863026059014,
            24.624768559742584
          ],
          [
            120.84863007306744,
            24.624768442179285
          ],
          [
            120.84798734731916,
            24.62436438659629
          ],
          [
            120.84798705124868,
            24.624364187663165
          ],
          [
            120.8473519373142,
            24.623917502984323
          ],
          [
            120.84703416047014,
            24.623669266967386
          ],
          [
            120.84678997518661,
            24.623463956004834
          ],
          [
            120.84664237752253,
            24.623333820454278
          ],
          [
            120.84664200950141,
            24.623333501361895
          ],
          [
            120.84641192046483,
            24.623119644833373
          ],
          [
            120.84622798847668,
            24.62294500214363
          ],
          [
            120.8460741515655,
            24.62279486714503
          ],
          [
            120.84575764605496,
            24.622448621909857
          ],
          [
            120.84571256753556,
            24.622400677810678
          ],
          [
            120.84563082647229,
            24.622304157161455
          ],
          [
            120.84562106252818,
            24.6222926263715
          ],
          [
            120.84561270893641,
            24.622282758330627
          ],
          [
            120.84536964651069,
            24.621995717342948
          ],
          [
            120.84492832925126,
            24.621459168014635
          ],
          [
            120.84492693871711,
            24.621457469163552
          ],
          [
            120.84491330941538,
            24.621440896262104
          ],
          [
            120.84491188928463,
            24.621439170293918
          ],
          [
            120.84489771757653,
            24.621421937728186
          ],
          [
            120.84489616923733,
            24.62142005813775
          ],
          [
            120.8448452615613,
            24.6213581672701
          ],
          [
            120.84424476199159,
            24.62060886812585
          ],
          [
            120.84424312498292,
            24.62060682591804
          ],
          [
            120.8442147140234,
            24.620571376445675
          ],
          [
            120.84421314604087,
            24.62056942459719
          ],
          [
            120.84418957710469,
            24.620540002355924
          ],
          [
            120.84418800911179,
            24.620538059535964
          ],
          [
            120.84415885858215,
            24.620501679318586
          ],
          [
            120.84380028847394,
            24.62006073721366
          ],
          [
            120.84339742135545,
            24.619598169257124
          ],
          [
            120.84286733416859,
            24.61906627051229
          ],
          [
            120.84228390972663,
            24.618572424629157
          ],
          [
            120.84208186846918,
            24.618419896497336
          ],
          [
            120.8419552229053,
            24.61832429276631
          ],
          [
            120.84155034190091,
            24.618043206022445
          ],
          [
            120.84133606719648,
            24.61790488439464
          ],
          [
            120.84099105591453,
            24.61770536243323
          ],
          [
            120.8409827459671,
            24.617700559346723
          ],
          [
            120.84097388333619,
            24.617695439666832
          ],
          [
            120.84089625152778,
            24.617650538525602
          ],
          [
            120.83991304483628,
            24.61709241733614
          ],
          [
            120.83971886845734,
            24.616980226136587
          ],
          [
            120.8392762167146,
            24.616724454980638
          ],
          [
            120.83861127447474,
            24.616294720688217
          ],
          [
            120.83846147549444,
            24.616182232361275
          ],
          [
            120.83836257005143,
            24.616107945340143
          ],
          [
            120.83835313734072,
            24.616100856610018
          ],
          [
            120.83829845522145,
            24.616059797971957
          ],
          [
            120.83829582077426,
            24.616057817828647
          ],
          [
            120.83823851412345,
            24.616014779036018
          ],
          [
            120.83822911102098,
            24.616007717416377
          ],
          [
            120.83821965858425,
            24.616000619627822
          ],
          [
            120.83820860772303,
            24.615992319286555
          ],
          [
            120.83819592883216,
            24.615982798302742
          ],
          [
            120.83817528740113,
            24.615967300702774
          ],
          [
            120.83813155496463,
            24.615928826994093
          ],
          [
            120.83755661928417,
            24.61542315311038
          ],
          [
            120.83692214413071,
            24.61482985096919
          ],
          [
            120.83621764478153,
            24.614155223153542
          ],
          [
            120.83522263351524,
            24.613181250329276
          ],
          [
            120.83518613856167,
            24.613145528445855
          ],
          [
            120.83518289347785,
            24.6131423467452
          ],
          [
            120.83514523465433,
            24.61310548594505
          ],
          [
            120.83514407076187,
            24.613104347038007
          ],
          [
            120.83511192565085,
            24.613072882478356
          ],
          [
            120.83510094759332,
            24.61306213517573
          ],
          [
            120.83460454993546,
            24.612576218806307
          ],
          [
            120.83458987318058,
            24.61256185587053
          ],
          [
            120.83457776093452,
            24.612549987708302
          ],
          [
            120.8330584200976,
            24.61106272488379
          ],
          [
            120.83305554006489,
            24.611059895666052
          ],
          [
            120.82882486245602,
            24.606918224168734
          ],
          [
            120.82882028625087,
            24.606913740664098
          ],
          [
            120.82788787057505,
            24.60600090081304
          ],
          [
            120.82787765315746,
            24.60599089421261
          ],
          [
            120.82786323435732,
            24.605976783717068
          ],
          [
            120.82785317474273,
            24.605966930785574
          ],
          [
            120.82785000892282,
            24.605963830275503
          ],
          [
            120.8278407087035,
            24.605954727604733
          ],
          [
            120.8278261715655,
            24.605940499595455
          ],
          [
            120.82780713720345,
            24.60592186037003
          ],
          [
            120.8277616914397,
            24.605877368462693
          ],
          [
            120.82776007401078,
            24.605875786566287
          ],
          [
            120.82769639279557,
            24.60581344182788
          ],
          [
            120.8276944499201,
            24.605811534520246
          ],
          [
            120.82764813635005,
            24.605766192874693
          ],
          [
            120.82764235701933,
            24.605760534208112
          ],
          [
            120.82730177187734,
            24.605427088263657
          ],
          [
            120.82728829012939,
            24.605413890699722
          ],
          [
            120.82727480839665,
            24.605400684105764
          ],
          [
            120.82705568855035,
            24.605186160251847
          ],
          [
            120.82510346522645,
            24.603040992265893
          ],
          [
            120.8250809251485,
            24.603015829800704
          ],
          [
            120.8248769112118,
            24.602788093052848
          ],
          [
            120.82471886693547,
            24.602582105850598
          ],
          [
            120.82461876494577,
            24.602451630941246
          ],
          [
            120.82449886090441,
            24.602273234909987
          ],
          [
            120.82426497819473,
            24.601874591791145
          ],
          [
            120.82402528051918,
            24.601454714704364
          ],
          [
            120.82382859631518,
            24.60096749633326
          ],
          [
            120.8237588912134,
            24.600774360166003
          ],
          [
            120.82375753376515,
            24.600770557436675
          ],
          [
            120.8237506674733,
            24.600751579812616
          ],
          [
            120.82374448985192,
            24.600734453905986
          ],
          [
            120.82374060426534,
            24.60072366892589
          ],
          [
            120.82373135746178,
            24.600698070376485
          ],
          [
            120.82373051149956,
            24.600695712859622
          ],
          [
            120.82368449409691,
            24.600568216942456
          ],
          [
            120.82367205035683,
            24.60053372124056
          ],
          [
            120.82366281344346,
            24.60050813172685
          ],
          [
            120.8236612001583,
            24.600503678620623
          ],
          [
            120.82365473729554,
            24.600485757838104
          ],
          [
            120.82365101233287,
            24.600473113103245
          ],
          [
            120.82364068267417,
            24.6004380600871
          ],
          [
            120.82364064337607,
            24.600437915579683
          ],
          [
            120.82361391015229,
            24.600347180565052
          ],
          [
            120.82331193525435,
            24.599322405531147
          ],
          [
            120.82328778732393,
            24.59924044048323
          ],
          [
            120.82327732029961,
            24.59920489971883
          ],
          [
            120.8232753251513,
            24.599198143805875
          ],
          [
            120.8232732121114,
            24.599190954370265
          ],
          [
            120.82311431304318,
            24.598649705586308
          ],
          [
            120.82311418529012,
            24.59864926302312
          ],
          [
            120.82302273211396,
            24.59833377820229
          ],
          [
            120.82302263382135,
            24.59833345304853
          ],
          [
            120.82302202460791,
            24.59833129443985
          ],
          [
            120.82283871670893,
            24.597698933683155
          ],
          [
            120.82283839242538,
            24.59769780469659
          ],
          [
            120.82276294909123,
            24.597437531821967
          ],
          [
            120.82246037310537,
            24.596393603866836
          ],
          [
            120.82245964589696,
            24.596391102020313
          ],
          [
            120.82240011399512,
            24.596185706928267
          ],
          [
            120.82239753934714,
            24.59617681048239
          ],
          [
            120.82239240964894,
            24.596159125959733
          ],
          [
            120.8223911911114,
            24.596154917082174
          ],
          [
            120.82238720134879,
            24.596141161450046
          ],
          [
            120.82238308383907,
            24.596126963253848
          ],
          [
            120.82210876937853,
            24.595213173396367
          ],
          [
            120.82201710930849,
            24.5949078450469
          ],
          [
            120.82157962807591,
            24.592993266553517
          ],
          [
            120.82140958336558,
            24.592105664894433
          ],
          [
            120.82127001476312,
            24.591168476584023
          ],
          [
            120.82110953571332,
            24.589889792156974
          ],
          [
            120.82096955641566,
            24.588869663813806
          ],
          [
            120.82063451308947,
            24.586658830885458
          ],
          [
            120.82049520561885,
            24.585698933978286
          ],
          [
            120.82029441594445,
            24.58406744240957
          ],
          [
            120.82026687104157,
            24.58352557889586
          ],
          [
            120.82026633308165,
            24.58351508672345
          ],
          [
            120.82026475195171,
            24.583474500129675
          ],
          [
            120.8202647234127,
            24.583473741671742
          ],
          [
            120.82026352343492,
            24.583442825437245
          ],
          [
            120.82026349489593,
            24.583442066979288
          ],
          [
            120.82026228527681,
            24.58341098821375
          ],
          [
            120.82026225672497,
            24.583410238784648
          ],
          [
            120.82026162805582,
            24.58339412152657
          ],
          [
            120.820251151805,
            24.58312441709241
          ],
          [
            120.82027206648611,
            24.58261794125557
          ],
          [
            120.82030391416563,
            24.58228930177124
          ],
          [
            120.82131901035456,
            24.575545778226147
          ],
          [
            120.82132244910106,
            24.575522867043592
          ],
          [
            120.82132941608904,
            24.5754765933409
          ],
          [
            120.82133592456536,
            24.575433379879318
          ],
          [
            120.82134043972285,
            24.575403337168552
          ],
          [
            120.82149954294485,
            24.574346335786853
          ],
          [
            120.82165296274282,
            24.573333804458066
          ],
          [
            120.82165301259478,
            24.573333460517187
          ],
          [
            120.8218132167301,
            24.57227610766782
          ],
          [
            120.82220811956351,
            24.56966954173968
          ],
          [
            120.82224412499042,
            24.56943188107711
          ],
          [
            120.82233314629748,
            24.568844341827855
          ],
          [
            120.82233319614446,
            24.56884399878943
          ],
          [
            120.82233760083099,
            24.56881494003741
          ],
          [
            120.82233896604919,
            24.56880595791741
          ],
          [
            120.82233901588339,
            24.568805623907817
          ],
          [
            120.82234486561846,
            24.568766978194923
          ],
          [
            120.82234491543991,
            24.568766653214194
          ],
          [
            120.82259859101379,
            24.567092213115515
          ],
          [
            120.82276352190857,
            24.565807209752485
          ],
          [
            120.82282820220615,
            24.565283222638357
          ],
          [
            120.82286161273689,
            24.56474063532919
          ],
          [
            120.82283452075522,
            24.56419437433358
          ],
          [
            120.82279840469265,
            24.563992969791823
          ],
          [
            120.8227966611359,
            24.56398321655126
          ],
          [
            120.82279372245334,
            24.56396685276517
          ],
          [
            120.82279363428832,
            24.56396636510199
          ],
          [
            120.82278872680389,
            24.563938956680396
          ],
          [
            120.82278294743001,
            24.56390675289793
          ],
          [
            120.82278284944356,
            24.56390622910766
          ],
          [
            120.82277630609106,
            24.5638697176506
          ],
          [
            120.82277230956213,
            24.563847411616713
          ],
          [
            120.82277061493906,
            24.563837965415157
          ],
          [
            120.82276893649353,
            24.563831056347908
          ],
          [
            120.82276836721564,
            24.563828699140682
          ],
          [
            120.82276811204753,
            24.56382762440387
          ],
          [
            120.82263162141795,
            24.563263854017457
          ],
          [
            120.82257706370224,
            24.563091166623142
          ],
          [
            120.82248321545524,
            24.56281282210669
          ],
          [
            120.8224069571466,
            24.562634493115446
          ],
          [
            120.82234997357413,
            24.562488320593935
          ],
          [
            120.8221482723899,
            24.56207746721158
          ],
          [
            120.82204226961206,
            24.561913594274458
          ],
          [
            120.82202886290855,
            24.56189286618743
          ],
          [
            120.82201946540027,
            24.561878345676014
          ],
          [
            120.82182897622283,
            24.561575616923147
          ],
          [
            120.82179269878827,
            24.561517951703024
          ],
          [
            120.82179255103891,
            24.561517716777367
          ],
          [
            120.82175487493039,
            24.561457837817727
          ],
          [
            120.82175421498216,
            24.561456789686826
          ],
          [
            120.82150421992715,
            24.561118010025577
          ],
          [
            120.82122282072274,
            24.56078797779592
          ],
          [
            120.82082917443445,
            24.560349446975064
          ],
          [
            120.82035194712206,
            24.559895502525364
          ],
          [
            120.81996013329626,
            24.559539685203806
          ],
          [
            120.81975409698627,
            24.55938017845528
          ],
          [
            120.81975286436551,
            24.559379219919435
          ],
          [
            120.81971728581952,
            24.55935168441371
          ],
          [
            120.8197160630583,
            24.55935073491826
          ],
          [
            120.81967873913774,
            24.559321842983003
          ],
          [
            120.81967750651813,
            24.559320884446546
          ],
          [
            120.81962534181562,
            24.559280499029615
          ],
          [
            120.81923536693975,
            24.55900124695722
          ],
          [
            120.81893463168646,
            24.558800309305017
          ],
          [
            120.81862187557203,
            24.55861162684156
          ],
          [
            120.81796628751407,
            24.55823367288473
          ],
          [
            120.81796470932619,
            24.558232768090207
          ],
          [
            120.817904511621,
            24.558198060572444
          ],
          [
            120.81790293343401,
            24.558197155777282
          ],
          [
            120.81784094059253,
            24.558161407743533
          ],
          [
            120.81783936240646,
            24.558160502947693
          ],
          [
            120.81776990283728,
            24.558120457140138
          ],
          [
            120.81583039391535,
            24.557019139973082
          ],
          [
            120.81582839160359,
            24.557018008915826
          ],
          [
            120.8157972720709,
            24.55700033747491
          ],
          [
            120.81579526977295,
            24.556999197388365
          ],
          [
            120.81576263125764,
            24.55698066633983
          ],
          [
            120.81576063881883,
            24.556979535293735
          ],
          [
            120.81396694601541,
            24.555960968555475
          ],
          [
            120.81395528748651,
            24.555954345021537
          ],
          [
            120.813944575837,
            24.555948264388633
          ],
          [
            120.81394092638088,
            24.555946192268998
          ],
          [
            120.81391278612217,
            24.555930212518206
          ],
          [
            120.81391090222475,
            24.555929135754965
          ],
          [
            120.81387536442925,
            24.55590895746113
          ],
          [
            120.81383517112543,
            24.55588613697436
          ],
          [
            120.81379135797329,
            24.55586126244796
          ],
          [
            120.8137449606448,
            24.55583491300726
          ],
          [
            120.81374314579831,
            24.555833872442804
          ],
          [
            120.81372577638034,
            24.55582401852186
          ],
          [
            120.81370754886692,
            24.555813666949636
          ],
          [
            120.8136926847672,
            24.55580522462744
          ],
          [
            120.81358492749108,
            24.555744029043044
          ],
          [
            120.81351637134694,
            24.555702348163784
          ],
          [
            120.8134937856068,
            24.555688614370272
          ],
          [
            120.81346904978196,
            24.55567357775305
          ],
          [
            120.8133993594943,
            24.555631209221705
          ],
          [
            120.81115912700965,
            24.554269075299413
          ],
          [
            120.81036448393453,
            24.553793185330978
          ],
          [
            120.81035505545859,
            24.553787422068236
          ],
          [
            120.81022015725743,
            24.553705017188893
          ],
          [
            120.8085783543475,
            24.552702107147365
          ],
          [
            120.808055488339,
            24.552382704485836
          ],
          [
            120.80775747258313,
            24.55220064544385
          ],
          [
            120.80693658749342,
            24.55169917926463
          ],
          [
            120.80611571883485,
            24.551197699606405
          ],
          [
            120.8044739813852,
            24.550194744935073
          ],
          [
            120.80365313235026,
            24.54969326091924
          ],
          [
            120.80329267483442,
            24.549473045913338
          ],
          [
            120.80329264524921,
            24.54947302781696
          ],
          [
            120.80329258607875,
            24.549472991624203
          ],
          [
            120.80283375418574,
            24.549189598394182
          ],
          [
            120.80283306389997,
            24.549189155075794
          ],
          [
            120.80239856530696,
            24.548900122197065
          ],
          [
            120.80235183684081,
            24.54886777363185
          ],
          [
            120.80228031937293,
            24.54881825571039
          ],
          [
            120.80219879366894,
            24.548761808494405
          ],
          [
            120.8021705591011,
            24.548738702632637
          ],
          [
            120.80206956935957,
            24.548656046021478
          ],
          [
            120.80175984631731,
            24.548403579541638
          ],
          [
            120.80171346436708,
            24.54835823865892
          ],
          [
            120.80168462711687,
            24.548333711668565
          ],
          [
            120.80162191426847,
            24.548280388502388
          ],
          [
            120.80150799429254,
            24.54817256903702
          ],
          [
            120.80122210900869,
            24.547890734756287
          ],
          [
            120.8009406200603,
            24.54758857266855
          ],
          [
            120.80066540918426,
            24.547249697844503
          ],
          [
            120.80062130268271,
            24.547195384912097
          ],
          [
            120.80061897840484,
            24.547192050177266
          ],
          [
            120.80056646577398,
            24.547116544330493
          ],
          [
            120.80045848606237,
            24.546961330235742
          ],
          [
            120.80037192721002,
            24.546836887804346
          ],
          [
            120.80020117803527,
            24.54655124027475
          ],
          [
            120.80017470527186,
            24.546506963616892
          ],
          [
            120.80015252487821,
            24.546469861584676
          ],
          [
            120.80012296091586,
            24.54642038920664
          ],
          [
            120.79993333694047,
            24.546074258870657
          ],
          [
            120.79980487904102,
            24.545780811844168
          ],
          [
            120.79978634951654,
            24.54573848687334
          ],
          [
            120.79963359541833,
            24.545348596895284
          ],
          [
            120.79963284824868,
            24.545346699834624
          ],
          [
            120.79956614720379,
            24.545100627984578
          ],
          [
            120.79940461139019,
            24.54450471377479
          ],
          [
            120.79929129207216,
            24.54378065321434
          ],
          [
            120.79928792157558,
            24.543671850529172
          ],
          [
            120.79928672969073,
            24.54363306983327
          ],
          [
            120.79928403517219,
            24.543546090888295
          ],
          [
            120.79928294658092,
            24.54351063296309
          ],
          [
            120.79926210635185,
            24.54283640846691
          ],
          [
            120.79928036771379,
            24.542513315622703
          ],
          [
            120.79930527604735,
            24.54231791828304
          ],
          [
            120.7993327431397,
            24.54210241698263
          ],
          [
            120.79934949522726,
            24.541970978515373
          ],
          [
            120.79942593457214,
            24.541603522772885
          ],
          [
            120.79968327199052,
            24.54070018034097
          ],
          [
            120.80010434031469,
            24.539295426745355
          ],
          [
            120.80026215387906,
            24.53858044746107
          ],
          [
            120.80036569403443,
            24.537824964674563
          ],
          [
            120.80037009656986,
            24.53731303164914
          ],
          [
            120.80032155326359,
            24.53670272178581
          ],
          [
            120.80023765717236,
            24.5361850286994
          ],
          [
            120.80008701760606,
            24.535675309898828
          ],
          [
            120.79988889561517,
            24.53510265965413
          ],
          [
            120.79969632872049,
            24.534625497186294
          ],
          [
            120.79948214922328,
            24.534247027796297
          ],
          [
            120.79946461021638,
            24.534216026297365
          ],
          [
            120.79944556535088,
            24.534182359266357
          ],
          [
            120.7994402799755,
            24.53417305246387
          ],
          [
            120.79911188078606,
            24.533656035516398
          ],
          [
            120.79909794977162,
            24.533634103802196
          ],
          [
            120.79909515303264,
            24.533630136386513
          ],
          [
            120.79907802801884,
            24.53360578969777
          ],
          [
            120.79784016933102,
            24.531846243324917
          ],
          [
            120.7976630933027,
            24.531589205653187
          ],
          [
            120.7976516512822,
            24.531572595168473
          ],
          [
            120.7976392048687,
            24.53155453870988
          ],
          [
            120.79763225302625,
            24.531544435062383
          ],
          [
            120.7955740086695,
            24.5285567740203
          ],
          [
            120.79544716491243,
            24.528374534055953
          ],
          [
            120.79541576421254,
            24.52832941011358
          ],
          [
            120.79538302438979,
            24.528282370218662
          ],
          [
            120.7935174559597,
            24.525601861499705
          ],
          [
            120.79304917779577,
            24.524945910214967
          ],
          [
            120.79303657413092,
            24.524928250424235
          ],
          [
            120.79300595115483,
            24.52488535717785
          ],
          [
            120.79244996601894,
            24.52407029344831
          ],
          [
            120.79224551402432,
            24.523789889913377
          ],
          [
            120.79192712532249,
            24.523333796022875
          ],
          [
            120.79170337081082,
            24.523013278528452
          ],
          [
            120.7911857702773,
            24.522337127780787
          ],
          [
            120.79076537217006,
            24.52180549149103
          ],
          [
            120.79023818802983,
            24.52111802896989
          ],
          [
            120.78971715755546,
            24.52035965097995
          ],
          [
            120.78963408982376,
            24.520247964827988
          ],
          [
            120.7896340701162,
            24.52024794674267
          ],
          [
            120.78937148015463,
            24.51986293036061
          ],
          [
            120.78937124387546,
            24.519862586931826
          ],
          [
            120.7893628079478,
            24.5198496005972
          ],
          [
            120.78936266030723,
            24.51984936563916
          ],
          [
            120.78936238474869,
            24.519848904779558
          ],
          [
            120.78889460825795,
            24.519054175531934
          ],
          [
            120.7888942540396,
            24.519053543011886
          ],
          [
            120.78889385074919,
            24.51905274790259
          ],
          [
            120.78850001223897,
            24.518225156197
          ],
          [
            120.7884998548995,
            24.518224821906355
          ],
          [
            120.78849962878168,
            24.518224306940855
          ],
          [
            120.78844170688419,
            24.51808438579708
          ],
          [
            120.7884414513877,
            24.518083735356456
          ],
          [
            120.78844142194805,
            24.518083635997037
          ],
          [
            120.7882552313255,
            24.517570306313768
          ],
          [
            120.78825498586606,
            24.517569556568723
          ],
          [
            120.78818150981137,
            24.517365941522804
          ],
          [
            120.78807697042672,
            24.517007689585267
          ],
          [
            120.78796804074292,
            24.51659026485223
          ],
          [
            120.78788369303604,
            24.51620297700882
          ],
          [
            120.78768978407842,
            24.515006254347405
          ],
          [
            120.78723064752883,
            24.512062899636124
          ],
          [
            120.78683351536259,
            24.509720478441455
          ],
          [
            120.78653074876685,
            24.50790691440259
          ],
          [
            120.7863697779906,
            24.50699962185118
          ],
          [
            120.78609487001704,
            24.50531482133364
          ],
          [
            120.78609306329386,
            24.50530371318104
          ],
          [
            120.78609149091949,
            24.505294068048276
          ],
          [
            120.78609082674876,
            24.505290031172297
          ],
          [
            120.78609013337237,
            24.505285759502573
          ],
          [
            120.78608878557087,
            24.505277523202153
          ],
          [
            120.78608753543762,
            24.505269882949978
          ],
          [
            120.78608661745852,
            24.505264220505644
          ],
          [
            120.78608240816995,
            24.505238409838782
          ],
          [
            120.78602394674019,
            24.50488014001413
          ],
          [
            120.7857047999427,
            24.50301598800568
          ],
          [
            120.7855948063628,
            24.502393764961727
          ],
          [
            120.78553082984517,
            24.50178647783157
          ],
          [
            120.78550433908967,
            24.50128443105828
          ],
          [
            120.78550710256512,
            24.5008420800308
          ],
          [
            120.78553042791191,
            24.500441363553325
          ],
          [
            120.78557241997768,
            24.50001856167854
          ],
          [
            120.78560081575498,
            24.4998162362939
          ],
          [
            120.78570995245626,
            24.499132277167984
          ],
          [
            120.78578921283369,
            24.49865642881413
          ],
          [
            120.78583394513682,
            24.49838003499546
          ],
          [
            120.78584160187943,
            24.498333528728722
          ],
          [
            120.7860287428785,
            24.49719611973421
          ],
          [
            120.78631032384445,
            24.495482562314425
          ],
          [
            120.78641055797766,
            24.494883199939405
          ],
          [
            120.78646995192183,
            24.494453542029287
          ],
          [
            120.78650590833435,
            24.494125282169698
          ],
          [
            120.78654000953027,
            24.49360416126751
          ],
          [
            120.78653977884996,
            24.49322057496622
          ],
          [
            120.78654015502651,
            24.493184766675306
          ],
          [
            120.7865405357464,
            24.49313457527039
          ],
          [
            120.78653832420312,
            24.493082791105635
          ],
          [
            120.78651365071835,
            24.49260744510074
          ],
          [
            120.78651124462525,
            24.492577402374696
          ],
          [
            120.78650407504558,
            24.492487653480474
          ],
          [
            120.78642769340291,
            24.491531577986592
          ],
          [
            120.78626437437666,
            24.489620558279583
          ],
          [
            120.78622971975689,
            24.48913813725164
          ],
          [
            120.78579862375196,
            24.48384285438193
          ],
          [
            120.78572064383154,
            24.482915992955828
          ],
          [
            120.78562625109579,
            24.481748666757678
          ],
          [
            120.78558746010206,
            24.481287809434857
          ],
          [
            120.78546486999798,
            24.47977918403638
          ],
          [
            120.78545355883107,
            24.479654161920593
          ],
          [
            120.78543649730024,
            24.479411998837755
          ],
          [
            120.78534032302427,
            24.47830333063124
          ],
          [
            120.7851350656984,
            24.477166715958575
          ],
          [
            120.78511522528954,
            24.47705685031862
          ],
          [
            120.7851150786107,
            24.47705608264754
          ],
          [
            120.78509812151476,
            24.476962139179548
          ],
          [
            120.7850840573698,
            24.47688424430435
          ],
          [
            120.7850799524437,
            24.47686153060437
          ],
          [
            120.78505788373994,
            24.47673933723833
          ],
          [
            120.78505210755169,
            24.476707366464684
          ],
          [
            120.78500471581425,
            24.476444899084417
          ],
          [
            120.78500389477314,
            24.476440392459583
          ],
          [
            120.78497942201092,
            24.476304841806858
          ],
          [
            120.78497835671418,
            24.476298935343657
          ],
          [
            120.78497650953311,
            24.47628870289055
          ],
          [
            120.78496883735382,
            24.476246219691262
          ],
          [
            120.78495966003774,
            24.476195418666663
          ],
          [
            120.78494354367416,
            24.476106135317703
          ],
          [
            120.78493623308364,
            24.476065684149102
          ],
          [
            120.78493372132299,
            24.476051766928876
          ],
          [
            120.78491605100777,
            24.475953885782655
          ],
          [
            120.78490795858532,
            24.475909090563675
          ],
          [
            120.78489845882893,
            24.475856483280015
          ],
          [
            120.78489345485566,
            24.475828766242024
          ],
          [
            120.78489024912383,
            24.475811046835606
          ],
          [
            120.78488722930018,
            24.47579423059094
          ],
          [
            120.78487943014218,
            24.475751033915117
          ],
          [
            120.78446162489773,
            24.47343740521084
          ],
          [
            120.78446024691439,
            24.47342976473291
          ],
          [
            120.78443827715594,
            24.473308086020214
          ],
          [
            120.78443808165157,
            24.473307029351293
          ],
          [
            120.78391662455583,
            24.470419007625708
          ],
          [
            120.7835506974645,
            24.468501017783872
          ],
          [
            120.78354901657283,
            24.46849174261405
          ],
          [
            120.7835455065868,
            24.4684733274968
          ],
          [
            120.7835422312265,
            24.468456158714694
          ],
          [
            120.78354037349536,
            24.46844645892941
          ],
          [
            120.78350493134013,
            24.468260609809768
          ],
          [
            120.78350221328036,
            24.468246367214295
          ],
          [
            120.78349960274561,
            24.468232702627528
          ],
          [
            120.7834953496901,
            24.468210403982578
          ],
          [
            120.78311102417301,
            24.46613895673036
          ],
          [
            120.78311025181294,
            24.466134901608825
          ],
          [
            120.78310712398194,
            24.466118058067725
          ],
          [
            120.78310641025298,
            24.466114328073687
          ],
          [
            120.78310165855508,
            24.46608950961043
          ],
          [
            120.78310101326005,
            24.466086140873852
          ],
          [
            120.78306136671308,
            24.4658792119198
          ],
          [
            120.78305851179267,
            24.46586430097128
          ],
          [
            120.78305554929064,
            24.465848848129266
          ],
          [
            120.78277995305223,
            24.464410487328394
          ],
          [
            120.78263175936226,
            24.463823922981625
          ],
          [
            120.78250312589289,
            24.463370771804957
          ],
          [
            120.78229790745527,
            24.46275626155249
          ],
          [
            120.78210139965131,
            24.462228640451904
          ],
          [
            120.78191793919056,
            24.46180115130447
          ],
          [
            120.78191201477762,
            24.461787355493684
          ],
          [
            120.78185444332787,
            24.46166335860065
          ],
          [
            120.78181921945468,
            24.461588060183566
          ],
          [
            120.78169409829097,
            24.46132063956559
          ],
          [
            120.78150606883673,
            24.460947235952663
          ],
          [
            120.780997515196,
            24.459979396060778
          ],
          [
            120.78096655294253,
            24.459921592759542
          ],
          [
            120.78093391922029,
            24.459860662999294
          ],
          [
            120.7809019344991,
            24.45980092599886
          ],
          [
            120.78087146396011,
            24.459744035317836
          ],
          [
            120.7808351628448,
            24.45967626527441
          ],
          [
            120.78081358080837,
            24.45963597372056
          ],
          [
            120.78080147716479,
            24.45961338369751
          ],
          [
            120.780762432825,
            24.45954053536614
          ],
          [
            120.78075379018499,
            24.45952440608581
          ],
          [
            120.78075187287622,
            24.459520827825298
          ],
          [
            120.78074442981297,
            24.45950692141558
          ],
          [
            120.78044825119864,
            24.458954170202812
          ],
          [
            120.78043710142938,
            24.45893335121664
          ],
          [
            120.78042600081183,
            24.45891263161987
          ],
          [
            120.78041704362501,
            24.458895914978218
          ],
          [
            120.7803339119843,
            24.45874077547521
          ],
          [
            120.78018035255319,
            24.458454170753576
          ],
          [
            120.78007437183766,
            24.458256218519107
          ],
          [
            120.7797241432404,
            24.457602063852267
          ],
          [
            120.77969672166495,
            24.457550874659823
          ],
          [
            120.77967249558763,
            24.457505613137606
          ],
          [
            120.77965501427416,
            24.45747295688491
          ],
          [
            120.7796357533316,
            24.457437002454228
          ],
          [
            120.77942742358469,
            24.457047883181524
          ],
          [
            120.77921587913556,
            24.45664198304655
          ],
          [
            120.77874627451779,
            24.455740934416685
          ],
          [
            120.77852071090676,
            24.45524879488622
          ],
          [
            120.77837737687524,
            24.454901158196666
          ],
          [
            120.7783714737932,
            24.45488684761714
          ],
          [
            120.77836660206015,
            24.454875021522568
          ],
          [
            120.77816676277978,
            24.454390359021605
          ],
          [
            120.77788888036142,
            24.453558705666712
          ],
          [
            120.77743423741596,
            24.452142398870862
          ],
          [
            120.77699241045758,
            24.4507747034723
          ],
          [
            120.77651117900746,
            24.449267224584297
          ],
          [
            120.77651016869373,
            24.449264044883133
          ],
          [
            120.7764989176536,
            24.449228788067426
          ],
          [
            120.77648741152792,
            24.4491927634087
          ],
          [
            120.77648728403777,
            24.449192347886253
          ],
          [
            120.77646932353898,
            24.449136097754554
          ],
          [
            120.77645180448228,
            24.449081220681002
          ],
          [
            120.77644812612586,
            24.44906966715197
          ],
          [
            120.77642371129606,
            24.44899319154077
          ],
          [
            120.77621671103515,
            24.448333714133877
          ],
          [
            120.77621659336214,
            24.448333325712706
          ],
          [
            120.7762162598463,
            24.448332286884046
          ],
          [
            120.77608145826497,
            24.447902821536687
          ],
          [
            120.77577179164946,
            24.446933568849744
          ],
          [
            120.77565541530481,
            24.44652751549515
          ],
          [
            120.77564987683829,
            24.446508203270678
          ],
          [
            120.7756428581759,
            24.44648373328936
          ],
          [
            120.77563207538589,
            24.4464461024658
          ],
          [
            120.77547526404634,
            24.44582139677954
          ],
          [
            120.77529411187183,
            24.444596117553626
          ],
          [
            120.77492194482959,
            24.441712439772584
          ],
          [
            120.77446701024401,
            24.438167902618435
          ],
          [
            120.7744647436824,
            24.4381502565487
          ],
          [
            120.77446178644588,
            24.438127237186652
          ],
          [
            120.77445821640663,
            24.43809942250513
          ],
          [
            120.77445620288125,
            24.438083681934035
          ],
          [
            120.77445227284993,
            24.43805310383763
          ],
          [
            120.77445172808768,
            24.438048868418456
          ],
          [
            120.77444930594814,
            24.438029976112517
          ],
          [
            120.77444739941767,
            24.438015075398887
          ],
          [
            120.77444105698717,
            24.437965677242392
          ],
          [
            120.77443958808274,
            24.43795425335101
          ],
          [
            120.7740560376265,
            24.43496575437364
          ],
          [
            120.77395311933525,
            24.434150424896348
          ],
          [
            120.7736875413887,
            24.43217223045694
          ],
          [
            120.77356291939766,
            24.43102664960966
          ],
          [
            120.77345308619704,
            24.42983478078812
          ],
          [
            120.77343563194692,
            24.429326213028002
          ],
          [
            120.77343739512766,
            24.42889120637242
          ],
          [
            120.77347717756095,
            24.42834438700588
          ],
          [
            120.77358197220249,
            24.427667908763482
          ],
          [
            120.77367140479666,
            24.427166371861542
          ],
          [
            120.7736915863117,
            24.42705318709477
          ],
          [
            120.77369450498412,
            24.427036803778357
          ],
          [
            120.77369793165286,
            24.427017586107507
          ],
          [
            120.77370409761403,
            24.4269830322185
          ],
          [
            120.77370991500284,
            24.426950391961245
          ],
          [
            120.7737161706615,
            24.42691530549304
          ],
          [
            120.77374915229392,
            24.426730304924543
          ],
          [
            120.77380084084136,
            24.42644041502283
          ],
          [
            120.773808570747,
            24.426397033076583
          ],
          [
            120.77381391987306,
            24.42636703761732
          ],
          [
            120.773817294863,
            24.426349129073433
          ],
          [
            120.77382982926518,
            24.426282531650394
          ],
          [
            120.77405325538697,
            24.425095737932793
          ],
          [
            120.77415867044009,
            24.424488440312484
          ],
          [
            120.77417353353646,
            24.424365441974405
          ],
          [
            120.77418077985021,
            24.424305509064126
          ],
          [
            120.77418492350023,
            24.424271213965916
          ],
          [
            120.77418921738217,
            24.424235618911386
          ],
          [
            120.77420370004629,
            24.42411578918751
          ],
          [
            120.77422469863204,
            24.42394189432411
          ],
          [
            120.77423843591286,
            24.42345951181851
          ],
          [
            120.77423666764186,
            24.423333788966204
          ],
          [
            120.77423665842323,
            24.42333342779123
          ],
          [
            120.77423664056438,
            24.423332380397113
          ],
          [
            120.77420907490405,
            24.42137258803225
          ],
          [
            120.77420831290569,
            24.4213186835715
          ],
          [
            120.77420753329028,
            24.421263596280834
          ],
          [
            120.77418318851228,
            24.419533407511672
          ],
          [
            120.77416422523945,
            24.418442139044057
          ],
          [
            120.77415176078186,
            24.417284218733275
          ],
          [
            120.77415176118355,
            24.417283993007935
          ],
          [
            120.77414780917668,
            24.41691705605562
          ],
          [
            120.77414757231273,
            24.41689500679202
          ],
          [
            120.77414027026175,
            24.416216310185153
          ],
          [
            120.77413122887525,
            24.415988620454826
          ],
          [
            120.77412189314892,
            24.41575457383459
          ],
          [
            120.77409076701026,
            24.41541432221487
          ],
          [
            120.77408778828206,
            24.415381533327082
          ],
          [
            120.77408589517013,
            24.415364835807754
          ],
          [
            120.77407483275461,
            24.415269951178985
          ],
          [
            120.77405985630095,
            24.415158095140814
          ],
          [
            120.77405388154546,
            24.415113329272824
          ],
          [
            120.77404690915066,
            24.415069528022553
          ],
          [
            120.7740399484536,
            24.415024697478646
          ],
          [
            120.77403534033988,
            24.41499879531365
          ],
          [
            120.77402497235742,
            24.41493482714684
          ],
          [
            120.77402076281231,
            24.41491213991437
          ],
          [
            120.77401698451538,
            24.41489092505903
          ],
          [
            120.77400902608372,
            24.414847122333903
          ],
          [
            120.77400006364385,
            24.414802324914856
          ],
          [
            120.77399106033688,
            24.414758331018596
          ],
          [
            120.77398205883674,
            24.414713325871798
          ],
          [
            120.77397311428761,
            24.41466956681681
          ],
          [
            120.77394319493969,
            24.41453793290708
          ],
          [
            120.77392024693543,
            24.414445143304427
          ],
          [
            120.77391302127575,
            24.414416248612447
          ],
          [
            120.7738943351124,
            24.41434446691816
          ],
          [
            120.77388897596063,
            24.414325046476208
          ],
          [
            120.77388730172156,
            24.414318353456352
          ],
          [
            120.77387540866492,
            24.41427473445433
          ],
          [
            120.7738707137318,
            24.414258854387736
          ],
          [
            120.77386506803559,
            24.414239767591255
          ],
          [
            120.77386241181232,
            24.414230788756868
          ],
          [
            120.77385041905656,
            24.41418779260736
          ],
          [
            120.77383750071961,
            24.41414406372164
          ],
          [
            120.77382353567653,
            24.414101172971602
          ],
          [
            120.77381341075235,
            24.414066910691826
          ],
          [
            120.7737935957626,
            24.414003370810317
          ],
          [
            120.77378767167667,
            24.413985583776377
          ],
          [
            120.77376265912248,
            24.413911580494
          ],
          [
            120.77375369451698,
            24.41388467861213
          ],
          [
            120.77373095390408,
            24.41381950912148
          ],
          [
            120.77371280016165,
            24.413769984782846
          ],
          [
            120.77369484607443,
            24.413719097355024
          ],
          [
            120.7736888983985,
            24.413703495309456
          ],
          [
            120.77367694556216,
            24.413671352111308
          ],
          [
            120.7736697600214,
            24.413653192995607
          ],
          [
            120.77365200551941,
            24.41360652242285
          ],
          [
            120.77360310375447,
            24.413486769354108
          ],
          [
            120.77356720835304,
            24.413400045898836
          ],
          [
            120.77355933188342,
            24.413382292050873
          ],
          [
            120.7735533702878,
            24.413368983355245
          ],
          [
            120.77354928462238,
            24.413359839853673
          ],
          [
            120.77353829641156,
            24.413334217054565
          ],
          [
            120.773519291235,
            24.41329222163762
          ],
          [
            120.77350140974755,
            24.413250462654407
          ],
          [
            120.7734814953364,
            24.413209639647498
          ],
          [
            120.77346248033652,
            24.41316764420825
          ],
          [
            120.77342257301612,
            24.413085817482525
          ],
          [
            120.77340257200687,
            24.41304382055958
          ],
          [
            120.77338269697239,
            24.413003069830218
          ],
          [
            120.77336182604361,
            24.412962317607224
          ],
          [
            120.77334091402574,
            24.412922495311026
          ],
          [
            120.77331887034165,
            24.412881398222396
          ],
          [
            120.77329791098315,
            24.412840492364037
          ],
          [
            120.77327599325515,
            24.412800659523423
          ],
          [
            120.77325409705196,
            24.412759824488052
          ],
          [
            120.77323114414986,
            24.41271990882888
          ],
          [
            120.77320914788636,
            24.41267990430874
          ],
          [
            120.77318437642958,
            24.412636852840233
          ],
          [
            120.77313485829033,
            24.412553467669543
          ],
          [
            120.77311638792375,
            24.41252133271503
          ],
          [
            120.77309257505546,
            24.412482643695114
          ],
          [
            120.77306757143077,
            24.412442643675256
          ],
          [
            120.77304363079394,
            24.41240373775887
          ],
          [
            120.77299366924257,
            24.412325796388547
          ],
          [
            120.77298370910977,
            24.412309863251267
          ],
          [
            120.7729688704068,
            24.412287105870202
          ],
          [
            120.77292697736755,
            24.41222425507804
          ],
          [
            120.77288579045776,
            24.412163563274547
          ],
          [
            120.77286516506959,
            24.41213454007538
          ],
          [
            120.77283916211366,
            24.412096533935998
          ],
          [
            120.77281216325726,
            24.412058535326622
          ],
          [
            120.77278616031646,
            24.412020538207013
          ],
          [
            120.7727593680591,
            24.411982819798443
          ],
          [
            120.7727454100317,
            24.411963883002016
          ],
          [
            120.77271437751091,
            24.41192083108495
          ],
          [
            120.77268119019588,
            24.41187520264873
          ],
          [
            120.77267744281755,
            24.41186993308992
          ],
          [
            120.77267518029835,
            24.411866932050394
          ],
          [
            120.772658439102,
            24.411843918968334
          ],
          [
            120.7725937146159,
            24.41175629421752
          ],
          [
            120.7725842894573,
            24.41174451521678
          ],
          [
            120.7725665531728,
            24.411721067235554
          ],
          [
            120.7725385487201,
            24.411683067065812
          ],
          [
            120.77242673053635,
            24.41153531028456
          ],
          [
            120.77239772847398,
            24.411498310812583
          ],
          [
            120.7723696239791,
            24.411461168219788
          ],
          [
            120.77233870616197,
            24.411420274338187
          ],
          [
            120.77232473663338,
            24.411402321650765
          ],
          [
            120.77231167272166,
            24.41138522808312
          ],
          [
            120.77225767652786,
            24.411314232760258
          ],
          [
            120.77214082941134,
            24.41116142999322
          ],
          [
            120.77214028829282,
            24.41116076102959
          ],
          [
            120.77211573511144,
            24.41112830980736
          ],
          [
            120.77208670371607,
            24.411091274114575
          ],
          [
            120.77208060489188,
            24.411083147823042
          ],
          [
            120.77205863874575,
            24.41105418569687
          ],
          [
            120.77202508474132,
            24.411009847715526
          ],
          [
            120.77200058946677,
            24.41097812791409
          ],
          [
            120.77199435329028,
            24.41096962219233
          ],
          [
            120.77197373329348,
            24.41094330759077
          ],
          [
            120.77183354660393,
            24.41075807321922
          ],
          [
            120.77180544423857,
            24.4107199282993
          ],
          [
            120.77177852288439,
            24.410683031162414
          ],
          [
            120.77175044824979,
            24.410645933643043
          ],
          [
            120.77172344018166,
            24.41060792579301
          ],
          [
            120.77169550329879,
            24.410571009051836
          ],
          [
            120.77166615298343,
            24.410530514672253
          ],
          [
            120.7716572927329,
            24.41051723764352
          ],
          [
            120.77164998504782,
            24.410506942540536
          ],
          [
            120.7715971279446,
            24.410433492796138
          ],
          [
            120.7715890446059,
            24.41042136362399
          ],
          [
            120.77153604425155,
            24.410345367451203
          ],
          [
            120.77153399884206,
            24.41034229448959
          ],
          [
            120.77150799664905,
            24.41030428811822
          ],
          [
            120.77148189791684,
            24.410265143936957
          ],
          [
            120.77146845571511,
            24.410244699948844
          ],
          [
            120.77143978007537,
            24.4102019673398
          ],
          [
            120.77143506072946,
            24.410194420963116
          ],
          [
            120.77142848983584,
            24.410185661899092
          ],
          [
            120.77142624979507,
            24.410181162053107
          ],
          [
            120.77142480424027,
            24.410178992900047
          ],
          [
            120.77140570001627,
            24.41014884316419
          ],
          [
            120.77138063660765,
            24.410109736644383
          ],
          [
            120.77135663792501,
            24.410070740076755
          ],
          [
            120.77133163352929,
            24.410031732957215
          ],
          [
            120.77130747756799,
            24.40999248333076
          ],
          [
            120.77128338240959,
            24.40995233088771
          ],
          [
            120.77126038954565,
            24.409913326794726
          ],
          [
            120.77123633374401,
            24.409873237606703
          ],
          [
            120.77119014518875,
            24.409792917660315
          ],
          [
            120.77114600750153,
            24.409712664002605
          ],
          [
            120.77112400435712,
            24.409671656936123
          ],
          [
            120.77110200926379,
            24.40963166113155
          ],
          [
            120.7710798685442,
            24.409590410066194
          ],
          [
            120.7710376969365,
            24.409508073638722
          ],
          [
            120.77101769548098,
            24.409467069583105
          ],
          [
            120.77099669814297,
            24.4094260730475
          ],
          [
            120.77095648898215,
            24.40934364927396
          ],
          [
            120.77093749512484,
            24.40930164450737
          ],
          [
            120.77091749371743,
            24.409260649466912
          ],
          [
            120.77089829358742,
            24.409218220017863
          ],
          [
            120.77088029564489,
            24.409176216750566
          ],
          [
            120.77086130182114,
            24.409134221002876
          ],
          [
            120.77082514886887,
            24.409049862086047
          ],
          [
            120.77080814684973,
            24.40900786031696
          ],
          [
            120.77079014895001,
            24.40896586606725
          ],
          [
            120.7707730389483,
            24.40892361131714
          ],
          [
            120.77075597007767,
            24.408880426635484
          ],
          [
            120.77073990514332,
            24.408838245695957
          ],
          [
            120.77069180403703,
            24.408708994294177
          ],
          [
            120.77064668101296,
            24.40857962097997
          ],
          [
            120.77063267840143,
            24.408536621508546
          ],
          [
            120.77061767992757,
            24.408493620526947
          ],
          [
            120.77060353021646,
            24.40845018743537
          ],
          [
            120.77059047637374,
            24.40840598853374
          ],
          [
            120.77057753834869,
            24.408363180279398
          ],
          [
            120.77056346891689,
            24.40831898886523
          ],
          [
            120.7705514190201,
            24.408275793705066
          ],
          [
            120.77053970782174,
            24.40823614747233
          ],
          [
            120.77051935951309,
            24.408163577273445
          ],
          [
            120.77049329751118,
            24.408066340084158
          ],
          [
            120.7704681958933,
            24.407966937373963
          ],
          [
            120.77044514409778,
            24.407862698197054
          ],
          [
            120.7704231067655,
            24.407764555160345
          ],
          [
            120.77041505311338,
            24.407725257565147
          ],
          [
            120.77039499090853,
            24.407619966512215
          ],
          [
            120.77038577950819,
            24.40756659990353
          ],
          [
            120.77037894699234,
            24.407522699343147
          ],
          [
            120.7703709529236,
            24.4074777315931
          ],
          [
            120.77036392375562,
            24.407433532774807
          ],
          [
            120.77035688659402,
            24.407388304632413
          ],
          [
            120.77035088433176,
            24.40734330378523
          ],
          [
            120.77034388616234,
            24.407298328514226
          ],
          [
            120.77033783351436,
            24.407253932535824
          ],
          [
            120.77033282717537,
            24.407208906110622
          ],
          [
            120.77032683478959,
            24.407163905276505
          ],
          [
            120.77031678332634,
            24.407073500232293
          ],
          [
            120.77030075189873,
            24.406893093593432
          ],
          [
            120.77029171859976,
            24.40675768028377
          ],
          [
            120.77028407293983,
            24.406585575023673
          ],
          [
            120.77028333033765,
            24.40656003974808
          ],
          [
            120.77028169961233,
            24.4064858546116
          ],
          [
            120.77028169226985,
            24.406440862851394
          ],
          [
            120.77028081714703,
            24.40640137749411
          ],
          [
            120.77028069226371,
            24.406388655375093
          ],
          [
            120.77028169474009,
            24.406281445971292
          ],
          [
            120.7702827002476,
            24.406205260382585
          ],
          [
            120.77028570721926,
            24.40610188233385
          ],
          [
            120.77029099991728,
            24.40600493643407
          ],
          [
            120.77029171962718,
            24.405988622034073
          ],
          [
            120.7703007497822,
            24.405853218052076
          ],
          [
            120.77030818785511,
            24.405769421698704
          ],
          [
            120.77031678750025,
            24.40567576738379
          ],
          [
            120.77032882342785,
            24.40556842121078
          ],
          [
            120.7703418522394,
            24.405468155316044
          ],
          [
            120.77035588489153,
            24.40536891122377
          ],
          [
            120.77037292130615,
            24.40526068777897
          ],
          [
            120.77038905954355,
            24.40516386665898
          ],
          [
            120.77039108558266,
            24.40515577970212
          ],
          [
            120.77039395464068,
            24.405139513704004
          ],
          [
            120.77040099211787,
            24.405097259390498
          ],
          [
            120.77041701756046,
            24.4050191733737
          ],
          [
            120.77042004598556,
            24.405002013740372
          ],
          [
            120.77044112939983,
            24.404907628923027
          ],
          [
            120.77046316982013,
            24.40480743987244
          ],
          [
            120.77048926392656,
            24.404701063032277
          ],
          [
            120.77051829312435,
            24.40459094357767
          ],
          [
            120.77052534271941,
            24.404563767788353
          ],
          [
            120.77055442677683,
            24.404461449507746
          ],
          [
            120.7705845146425,
            24.40436015302344
          ],
          [
            120.77061561079243,
            24.404262857928572
          ],
          [
            120.77064669960475,
            24.4041695988007
          ],
          [
            120.77065972235832,
            24.404132518151368
          ],
          [
            120.7706937896079,
            24.404033331435645
          ],
          [
            120.77073294401917,
            24.403928924591654
          ],
          [
            120.77076701724889,
            24.403842748728987
          ],
          [
            120.77080410052224,
            24.403749525723526
          ],
          [
            120.77082122076435,
            24.403709245945766
          ],
          [
            120.77083117114475,
            24.403686354299076
          ],
          [
            120.77085621674674,
            24.403625256486954
          ],
          [
            120.7708953499205,
            24.40353794155774
          ],
          [
            120.7709331946473,
            24.40345429949247
          ],
          [
            120.77093518545823,
            24.403449309437843
          ],
          [
            120.77094943053439,
            24.403417765417245
          ],
          [
            120.77096756260462,
            24.403379500629768
          ],
          [
            120.77098859223906,
            24.40333642773676
          ],
          [
            120.77104964432465,
            24.403210330011138
          ],
          [
            120.77111570421812,
            24.40307921064457
          ],
          [
            120.77116872368032,
            24.402973172309448
          ],
          [
            120.7712287651555,
            24.40285508174666
          ],
          [
            120.77128682557598,
            24.402741990261248
          ],
          [
            120.77129777792061,
            24.402721077455986
          ],
          [
            120.77130577339257,
            24.402705062960614
          ],
          [
            120.7713368392461,
            24.40264596054173
          ],
          [
            120.77143473266041,
            24.402456128003756
          ],
          [
            120.77144987243594,
            24.402425858377523
          ],
          [
            120.77145992242912,
            24.402407761262346
          ],
          [
            120.77149477987734,
            24.402340050812278
          ],
          [
            120.77155435390023,
            24.402223873561155
          ],
          [
            120.77155634463462,
            24.402218901555273
          ],
          [
            120.77161374332208,
            24.40210611592127
          ],
          [
            120.77167271525035,
            24.401990181495197
          ],
          [
            120.77172566454209,
            24.401884269245443
          ],
          [
            120.7717806242475,
            24.401773348879416
          ],
          [
            120.77182664042375,
            24.401679317407503
          ],
          [
            120.77184559956653,
            24.401641396853336
          ],
          [
            120.77186652151819,
            24.40159756522224
          ],
          [
            120.77192748642325,
            24.40146964310332
          ],
          [
            120.77198239896524,
            24.401351842444708
          ],
          [
            120.77200932448346,
            24.401291993257193
          ],
          [
            120.77206671174905,
            24.401163135696716
          ],
          [
            120.77207066801255,
            24.401156207336303
          ],
          [
            120.7720972703018,
            24.40109512066402
          ],
          [
            120.77214324460687,
            24.40099118414741
          ],
          [
            120.77220120625523,
            24.4008552666716
          ],
          [
            120.77222015614583,
            24.40081137784503
          ],
          [
            120.77224809159179,
            24.400743530384627
          ],
          [
            120.77229905092248,
            24.40061962903829
          ],
          [
            120.77234999750604,
            24.400491781955335
          ],
          [
            120.77239694645071,
            24.400371910530897
          ],
          [
            120.77244689258694,
            24.400241037172446
          ],
          [
            120.77249184976571,
            24.400121144662805
          ],
          [
            120.77253759361435,
            24.399996865197117
          ],
          [
            120.77253950851976,
            24.399990150454514
          ],
          [
            120.77254171904697,
            24.399983526446412
          ],
          [
            120.77256277462587,
            24.399925347735206
          ],
          [
            120.77260071787795,
            24.399818491641952
          ],
          [
            120.7726416699053,
            24.399699667523667
          ],
          [
            120.77269354299186,
            24.399544030256404
          ],
          [
            120.77269953388868,
            24.399524030855485
          ],
          [
            120.77271658365179,
            24.399472888771722
          ],
          [
            120.77275554121773,
            24.399350025633954
          ],
          [
            120.77279249638475,
            24.39923315477446
          ],
          [
            120.77283045344087,
            24.39910732858061
          ],
          [
            120.77286441755484,
            24.398992421547472
          ],
          [
            120.77289836531017,
            24.398875600319638
          ],
          [
            120.77296630560583,
            24.39862782742443
          ],
          [
            120.77299526169398,
            24.39851799620645
          ],
          [
            120.77302623085536,
            24.39839611420368
          ],
          [
            120.77304181154535,
            24.398333791896967
          ],
          [
            120.77305218875024,
            24.398292273773283
          ],
          [
            120.77305618254248,
            24.39827529609672
          ],
          [
            120.77307718690932,
            24.398190300914187
          ],
          [
            120.77310415031005,
            24.398075455554252
          ],
          [
            120.77313211210482,
            24.39795360513249
          ],
          [
            120.77315908157175,
            24.39782978488201
          ],
          [
            120.77318205280264,
            24.397719899505947
          ],
          [
            120.77320803192832,
            24.39759297176253
          ],
          [
            120.773231002046,
            24.397478138448296
          ],
          [
            120.77325497320057,
            24.39734929352504
          ],
          [
            120.77326996754836,
            24.397267341129012
          ],
          [
            120.77329194442704,
            24.397145490732797
          ],
          [
            120.7733129129161,
            24.397019629918887
          ],
          [
            120.77333288828761,
            24.396897776516735
          ],
          [
            120.77335185512901,
            24.39677199395894
          ],
          [
            120.77337083992438,
            24.396636125961567
          ],
          [
            120.77339197674455,
            24.396482130822807
          ],
          [
            120.77339292006732,
            24.396478376144405
          ],
          [
            120.77339480377697,
            24.396461458500816
          ],
          [
            120.77340581049837,
            24.396376394117546
          ],
          [
            120.77342078612293,
            24.396249540141437
          ],
          [
            120.77343677255945,
            24.39610871068521
          ],
          [
            120.7734487501545,
            24.395987820427333
          ],
          [
            120.77346174586818,
            24.395859916107575
          ],
          [
            120.77347372036934,
            24.395724145943557
          ],
          [
            120.77348052311464,
            24.395635716447416
          ],
          [
            120.7734805534648,
            24.395635283097786
          ],
          [
            120.77348471177511,
            24.395581250375283
          ],
          [
            120.77349470567671,
            24.395450370994645
          ],
          [
            120.77350268729435,
            24.39532558321965
          ],
          [
            120.7735096840092,
            24.39519469032261
          ],
          [
            120.77351667608072,
            24.39506086297032
          ],
          [
            120.77352167121254,
            24.39491899676289
          ],
          [
            120.7735266682322,
            24.394787125729046
          ],
          [
            120.77352865941985,
            24.394693298674234
          ],
          [
            120.77353065877143,
            24.394589359078683
          ],
          [
            120.77353265402529,
            24.394454531046883
          ],
          [
            120.77353266135937,
            24.394328738134043
          ],
          [
            120.77353166141374,
            24.39419281310278
          ],
          [
            120.77353066405318,
            24.39406096921018
          ],
          [
            120.77352766715582,
            24.3939391536169
          ],
          [
            120.77352366821727,
            24.393793210861823
          ],
          [
            120.77351967016568,
            24.393663366928436
          ],
          [
            120.77351368127944,
            24.393527615007457
          ],
          [
            120.77350568320796,
            24.39339072241753
          ],
          [
            120.77349871188189,
            24.393264106436735
          ],
          [
            120.77349672622849,
            24.393244230494233
          ],
          [
            120.7734877107007,
            24.39311399982768
          ],
          [
            120.77347871621029,
            24.39299409844135
          ],
          [
            120.77346889856216,
            24.392871405840328
          ],
          [
            120.77346790810908,
            24.39286843379644
          ],
          [
            120.77346672077039,
            24.39285423832897
          ],
          [
            120.77345874104148,
            24.39276240079289
          ],
          [
            120.7734457597504,
            24.39263359980681
          ],
          [
            120.77343178268967,
            24.392504824415468
          ],
          [
            120.7734307912206,
            24.39249689541219
          ],
          [
            120.77341778820218,
            24.39238583650301
          ],
          [
            120.77340280220994,
            24.392258955700054
          ],
          [
            120.7733858121433,
            24.392128090077215
          ],
          [
            120.77337982902114,
            24.392083188605884
          ],
          [
            120.77336184772156,
            24.391955346232233
          ],
          [
            120.77334387994334,
            24.391836523912954
          ],
          [
            120.7733228874404,
            24.39170558005548
          ],
          [
            120.7733029129978,
            24.391578727884166
          ],
          [
            120.77327994674027,
            24.391448945812904
          ],
          [
            120.77325696552998,
            24.39132204398646
          ],
          [
            120.77323666115761,
            24.391214405163552
          ],
          [
            120.77323665798592,
            24.391210658095613
          ],
          [
            120.77322903108193,
            24.391175379139398
          ],
          [
            120.77321599133539,
            24.391107163068526
          ],
          [
            120.77320202325525,
            24.391034331752376
          ],
          [
            120.77317705600258,
            24.39091551697966
          ],
          [
            120.77315008216384,
            24.390788627209396
          ],
          [
            120.77312311731033,
            24.390667777892833
          ],
          [
            120.77309214531218,
            24.39053290945341
          ],
          [
            120.77306117425545,
            24.390403070198392
          ],
          [
            120.77302922542694,
            24.3902742497551
          ],
          [
            120.77299526911793,
            24.39014339475468
          ],
          [
            120.77296027961968,
            24.390011472766243
          ],
          [
            120.77292832308336,
            24.38989259329006
          ],
          [
            120.77289438033563,
            24.38977081249687
          ],
          [
            120.77286039584266,
            24.38965587566669
          ],
          [
            120.77283041582133,
            24.389550967099623
          ],
          [
            120.77279548296394,
            24.38943717552208
          ],
          [
            120.77275871456465,
            24.38931892985043
          ],
          [
            120.77275670253914,
            24.3893138976405
          ],
          [
            120.772752507395,
            24.38930027551034
          ],
          [
            120.77270656522546,
            24.389157438934657
          ],
          [
            120.77266360861427,
            24.38902657937025
          ],
          [
            120.77262166481552,
            24.38890274592877
          ],
          [
            120.77257773320173,
            24.38877693212379
          ],
          [
            120.7725317727465,
            24.388650031769902
          ],
          [
            120.77248381195182,
            24.38851714212256
          ],
          [
            120.77239194232078,
            24.388273499117822
          ],
          [
            120.77237899595215,
            24.388241625104865
          ],
          [
            120.77232899407959,
            24.3881146102621
          ],
          [
            120.77227606129311,
            24.38798378072785
          ],
          [
            120.77222412347008,
            24.387858929914664
          ],
          [
            120.77217416471896,
            24.3877410254143
          ],
          [
            120.77213525811149,
            24.387650251821235
          ],
          [
            120.77211528465887,
            24.387606313404333
          ],
          [
            120.772084278804,
            24.38753529826057
          ],
          [
            120.77203233334346,
            24.387420406431335
          ],
          [
            120.77197537004486,
            24.387294500592372
          ],
          [
            120.77191744867534,
            24.387169658718822
          ],
          [
            120.7718595122116,
            24.38704779639289
          ],
          [
            120.77180359586762,
            24.38693196850647
          ],
          [
            120.77174466656024,
            24.38681412257602
          ],
          [
            120.77168271989227,
            24.386691224822936
          ],
          [
            120.77161778173951,
            24.38656534294002
          ],
          [
            120.77155583796643,
            24.3864464540452
          ],
          [
            120.77148992042899,
            24.386322602169688
          ],
          [
            120.77142701512406,
            24.386206772625435
          ],
          [
            120.77136410454055,
            24.38609394069834
          ],
          [
            120.771297485083,
            24.38597686851045
          ],
          [
            120.77129552226415,
            24.385971944702703
          ],
          [
            120.77127823491766,
            24.385942176839684
          ],
          [
            120.77120325738849,
            24.385813218760102
          ],
          [
            120.77112933913517,
            24.38568735921443
          ],
          [
            120.77105343946936,
            24.3855615146957
          ],
          [
            120.77098251033749,
            24.385445627690117
          ],
          [
            120.7709035666441,
            24.385318722091327
          ],
          [
            120.77082467046174,
            24.38519289098189
          ],
          [
            120.77075978548324,
            24.385093075733607
          ],
          [
            120.77067686751379,
            24.384967175256868
          ],
          [
            120.77059191086917,
            24.384840260390686
          ],
          [
            120.77050799568579,
            24.384715387623956
          ],
          [
            120.77042312071336,
            24.384592562955426
          ],
          [
            120.7703472096301,
            24.3844846949433
          ],
          [
            120.77026230808512,
            24.384365833906383
          ],
          [
            120.77017640922098,
            24.384247964506518
          ],
          [
            120.77008535421321,
            24.38412488648627
          ],
          [
            120.77008040802077,
            24.384117971738682
          ],
          [
            120.77001562680942,
            24.38403225973714
          ],
          [
            120.76992569464232,
            24.383915350181926
          ],
          [
            120.76983376505548,
            24.383796433083745
          ],
          [
            120.76973792712403,
            24.38367464777286
          ],
          [
            120.76968499767514,
            24.383609738569177
          ],
          [
            120.76965460418303,
            24.383572005007867
          ],
          [
            120.76965367102645,
            24.383570143599766
          ],
          [
            120.76963797256761,
            24.383550698193122
          ],
          [
            120.76960906433321,
            24.38351481784104
          ],
          [
            120.76959413207607,
            24.38349689047949
          ],
          [
            120.76949812819045,
            24.383379890172627
          ],
          [
            120.76940819051889,
            24.38327196422782
          ],
          [
            120.76931625541674,
            24.383162039762396
          ],
          [
            120.76922230066918,
            24.383051498187506
          ],
          [
            120.7691418428101,
            24.38295674188387
          ],
          [
            120.76914001252625,
            24.382954906192953
          ],
          [
            120.76912358298156,
            24.382936416700595
          ],
          [
            120.76910833421954,
            24.38291913890184
          ],
          [
            120.76908905461822,
            24.382895805478146
          ],
          [
            120.76907216607061,
            24.38287494063369
          ],
          [
            120.76901933024682,
            24.38281312831044
          ],
          [
            120.76889431033032,
            24.382666106851065
          ],
          [
            120.76877527174716,
            24.382526064861548
          ],
          [
            120.76866855176247,
            24.3823992240355
          ],
          [
            120.76864526704637,
            24.3823720561119
          ],
          [
            120.7686317219922,
            24.38235581018059
          ],
          [
            120.76855278896991,
            24.382263277041776
          ],
          [
            120.76849437918636,
            24.382193185385674
          ],
          [
            120.76846338005942,
            24.382158186467475
          ],
          [
            120.76843327023155,
            24.382122060267296
          ],
          [
            120.76840326680329,
            24.382087062858265
          ],
          [
            120.76837328490087,
            24.382051081306766
          ],
          [
            120.76834237619332,
            24.38201518862318
          ],
          [
            120.76831232364007,
            24.3819801279173
          ],
          [
            120.76820429455658,
            24.38185267981094
          ],
          [
            120.76797331461383,
            24.381580117700782
          ],
          [
            120.76787330146506,
            24.381463101184462
          ],
          [
            120.76775930322295,
            24.381328104334024
          ],
          [
            120.76764128867262,
            24.38119008552666
          ],
          [
            120.76753027247422,
            24.381058054611913
          ],
          [
            120.76743353724854,
            24.38094410368803
          ],
          [
            120.7674043783419,
            24.380911193092132
          ],
          [
            120.7673712198299,
            24.380871405222603
          ],
          [
            120.76727128903453,
            24.38075308824388
          ],
          [
            120.76714530883136,
            24.380605106768705
          ],
          [
            120.7670163000562,
            24.380453093562654
          ],
          [
            120.76689228842183,
            24.380307083240407
          ],
          [
            120.76677124872874,
            24.380164038927237
          ],
          [
            120.76672420105977,
            24.38010797719697
          ],
          [
            120.76671939112866,
            24.380102200211656
          ],
          [
            120.76670375913702,
            24.380084614589872
          ],
          [
            120.76669540624309,
            24.380075626826603
          ],
          [
            120.76667827146679,
            24.38005505929267
          ],
          [
            120.76664826900752,
            24.380020061533926
          ],
          [
            120.76661828808722,
            24.379984079632784
          ],
          [
            120.76659619428726,
            24.379958421081135
          ],
          [
            120.76652223306225,
            24.37987101401808
          ],
          [
            120.76649738673719,
            24.379841188805866
          ],
          [
            120.7664880017309,
            24.379830601293843
          ],
          [
            120.76637132963766,
            24.379693116271028
          ],
          [
            120.76624833114049,
            24.379549120462585
          ],
          [
            120.76597931040277,
            24.37923249789754
          ],
          [
            120.76585329458752,
            24.379084072856816
          ],
          [
            120.76572828379804,
            24.37893606460148
          ],
          [
            120.76560631193728,
            24.378792087911542
          ],
          [
            120.76550431733853,
            24.378672105212242
          ],
          [
            120.76540434900477,
            24.37855463566437
          ],
          [
            120.76537727855413,
            24.378523064211173
          ],
          [
            120.76537059989691,
            24.378515045077716
          ],
          [
            120.76526131579949,
            24.378387105337204
          ],
          [
            120.76513528309218,
            24.37823805666034
          ],
          [
            120.7650103034734,
            24.378090083970925
          ],
          [
            120.76490230969684,
            24.37796310305196
          ],
          [
            120.76479046087398,
            24.37783126745615
          ],
          [
            120.76478246315791,
            24.377822271108645
          ],
          [
            120.7646795852559,
            24.37770102240617
          ],
          [
            120.76465127752252,
            24.377667056194472
          ],
          [
            120.76462138438332,
            24.377632184607087
          ],
          [
            120.76460793776988,
            24.377616561471516
          ],
          [
            120.76454731682674,
            24.377545101451503
          ],
          [
            120.76442731365134,
            24.37740410645753
          ],
          [
            120.76430924917452,
            24.37726501951855
          ],
          [
            120.76430433125998,
            24.377259115880662
          ],
          [
            120.76428436267057,
            24.37723615095957
          ],
          [
            120.7641832973513,
            24.37711607851621
          ],
          [
            120.76406126809017,
            24.376973039504502
          ],
          [
            120.76405624199863,
            24.376967009282954
          ],
          [
            120.76397933340787,
            24.376876120180764
          ],
          [
            120.76395528346356,
            24.376848056458165
          ],
          [
            120.76394231990551,
            24.37683250624792
          ],
          [
            120.76383031454111,
            24.376701103088006
          ],
          [
            120.76370830758432,
            24.37655709771218
          ],
          [
            120.76349231561618,
            24.37630311585615
          ],
          [
            120.76337330859779,
            24.376163087684976
          ],
          [
            120.76315230364922,
            24.375902090945186
          ],
          [
            120.76307930070168,
            24.375816092218038
          ],
          [
            120.76296929559753,
            24.375686091049555
          ],
          [
            120.76284633617112,
            24.37554113542923
          ],
          [
            120.76272575490061,
            24.375400282634484
          ],
          [
            120.76272546026948,
            24.375399695282894
          ],
          [
            120.76271438396184,
            24.375387199750765
          ],
          [
            120.76266676028598,
            24.375330043326382
          ],
          [
            120.76259031520814,
            24.37524010229128
          ],
          [
            120.76245628146681,
            24.3750820729509
          ],
          [
            120.76233231163003,
            24.374935110869227
          ],
          [
            120.76220234820221,
            24.374783146198897
          ],
          [
            120.76207629120687,
            24.374635088111976
          ],
          [
            120.76200514985082,
            24.37455065381556
          ],
          [
            120.76198838907982,
            24.374531196910002
          ],
          [
            120.76195828101395,
            24.37449607164005
          ],
          [
            120.76189838341398,
            24.37442419634746
          ],
          [
            120.76186738798978,
            24.374389196072464
          ],
          [
            120.76183892437734,
            24.37435503947408
          ],
          [
            120.76177431276774,
            24.37427911169547
          ],
          [
            120.76170129201579,
            24.374193085182352
          ],
          [
            120.76161930188967,
            24.374096101278436
          ],
          [
            120.76150009203535,
            24.373956044214673
          ],
          [
            120.76147428416199,
            24.37392506996328
          ],
          [
            120.76144428457557,
            24.373890071168063
          ],
          [
            120.76141438522302,
            24.373854196703505
          ],
          [
            120.76140245341233,
            24.37384072458691
          ],
          [
            120.76133431232337,
            24.373760095939314
          ],
          [
            120.76119892305327,
            24.373601169461608
          ],
          [
            120.76117129377481,
            24.373569090740244
          ],
          [
            120.76114127655697,
            24.373533071570172
          ],
          [
            120.76111127715428,
            24.373498072708653
          ],
          [
            120.76108129933185,
            24.373462089705008
          ],
          [
            120.76105038490482,
            24.373426195509698
          ],
          [
            120.76102027735855,
            24.373391070052303
          ],
          [
            120.76099027008271,
            24.373355050867687
          ],
          [
            120.76097190674018,
            24.373333532690406
          ],
          [
            120.76092631806284,
            24.37328011696313
          ],
          [
            120.760799321398,
            24.373130106038833
          ],
          [
            120.7606842736132,
            24.37299504797842
          ],
          [
            120.76065425665121,
            24.372959037740358
          ],
          [
            120.76051731539518,
            24.37279810374013
          ],
          [
            120.76039130355353,
            24.37264908722562
          ],
          [
            120.76026330455628,
            24.372498090092847
          ],
          [
            120.76013133289493,
            24.372342111538536
          ],
          [
            120.76000232907022,
            24.372191112592983
          ],
          [
            120.75984885792555,
            24.372009737048614
          ],
          [
            120.75984586695665,
            24.372006743682775
          ],
          [
            120.75971632474767,
            24.371854109373928
          ],
          [
            120.75958631043471,
            24.37170108595377
          ],
          [
            120.759461845211,
            24.37155373246321
          ],
          [
            120.7594549089537,
            24.3715467961477
          ],
          [
            120.75940534723831,
            24.371489139012347
          ],
          [
            120.759274056265,
            24.37133398243109
          ],
          [
            120.75926540039916,
            24.37132419921402
          ],
          [
            120.75923524655518,
            24.371288016921913
          ],
          [
            120.75914330724505,
            24.371179097468637
          ],
          [
            120.75901335331496,
            24.371026145880617
          ],
          [
            120.75888832503676,
            24.37088011829472
          ],
          [
            120.75877629378591,
            24.370747077055498
          ],
          [
            120.75864831825784,
            24.37059611469853
          ],
          [
            120.75851730296624,
            24.370442095558822
          ],
          [
            120.75839331264746,
            24.370295112130847
          ],
          [
            120.75826533617341,
            24.370145124587054
          ],
          [
            120.75813732251224,
            24.369994116588014
          ],
          [
            120.75805554296075,
            24.36989809718455
          ],
          [
            120.75800526557896,
            24.369839056994312
          ],
          [
            120.75800024991237,
            24.36983302658641
          ],
          [
            120.75790732887036,
            24.369723120638003
          ],
          [
            120.75777834017113,
            24.369572128833735
          ],
          [
            120.75765031782244,
            24.36942111137625
          ],
          [
            120.7575313137574,
            24.369281096633554
          ],
          [
            120.7574003325465,
            24.369126128518985
          ],
          [
            120.75727632130827,
            24.368981121504625
          ],
          [
            120.75716601406252,
            24.36885034812431
          ],
          [
            120.75711839528246,
            24.368793208004032
          ],
          [
            120.75709906784869,
            24.36877138081917
          ],
          [
            120.75703486544462,
            24.368695758644247
          ],
          [
            120.75703380292174,
            24.36869469150896
          ],
          [
            120.75702337835268,
            24.368682178543366
          ],
          [
            120.75700144474199,
            24.368657259220726
          ],
          [
            120.75696131808698,
            24.368610108201867
          ],
          [
            120.75684030058112,
            24.368467092026084
          ],
          [
            120.75672380720084,
            24.368329500465727
          ],
          [
            120.75669429404005,
            24.368294077134383
          ],
          [
            120.75666439541962,
            24.36825920395289
          ],
          [
            120.75663330647012,
            24.368223100898543
          ],
          [
            120.75660324262948,
            24.368187017541814
          ],
          [
            120.7565768462829,
            24.368155734513902
          ],
          [
            120.7565751049329,
            24.36815398910375
          ],
          [
            120.75657236062503,
            24.36815095995256
          ],
          [
            120.75654339825932,
            24.368116205628485
          ],
          [
            120.7565170777906,
            24.36808649377326
          ],
          [
            120.75649831350314,
            24.368064098583005
          ],
          [
            120.75642631123237,
            24.367980111712505
          ],
          [
            120.75635822660821,
            24.36789901138294
          ],
          [
            120.75628221636372,
            24.367807984341965
          ],
          [
            120.75621632574732,
            24.36772911766003
          ],
          [
            120.75619661612956,
            24.36770628751562
          ],
          [
            120.75619467004486,
            24.367703367990295
          ],
          [
            120.75618274064254,
            24.367689227310247
          ],
          [
            120.75618229879359,
            24.367688332719855
          ],
          [
            120.75617617209433,
            24.367680928042635
          ],
          [
            120.75612069693967,
            24.367614158990413
          ],
          [
            120.75611968553575,
            24.367612143876585
          ],
          [
            120.75605407201546,
            24.367532808056517
          ],
          [
            120.75598402791404,
            24.367445745205437
          ],
          [
            120.7559140311138,
            24.367359765888434
          ],
          [
            120.75584196059671,
            24.367270659134203
          ],
          [
            120.75577685548329,
            24.367188534023057
          ],
          [
            120.75571878271901,
            24.367114447075334
          ],
          [
            120.75565378979783,
            24.367030444040875
          ],
          [
            120.75558479286184,
            24.366942452694623
          ],
          [
            120.7555156996214,
            24.366853332525075
          ],
          [
            120.75544263766868,
            24.36675725352278
          ],
          [
            120.7553705596194,
            24.36666216024313
          ],
          [
            120.7553044828773,
            24.366573044843307
          ],
          [
            120.75523949814844,
            24.366485068842508
          ],
          [
            120.755172437765,
            24.366394985683566
          ],
          [
            120.75511235255169,
            24.366311884218817
          ],
          [
            120.75504934746726,
            24.366224868416353
          ],
          [
            120.75500030268667,
            24.366156809149494
          ],
          [
            120.75493828347129,
            24.36606977683505
          ],
          [
            120.75487519205363,
            24.365981650241316
          ],
          [
            120.75481114429313,
            24.365888574132825
          ],
          [
            120.75474705342153,
            24.36579745723956
          ],
          [
            120.75473823736323,
            24.36578422438978
          ],
          [
            120.75473785439317,
            24.36578347435575
          ],
          [
            120.7546680873349,
            24.36568149527935
          ],
          [
            120.75464108589343,
            24.36564249105893
          ],
          [
            120.75458898182922,
            24.365566345669617
          ],
          [
            120.75456288753787,
            24.36552719843792
          ],
          [
            120.7545378851513,
            24.365489199663966
          ],
          [
            120.75451198745169,
            24.365450350701614
          ],
          [
            120.75448597970549,
            24.365412350291002
          ],
          [
            120.75441788901296,
            24.36531021128807
          ],
          [
            120.75435583493778,
            24.36521612695447
          ],
          [
            120.75429378288962,
            24.36512104036908
          ],
          [
            120.7542357132821,
            24.365030944271464
          ],
          [
            120.75417266373874,
            24.364931865160166
          ],
          [
            120.75412459162405,
            24.364855735174228
          ],
          [
            120.75410856559273,
            24.364829696372187
          ],
          [
            120.75408356735224,
            24.364789693070048
          ],
          [
            120.75405962166592,
            24.36475079302019
          ],
          [
            120.7540346215185,
            24.364711791935783
          ],
          [
            120.75398656323166,
            24.36463369358546
          ],
          [
            120.75396156505018,
            24.364593699291834
          ],
          [
            120.75391346753037,
            24.364515546679478
          ],
          [
            120.75388946493791,
            24.364475544960474
          ],
          [
            120.75387349796756,
            24.364449596519687
          ],
          [
            120.75381597002762,
            24.36435495047437
          ],
          [
            120.75379431871599,
            24.364317291092398
          ],
          [
            120.7537704734155,
            24.364277542423988
          ],
          [
            120.75374637070291,
            24.364238389253682
          ],
          [
            120.7537325193921,
            24.364214295197595
          ],
          [
            120.75371038368395,
            24.364177393460157
          ],
          [
            120.75365531717972,
            24.36408428629603
          ],
          [
            120.7535952334348,
            24.363981139636405
          ],
          [
            120.75353722733446,
            24.363879133995116
          ],
          [
            120.75349418876401,
            24.363805061589737
          ],
          [
            120.75344460453125,
            24.36371618887476
          ],
          [
            120.75342413537476,
            24.363678973786033
          ],
          [
            120.75340112861129,
            24.363638973606797
          ],
          [
            120.75335708662605,
            24.363558886153758
          ],
          [
            120.75328999082107,
            24.363437714923084
          ],
          [
            120.75326799146018,
            24.36339671413287
          ],
          [
            120.75324599016962,
            24.363356715565455
          ],
          [
            120.75322399083674,
            24.363315714768643
          ],
          [
            120.75320198957385,
            24.36327571619462
          ],
          [
            120.7531799018749,
            24.36323455272366
          ],
          [
            120.75315890602936,
            24.36319454675076
          ],
          [
            120.75313690673467,
            24.36315355496994
          ],
          [
            120.75311590105926,
            24.363113548974823
          ],
          [
            120.75309386252361,
            24.363072475861774
          ],
          [
            120.75307290791015,
            24.36303156703431
          ],
          [
            120.75305091656476,
            24.36299158651183
          ],
          [
            120.75295478207046,
            24.36280532224372
          ],
          [
            120.75290473353132,
            24.362707229884847
          ],
          [
            120.75285670962396,
            24.362612174584097
          ],
          [
            120.75284677336961,
            24.36259230341204
          ],
          [
            120.75283575516147,
            24.36257126572259
          ],
          [
            120.75278563405762,
            24.362470031079795
          ],
          [
            120.75268765422497,
            24.36227006649101
          ],
          [
            120.75268461051584,
            24.36226398494655
          ],
          [
            120.75267351768757,
            24.362240798198787
          ],
          [
            120.75262852982546,
            24.362145801948955
          ],
          [
            120.75258251890281,
            24.362049801786238
          ],
          [
            120.75253945556702,
            24.361958655042734
          ],
          [
            120.75249440494956,
            24.36186055264016
          ],
          [
            120.75245657852008,
            24.361778010117366
          ],
          [
            120.75244544671803,
            24.361754633677347
          ],
          [
            120.75243257035797,
            24.36172617100817
          ],
          [
            120.75241741534842,
            24.361693569292136
          ],
          [
            120.75237233743896,
            24.36159439234429
          ],
          [
            120.75233130856147,
            24.361501334692676
          ],
          [
            120.7522892861579,
            24.36140729123484
          ],
          [
            120.75220922572572,
            24.36122314747839
          ],
          [
            120.75215917600372,
            24.361106030556332
          ],
          [
            120.75211712628524,
            24.361005901393042
          ],
          [
            120.75208310589306,
            24.360922868392723
          ],
          [
            120.75204611066604,
            24.36083387131698
          ],
          [
            120.75200505660335,
            24.360733752777392
          ],
          [
            120.75196504722356,
            24.36063371719649
          ],
          [
            120.75192400508061,
            24.360532605452168
          ],
          [
            120.75188394469879,
            24.36042846152624
          ],
          [
            120.7518439707296,
            24.360325527628902
          ],
          [
            120.75180392626248,
            24.36022339719417
          ],
          [
            120.7517258793939,
            24.36001326169227
          ],
          [
            120.75168686392935,
            24.359909209711013
          ],
          [
            120.75165280470333,
            24.3598160639548
          ],
          [
            120.75161675041699,
            24.359714933201317
          ],
          [
            120.75158615010386,
            24.359627228609956
          ],
          [
            120.75157380571547,
            24.359594062574864
          ],
          [
            120.75155127212143,
            24.359529458589872
          ],
          [
            120.75154174364079,
            24.35950288840578
          ],
          [
            120.7514793174483,
            24.359319242637763
          ],
          [
            120.75147067602853,
            24.359292691960643
          ],
          [
            120.7514602962751,
            24.359262951162766
          ],
          [
            120.75144064832001,
            24.359204609052757
          ],
          [
            120.75142362960645,
            24.359152546472057
          ],
          [
            120.75139481297842,
            24.3590651336923
          ],
          [
            120.75139266491577,
            24.35905977591631
          ],
          [
            120.75138917018265,
            24.359047508673484
          ],
          [
            120.75138459477128,
            24.35903344286853
          ],
          [
            120.75138327228977,
            24.359029287315796
          ],
          [
            120.75136060907035,
            24.358960502614586
          ],
          [
            120.75134259289891,
            24.35890443849811
          ],
          [
            120.7513165632048,
            24.35882335063914
          ],
          [
            120.75128353519347,
            24.358717249727125
          ],
          [
            120.75124650337592,
            24.358597156167466
          ],
          [
            120.75121349303234,
            24.358487118580342
          ],
          [
            120.75117946170612,
            24.358375029704433
          ],
          [
            120.75115038476441,
            24.35827474095129
          ],
          [
            120.75114341769523,
            24.358248879211807
          ],
          [
            120.75112925602845,
            24.358202626991414
          ],
          [
            120.75111840332028,
            24.358162817946877
          ],
          [
            120.75110820067114,
            24.35812828296137
          ],
          [
            120.75109291114659,
            24.358074137454473
          ],
          [
            120.75108040753041,
            24.35803181560771
          ],
          [
            120.75106923182284,
            24.357990868362435
          ],
          [
            120.75106039248054,
            24.357959775697307
          ],
          [
            120.75101838508533,
            24.357808749244136
          ],
          [
            120.75098931417304,
            24.357705507949095
          ],
          [
            120.75098430702117,
            24.357685464158244
          ],
          [
            120.75097637973168,
            24.357656729579528
          ],
          [
            120.75093135458107,
            24.357496632927223
          ],
          [
            120.75092193256071,
            24.35746113309542
          ],
          [
            120.7509103636966,
            24.357419679560728
          ],
          [
            120.75089664379172,
            24.357369383004198
          ],
          [
            120.75088354866314,
            24.357322166395104
          ],
          [
            120.7508734146588,
            24.357287875289252
          ],
          [
            120.75086136628688,
            24.357244678346333
          ],
          [
            120.75082536392512,
            24.357112676975852
          ],
          [
            120.75081336447722,
            24.357069678748886
          ],
          [
            120.750808060527,
            24.357050230383727
          ],
          [
            120.75078638095707,
            24.35697271606073
          ],
          [
            120.75073937487429,
            24.356802720192128
          ],
          [
            120.75069038769725,
            24.35662776407362
          ],
          [
            120.75064336627821,
            24.356460693572206
          ],
          [
            120.75059636647907,
            24.356287681941318
          ],
          [
            120.75054737967281,
            24.356112734796998
          ],
          [
            120.75049736811704,
            24.35593268450628
          ],
          [
            120.75045738147112,
            24.35578722311623
          ],
          [
            120.75044840307919,
            24.355756825420286
          ],
          [
            120.75043636668909,
            24.355712689430042
          ],
          [
            120.75042436750034,
            24.35566969116648
          ],
          [
            120.75039318058943,
            24.355555331429493
          ],
          [
            120.75035730296425,
            24.355425542259667
          ],
          [
            120.75033339485672,
            24.35533880547872
          ],
          [
            120.75032372222377,
            24.35530561663897
          ],
          [
            120.75031536390199,
            24.355275689467703
          ],
          [
            120.7503078681625,
            24.35524818351505
          ],
          [
            120.7502850641904,
            24.355166369402706
          ],
          [
            120.75027841608284,
            24.355143885024038
          ],
          [
            120.75026636810931,
            24.355100688024915
          ],
          [
            120.75024836258419,
            24.355034691763045
          ],
          [
            120.75023138206537,
            24.354973735425048
          ],
          [
            120.75017936465714,
            24.354786684151335
          ],
          [
            120.75014136674947,
            24.35464770883137
          ],
          [
            120.75009737245232,
            24.35449071959089
          ],
          [
            120.75005136762734,
            24.35432370471873
          ],
          [
            120.75000237452078,
            24.354147700947525
          ],
          [
            120.74995837654188,
            24.35398774107796
          ],
          [
            120.74990638349607,
            24.353803741568246
          ],
          [
            120.74986237603892,
            24.353643709416673
          ],
          [
            120.74981438084471,
            24.353471725168873
          ],
          [
            120.74973837889185,
            24.353197729033592
          ],
          [
            120.74969436788925,
            24.353039710307364
          ],
          [
            120.74965937325,
            24.352912685301447
          ],
          [
            120.7495746251324,
            24.35259600308862
          ],
          [
            120.74947103448886,
            24.35224360667668
          ],
          [
            120.74913898454507,
            24.35105788855509
          ],
          [
            120.74876345009888,
            24.349691307743125
          ],
          [
            120.74838619081211,
            24.348333792685935
          ],
          [
            120.74835751823028,
            24.34823061013536
          ],
          [
            120.74835521855172,
            24.348222335657262
          ],
          [
            120.74830218525774,
            24.348053376257138
          ],
          [
            120.74830214608598,
            24.348053249784623
          ],
          [
            120.74817807734324,
            24.347658860077484
          ],
          [
            120.7481779304054,
            24.34765840837811
          ],
          [
            120.74807623494976,
            24.347363231446327
          ],
          [
            120.7480761369857,
            24.347362933323012
          ],
          [
            120.74798131108011,
            24.347102665235138
          ],
          [
            120.74798129149453,
            24.34710260199882
          ],
          [
            120.74798119345941,
            24.347102339991793
          ],
          [
            120.74778399390897,
            24.34659160571243
          ],
          [
            120.74778395466663,
            24.34659151535609
          ],
          [
            120.74775192890463,
            24.346509866039856
          ],
          [
            120.74750890275685,
            24.345890462055525
          ],
          [
            120.74731570352942,
            24.345396961312446
          ],
          [
            120.7470743745803,
            24.34478357278421
          ],
          [
            120.74686064782868,
            24.344241785611583
          ],
          [
            120.7465927367846,
            24.343557735204723
          ],
          [
            120.74650479500029,
            24.34333238415175
          ],
          [
            120.74636880892766,
            24.342983913003103
          ],
          [
            120.74614895644196,
            24.342423288795406
          ],
          [
            120.74577777733636,
            24.341475413863865
          ],
          [
            120.7453677546659,
            24.340429533937257
          ],
          [
            120.74507430380302,
            24.339677638110214
          ],
          [
            120.74493541536432,
            24.339310948954907
          ],
          [
            120.74493513982588,
            24.339310259570066
          ],
          [
            120.74479196471577,
            24.338940944620923
          ],
          [
            120.7447914333116,
            24.33893958574784
          ],
          [
            120.74315480422175,
            24.33476342620768
          ],
          [
            120.74307952742325,
            24.334571341456854
          ],
          [
            120.74303449009491,
            24.334456411158087
          ],
          [
            120.74301618812292,
            24.334409708634194
          ],
          [
            120.74301204890597,
            24.334399146580957
          ],
          [
            120.74299665585272,
            24.33435836124972
          ],
          [
            120.74298874663063,
            24.33433740300018
          ],
          [
            120.74296448574532,
            24.334273118802656
          ],
          [
            120.74295209018095,
            24.334240267918585
          ],
          [
            120.7429371460968,
            24.334200671573683
          ],
          [
            120.74292911436893,
            24.33417938896774
          ],
          [
            120.74270180012992,
            24.33357704115729
          ],
          [
            120.74269299805025,
            24.333553718455555
          ],
          [
            120.74268335694019,
            24.33352816955473
          ],
          [
            120.74223316947374,
            24.332335216350028
          ],
          [
            120.74221405621529,
            24.332284563003444
          ],
          [
            120.741937,
            24.331551
          ],
          [
            120.74167949117884,
            24.330841062577477
          ],
          [
            120.74139978561902,
            24.33012438340034
          ],
          [
            120.74080344644062,
            24.328711235233897
          ],
          [
            120.73968721394408,
            24.32588725336673
          ],
          [
            120.73745456831341,
            24.320135001020006
          ],
          [
            120.73576520305714,
            24.31587956422674
          ],
          [
            120.73411066569471,
            24.31165080897416
          ],
          [
            120.73392828899098,
            24.311242868476313
          ],
          [
            120.73327482662233,
            24.309590433845294
          ],
          [
            120.73282224831979,
            24.30840413778255
          ],
          [
            120.73240496285206,
            24.307267185014
          ],
          [
            120.73213636806945,
            24.306502969054584
          ],
          [
            120.73196073076932,
            24.305971285124308
          ],
          [
            120.73182830992407,
            24.305525538696532
          ],
          [
            120.73175149910111,
            24.305088239093223
          ],
          [
            120.73171176162435,
            24.304370080938746
          ],
          [
            120.731723,
            24.303918
          ],
          [
            120.73174255028394,
            24.303640385442808
          ],
          [
            120.73177236820653,
            24.303387403299727
          ],
          [
            120.73181308199932,
            24.30313642859884
          ],
          [
            120.73183535383508,
            24.303016201394875
          ],
          [
            120.73184715814348,
            24.302954470043453
          ],
          [
            120.73186481034547,
            24.30286189819934
          ],
          [
            120.73192678109388,
            24.302592722076977
          ],
          [
            120.73201064366425,
            24.30225263344173
          ],
          [
            120.73210911685301,
            24.30187464805601
          ],
          [
            120.73218512493864,
            24.301573806009674
          ],
          [
            120.7322090290078,
            24.301479195509337
          ],
          [
            120.73221582212221,
            24.301452307822853
          ],
          [
            120.73222026277317,
            24.301434734078146
          ],
          [
            120.73224255205173,
            24.301333092428745
          ],
          [
            120.73226557538418,
            24.301228102251244
          ],
          [
            120.73229981488261,
            24.301071965410472
          ],
          [
            120.7323122116035,
            24.30100190113675
          ],
          [
            120.73232228527621,
            24.300944977414204
          ],
          [
            120.73232277181911,
            24.300942224378748
          ],
          [
            120.7323332582541,
            24.30088296102485
          ],
          [
            120.73234505874579,
            24.30081625995975
          ],
          [
            120.73236388128961,
            24.300685814581406
          ],
          [
            120.7323702254708,
            24.30064183389944
          ],
          [
            120.73237666961157,
            24.300597163565442
          ],
          [
            120.73238204804049,
            24.300559888039004
          ],
          [
            120.73241645319445,
            24.300185534769312
          ],
          [
            120.73246439151089,
            24.299518393314507
          ],
          [
            120.73252587737602,
            24.29852593696174
          ],
          [
            120.73252932997659,
            24.298470187979312
          ],
          [
            120.73252933405726,
            24.29847012117071
          ],
          [
            120.73253124490142,
            24.298439273701895
          ],
          [
            120.73253277470023,
            24.298414435370834
          ],
          [
            120.73253774819318,
            24.298333392970648
          ],
          [
            120.73253776656182,
            24.298333089623206
          ],
          [
            120.73253784205211,
            24.298331854567053
          ],
          [
            120.73253797464132,
            24.29832969863709
          ],
          [
            120.73255236780882,
            24.298095603273545
          ],
          [
            120.7325532000136,
            24.298082091697434
          ],
          [
            120.73255379308158,
            24.29807080809705
          ],
          [
            120.73255506361394,
            24.29804651647521
          ],
          [
            120.73257212939299,
            24.29772076899058
          ],
          [
            120.73258685080732,
            24.297460655751802
          ],
          [
            120.73262237493236,
            24.29694740142816
          ],
          [
            120.73264055564911,
            24.29669026483861
          ],
          [
            120.73265289266644,
            24.296463103802463
          ],
          [
            120.73266387595379,
            24.29625574132945
          ],
          [
            120.73268851180116,
            24.295828949068856
          ],
          [
            120.73271622100071,
            24.295339165712193
          ],
          [
            120.73279769949147,
            24.29411009665735
          ],
          [
            120.73286907129744,
            24.292940177709887
          ],
          [
            120.73293305401324,
            24.291935696023625
          ],
          [
            120.73298073043728,
            24.291177900330684
          ],
          [
            120.73299777238591,
            24.29098307720368
          ],
          [
            120.7329977763905,
            24.29098304651155
          ],
          [
            120.73300013794913,
            24.29095607150451
          ],
          [
            120.73300249552096,
            24.290929118160328
          ],
          [
            120.73300249755161,
            24.29092908927055
          ],
          [
            120.7330141420668,
            24.29079596921615
          ],
          [
            120.73305550860096,
            24.290492499278493
          ],
          [
            120.73305831787029,
            24.290471881590456
          ],
          [
            120.73305939434871,
            24.29046398476403
          ],
          [
            120.73306280187138,
            24.29043898356203
          ],
          [
            120.73308015272127,
            24.290307383194236
          ],
          [
            120.73312191959026,
            24.29006765986033
          ],
          [
            120.73316984397945,
            24.28983695843037
          ],
          [
            120.73321716757512,
            24.28961837487509
          ],
          [
            120.73331495652447,
            24.289260520032858
          ],
          [
            120.73347444703676,
            24.288723239091773
          ],
          [
            120.73363303320399,
            24.28817115844029
          ],
          [
            120.73372000750916,
            24.287911602058596
          ],
          [
            120.73372817438046,
            24.287884879181554
          ],
          [
            120.73373642850731,
            24.28785788197
          ],
          [
            120.73484908124865,
            24.284241460167756
          ],
          [
            120.7349152448686,
            24.28400100306622
          ],
          [
            120.73525003509573,
            24.282904526928974
          ],
          [
            120.73534378123232,
            24.282596596520232
          ],
          [
            120.73563602948177,
            24.281636663938208
          ],
          [
            120.73576435140606,
            24.28121673758059
          ],
          [
            120.73596027894129,
            24.28057557632126
          ],
          [
            120.73596478734875,
            24.2805608250506
          ],
          [
            120.73596929181137,
            24.280546075578737
          ],
          [
            120.73601425686512,
            24.280398925627487
          ],
          [
            120.73642548382267,
            24.27904506482824
          ],
          [
            120.73686829880215,
            24.277593639148726
          ],
          [
            120.7368691238875,
            24.277590937238404
          ],
          [
            120.73697498676155,
            24.277249837042124
          ],
          [
            120.73698587623277,
            24.27721475401497
          ],
          [
            120.73699765217081,
            24.277176812073996
          ],
          [
            120.73701962544526,
            24.277106012501868
          ],
          [
            120.73702336962097,
            24.27709395056717
          ],
          [
            120.73702406782513,
            24.277091634885526
          ],
          [
            120.73702874897761,
            24.27707610375191
          ],
          [
            120.73703064324938,
            24.277069822714317
          ],
          [
            120.73703393790946,
            24.277058890455972
          ],
          [
            120.73703747654982,
            24.277047145992693
          ],
          [
            120.73704995597525,
            24.277005741667217
          ],
          [
            120.7371648906759,
            24.276624406683258
          ],
          [
            120.73738595251271,
            24.27589800406184
          ],
          [
            120.73743477926519,
            24.27573842524985
          ],
          [
            120.73744422965517,
            24.27570753826868
          ],
          [
            120.73745420957225,
            24.275674924014446
          ],
          [
            120.73745590132532,
            24.275669392043074
          ],
          [
            120.73747835017637,
            24.275596025307
          ],
          [
            120.73750252248108,
            24.275517023716688
          ],
          [
            120.7375363454277,
            24.275406472736318
          ],
          [
            120.73754790201278,
            24.27536870191736
          ],
          [
            120.7375484989879,
            24.275366747225487
          ],
          [
            120.73755928374332,
            24.275331656742292
          ],
          [
            120.73763640515001,
            24.275080691697262
          ],
          [
            120.73773575414015,
            24.274732381518906
          ],
          [
            120.73781856160498,
            24.274409651322244
          ],
          [
            120.73787540769717,
            24.274162304363387
          ],
          [
            120.73793347001674,
            24.27385972971171
          ],
          [
            120.7379823211969,
            24.27354823275517
          ],
          [
            120.73800058938924,
            24.27338445302373
          ],
          [
            120.73800505059417,
            24.273344445137678
          ],
          [
            120.73800618187752,
            24.273333613862356
          ],
          [
            120.73800622005416,
            24.273333249148774
          ],
          [
            120.73800633863496,
            24.27333210083987
          ],
          [
            120.73800655963723,
            24.273329999224767
          ],
          [
            120.73800804280796,
            24.27331568148174
          ],
          [
            120.73801167353945,
            24.273282947887147
          ],
          [
            120.73803071317752,
            24.27308491633069
          ],
          [
            120.73804733933385,
            24.272839930611635
          ],
          [
            120.73804983078095,
            24.272710465307796
          ],
          [
            120.73805092397461,
            24.27245397309742
          ],
          [
            120.73805071368382,
            24.272446046909305
          ],
          [
            120.73804925261685,
            24.272390978953954
          ],
          [
            120.73804887224156,
            24.272376654386335
          ],
          [
            120.73804780965801,
            24.272336687540022
          ],
          [
            120.73804679656031,
            24.272298526617448
          ],
          [
            120.73804271852457,
            24.272144942039066
          ],
          [
            120.73804128495328,
            24.272090878175213
          ],
          [
            120.73804067581976,
            24.272068027848217
          ],
          [
            120.73804039597158,
            24.272057517384617
          ],
          [
            120.73803945782355,
            24.272022195368255
          ],
          [
            120.73803748105513,
            24.27194771194874
          ],
          [
            120.73801708265508,
            24.271702698517707
          ],
          [
            120.73799973905489,
            24.271537714284126
          ],
          [
            120.73796851803677,
            24.271289870493924
          ],
          [
            120.7379312050949,
            24.271062739998314
          ],
          [
            120.73788814924276,
            24.270822552401015
          ],
          [
            120.73784924912546,
            24.270629849264825
          ],
          [
            120.73773995779986,
            24.27020453918579
          ],
          [
            120.73769392238789,
            24.270040047150765
          ],
          [
            120.7376158164549,
            24.26979832722275
          ],
          [
            120.73749863096917,
            24.269477723933623
          ],
          [
            120.73733795389113,
            24.26909263294027
          ],
          [
            120.73732270736683,
            24.269056092530892
          ],
          [
            120.73732034138587,
            24.26905042533141
          ],
          [
            120.7373051918102,
            24.26901655772991
          ],
          [
            120.73723245396906,
            24.2688539426225
          ],
          [
            120.73714648631157,
            24.268688173283902
          ],
          [
            120.73694492525486,
            24.26831058305744
          ],
          [
            120.73690544318,
            24.26823846356043
          ],
          [
            120.73667860223685,
            24.267840919846634
          ],
          [
            120.7363167800474,
            24.26724821403231
          ],
          [
            120.73595074134042,
            24.266607590179113
          ],
          [
            120.7356699619119,
            24.266139424173172
          ],
          [
            120.73549772784921,
            24.265878946508025
          ],
          [
            120.73522446085049,
            24.2655000310171
          ],
          [
            120.7349485441498,
            24.265158139160224
          ],
          [
            120.73456811452778,
            24.2647444664717
          ],
          [
            120.73417527299647,
            24.264391757966482
          ],
          [
            120.73362613407558,
            24.26393775967869
          ],
          [
            120.73329258585862,
            24.26369421013378
          ],
          [
            120.73295877782229,
            24.263419120401483
          ],
          [
            120.73216067250324,
            24.262798492502203
          ],
          [
            120.73214965325353,
            24.26279020054134
          ],
          [
            120.732138407842,
            24.262781736626525
          ],
          [
            120.7276175132932,
            24.259378942221552
          ],
          [
            120.72758571395974,
            24.25935500844717
          ],
          [
            120.72753394617345,
            24.259316041390576
          ],
          [
            120.72747294148431,
            24.259270121532563
          ],
          [
            120.7274129279815,
            24.25922494923868
          ],
          [
            120.72738837156594,
            24.259206463983567
          ],
          [
            120.7272494067981,
            24.25910186254634
          ],
          [
            120.72702185230527,
            24.258929092251062
          ],
          [
            120.7268715705086,
            24.258812356578648
          ],
          [
            120.72672318027017,
            24.258693607032118
          ],
          [
            120.72657735657204,
            24.25857221639767
          ],
          [
            120.72640610488503,
            24.258422011038736
          ],
          [
            120.72623973242858,
            24.25826726174363
          ],
          [
            120.72607838861246,
            24.258108102429365
          ],
          [
            120.7259222070789,
            24.25794467059638
          ],
          [
            120.72577132342559,
            24.257777109166163
          ],
          [
            120.72562586931247,
            24.257605559247235
          ],
          [
            120.72548596850285,
            24.257430169157153
          ],
          [
            120.72535174080669,
            24.257251092623733
          ],
          [
            120.72529764598495,
            24.257175640810388
          ],
          [
            120.72519208742581,
            24.257023183437642
          ],
          [
            120.72508939261641,
            24.25686908604468
          ],
          [
            120.72493897344714,
            24.256635945502083
          ],
          [
            120.72445471393435,
            24.255871449291668
          ],
          [
            120.72431176658546,
            24.255640792039756
          ],
          [
            120.72428433603692,
            24.25559652810741
          ],
          [
            120.72427227052154,
            24.255577060939668
          ],
          [
            120.72425951416245,
            24.255555533859635
          ],
          [
            120.72412528615673,
            24.25532900052157
          ],
          [
            120.7240968542641,
            24.255278759209624
          ],
          [
            120.72395520726893,
            24.2550284528066
          ],
          [
            120.72293920545754,
            24.253190819817792
          ],
          [
            120.72237346481862,
            24.252167542957427
          ],
          [
            120.72232222976601,
            24.25207487477384
          ],
          [
            120.72226726523401,
            24.251975454944606
          ],
          [
            120.72186366811697,
            24.251245440991205
          ],
          [
            120.72163289554557,
            24.250828022906372
          ],
          [
            120.72155458711288,
            24.250688562500805
          ],
          [
            120.72145259000713,
            24.25050691574703
          ],
          [
            120.72131212866928,
            24.25026861782345
          ],
          [
            120.72121445251808,
            24.250111810956653
          ],
          [
            120.72110500310495,
            24.249945696804076
          ],
          [
            120.72099084478575,
            24.2497822682529
          ],
          [
            120.72087205413212,
            24.249621641007153
          ],
          [
            120.72074871363871,
            24.249463923558213
          ],
          [
            120.72068111371902,
            24.249382099552115
          ],
          [
            120.72062350466308,
            24.24931236772331
          ],
          [
            120.72062090580278,
            24.2493092225914
          ],
          [
            120.72058105456225,
            24.249262844000842
          ],
          [
            120.72055996298224,
            24.249238298178426
          ],
          [
            120.72037244965409,
            24.249028988817255
          ],
          [
            120.72017994162539,
            24.248823520094337
          ],
          [
            120.7197091429864,
            24.248333844484243
          ],
          [
            120.71970877355209,
            24.24833346096507
          ],
          [
            120.71937476009685,
            24.247986051299897
          ],
          [
            120.71932040663117,
            24.24792952207662
          ],
          [
            120.71930112944321,
            24.24790947055625
          ],
          [
            120.71925628494338,
            24.247862827781486
          ],
          [
            120.71838614384278,
            24.246957780228875
          ],
          [
            120.71831953344534,
            24.246888494964818
          ],
          [
            120.71827771186295,
            24.246844996051237
          ],
          [
            120.71742994426667,
            24.245963200347628
          ],
          [
            120.71741006441393,
            24.245942522646082
          ],
          [
            120.7173882451183,
            24.245919827825098
          ],
          [
            120.71630071517538,
            24.244788619600847
          ],
          [
            120.71628952473382,
            24.244776979943783
          ],
          [
            120.71627653243142,
            24.24476346426715
          ],
          [
            120.71603909125878,
            24.244516484074474
          ],
          [
            120.71602385896207,
            24.244500640076257
          ],
          [
            120.7159763916799,
            24.244451264614067
          ],
          [
            120.71592113342068,
            24.244393784416054
          ],
          [
            120.71587464868603,
            24.24434543286341
          ],
          [
            120.71585605048199,
            24.244326086451615
          ],
          [
            120.71510346155092,
            24.24354324769052
          ],
          [
            120.7148335171142,
            24.243259921755513
          ],
          [
            120.71463438741682,
            24.243044803020002
          ],
          [
            120.71444021408914,
            24.242825913693242
          ],
          [
            120.71437692920482,
            24.242751892598847
          ],
          [
            120.7142151461276,
            24.2425551871576
          ],
          [
            120.71405927684684,
            24.242354508964166
          ],
          [
            120.71390943524938,
            24.242150004523722
          ],
          [
            120.7137657371729,
            24.241941827568223
          ],
          [
            120.71362828466243,
            24.24173013360916
          ],
          [
            120.71349718566496,
            24.241515079974683
          ],
          [
            120.7133725323656,
            24.24129682576858
          ],
          [
            120.71325442284336,
            24.241075535522803
          ],
          [
            120.71314294139314,
            24.24085137193694
          ],
          [
            120.71310213526495,
            24.24076508043152
          ],
          [
            120.71302315268031,
            24.240591474819713
          ],
          [
            120.7129471505797,
            24.24041675335717
          ],
          [
            120.71283731648653,
            24.24015317829773
          ],
          [
            120.71273050232803,
            24.23988855965823
          ],
          [
            120.71264019388458,
            24.239662689395185
          ],
          [
            120.7126096818304,
            24.23958637641426
          ],
          [
            120.7125732358387,
            24.239495220824704
          ],
          [
            120.71164760901836,
            24.237180093417482
          ],
          [
            120.71163427273999,
            24.237146737682917
          ],
          [
            120.71162211734631,
            24.237116334934093
          ],
          [
            120.71161866479915,
            24.237107700068485
          ],
          [
            120.71161311487633,
            24.2370938188628
          ],
          [
            120.71160456283607,
            24.237072425073727
          ],
          [
            120.71160454912376,
            24.237072392542537
          ],
          [
            120.71157486469696,
            24.23699815040328
          ],
          [
            120.71156946558196,
            24.23698464329143
          ],
          [
            120.71156133459215,
            24.23696430491071
          ],
          [
            120.71155733176369,
            24.2369542929474
          ],
          [
            120.71155297643281,
            24.23694340086973
          ],
          [
            120.71153935819846,
            24.236909342118405
          ],
          [
            120.71152326857931,
            24.23686909366482
          ],
          [
            120.70995087266581,
            24.23293608536835
          ],
          [
            120.70993522266852,
            24.232896935524955
          ],
          [
            120.70991909878681,
            24.232856603754083
          ],
          [
            120.70980187490235,
            24.23256338375432
          ],
          [
            120.70970716118657,
            24.232321151285166
          ],
          [
            120.70962876565852,
            24.232112665010852
          ],
          [
            120.70962223353384,
            24.232095289348408
          ],
          [
            120.70961573271879,
            24.232078002231816
          ],
          [
            120.70961568573856,
            24.232077877538874
          ],
          [
            120.70951514145551,
            24.23179234048125
          ],
          [
            120.70944787150339,
            24.231587129466376
          ],
          [
            120.7093844008477,
            24.231380903562215
          ],
          [
            120.70933626196127,
            24.23121512714109
          ],
          [
            120.70929008960795,
            24.231048879520007
          ],
          [
            120.70922345179748,
            24.230798908104372
          ],
          [
            120.70900528834609,
            24.229954740566995
          ],
          [
            120.70899211561849,
            24.229903772479073
          ],
          [
            120.70897577272109,
            24.229840531219306
          ],
          [
            120.70854847734404,
            24.228187115571416
          ],
          [
            120.70842972318539,
            24.227714722625045
          ],
          [
            120.70842926082716,
            24.227712812960146
          ],
          [
            120.70841472489195,
            24.227652751570176
          ],
          [
            120.70839931690192,
            24.227589100291766
          ],
          [
            120.70825478349131,
            24.2269919586963
          ],
          [
            120.70824616854594,
            24.22695635979134
          ],
          [
            120.7082424229027,
            24.22694088915123
          ],
          [
            120.70805813106158,
            24.22617947454337
          ],
          [
            120.70805551500833,
            24.226168663341568
          ],
          [
            120.70736928738553,
            24.223333390876128
          ],
          [
            120.70736919374107,
            24.223333007856557
          ],
          [
            120.70680848411371,
            24.221016246056617
          ],
          [
            120.70674113994409,
            24.22072475550418
          ],
          [
            120.70667906570125,
            24.220432285459147
          ],
          [
            120.70666000410563,
            24.22033451445586
          ],
          [
            120.70665426497997,
            24.220302335834223
          ],
          [
            120.70664699193775,
            24.220261551198547
          ],
          [
            120.70663798860474,
            24.220211067632288
          ],
          [
            120.70662035524116,
            24.220112190582412
          ],
          [
            120.70658575692119,
            24.219889159502532
          ],
          [
            120.70655932044549,
            24.219692003878404
          ],
          [
            120.70653604522326,
            24.21949451303171
          ],
          [
            120.70649583484271,
            24.219098945797167
          ],
          [
            120.7061689781985,
            24.215580497473194
          ],
          [
            120.70616071918265,
            24.21549159043533
          ],
          [
            120.70614214888712,
            24.215291701310466
          ],
          [
            120.70595838622447,
            24.213313488589016
          ],
          [
            120.70583814746797,
            24.212019081738454
          ],
          [
            120.70579983485831,
            24.21160663654878
          ],
          [
            120.70579275803694,
            24.21153045033185
          ],
          [
            120.7057852066393,
            24.211449145418964
          ],
          [
            120.70564337993237,
            24.20992229796747
          ],
          [
            120.70564000587719,
            24.20988597941318
          ],
          [
            120.70563661455544,
            24.2098494639876
          ],
          [
            120.70539177657906,
            24.207213552418537
          ],
          [
            120.7053853784148,
            24.20714468476227
          ],
          [
            120.70537925504735,
            24.207078759367494
          ]
        ]
      }
    }
  ]
}