{
  "type": "FeatureCollection",
  "features": [
    {
      "type": "Feature",
      "properties": {
        "track_id": "OD-屏東-SH",
        "source_track": "BB-CZ-KL-0",
        "point_count": 1299
      },
      "geometry": {
        "type": "LineString",
        "coordinates": [
          [
            120.48579806316508,
            22.668872326047083
          ],
          [
            120.48454222156964,
            22.669059740558676
          ],
          [
            120.48412133321371,
            22.66913242959858
          ],
          [
            120.48390067415954,
            22.669169810946016
          ],
          [
            120.48377552515156,
            22.66919329970254
          ],
          [
            120.48346122526496,
            22.6692590714617
          ],
          [
            120.48305553406684,
            22.66932935751905
          ],
          [
            120.48301853963348,
            22.66933576652906
          ],
          [
            120.48248645715017,
            22.669435957024934
          ],
          [
            120.48170082756356,
            22.66958176398086
          ],
          [
            120.48152597969924,
            22.669611033351657
          ],
          [
            120.48130120806024,
            22.669641884732858
          ],
          [
            120.48106345602645,
            22.669664444064644
          ],
          [
            120.48076340877061,
            22.669681410607964
          ],
          [
            120.48056488534951,
            22.66968571225527
          ],
          [
            120.48032408596985,
            22.669679690612675
          ],
          [
            120.48010105792396,
            22.66966893542447
          ],
          [
            120.47992007920836,
            22.669654791717797
          ],
          [
            120.47975124008224,
            22.669633688328254
          ],
          [
            120.47955280787801,
            22.669602992677206
          ],
          [
            120.47935339202847,
            22.669567892852427
          ],
          [
            120.47914110584489,
            22.669521985258307
          ],
          [
            120.47890268963992,
            22.669466594882806
          ],
          [
            120.47853769445524,
            22.669366886870478
          ],
          [
            120.47791343999079,
            22.669197512773806
          ],
          [
            120.47734467556248,
            22.669039207624895
          ],
          [
            120.4766553825922,
            22.668850608319556
          ],
          [
            120.47588273143289,
            22.668637943399826
          ],
          [
            120.47507749696196,
            22.668416180519056
          ],
          [
            120.4742308089176,
            22.66818271177084
          ],
          [
            120.47381658859,
            22.668069991464545
          ],
          [
            120.47324171975934,
            22.66790811895257
          ],
          [
            120.47222435563386,
            22.667629154434497
          ],
          [
            120.47180076705834,
            22.667509757715997
          ],
          [
            120.47123734239142,
            22.667359405746293
          ],
          [
            120.47045747915371,
            22.667142708471978
          ],
          [
            120.46991002046605,
            22.666991511499088
          ],
          [
            120.46960099221755,
            22.66690830978543
          ],
          [
            120.4691884756385,
            22.66679487072007
          ],
          [
            120.46847751683113,
            22.666597319925543
          ],
          [
            120.46813239664085,
            22.666501726350678
          ],
          [
            120.4675648915253,
            22.666347051151998
          ],
          [
            120.46697498011976,
            22.666188934520168
          ],
          [
            120.46657079922942,
            22.66609319075951
          ],
          [
            120.46588076068358,
            22.665933811943606
          ],
          [
            120.46518263339885,
            22.665777740068673
          ],
          [
            120.46454049974672,
            22.665619946827395
          ],
          [
            120.46356129245409,
            22.665348726073045
          ],
          [
            120.46160272497328,
            22.664807606426066
          ],
          [
            120.46087511614911,
            22.664607810561808
          ],
          [
            120.46077322680522,
            22.664579832404407
          ],
          [
            120.46049615908264,
            22.664503750443238
          ],
          [
            120.45862544171533,
            22.66400527493169
          ],
          [
            120.45805553080662,
            22.663848731263432
          ],
          [
            120.45783078517348,
            22.663786997407158
          ],
          [
            120.45719983580716,
            22.663612092182245
          ],
          [
            120.45665629397172,
            22.66346258394565
          ],
          [
            120.45617790917171,
            22.66333249189273
          ],
          [
            120.45568683176614,
            22.663193495155713
          ],
          [
            120.45495385758474,
            22.662979384790493
          ],
          [
            120.45440287304545,
            22.66282764735924
          ],
          [
            120.45394377013581,
            22.662703911550977
          ],
          [
            120.45353384644812,
            22.662588545786768
          ],
          [
            120.45295379845956,
            22.66245164308151
          ],
          [
            120.4524021509078,
            22.662328331932148
          ],
          [
            120.45230345752799,
            22.662306270937457
          ],
          [
            120.4519007558312,
            22.662223916232083
          ],
          [
            120.4514825243812,
            22.66215191267523
          ],
          [
            120.45079808442371,
            22.662058233894406
          ],
          [
            120.45030151415756,
            22.661997286995714
          ],
          [
            120.44996503447867,
            22.66197216984985
          ],
          [
            120.44965902626598,
            22.661953854829076
          ],
          [
            120.44918211543046,
            22.661931705206122
          ],
          [
            120.44888411105403,
            22.66191357335994
          ],
          [
            120.44865059045618,
            22.66190801793978
          ],
          [
            120.44826593271603,
            22.661905733851007
          ],
          [
            120.44795248734285,
            22.66190750160977
          ],
          [
            120.44764172351218,
            22.661905429062816
          ],
          [
            120.44713236440025,
            22.66191788318603
          ],
          [
            120.44671332007178,
            22.66193086342597
          ],
          [
            120.44428101539589,
            22.662010875494676
          ],
          [
            120.43841522567566,
            22.662179170826043
          ],
          [
            120.43620670076945,
            22.662244571444003
          ],
          [
            120.4362045967738,
            22.66224463267456
          ],
          [
            120.43620434763834,
            22.662244640828703
          ],
          [
            120.43392656845658,
            22.662312040224368
          ],
          [
            120.43305553257588,
            22.66234033345324
          ],
          [
            120.43305340713802,
            22.662340402694213
          ],
          [
            120.43305058684841,
            22.662340493859578
          ],
          [
            120.43275338886346,
            22.662351278616136
          ],
          [
            120.43199334365497,
            22.662371434796498
          ],
          [
            120.43106069774745,
            22.662401957825764
          ],
          [
            120.43045842593907,
            22.66241443621066
          ],
          [
            120.4298630298696,
            22.662429694803716
          ],
          [
            120.42915905682682,
            22.662452811304764
          ],
          [
            120.42835472204082,
            22.662473717154704
          ],
          [
            120.42756417746597,
            22.66249832209403
          ],
          [
            120.42705556999115,
            22.6625093025836
          ],
          [
            120.4265490808649,
            22.662511137227085
          ],
          [
            120.42629652889215,
            22.662492682655486
          ],
          [
            120.42612728514324,
            22.66248031574402
          ],
          [
            120.4258148029134,
            22.66243704404671
          ],
          [
            120.42549591202743,
            22.662374682942747
          ],
          [
            120.4252120975194,
            22.662302183545552
          ],
          [
            120.4248038791514,
            22.662163663565224
          ],
          [
            120.42444268966469,
            22.662006842617977
          ],
          [
            120.4241681209157,
            22.661865677329118
          ],
          [
            120.42382816334063,
            22.66165795427745
          ],
          [
            120.42351559497811,
            22.661440030342906
          ],
          [
            120.42331233583809,
            22.661255388529728
          ],
          [
            120.42309734777058,
            22.66104965434979
          ],
          [
            120.42273066653955,
            22.66063807272817
          ],
          [
            120.42260716062289,
            22.66047097520172
          ],
          [
            120.4224717855313,
            22.660275121382835
          ],
          [
            120.42220972414147,
            22.65979220659427
          ],
          [
            120.42201992683538,
            22.659296280393168
          ],
          [
            120.42187678909407,
            22.658821372613758
          ],
          [
            120.42173472952548,
            22.658196402002552
          ],
          [
            120.42164199133441,
            22.6577884107436
          ],
          [
            120.42162654621453,
            22.65772044971254
          ],
          [
            120.42147965671191,
            22.65706508359376
          ],
          [
            120.42126799237056,
            22.656111428162834
          ],
          [
            120.42094768781634,
            22.654724279820037
          ],
          [
            120.42063610223676,
            22.65339678629737
          ],
          [
            120.42050523225271,
            22.65278704101734
          ],
          [
            120.42050523225271,
            22.65278704101734
          ],
          [
            120.42041179265784,
            22.652351690253198
          ],
          [
            120.42039775654595,
            22.652286290794724
          ],
          [
            120.42025856154356,
            22.651678923676474
          ],
          [
            120.41987148634914,
            22.649973463585216
          ],
          [
            120.41950005882715,
            22.648342463851044
          ],
          [
            120.41949802866729,
            22.648333804985977
          ],
          [
            120.41948312362531,
            22.64827023463353
          ],
          [
            120.41942269390242,
            22.647980125062773
          ],
          [
            120.41925190094723,
            22.647300546806157
          ],
          [
            120.41913065276354,
            22.646880079207346
          ],
          [
            120.41904163669042,
            22.64662781966106
          ],
          [
            120.4188549326277,
            22.64616563430686
          ],
          [
            120.41868882903971,
            22.645826372234342
          ],
          [
            120.41849689470212,
            22.64547026956437
          ],
          [
            120.41831412508708,
            22.645184700737435
          ],
          [
            120.41806916634836,
            22.64484189177121
          ],
          [
            120.41755666948924,
            22.644226053951606
          ],
          [
            120.41741756834384,
            22.644083024307815
          ],
          [
            120.41708984927372,
            22.64377523441805
          ],
          [
            120.41686609680472,
            22.64357972461694
          ],
          [
            120.41648095419451,
            22.643277321028673
          ],
          [
            120.4160602753245,
            22.642988775831736
          ],
          [
            120.41566596092164,
            22.642758510239272
          ],
          [
            120.41534448975817,
            22.64259333338523
          ],
          [
            120.41483784454897,
            22.64236161577759
          ],
          [
            120.41445582980987,
            22.64220958449583
          ],
          [
            120.41418257101898,
            22.642119437781396
          ],
          [
            120.41371886544889,
            22.641988483089804
          ],
          [
            120.41310372208935,
            22.641856975519747
          ],
          [
            120.41262212188342,
            22.64178939359724
          ],
          [
            120.41216979804825,
            22.641748767062495
          ],
          [
            120.41176205383363,
            22.64172693968949
          ],
          [
            120.4105611258981,
            22.64168724406096
          ],
          [
            120.40805555593278,
            22.641615351253737
          ],
          [
            120.40509924556707,
            22.641530475321872
          ],
          [
            120.39998193393954,
            22.641367305048874
          ],
          [
            120.39954928813091,
            22.64135575694909
          ],
          [
            120.39947441632295,
            22.64135375798188
          ],
          [
            120.39655985505274,
            22.641275928754965
          ],
          [
            120.39586090932941,
            22.641235402612015
          ],
          [
            120.39491755152233,
            22.641162478960812
          ],
          [
            120.39458175441074,
            22.641121878691912
          ],
          [
            120.39344135362599,
            22.640919789902977
          ],
          [
            120.39106951164153,
            22.640431613773508
          ],
          [
            120.38974149604617,
            22.640173482631468
          ],
          [
            120.38901073413945,
            22.640014394062998
          ],
          [
            120.38793370697458,
            22.639798496597557
          ],
          [
            120.38664466717889,
            22.639569490214004
          ],
          [
            120.38528625050604,
            22.639291039520955
          ],
          [
            120.3830555305323,
            22.63884849476423
          ],
          [
            120.38305358648363,
            22.638848109798126
          ],
          [
            120.3818900919191,
            22.638617274503012
          ],
          [
            120.38000970456278,
            22.63823117965528
          ],
          [
            120.37790061848877,
            22.637810538948102
          ],
          [
            120.37763020931285,
            22.637756605482917
          ],
          [
            120.37625403204909,
            22.63748211893055
          ],
          [
            120.37441024559435,
            22.63710330604202
          ],
          [
            120.37400040683633,
            22.637010663905066
          ],
          [
            120.37357151052265,
            22.636891114073926
          ],
          [
            120.37311479762016,
            22.63673578374952
          ],
          [
            120.37251226480126,
            22.636500104750283
          ],
          [
            120.37207723647902,
            22.63629900174756
          ],
          [
            120.37171263827437,
            22.636100814128973
          ],
          [
            120.37141762810991,
            22.6359306120821
          ],
          [
            120.36903637997382,
            22.634444480046575
          ],
          [
            120.36743335555116,
            22.633324321938005
          ],
          [
            120.3665927839635,
            22.632693335758947
          ],
          [
            120.36606817972122,
            22.632301645321892
          ],
          [
            120.36540316869595,
            22.631808857361772
          ],
          [
            120.3650261523418,
            22.631558186646803
          ],
          [
            120.36472885749835,
            22.63138630183204
          ],
          [
            120.36421240586196,
            22.63114333734701
          ],
          [
            120.36361719328879,
            22.6309358530721
          ],
          [
            120.36317278215259,
            22.63082946152569
          ],
          [
            120.36257859285234,
            22.630730449565615
          ],
          [
            120.36231891348744,
            22.630705475924792
          ],
          [
            120.36194850889153,
            22.630684615649802
          ],
          [
            120.36157451361046,
            22.630713277548224
          ],
          [
            120.36108000882189,
            22.63078252323498
          ],
          [
            120.3592714558784,
            22.631133856847296
          ],
          [
            120.35805552004373,
            22.631369554260022
          ],
          [
            120.35639043793115,
            22.631692297833123
          ],
          [
            120.35334016294786,
            22.63227958986292
          ],
          [
            120.35130318163742,
            22.63268050545006
          ],
          [
            120.34921096217661,
            22.633058859434257
          ],
          [
            120.34577431799806,
            22.633655533146573
          ],
          [
            120.34531660400438,
            22.633728535558777
          ],
          [
            120.34383912966797,
            22.63395018122456
          ],
          [
            120.34279747478513,
            22.634126245275915
          ],
          [
            120.34113136268205,
            22.63440153623266
          ],
          [
            120.33893588957365,
            22.634798771217906
          ],
          [
            120.33764002669432,
            22.635077324074782
          ],
          [
            120.33648157272337,
            22.63529035533787
          ],
          [
            120.33447821021198,
            22.63564178183251
          ],
          [
            120.33305551816832,
            22.635890551997893
          ],
          [
            120.33303251599777,
            22.63589457433888
          ],
          [
            120.33228974732123,
            22.636009687338394
          ],
          [
            120.32918539377187,
            22.636566136962813
          ],
          [
            120.3279157113715,
            22.636787033603934
          ],
          [
            120.32609540050387,
            22.637105996885996
          ],
          [
            120.32380601825221,
            22.637505490897706
          ],
          [
            120.32143926487225,
            22.637923999003593
          ],
          [
            120.3184343098136,
            22.63848884189073
          ],
          [
            120.31767802446984,
            22.6385835209604
          ],
          [
            120.31696055136341,
            22.638648993963983
          ],
          [
            120.31441955720085,
            22.638829591565987
          ],
          [
            120.31355231681502,
            22.638878907673917
          ],
          [
            120.31244218202315,
            22.638905968286977
          ],
          [
            120.31164960045056,
            22.638914985912685
          ],
          [
            120.30912289250956,
            22.639087674150037
          ],
          [
            120.30805555326475,
            22.639161047228402
          ],
          [
            120.30669643351064,
            22.639254467856485
          ],
          [
            120.30415736097095,
            22.639386489928793
          ],
          [
            120.30259894126868,
            22.639498422126422
          ],
          [
            120.30046973563199,
            22.63973279920957
          ],
          [
            120.29987754446407,
            22.63980593761422
          ],
          [
            120.29896864532057,
            22.63987526291783
          ],
          [
            120.2983066267733,
            22.63992131426054
          ],
          [
            120.29733866061245,
            22.639987234535372
          ],
          [
            120.29665035049855,
            22.640018479938842
          ],
          [
            120.29623119085397,
            22.64000685148401
          ],
          [
            120.29569642307759,
            22.6399163966596
          ],
          [
            120.29493832508717,
            22.639673220517583
          ],
          [
            120.29382316432718,
            22.639134781714734
          ],
          [
            120.2926370382888,
            22.638554416212756
          ],
          [
            120.29167972120423,
            22.63808763276802
          ],
          [
            120.2911510918009,
            22.637830768625733
          ],
          [
            120.2906564988357,
            22.63762055309599
          ],
          [
            120.2902012415254,
            22.637452115324265
          ],
          [
            120.28913368878288,
            22.637196132763616
          ],
          [
            120.2877494632693,
            22.636900371117726
          ],
          [
            120.28671446645944,
            22.636675504994717
          ],
          [
            120.28603950203355,
            22.636552282573746
          ],
          [
            120.28576741905701,
            22.636537604464493
          ],
          [
            120.28521102200322,
            22.636541274328682
          ],
          [
            120.28473970385905,
            22.636591384398805
          ],
          [
            120.28434901680731,
            22.636684273505786
          ],
          [
            120.28395810943124,
            22.636819582136265
          ],
          [
            120.28362625746269,
            22.636977996649474
          ],
          [
            120.28327076604022,
            22.637175461686297
          ],
          [
            120.28305553156498,
            22.637329084340884
          ],
          [
            120.2829390916863,
            22.637412192004653
          ],
          [
            120.28261420972197,
            22.637694636223763
          ],
          [
            120.28227827135645,
            22.63807492515888
          ],
          [
            120.28206574171011,
            22.638383976811234
          ],
          [
            120.28176222365197,
            22.638955951466546
          ],
          [
            120.28132040130389,
            22.64027916250815
          ],
          [
            120.28094083505883,
            22.64162255377889
          ],
          [
            120.28085715655996,
            22.64262860880082
          ],
          [
            120.28086686142974,
            22.64311034202101
          ],
          [
            120.281025031677,
            22.64477926284045
          ],
          [
            120.28116130349304,
            22.646515886145657
          ],
          [
            120.28127607351652,
            22.648333411079832
          ],
          [
            120.28162839141592,
            22.653912569922284
          ],
          [
            120.28172254721956,
            22.65567270955664
          ],
          [
            120.28178204496761,
            22.656400664820794
          ],
          [
            120.28187653194857,
            22.65716140897069
          ],
          [
            120.2819932522861,
            22.657703619462172
          ],
          [
            120.28215919477879,
            22.658246050363125
          ],
          [
            120.28234292107868,
            22.658749402150328
          ],
          [
            120.28250502034281,
            22.65910173532872
          ],
          [
            120.28271908286067,
            22.6595187488997
          ],
          [
            120.28295174520517,
            22.65990892424175
          ],
          [
            120.28305553333334,
            22.66006436497067
          ],
          [
            120.28367772432533,
            22.660996194620502
          ],
          [
            120.28453281929487,
            22.662293198455558
          ],
          [
            120.28498104848194,
            22.66293237930009
          ],
          [
            120.28523266831456,
            22.663325858155005
          ],
          [
            120.28574852780679,
            22.664085929022416
          ],
          [
            120.28631682483189,
            22.664945538913468
          ],
          [
            120.28818583418631,
            22.667695652943344
          ],
          [
            120.28853971629478,
            22.668189772255044
          ],
          [
            120.28883008931182,
            22.668627554896908
          ],
          [
            120.2893315363308,
            22.669317590367303
          ],
          [
            120.28968538601039,
            22.669787274737647
          ],
          [
            120.29058512180237,
            22.670768356322007
          ],
          [
            120.29304651924653,
            22.6733337817719
          ],
          [
            120.29519177753701,
            22.675569598563442
          ],
          [
            120.2966966514447,
            22.67715409089193
          ],
          [
            120.29767418906994,
            22.67820214587013
          ],
          [
            120.2983694499587,
            22.67893063263885
          ],
          [
            120.29893383966768,
            22.679547561711477
          ],
          [
            120.29949999034649,
            22.680152351273357
          ],
          [
            120.30238701647127,
            22.68320204560047
          ],
          [
            120.30299664718366,
            22.683811638989862
          ],
          [
            120.30386249138247,
            22.68461411780767
          ],
          [
            120.30501282456463,
            22.68558096645821
          ],
          [
            120.30570249820522,
            22.686138608174105
          ],
          [
            120.30805402878347,
            22.688168356139755
          ],
          [
            120.30259894126868,
            22.639498422126422
          ],
          [
            120.30046973563199,
            22.63973279920957
          ],
          [
            120.29987754446407,
            22.63980593761422
          ],
          [
            120.29896864532057,
            22.63987526291783
          ],
          [
            120.2983066267733,
            22.63992131426054
          ],
          [
            120.29733866061245,
            22.639987234535372
          ],
          [
            120.29665035049855,
            22.640018479938842
          ],
          [
            120.29623119085397,
            22.64000685148401
          ],
          [
            120.29569642307759,
            22.6399163966596
          ],
          [
            120.29493832508717,
            22.639673220517583
          ],
          [
            120.29382316432718,
            22.639134781714734
          ],
          [
            120.2926370382888,
            22.638554416212756
          ],
          [
            120.29167972120423,
            22.63808763276802
          ],
          [
            120.2911510918009,
            22.637830768625733
          ],
          [
            120.2906564988357,
            22.63762055309599
          ],
          [
            120.2902012415254,
            22.637452115324265
          ],
          [
            120.28913368878288,
            22.637196132763616
          ],
          [
            120.2877494632693,
            22.636900371117726
          ],
          [
            120.28671446645944,
            22.636675504994717
          ],
          [
            120.28603950203355,
            22.636552282573746
          ],
          [
            120.28576741905701,
            22.636537604464493
          ],
          [
            120.28521102200322,
            22.636541274328682
          ],
          [
            120.28473970385905,
            22.636591384398805
          ],
          [
            120.28434901680731,
            22.636684273505786
          ],
          [
            120.28395810943124,
            22.636819582136265
          ],
          [
            120.28362625746269,
            22.636977996649474
          ],
          [
            120.28327076604022,
            22.637175461686297
          ],
          [
            120.28305553156498,
            22.637329084340884
          ],
          [
            120.2829390916863,
            22.637412192004653
          ],
          [
            120.28261420972197,
            22.637694636223763
          ],
          [
            120.28227827135645,
            22.63807492515888
          ],
          [
            120.28206574171011,
            22.638383976811234
          ],
          [
            120.28176222365197,
            22.638955951466546
          ],
          [
            120.28132040130389,
            22.64027916250815
          ],
          [
            120.28094083505883,
            22.64162255377889
          ],
          [
            120.28085715655996,
            22.64262860880082
          ],
          [
            120.28086686142974,
            22.64311034202101
          ],
          [
            120.281025031677,
            22.64477926284045
          ],
          [
            120.28116130349304,
            22.646515886145657
          ],
          [
            120.28127607351652,
            22.648333411079832
          ],
          [
            120.28162839141592,
            22.653912569922284
          ],
          [
            120.28172254721956,
            22.65567270955664
          ],
          [
            120.28178204496761,
            22.656400664820794
          ],
          [
            120.28187653194857,
            22.65716140897069
          ],
          [
            120.2819932522861,
            22.657703619462172
          ],
          [
            120.28215919477879,
            22.658246050363125
          ],
          [
            120.28234292107868,
            22.658749402150328
          ],
          [
            120.28250502034281,
            22.65910173532872
          ],
          [
            120.28271908286067,
            22.6595187488997
          ],
          [
            120.28295174520517,
            22.65990892424175
          ],
          [
            120.28305553333334,
            22.66006436497067
          ],
          [
            120.28367772432533,
            22.660996194620502
          ],
          [
            120.28453281929487,
            22.662293198455558
          ],
          [
            120.28498104848194,
            22.66293237930009
          ],
          [
            120.28523266831456,
            22.663325858155005
          ],
          [
            120.28574852780679,
            22.664085929022416
          ],
          [
            120.28631682483189,
            22.664945538913468
          ],
          [
            120.28818583418631,
            22.667695652943344
          ],
          [
            120.28853971629478,
            22.668189772255044
          ],
          [
            120.28883008931182,
            22.668627554896908
          ],
          [
            120.2893315363308,
            22.669317590367303
          ],
          [
            120.28968538601039,
            22.669787274737647
          ],
          [
            120.29058512180237,
            22.670768356322007
          ],
          [
            120.29304651924653,
            22.6733337817719
          ],
          [
            120.29519177753701,
            22.675569598563442
          ],
          [
            120.2966966514447,
            22.67715409089193
          ],
          [
            120.29767418906994,
            22.67820214587013
          ],
          [
            120.2983694499587,
            22.67893063263885
          ],
          [
            120.29893383966768,
            22.679547561711477
          ],
          [
            120.29949999034649,
            22.680152351273357
          ],
          [
            120.30238701647127,
            22.68320204560047
          ],
          [
            120.30299664718366,
            22.683811638989862
          ],
          [
            120.30386249138247,
            22.68461411780767
          ],
          [
            120.30501282456463,
            22.68558096645821
          ],
          [
            120.30570249820522,
            22.686138608174105
          ],
          [
            120.30701310814358,
            22.687269874712058
          ],
          [
            120.30805402878347,
            22.688168356139755
          ],
          [
            120.30805552011005,
            22.688169643128706
          ],
          [
            120.30827073639398,
            22.68835540397488
          ],
          [
            120.30860766347756,
            22.68867274360851
          ],
          [
            120.30871117980138,
            22.688753612913455
          ],
          [
            120.3089154282936,
            22.68891479295466
          ],
          [
            120.3090680652344,
            22.689029148337298
          ],
          [
            120.30932143494549,
            22.68922381322992
          ],
          [
            120.31003470861609,
            22.68984357718186
          ],
          [
            120.31078565974705,
            22.690480286404515
          ],
          [
            120.3111216034674,
            22.6907798452849
          ],
          [
            120.31172841064644,
            22.69135087855916
          ],
          [
            120.31419098608859,
            22.693733314487126
          ],
          [
            120.31529823682179,
            22.69482048437869
          ],
          [
            120.31697714378423,
            22.696434393253426
          ],
          [
            120.31787371045061,
            22.697320050942658
          ],
          [
            120.31821620192954,
            22.697680271128355
          ],
          [
            120.31851630459765,
            22.69801034917344
          ],
          [
            120.31878656522885,
            22.698331237400872
          ],
          [
            120.31878870655459,
            22.698333780510655
          ],
          [
            120.3195470786664,
            22.699234209952756
          ],
          [
            120.321293543852,
            22.701331358848186
          ],
          [
            120.32175988592043,
            22.701949459914186
          ],
          [
            120.32204574362233,
            22.702356367834888
          ],
          [
            120.32220948726388,
            22.702610831237173
          ],
          [
            120.32236989446815,
            22.70289526202798
          ],
          [
            120.32264330989626,
            22.703431404990727
          ],
          [
            120.32320752449141,
            22.704635304987775
          ],
          [
            120.3235729833193,
            22.70547574791246
          ],
          [
            120.32372486288878,
            22.70594357950965
          ],
          [
            120.32377622132627,
            22.706123429297524
          ],
          [
            120.3238571144929,
            22.70646638952847
          ],
          [
            120.32394112224995,
            22.70694585806124
          ],
          [
            120.32397606420479,
            22.70728143834576
          ],
          [
            120.32399644128718,
            22.707581258103893
          ],
          [
            120.32400906384386,
            22.708007931667833
          ],
          [
            120.32399253540629,
            22.70837367251364
          ],
          [
            120.32394383668014,
            22.708906399892534
          ],
          [
            120.32379002932961,
            22.709979860072714
          ],
          [
            120.32339829964756,
            22.712946139128157
          ],
          [
            120.32323517451529,
            22.714044434380593
          ],
          [
            120.32319037415331,
            22.714292363680684
          ],
          [
            120.32312446634715,
            22.714584802223218
          ],
          [
            120.32305330539229,
            22.714856720797524
          ],
          [
            120.32273825688297,
            22.71584189574344
          ],
          [
            120.32215965411197,
            22.717522868706403
          ],
          [
            120.32199671042747,
            22.718125962739833
          ],
          [
            120.32192544335749,
            22.71849007816894
          ],
          [
            120.32187076244259,
            22.718884791853977
          ],
          [
            120.32184954734184,
            22.71917655399857
          ],
          [
            120.32183203926252,
            22.71965770189439
          ],
          [
            120.32184243022847,
            22.720042420954826
          ],
          [
            120.32188074642323,
            22.720421253977424
          ],
          [
            120.32196740614384,
            22.720912963249873
          ],
          [
            120.32204836840556,
            22.721252016604332
          ],
          [
            120.32217706565245,
            22.72171931633959
          ],
          [
            120.32219594663981,
            22.721774702520353
          ],
          [
            120.32225658255446,
            22.721952578027107
          ],
          [
            120.32244679326418,
            22.722454899776526
          ],
          [
            120.32253415793672,
            22.722705996611342
          ],
          [
            120.32275185201934,
            22.72333166878986
          ],
          [
            120.32275258249057,
            22.7233337696936
          ],
          [
            120.32277313092789,
            22.72339282658381
          ],
          [
            120.32325779878919,
            22.724685560834327
          ],
          [
            120.32349528278759,
            22.72536002321059
          ],
          [
            120.32389459564546,
            22.726705144731675
          ],
          [
            120.32401328412817,
            22.727042900156324
          ],
          [
            120.32418113456832,
            22.72752055725828
          ],
          [
            120.32435206452702,
            22.727990389765846
          ],
          [
            120.32477221935792,
            22.729033825082578
          ],
          [
            120.32497830648701,
            22.729574133930363
          ],
          [
            120.32507719711666,
            22.729787249246748
          ],
          [
            120.32512495692416,
            22.72987336441928
          ],
          [
            120.32525198967633,
            22.730206115734138
          ],
          [
            120.32534276131587,
            22.73047831363486
          ],
          [
            120.32541363877253,
            22.730725215893948
          ],
          [
            120.32546991220427,
            22.730969816902327
          ],
          [
            120.32557998068344,
            22.731552201471775
          ],
          [
            120.32562343915714,
            22.73204894769357
          ],
          [
            120.3256346511749,
            22.732490744804764
          ],
          [
            120.32561566029922,
            22.732983327164785
          ],
          [
            120.32558972340898,
            22.733250304882816
          ],
          [
            120.32553077330036,
            22.733609231887677
          ],
          [
            120.32544938844467,
            22.733994750480036
          ],
          [
            120.32539062007953,
            22.7342220138653
          ],
          [
            120.32525577193049,
            22.73468528402552
          ],
          [
            120.32500346339052,
            22.735309384133604
          ],
          [
            120.32475752362146,
            22.735786348103005
          ],
          [
            120.32466117945326,
            22.735957149322086
          ],
          [
            120.32419692028061,
            22.736632777442747
          ],
          [
            120.32291863141927,
            22.738220978638903
          ],
          [
            120.32231089530283,
            22.739049342982256
          ],
          [
            120.32185489542034,
            22.739732624956993
          ],
          [
            120.3213718642531,
            22.740535968793203
          ],
          [
            120.31967187891367,
            22.743660029430337
          ],
          [
            120.31929796326803,
            22.74436180411785
          ],
          [
            120.31867730910199,
            22.745491838402046
          ],
          [
            120.31774863338215,
            22.747228173215966
          ],
          [
            120.3171384603075,
            22.748332208427414
          ],
          [
            120.31713760456877,
            22.748333756221328
          ],
          [
            120.31708477550283,
            22.748429344731
          ],
          [
            120.31468525938836,
            22.7528900675891
          ],
          [
            120.31325652284252,
            22.755499660109493
          ],
          [
            120.31225450243596,
            22.757357761929477
          ],
          [
            120.31188573801613,
            22.75806903888282
          ],
          [
            120.31142878598666,
            22.75890454175773
          ],
          [
            120.31095040198223,
            22.75986336754473
          ],
          [
            120.31029624146731,
            22.761080129818605
          ],
          [
            120.30967916963625,
            22.762227905795864
          ],
          [
            120.3094329413121,
            22.76261619025087
          ],
          [
            120.30881128298334,
            22.763721398889324
          ],
          [
            120.3080835194928,
            22.765120813250697
          ],
          [
            120.30805552745903,
            22.765179587304655
          ],
          [
            120.30796697277987,
            22.765365525170083
          ],
          [
            120.30762285737082,
            22.766141921008447
          ],
          [
            120.30723433244957,
            22.767178512422742
          ],
          [
            120.30699187409562,
            22.767858291995413
          ],
          [
            120.30681413707649,
            22.768399811117146
          ],
          [
            120.30658073023547,
            22.768976713618592
          ],
          [
            120.3063758219725,
            22.76962116960902
          ],
          [
            120.3062002113784,
            22.77007720503653
          ],
          [
            120.30579460098747,
            22.771239099405815
          ],
          [
            120.30547865741369,
            22.772103454681268
          ],
          [
            120.30515676084906,
            22.77300912770101
          ],
          [
            120.30504281090965,
            22.77332919901542
          ],
          [
            120.30504128859371,
            22.773333475565497
          ],
          [
            120.30484969566513,
            22.773871634454583
          ],
          [
            120.30445629671782,
            22.774969030131434
          ],
          [
            120.30425209693857,
            22.775549573000742
          ],
          [
            120.30419215000565,
            22.775720003877208
          ],
          [
            120.30417334282765,
            22.77577347197291
          ],
          [
            120.30388055043412,
            22.776595036367453
          ],
          [
            120.3038000452767,
            22.776821005386577
          ],
          [
            120.30366113496846,
            22.777210906112227
          ],
          [
            120.30358331327405,
            22.7774293371848
          ],
          [
            120.30335913741192,
            22.778073855711273
          ],
          [
            120.30311317024119,
            22.77875191914994
          ],
          [
            120.30287069789318,
            22.779444705371805
          ],
          [
            120.30263106080571,
            22.780113360424632
          ],
          [
            120.30240943519546,
            22.780742152696085
          ],
          [
            120.3021631901097,
            22.78143099185736
          ],
          [
            120.3021222805613,
            22.781545432723615
          ],
          [
            120.30187834689943,
            22.782229205376613
          ],
          [
            120.30174145607889,
            22.782639909145505
          ],
          [
            120.30162561486003,
            22.783010673544485
          ],
          [
            120.30153803599558,
            22.783338475183307
          ],
          [
            120.30147874289912,
            22.783632735752658
          ],
          [
            120.30144143177561,
            22.783862659845205
          ],
          [
            120.30140255238827,
            22.784128949233786
          ],
          [
            120.30135973885153,
            22.78449762282438
          ],
          [
            120.3013390991169,
            22.784698177694988
          ],
          [
            120.30132501791313,
            22.78483499505501
          ],
          [
            120.30130595791582,
            22.78502021851146
          ],
          [
            120.30121666075871,
            22.785838602742974
          ],
          [
            120.30119713296286,
            22.786045236342424
          ],
          [
            120.30116207545521,
            22.78641618691914
          ],
          [
            120.301135474435,
            22.78669764698279
          ],
          [
            120.30110374986107,
            22.787033318186893
          ],
          [
            120.30086017324363,
            22.789288621596043
          ],
          [
            120.30085644431168,
            22.789323148730748
          ],
          [
            120.30083957523614,
            22.789479329576942
          ],
          [
            120.3008273173555,
            22.789588967554128
          ],
          [
            120.30074427754555,
            22.790331607044322
          ],
          [
            120.3006559162502,
            22.791284284242927
          ],
          [
            120.30057988079767,
            22.792039729608263
          ],
          [
            120.30055549874933,
            22.792281949543714
          ],
          [
            120.3004800189989,
            22.793031792215622
          ],
          [
            120.30035373272364,
            22.794369336690774
          ],
          [
            120.30020414348071,
            22.795655653307563
          ],
          [
            120.30011787865551,
            22.7965808687758
          ],
          [
            120.30003141943709,
            22.79743446681737
          ],
          [
            120.29994496021865,
            22.798288064858944
          ],
          [
            120.2999310957819,
            22.798333749755027
          ],
          [
            120.29989519085792,
            22.79845206043398
          ],
          [
            120.29983015174776,
            22.798796491292155
          ],
          [
            120.29966196332443,
            22.799536461521175
          ],
          [
            120.29945564361115,
            22.80017268064381
          ],
          [
            120.29927941394095,
            22.8006102254566
          ],
          [
            120.29900178997043,
            22.801209390851646
          ],
          [
            120.29864865605953,
            22.80183083589693
          ],
          [
            120.29824793618475,
            22.802447217643415
          ],
          [
            120.29767022786443,
            22.80333557546238
          ],
          [
            120.29709735235785,
            22.804220055588907
          ],
          [
            120.29696465538922,
            22.80442384926917
          ],
          [
            120.29623416399329,
            22.80554570861619
          ],
          [
            120.29611498671576,
            22.80572873509295
          ],
          [
            120.2956907578421,
            22.806386499984917
          ],
          [
            120.29498674325934,
            22.807472850980215
          ],
          [
            120.29414353417103,
            22.808776057666616
          ],
          [
            120.29373206275476,
            22.80941139906239
          ],
          [
            120.29284937969112,
            22.81076615513229
          ],
          [
            120.2927905033391,
            22.810857778038915
          ],
          [
            120.29274127385769,
            22.81093438903149
          ],
          [
            120.29268283826316,
            22.81102532663049
          ],
          [
            120.29238781135659,
            22.811484444607057
          ],
          [
            120.29179686428672,
            22.812397370256754
          ],
          [
            120.29117290290925,
            22.813361631106872
          ],
          [
            120.29062433462606,
            22.814205164234963
          ],
          [
            120.29011312366812,
            22.8149972074135
          ],
          [
            120.28988770890481,
            22.81534614075584
          ],
          [
            120.28980121319523,
            22.815480033753452
          ],
          [
            120.28938764565565,
            22.81612021612834
          ],
          [
            120.28837457560603,
            22.817675399923626
          ],
          [
            120.28748423348345,
            22.819051970162274
          ],
          [
            120.28646047782442,
            22.82063144133559
          ],
          [
            120.28573599896401,
            22.821760979326328
          ],
          [
            120.28471840738354,
            22.823329327413568
          ],
          [
            120.28471654535879,
            22.823332196153675
          ],
          [
            120.28471576951279,
            22.82333339191355
          ],
          [
            120.28469404189377,
            22.823366878589034
          ],
          [
            120.28460800833629,
            22.82349872329591
          ],
          [
            120.2844262911431,
            22.823777200812167
          ],
          [
            120.28424200513639,
            22.82405961466517
          ],
          [
            120.28390067110152,
            22.824582697150788
          ],
          [
            120.28305594182287,
            22.825893626247147
          ],
          [
            120.28305549593615,
            22.825894314166078
          ],
          [
            120.28305542914391,
            22.825894418618596
          ],
          [
            120.28282497068292,
            22.82625205680253
          ],
          [
            120.28238670797343,
            22.826930183544924
          ],
          [
            120.28200651750342,
            22.827523922987815
          ],
          [
            120.28153460380148,
            22.828279325983466
          ],
          [
            120.2808688212439,
            22.829338167940307
          ],
          [
            120.28043741324304,
            22.830019722257546
          ],
          [
            120.27998005029093,
            22.83074443988045
          ],
          [
            120.27955212715759,
            22.831429272648126
          ],
          [
            120.2791229320208,
            22.832110991894908
          ],
          [
            120.27881562393684,
            22.832598218134915
          ],
          [
            120.27874486787108,
            22.832710398783075
          ],
          [
            120.27858327627406,
            22.83296968088588
          ],
          [
            120.27816714211785,
            22.833628996816184
          ],
          [
            120.27815872760567,
            22.833642466387793
          ],
          [
            120.27728156213476,
            22.83504663824289
          ],
          [
            120.27724132017129,
            22.83511031695215
          ],
          [
            120.27598564557309,
            22.837097277255275
          ],
          [
            120.27582272672615,
            22.83735737373565
          ],
          [
            120.27575374190184,
            22.837467503810352
          ],
          [
            120.2751985635553,
            22.83835381909393
          ],
          [
            120.27464916686168,
            22.839226214669072
          ],
          [
            120.27431456540414,
            22.83975720090971
          ],
          [
            120.27371525363034,
            22.840715315010005
          ],
          [
            120.27311411765058,
            22.841665461544697
          ],
          [
            120.27265414118428,
            22.842399573955
          ],
          [
            120.27230621821774,
            22.843048599613915
          ],
          [
            120.2717639500283,
            22.844177680376163
          ],
          [
            120.27140026961675,
            22.844934517839004
          ],
          [
            120.27110160824434,
            22.845548194175567
          ],
          [
            120.27105458547784,
            22.84564481456811
          ],
          [
            120.27104936630441,
            22.84565553865297
          ],
          [
            120.27067506470749,
            22.84643861571765
          ],
          [
            120.27047158578456,
            22.846855620160575
          ],
          [
            120.27021641840811,
            22.84737855411642
          ],
          [
            120.26975416869656,
            22.848329737127948
          ],
          [
            120.26975277958867,
            22.848332597003097
          ],
          [
            120.26975219834581,
            22.848333790864114
          ],
          [
            120.26959132246513,
            22.848664822272692
          ],
          [
            120.26913670285609,
            22.849604513576363
          ],
          [
            120.26874546049251,
            22.85041647155002
          ],
          [
            120.26826932815386,
            22.85138224832068
          ],
          [
            120.26810907945057,
            22.851668276997096
          ],
          [
            120.26768202524451,
            22.85235066992535
          ],
          [
            120.26762072849547,
            22.852454071192852
          ],
          [
            120.2675423188728,
            22.85258633788186
          ],
          [
            120.26752251193331,
            22.852619747663734
          ],
          [
            120.26723780462,
            22.853100009661482
          ],
          [
            120.2665648231358,
            22.85408839297145
          ],
          [
            120.26646291113535,
            22.854232937345373
          ],
          [
            120.26563242845701,
            22.855410831982695
          ],
          [
            120.26473400425809,
            22.856607123012918
          ],
          [
            120.26450325578229,
            22.856947652512655
          ],
          [
            120.26449562644962,
            22.85695845912528
          ],
          [
            120.26443602912491,
            22.857042897656324
          ],
          [
            120.26425448057657,
            22.857300104188894
          ],
          [
            120.26402299275544,
            22.857633809755004
          ],
          [
            120.26382590087556,
            22.857917929334224
          ],
          [
            120.26346238541427,
            22.85843972462795
          ],
          [
            120.26312668851202,
            22.85891931071215
          ],
          [
            120.26275664119912,
            22.859450626295978
          ],
          [
            120.26234908375785,
            22.860031100871012
          ],
          [
            120.26196158915457,
            22.860585639102716
          ],
          [
            120.26167152330271,
            22.86099418197846
          ],
          [
            120.26143953244052,
            22.861329898412528
          ],
          [
            120.2611089860804,
            22.861800943782633
          ],
          [
            120.26102727149643,
            22.86191761412993
          ],
          [
            120.26068847220932,
            22.86240133134585
          ],
          [
            120.26034027702855,
            22.862895798981256
          ],
          [
            120.26012158662148,
            22.863220381061236
          ],
          [
            120.25985846318395,
            22.86361289021592
          ],
          [
            120.25967959935093,
            22.863908384039465
          ],
          [
            120.25953174411953,
            22.864159638617835
          ],
          [
            120.25935054566452,
            22.864484672108254
          ],
          [
            120.25914434193571,
            22.86487306604285
          ],
          [
            120.25898792869674,
            22.86519980560426
          ],
          [
            120.25887202621483,
            22.865449875399527
          ],
          [
            120.25879650960829,
            22.865621944779747
          ],
          [
            120.25869248634088,
            22.865877920524035
          ],
          [
            120.2584125777119,
            22.86660188386441
          ],
          [
            120.2581632405475,
            22.86727253484467
          ],
          [
            120.25805637195029,
            22.867558159711955
          ],
          [
            120.2580555393352,
            22.8675603872299
          ],
          [
            120.25805548990101,
            22.867560517939538
          ],
          [
            120.25794961266926,
            22.867843487898863
          ],
          [
            120.25600849915098,
            22.873085598432052
          ],
          [
            120.25591107679288,
            22.8733295833679
          ],
          [
            120.2559100499097,
            22.873332396032197
          ],
          [
            120.25590964825466,
            22.87333349675854
          ],
          [
            120.25576362671923,
            22.87373361015265
          ],
          [
            120.25449444481178,
            22.877026758162877
          ],
          [
            120.25435954758755,
            22.87746794984622
          ],
          [
            120.25430254080756,
            22.87772175909917
          ],
          [
            120.25417177544776,
            22.878226619466467
          ],
          [
            120.2541599739524,
            22.878291547150045
          ],
          [
            120.25404626519818,
            22.878917132788622
          ],
          [
            120.25398692986259,
            22.879567781367847
          ],
          [
            120.25397532428346,
            22.87972366661999
          ],
          [
            120.25395936458474,
            22.880256637490476
          ],
          [
            120.2539405153108,
            22.881010194489413
          ],
          [
            120.25394745797156,
            22.881582206559685
          ],
          [
            120.25392935018044,
            22.88329904491176
          ],
          [
            120.2538728874377,
            22.8849653589717
          ],
          [
            120.2538090514201,
            22.8867456775519
          ],
          [
            120.25372919469382,
            22.88856898248433
          ],
          [
            120.25377776841623,
            22.891283246348436
          ],
          [
            120.25381421686825,
            22.892885303902297
          ],
          [
            120.25379146027451,
            22.894042401236703
          ],
          [
            120.25378742484904,
            22.894378393256126
          ],
          [
            120.25378739620191,
            22.894380779835032
          ],
          [
            120.25378722188591,
            22.89439518779414
          ],
          [
            120.25377648034242,
            22.895289027851433
          ],
          [
            120.25375810306562,
            22.896818253816004
          ],
          [
            120.25374722243032,
            22.897677313584936
          ],
          [
            120.25374264018397,
            22.89803905372669
          ],
          [
            120.25374018383248,
            22.89818446548376
          ],
          [
            120.25373792857395,
            22.898333561647707
          ],
          [
            120.25373673170087,
            22.89841265977904
          ],
          [
            120.25373692154268,
            22.898634529178793
          ],
          [
            120.2537263397679,
            22.89899146677743
          ],
          [
            120.25371636475501,
            22.89929253394785
          ],
          [
            120.25369696927146,
            22.899552228735566
          ],
          [
            120.25367083840013,
            22.89985200814339
          ],
          [
            120.2536242184971,
            22.900195841409307
          ],
          [
            120.2535999327285,
            22.900355382370236
          ],
          [
            120.25354375823137,
            22.90063651388856
          ],
          [
            120.25348342629924,
            22.900905888243756
          ],
          [
            120.2534528150377,
            22.90100793957626
          ],
          [
            120.25340232306654,
            22.901176262161357
          ],
          [
            120.25319844520374,
            22.901855988235614
          ],
          [
            120.25308112460299,
            22.902293312052095
          ],
          [
            120.253041947507,
            22.902442029578115
          ],
          [
            120.25281120010024,
            22.903264602820844
          ],
          [
            120.25248931254879,
            22.904358541296318
          ],
          [
            120.25190946959569,
            22.906329144114824
          ],
          [
            120.25166891315295,
            22.907331373638915
          ],
          [
            120.25157705912059,
            22.90767172740435
          ],
          [
            120.25153982790066,
            22.907811090038642
          ],
          [
            120.25150262686952,
            22.907944761003755
          ],
          [
            120.25140755221304,
            22.908294536118277
          ],
          [
            120.25139223094536,
            22.908399414077085
          ],
          [
            120.25111365548301,
            22.909407385260188
          ],
          [
            120.25048644205106,
            22.91162748149552
          ],
          [
            120.25046574625554,
            22.911701201998003
          ],
          [
            120.25043928068166,
            22.911795470799863
          ],
          [
            120.2503709738936,
            22.91203877771255
          ],
          [
            120.25032289432104,
            22.91220918275357
          ],
          [
            120.25030365192535,
            22.912277380835473
          ],
          [
            120.25024717131829,
            22.912477557906723
          ],
          [
            120.25022729747461,
            22.91254339608849
          ],
          [
            120.2500929271628,
            22.9129885232954
          ],
          [
            120.24994057542172,
            22.91342197054577
          ],
          [
            120.24984116958451,
            22.913648035953898
          ],
          [
            120.24978172811387,
            22.913783211417762
          ],
          [
            120.24973284277705,
            22.91388881645386
          ],
          [
            120.24955425529544,
            22.914244023689424
          ],
          [
            120.24940510196411,
            22.914533134403552
          ],
          [
            120.24924520208788,
            22.9147945334803
          ],
          [
            120.24911242044226,
            22.914974674184624
          ],
          [
            120.24891361339007,
            22.915252662720707
          ],
          [
            120.24868582926723,
            22.9155834341191
          ],
          [
            120.24837073731781,
            22.915930441170484
          ],
          [
            120.24799794073067,
            22.916333047446752
          ],
          [
            120.24785590983707,
            22.916481345763106
          ],
          [
            120.2477882559141,
            22.916559307121958
          ],
          [
            120.24768037811583,
            22.91666572109548
          ],
          [
            120.24746455892925,
            22.916890150616286
          ],
          [
            120.24684056517818,
            22.9175364974376
          ],
          [
            120.24619728206181,
            22.9182182634656
          ],
          [
            120.24569969833512,
            22.918748632562217
          ],
          [
            120.24521673137559,
            22.919252989097178
          ],
          [
            120.24464752426239,
            22.919862101422858
          ],
          [
            120.24417485340403,
            22.920348409552485
          ],
          [
            120.24369851352198,
            22.920831229266888
          ],
          [
            120.24311470529467,
            22.921316027642206
          ],
          [
            120.24306839499499,
            22.921354483580586
          ],
          [
            120.2430306180768,
            22.921385852585107
          ],
          [
            120.24295690836857,
            22.92144706059819
          ],
          [
            120.24235782703207,
            22.92192753719359
          ],
          [
            120.24230120049775,
            22.921972952071716
          ],
          [
            120.24223849675585,
            22.922023240464718
          ],
          [
            120.24210186602473,
            22.92213281916541
          ],
          [
            120.24150562208926,
            22.922608620106097
          ],
          [
            120.24059781056141,
            22.92333019942998
          ],
          [
            120.24059440486943,
            22.923332899447733
          ],
          [
            120.24059336495094,
            22.92333372345317
          ],
          [
            120.24046004111887,
            22.92344105107841
          ],
          [
            120.23992835594854,
            22.92386906537875
          ],
          [
            120.23946222334104,
            22.924245822036596
          ],
          [
            120.23926095187073,
            22.92440814496824
          ],
          [
            120.23868039533032,
            22.92486601888714
          ],
          [
            120.23786792898274,
            22.92551600355674
          ],
          [
            120.23719448832041,
            22.92604974967008
          ],
          [
            120.23642403782317,
            22.926662545828886
          ],
          [
            120.23590646726335,
            22.927080683526583
          ],
          [
            120.23571289594115,
            22.927233979618777
          ],
          [
            120.23551655684489,
            22.92738980415287
          ],
          [
            120.23523548966101,
            22.927615256295827
          ],
          [
            120.2349436348287,
            22.9278548162755
          ],
          [
            120.23471555787384,
            22.928071143047784
          ],
          [
            120.2345069768067,
            22.928282574253892
          ],
          [
            120.23426089269631,
            22.928566530470672
          ],
          [
            120.23396467169391,
            22.9289845838197
          ],
          [
            120.23380641135894,
            22.929243385692544
          ],
          [
            120.23343539672959,
            22.929922524392783
          ],
          [
            120.23323921373786,
            22.930314953647606
          ],
          [
            120.233032297289,
            22.930696860188874
          ],
          [
            120.23239968887232,
            22.931872428764972
          ],
          [
            120.23062708538946,
            22.935085830931527
          ],
          [
            120.23060478487056,
            22.935127267362425
          ],
          [
            120.23056387772057,
            22.9352032770762
          ],
          [
            120.23055422955665,
            22.935221203193937
          ],
          [
            120.2303434078019,
            22.935612914341093
          ],
          [
            120.23022222541364,
            22.935838074543106
          ],
          [
            120.22998100416734,
            22.936291645638736
          ],
          [
            120.22971255800238,
            22.936796394894856
          ],
          [
            120.22944788521279,
            22.937286277401956
          ],
          [
            120.2291606104662,
            22.93782280547424
          ],
          [
            120.2290007526727,
            22.938123810424795
          ],
          [
            120.2288216661434,
            22.938453433386165
          ],
          [
            120.22865351975659,
            22.93875540723627
          ],
          [
            120.22851205124586,
            22.939020580522925
          ],
          [
            120.2284896248472,
            22.93905922204177
          ],
          [
            120.22846912334822,
            22.939094546176708
          ],
          [
            120.22839654798786,
            22.93923763046683
          ],
          [
            120.22836296597345,
            22.939293240619914
          ],
          [
            120.22833130694688,
            22.939354298120275
          ],
          [
            120.22829481276915,
            22.93941227988481
          ],
          [
            120.22819608372642,
            22.93958408487575
          ],
          [
            120.22803494667876,
            22.939830177766215
          ],
          [
            120.227831312782,
            22.94013383370978
          ],
          [
            120.22765369433026,
            22.940379167806768
          ],
          [
            120.22750523550509,
            22.9405762488167
          ],
          [
            120.22731161838787,
            22.94080982853037
          ],
          [
            120.22703646301034,
            22.941145345026293
          ],
          [
            120.22669023494461,
            22.94156579615679
          ],
          [
            120.22644615665186,
            22.941865340249617
          ],
          [
            120.22627017582505,
            22.942082965955326
          ],
          [
            120.22604478888871,
            22.942348692005275
          ],
          [
            120.22586474629568,
            22.94256726454737
          ],
          [
            120.22569779195696,
            22.942759238991357
          ],
          [
            120.22545956980244,
            22.943042223284422
          ],
          [
            120.22504921905174,
            22.94354113538204
          ],
          [
            120.2246928414701,
            22.94397250480971
          ],
          [
            120.2244767776007,
            22.944230315647538
          ],
          [
            120.22421253958684,
            22.944545247900404
          ],
          [
            120.22392878196348,
            22.944887734739588
          ],
          [
            120.22362772193263,
            22.945247298299375
          ],
          [
            120.2234211885274,
            22.94549850795763
          ],
          [
            120.22326369163973,
            22.94568675126636
          ],
          [
            120.223248960662,
            22.945704360321397
          ],
          [
            120.22323813603673,
            22.94571729639678
          ],
          [
            120.22320741844582,
            22.945754010981382
          ],
          [
            120.22304295246104,
            22.94595487126778
          ],
          [
            120.22290127463377,
            22.946127226218344
          ],
          [
            120.2226815067753,
            22.946393184981314
          ],
          [
            120.22242356822491,
            22.94670481901401
          ],
          [
            120.22220507376873,
            22.946965331755912
          ],
          [
            120.22192238082508,
            22.947305536153866
          ],
          [
            120.22171359746395,
            22.94755589705518
          ],
          [
            120.22144115723837,
            22.947884759194313
          ],
          [
            120.22107718227781,
            22.94833539177218
          ],
          [
            120.22101696780332,
            22.948414547556
          ],
          [
            120.2207676366426,
            22.948694602527805
          ],
          [
            120.22060799370598,
            22.948917626719375
          ],
          [
            120.22036048634776,
            22.949216867407685
          ],
          [
            120.22016271296765,
            22.94945165521052
          ],
          [
            120.21998537825785,
            22.94969512283116
          ],
          [
            120.21986451552189,
            22.949880346765152
          ],
          [
            120.21973066016652,
            22.950096084783862
          ],
          [
            120.21960443388096,
            22.95028639772791
          ],
          [
            120.21944820212686,
            22.95056376312159
          ],
          [
            120.21932985626435,
            22.950796611639056
          ],
          [
            120.2192396255503,
            22.950981510770333
          ],
          [
            120.21915790971569,
            22.95116577087246
          ],
          [
            120.21906054040403,
            22.951392383188363
          ],
          [
            120.21903655573199,
            22.951451270283023
          ],
          [
            120.21901079047417,
            22.951516624167052
          ],
          [
            120.21896267047322,
            22.951645846083967
          ],
          [
            120.21891002436678,
            22.951811020223676
          ],
          [
            120.21885633598109,
            22.95197564649232
          ],
          [
            120.21880470254817,
            22.952149172187717
          ],
          [
            120.21875198939219,
            22.952340726760703
          ],
          [
            120.21868290227559,
            22.952559299400814
          ],
          [
            120.2186528779409,
            22.952686708553387
          ],
          [
            120.218617996649,
            22.952845862025214
          ],
          [
            120.21860123016874,
            22.952922226422146
          ],
          [
            120.21859315384019,
            22.952959006386383
          ],
          [
            120.21856418454217,
            22.953137826035622
          ],
          [
            120.2185118837552,
            22.95344758424488
          ],
          [
            120.21847142615958,
            22.9536976063883
          ],
          [
            120.21843630306577,
            22.953944081542456
          ],
          [
            120.21842134399878,
            22.954066641576333
          ],
          [
            120.21839705451941,
            22.954234456537016
          ],
          [
            120.21837365508952,
            22.954410105058198
          ],
          [
            120.2183535620874,
            22.954558613343202
          ],
          [
            120.21831643056343,
            22.954796129610262
          ],
          [
            120.21828549405595,
            22.955039871104677
          ],
          [
            120.21824405884868,
            22.955292872783673
          ],
          [
            120.21821181213107,
            22.955519540710704
          ],
          [
            120.21818132328534,
            22.9557238359401
          ],
          [
            120.21814350692931,
            22.95600098589398
          ],
          [
            120.2181105192079,
            22.95623028874421
          ],
          [
            120.21789089386311,
            22.957773643196916
          ],
          [
            120.21784394751943,
            22.958108200773214
          ],
          [
            120.21780951882421,
            22.958334038710447
          ],
          [
            120.21779703731085,
            22.95841591262885
          ],
          [
            120.21775769677024,
            22.958712951977066
          ],
          [
            120.2177121268799,
            22.959030505170066
          ],
          [
            120.21766883593762,
            22.959326647245824
          ],
          [
            120.21762885514413,
            22.959624187242888
          ],
          [
            120.21759081838093,
            22.95988904750753
          ],
          [
            120.2175571785933,
            22.96012318976526
          ],
          [
            120.21753016608662,
            22.960314054095598
          ],
          [
            120.21751588335107,
            22.960424188093516
          ],
          [
            120.21750756073341,
            22.96048024619636
          ],
          [
            120.21749344460375,
            22.960575314136086
          ],
          [
            120.21746130132327,
            22.9607984351567
          ],
          [
            120.21742745605852,
            22.961046508115587
          ],
          [
            120.21739110650162,
            22.961307453878323
          ],
          [
            120.21737246847657,
            22.961488083111842
          ],
          [
            120.21735853331008,
            22.961633680347205
          ],
          [
            120.2173450392576,
            22.961772433967692
          ],
          [
            120.21732805591947,
            22.961974752835165
          ],
          [
            120.21731299067399,
            22.962188590137927
          ],
          [
            120.21729436492586,
            22.9624485360677
          ],
          [
            120.21729883091852,
            22.963353822814703
          ],
          [
            120.21732322130117,
            22.964085485956236
          ],
          [
            120.21740709974202,
            22.965290345381334
          ],
          [
            120.21749327688453,
            22.96661584568892
          ],
          [
            120.21758503676176,
            22.968011089949528
          ],
          [
            120.21768459503018,
            22.96961101713534
          ],
          [
            120.21777744728145,
            22.970816779644572
          ],
          [
            120.21776593521108,
            22.971241912510788
          ],
          [
            120.21774289687772,
            22.971569088687254
          ],
          [
            120.2176798561963,
            22.972020357036037
          ],
          [
            120.21759890032484,
            22.972428373558742
          ],
          [
            120.21731690350649,
            22.973333764955143
          ],
          [
            120.21694550598242,
            22.974515749933722
          ],
          [
            120.21663836620219,
            22.97546811687456
          ],
          [
            120.21635949681931,
            22.97638036987692
          ],
          [
            120.21603617814422,
            22.977407842263688
          ],
          [
            120.21567579392617,
            22.978556802837698
          ],
          [
            120.21527108474245,
            22.97984554745047
          ],
          [
            120.2149718082615,
            22.980794697163674
          ],
          [
            120.21469330139546,
            22.981680544628755
          ],
          [
            120.21466786318436,
            22.98176145346293
          ],
          [
            120.21466611646564,
            22.981767014612544
          ],
          [
            120.21461387682575,
            22.981933327044313
          ],
          [
            120.21459053057598,
            22.98200764879098
          ],
          [
            120.21393888870985,
            22.984082212115776
          ],
          [
            120.21390223611134,
            22.984198895927637
          ],
          [
            120.21387381658805,
            22.984289369895336
          ],
          [
            120.21380453823194,
            22.984509920169476
          ],
          [
            120.2135527280704,
            22.985309596102837
          ],
          [
            120.21331908382341,
            22.986051573185385
          ],
          [
            120.21308428133158,
            22.98679721931853
          ],
          [
            120.21306791154528,
            22.986849202289864
          ],
          [
            120.21305087402999,
            22.98690330673837
          ],
          [
            120.21251874235489,
            22.988593124351024
          ],
          [
            120.212459592814,
            22.9887809510263
          ],
          [
            120.21226275098246,
            22.989421152149387
          ],
          [
            120.21213371861303,
            22.989849729022588
          ],
          [
            120.21203118230527,
            22.990262951720876
          ],
          [
            120.21198284294762,
            22.99050157774177
          ],
          [
            120.21193231120051,
            22.99091106945085
          ],
          [
            120.21192018630279,
            22.99133615579348
          ],
          [
            120.21192967734896,
            22.991532843527825
          ],
          [
            120.21193647623002,
            22.99167375940705
          ],
          [
            120.21197018366793,
            22.99196913075531
          ],
          [
            120.21206858448933,
            22.992519050514208
          ],
          [
            120.21213089481718,
            22.99284745186176
          ],
          [
            120.21217018302009,
            22.993063811820228
          ],
          [
            120.21236358491383,
            22.993928628073935
          ],
          [
            120.21245305812212,
            22.994401479604534
          ],
          [
            120.21248949710464,
            22.994609938369706
          ],
          [
            120.21260555497979,
            22.99502518319843
          ],
          [
            120.21269778256467,
            22.995474422683188
          ],
          [
            120.21285586621373,
            22.996287822036926
          ],
          [
            120.21287066896556,
            22.99665306110254
          ],
          [
            120.21290140852487,
            22.99681892428775
          ],
          [
            120.21318170119906,
            22.998331315381918
          ],
          [
            120.21318205562123,
            22.998333106916863
          ],
          [
            120.21318215228469,
            22.99833359502476
          ],
          [
            120.21321961913699,
            22.998523247985027
          ],
          [
            120.21349894203556,
            22.99995085141048
          ],
          [
            120.21360594503952,
            23.000499826568515
          ],
          [
            120.21385369619286,
            23.00163830704245
          ],
          [
            120.21407619889598,
            23.002773063257926
          ],
          [
            120.21425241068826,
            23.003842301513437
          ],
          [
            120.21427963892214,
            23.003975689846545
          ],
          [
            120.2144400555559,
            23.004816313807964
          ],
          [
            120.21453960263088,
            23.005188771603276
          ],
          [
            120.21460870837073,
            23.005418536735903
          ],
          [
            120.21476245786393,
            23.00584282618695
          ],
          [
            120.21500842903332,
            23.00632791656914
          ],
          [
            120.2151993067706,
            23.006659040611957
          ],
          [
            120.21540769041009,
            23.00695709431525
          ],
          [
            120.21596077747054,
            23.007749524716697
          ],
          [
            120.21634542857899,
            23.00827196205617
          ],
          [
            120.21693111569778,
            23.009104270485864
          ],
          [
            120.21870623413213,
            23.011582597115716
          ],
          [
            120.21943839390327,
            23.01259777525412
          ],
          [
            120.21995580806266,
            23.01332351206152
          ],
          [
            120.22066748959995,
            23.01431946791795
          ],
          [
            120.22167199233046,
            23.015735410197074
          ],
          [
            120.22308807695688,
            23.01771478945936
          ],
          [
            120.22316964358866,
            23.017830390836554
          ],
          [
            120.2232580529919,
            23.017955690706053
          ],
          [
            120.22341631453749,
            23.018179991094886
          ],
          [
            120.22421175014566,
            23.019286179664704
          ],
          [
            120.22437567695954,
            23.019514147794297
          ],
          [
            120.22460562708027,
            23.01982479952271
          ],
          [
            120.22492287303888,
            23.020208107782274
          ],
          [
            120.22528189362856,
            23.020594396674205
          ],
          [
            120.22552210192157,
            23.02080649094606
          ],
          [
            120.2258238919827,
            23.021051675423323
          ],
          [
            120.22617688810335,
            23.021324642592095
          ],
          [
            120.22671145184367,
            23.02167871994828
          ],
          [
            120.22714113282805,
            23.021926667831714
          ],
          [
            120.22771330001358,
            23.022257069688553
          ],
          [
            120.22851483789785,
            23.022727558005748
          ],
          [
            120.22917547706363,
            23.023122484577804
          ],
          [
            120.22953548783157,
            23.02333320045533
          ],
          [
            120.2295360654177,
            23.023333538285357
          ],
          [
            120.22970182459879,
            23.023430557685636
          ],
          [
            120.23042770454903,
            23.023830955599735
          ],
          [
            120.23126139047426,
            23.024326139607357
          ],
          [
            120.23273764410864,
            23.02518225988692
          ],
          [
            120.23305553106876,
            23.025364018055303
          ],
          [
            120.23424935321216,
            23.026059591160646
          ],
          [
            120.23557704809677,
            23.026837904291643
          ],
          [
            120.23584202463171,
            23.02699425695305
          ],
          [
            120.23779999326582,
            23.028142721095094
          ],
          [
            120.23846923366324,
            23.028518594887956
          ],
          [
            120.23879437300059,
            23.02871331328403
          ],
          [
            120.23953964797057,
            23.029137866016885
          ],
          [
            120.24027898385994,
            23.029570107580003
          ],
          [
            120.24028815035474,
            23.029575449579657
          ],
          [
            120.24040012830012,
            23.02964070716017
          ],
          [
            120.24128792295922,
            23.03014939982316
          ],
          [
            120.243501598943,
            23.031436482416364
          ],
          [
            120.24467047269924,
            23.032122515917393
          ],
          [
            120.24563707702947,
            23.032689644694784
          ],
          [
            120.24622690888857,
            23.033058211447756
          ],
          [
            120.24644911440036,
            23.033191886788195
          ],
          [
            120.24686896434645,
            23.033455162623845
          ],
          [
            120.24743979273124,
            23.033830074804694
          ],
          [
            120.24829306396006,
            23.0344815365631
          ],
          [
            120.24856763282452,
            23.034692125616324
          ],
          [
            120.2488027372343,
            23.034896520863715
          ],
          [
            120.24917587958137,
            23.035197594924114
          ],
          [
            120.24966174912562,
            23.035616339302457
          ],
          [
            120.25020661868697,
            23.036072511942393
          ],
          [
            120.25080629059364,
            23.036540225488814
          ],
          [
            120.25140776637151,
            23.037043870933722
          ],
          [
            120.25192791658841,
            23.03744327556376
          ],
          [
            120.25279334363482,
            23.03812730504464
          ],
          [
            120.25317874462911,
            23.038529244863014
          ],
          [
            120.25328616547326,
            23.038641275488843
          ],
          [
            120.25375260559252,
            23.039031616329844
          ],
          [
            120.25463428669885,
            23.039678638484876
          ],
          [
            120.25499358174989,
            23.039959597835846
          ],
          [
            120.25613532039205,
            23.04086420089606
          ],
          [
            120.25697312421757,
            23.04150258337787
          ],
          [
            120.25699783614844,
            23.04152224163375
          ],
          [
            120.2571947298649,
            23.041685012177492
          ],
          [
            120.25761201641957,
            23.0420228418276
          ],
          [
            120.25790664870452,
            23.042259843937874
          ],
          [
            120.25805552772646,
            23.042383896190902
          ],
          [
            120.25805716923749,
            23.04238526383335
          ],
          [
            120.25805913516379,
            23.042386902096364
          ],
          [
            120.25825436177178,
            23.04254969965753
          ],
          [
            120.25871167992867,
            23.042918324657016
          ],
          [
            120.25957241818048,
            23.043620450315846
          ],
          [
            120.2604564868788,
            23.04434044826158
          ],
          [
            120.26064174999212,
            23.044490713071074
          ],
          [
            120.26072542730776,
            23.04455858212052
          ],
          [
            120.26174241512194,
            23.045383438528496
          ],
          [
            120.26230414723487,
            23.04582575555705
          ],
          [
            120.26269363332923,
            23.046141895611523
          ],
          [
            120.26326686208974,
            23.04661709477654
          ],
          [
            120.2634155340825,
            23.046727173302255
          ],
          [
            120.26409951425508,
            23.04728826734571
          ],
          [
            120.26502012985765,
            23.04804625505103
          ],
          [
            120.26518274807125,
            23.048178406898977
          ],
          [
            120.26537006315557,
            23.048330627272733
          ],
          [
            120.26537337789084,
            23.048333326436566
          ],
          [
            120.26537383643634,
            23.048333699706532
          ],
          [
            120.26540367489962,
            23.048357994914156
          ],
          [
            120.2666705108475,
            23.049389480393863
          ],
          [
            120.26689376616532,
            23.049571375358703
          ],
          [
            120.26974136412369,
            23.051901380316014
          ],
          [
            120.27171431116497,
            23.053493790117123
          ],
          [
            120.27411778522747,
            23.055475509544884
          ],
          [
            120.27472368452673,
            23.05595294219119
          ],
          [
            120.2755298374945,
            23.056618690781686
          ],
          [
            120.27677905682765,
            23.057612353664926
          ],
          [
            120.2778937658583,
            23.058539147214294
          ],
          [
            120.27838675290775,
            23.058943486625417
          ],
          [
            120.27908520688597,
            23.059516340924276
          ],
          [
            120.28058623795623,
            23.060737706868203
          ],
          [
            120.28123962455281,
            23.061271657908982
          ],
          [
            120.28152671642938,
            23.06148828396772
          ],
          [
            120.2821930566512,
            23.06203434442573
          ],
          [
            120.28262405601588,
            23.062385373307773
          ],
          [
            120.28304734019532,
            23.062734021815846
          ],
          [
            120.28305554349093,
            23.06274121453478
          ],
          [
            120.28345092130456,
            23.063078063906385
          ],
          [
            120.28413394365137,
            23.063631476664355
          ],
          [
            120.28468231329343,
            23.064094877558727
          ],
          [
            120.28582664479566,
            23.06501880054006
          ],
          [
            120.28686842972536,
            23.065857249920555
          ],
          [
            120.28760524599895,
            23.066505080924657
          ],
          [
            120.2879028224041,
            23.066726090084142
          ],
          [
            120.2884125829473,
            23.067187944453124
          ],
          [
            120.28973819285216,
            23.068265928764347
          ],
          [
            120.28990827860743,
            23.06839864293825
          ],
          [
            120.29093109553439,
            23.069196724490073
          ],
          [
            120.29155411437453,
            23.069687265756443
          ],
          [
            120.29203431108402,
            23.07006159751195
          ],
          [
            120.29285436763577,
            23.070741218867553
          ],
          [
            120.29368138010248,
            23.071401617542474
          ],
          [
            120.29400264741628,
            23.071683533319806
          ],
          [
            120.29411524175069,
            23.071792365978045
          ],
          [
            120.29429512082547,
            23.07197116419188
          ],
          [
            120.29445177274789,
            23.072130082403724
          ],
          [
            120.29460274234765,
            23.072300165291765
          ],
          [
            120.29473221452542,
            23.072451766644676
          ],
          [
            120.29488009235433,
            23.07263844467914
          ],
          [
            120.29505913696734,
            23.07288338436958
          ],
          [
            120.29523349907534,
            23.073149577169964
          ],
          [
            120.29529129155112,
            23.07323714591909
          ],
          [
            120.29533926418931,
            23.07331472953088
          ],
          [
            120.29535236093585,
            23.073333797365628
          ],
          [
            120.29544981675544,
            23.073514907748304
          ],
          [
            120.29545290939974,
            23.073520381183908
          ],
          [
            120.29545518807085,
            23.073524733053915
          ],
          [
            120.29554035204787,
            23.073687242392726
          ],
          [
            120.29558558385922,
            23.073773560340015
          ],
          [
            120.29562306005045,
            23.07385080900719
          ],
          [
            120.29569793527679,
            23.074005153361295
          ],
          [
            120.2957026058732,
            23.074015729554787
          ],
          [
            120.29577643943522,
            23.07418291194564
          ],
          [
            120.29582770064023,
            23.074313379043904
          ],
          [
            120.29584207259201,
            23.074352988046527
          ],
          [
            120.29590418941272,
            23.074524197990776
          ],
          [
            120.29594199704107,
            23.074628406747856
          ],
          [
            120.29596453515491,
            23.07469593731345
          ],
          [
            120.29601851301165,
            23.074857692469415
          ],
          [
            120.29602153028614,
            23.07486865590522
          ],
          [
            120.29606968192991,
            23.075043673889017
          ],
          [
            120.29608231996824,
            23.075089608005946
          ],
          [
            120.2961102744243,
            23.075197366830498
          ],
          [
            120.29611520038637,
            23.075219274310882
          ],
          [
            120.29615496019814,
            23.075396086197323
          ],
          [
            120.29616888537011,
            23.075458009451463
          ],
          [
            120.29616933572069,
            23.075460366527533
          ],
          [
            120.29619097471256,
            23.07557356406857
          ],
          [
            120.29619238471145,
            23.075580936263957
          ],
          [
            120.29622497007486,
            23.075751402269166
          ],
          [
            120.29625896454877,
            23.075929239553325
          ],
          [
            120.29629295909615,
            23.076107078634404
          ],
          [
            120.29632695665904,
            23.076284916816434
          ],
          [
            120.29636095138157,
            23.07646275407335
          ],
          [
            120.29636363837217,
            23.076476807059436
          ],
          [
            120.29639310296565,
            23.076640883816825
          ],
          [
            120.2964080021981,
            23.07672385710775
          ],
          [
            120.29641726254393,
            23.076775425427765
          ],
          [
            120.29642509539876,
            23.076819040836266
          ],
          [
            120.29648907953629,
            23.07717535213664
          ],
          [
            120.2965132539625,
            23.077302570322907
          ],
          [
            120.29655864528948,
            23.077529871385106
          ],
          [
            120.29659063617099,
            23.07770802745
          ],
          [
            120.2966151566226,
            23.077844561780683
          ],
          [
            120.29662276095216,
            23.07788616242993
          ],
          [
            120.29665531461937,
            23.07806423158432
          ],
          [
            120.29668786544252,
            23.078242299814082
          ],
          [
            120.29672041927276,
            23.07842036804831
          ],
          [
            120.29675297024956,
            23.078598437163933
          ],
          [
            120.29678552423816,
            23.078776505381004
          ],
          [
            120.29681807732996,
            23.07895457358515
          ],
          [
            120.29683251183526,
            23.07903353716336
          ],
          [
            120.29685051425497,
            23.079132661129687
          ],
          [
            120.29688285846937,
            23.079310761797906
          ],
          [
            120.2969152037337,
            23.079488863364986
          ],
          [
            120.29694754810068,
            23.079666964919205
          ],
          [
            120.29697738473051,
            23.0798312572016
          ],
          [
            120.29697987399302,
            23.079845068188387
          ],
          [
            120.29700016832017,
            23.079957705147653
          ],
          [
            120.29701197041729,
            23.08002320654821
          ],
          [
            120.29702889149688,
            23.08011710352683
          ],
          [
            120.29704407179014,
            23.080201346727282
          ],
          [
            120.29707617032243,
            23.08037948507894
          ],
          [
            120.2971054334282,
            23.08054188295589
          ],
          [
            120.29710831678952,
            23.080557617314003
          ],
          [
            120.29714093318063,
            23.08073567668082
          ],
          [
            120.29717355161247,
            23.08091373424175
          ],
          [
            120.29720616718629,
            23.081091793587017
          ],
          [
            120.29723878772883,
            23.08126985113942
          ],
          [
            120.29727140737478,
            23.081447908678864
          ],
          [
            120.29730402416736,
            23.0816259670997
          ],
          [
            120.297336641044,
            23.081804024608925
          ],
          [
            120.29736926288005,
            23.08198208213125
          ],
          [
            120.29740187990602,
            23.082160141429274
          ],
          [
            120.29742260373686,
            23.08227326875853
          ],
          [
            120.29743392460838,
            23.082338286668307
          ],
          [
            120.29746497791858,
            23.082516584614012
          ],
          [
            120.29749602837605,
            23.082694882538615
          ],
          [
            120.29752707696144,
            23.08287317954348
          ],
          [
            120.29754436342144,
            23.082968076809646
          ],
          [
            120.2975767991995,
            23.083146162343528
          ],
          [
            120.29760923700853,
            23.083324247877545
          ],
          [
            120.29761765253704,
            23.083370445717033
          ],
          [
            120.29764208712899,
            23.083502267509893
          ],
          [
            120.29767508188856,
            23.083680267006972
          ],
          [
            120.29770808064194,
            23.08385826470668
          ],
          [
            120.29774107653824,
            23.084036264190626
          ],
          [
            120.2977740735003,
            23.08421426186419
          ],
          [
            120.29778782809565,
            23.084288462501533
          ],
          [
            120.29780639065565,
            23.084392366674336
          ],
          [
            120.29783822532825,
            23.084570546990076
          ],
          [
            120.2978700571595,
            23.084748725478466
          ],
          [
            120.29790167573138,
            23.084925695676798
          ],
          [
            120.29790189589563,
            23.084926904891887
          ],
          [
            120.2979344048253,
            23.08510497981679
          ],
          [
            120.29796691383406,
            23.085283054733132
          ],
          [
            120.29799942292195,
            23.085461129640898
          ],
          [
            120.29803193112227,
            23.08563920272978
          ],
          [
            120.29805293476744,
            23.08575427087209
          ],
          [
            120.29806433877137,
            23.085817294326187
          ],
          [
            120.29809656285869,
            23.0859954130914
          ],
          [
            120.29812878506293,
            23.086173533645475
          ],
          [
            120.29816100833095,
            23.086351652389425
          ],
          [
            120.2981824814197,
            23.086470340079355
          ],
          [
            120.29819360971995,
            23.086529712302724
          ],
          [
            120.29822695947074,
            23.086707653625265
          ],
          [
            120.29826031124556,
            23.086885596753618
          ],
          [
            120.29829366018289,
            23.0870635380541
          ],
          [
            120.29831328896809,
            23.08716826230832
          ],
          [
            120.29834704838632,
            23.087348382590683
          ],
          [
            120.29841767664537,
            23.08777380402749
          ],
          [
            120.29845021613492,
            23.087951875334195
          ],
          [
            120.29848275571302,
            23.088129944826324
          ],
          [
            120.29851529634169,
            23.088308015217187
          ],
          [
            120.29854783607819,
            23.088486084692157
          ],
          [
            120.29858037588453,
            23.088664155964516
          ],
          [
            120.29861291772687,
            23.088842226333988
          ],
          [
            120.29864545672491,
            23.08902029577886
          ],
          [
            120.29867799677355,
            23.089198366122496
          ],
          [
            120.29868707716318,
            23.089248051578668
          ],
          [
            120.29870981597166,
            23.089376547939004
          ],
          [
            120.29874135684855,
            23.08955477095265
          ],
          [
            120.29877289877341,
            23.08973299486536
          ],
          [
            120.29880443882278,
            23.08991121876117
          ],
          [
            120.29880870330318,
            23.089935311208162
          ],
          [
            120.29883722447131,
            23.090089248612554
          ],
          [
            120.29887021044858,
            23.09026724954487
          ],
          [
            120.29890319260662,
            23.090445249548104
          ],
          [
            120.2989938271272,
            23.09090341071565
          ],
          [
            120.2990237401059,
            23.09108962263499
          ],
          [
            120.29904352905838,
            23.09120770850721
          ],
          [
            120.29977116669873,
            23.095176209446976
          ],
          [
            120.29998909697153,
            23.096402016500324
          ],
          [
            120.30001244780502,
            23.096536979107494
          ],
          [
            120.30027244440504,
            23.09793200765029
          ],
          [
            120.30034000326862,
            23.09833373722661
          ],
          [
            120.30040981699271,
            23.098709723655436
          ],
          [
            120.30079666043497,
            23.100803788383303
          ],
          [
            120.30134047582088,
            23.103787603938372
          ],
          [
            120.30171902155944,
            23.105889292814766
          ],
          [
            120.30197210214186,
            23.1072689812638
          ],
          [
            120.3020514311707,
            23.107701449625132
          ],
          [
            120.3024032491493,
            23.109619335875184
          ],
          [
            120.30249590373738,
            23.110101542510808
          ],
          [
            120.30318885921409,
            23.113864198586516
          ],
          [
            120.30353560390851,
            23.115789854793668
          ],
          [
            120.3047332174645,
            23.122446902508354
          ],
          [
            120.30489350670555,
            23.123333525552667
          ],
          [
            120.30511623836057,
            23.124516517006253
          ],
          [
            120.30546402735379,
            23.12640258852961
          ],
          [
            120.3056510236314,
            23.127451660999647
          ],
          [
            120.30586252870951,
            23.128594618026302
          ],
          [
            120.30597016456629,
            23.129203650153546
          ],
          [
            120.30616147310676,
            23.130273378237167
          ],
          [
            120.3062136671042,
            23.130517217219158
          ],
          [
            120.30628016289526,
            23.13071482795658
          ],
          [
            120.30631841284546,
            23.130882654967277
          ],
          [
            120.30638038000248,
            23.13117624140147
          ],
          [
            120.3064677210435,
            23.13165855164549
          ],
          [
            120.30650261114077,
            23.13186560513963
          ],
          [
            120.30650053487082,
            23.13208540642457
          ]
        ]
      }
    }
  ]
}