{
  "type": "FeatureCollection",
  "features": [
    {
      "type": "Feature",
      "properties": {
        "track_id": "OD-大甲-HC",
        "source_track": "SP-C-ZN-N-0",
        "point_count": 1654
      },
      "geometry": {
        "type": "LineString",
        "coordinates": [
          [
            120.62773357515545,
            24.344849731588276
          ],
          [
            120.62801671414304,
            24.345312140691203
          ],
          [
            120.62808734657591,
            24.345470553265237
          ],
          [
            120.62827783473818,
            24.34580020099021
          ],
          [
            120.6284240138581,
            24.34605789946702
          ],
          [
            120.62873990103064,
            24.346560886273707
          ],
          [
            120.62879930726496,
            24.34662892463053
          ],
          [
            120.6291176009336,
            24.347151903216012
          ],
          [
            120.62992769098473,
            24.34832236965362
          ],
          [
            120.62993498219666,
            24.34833315366989
          ],
          [
            120.62993524519086,
            24.348333542560262
          ],
          [
            120.63091312547466,
            24.349779551285547
          ],
          [
            120.63123604107824,
            24.350281090839644
          ],
          [
            120.6317971073622,
            24.351092105872958
          ],
          [
            120.6322016597809,
            24.3515855745214
          ],
          [
            120.63220956410105,
            24.351594071052816
          ],
          [
            120.63247833910064,
            24.3518829899635
          ],
          [
            120.63305552691425,
            24.352503429166088
          ],
          [
            120.63305847252863,
            24.352506596455882
          ],
          [
            120.63531211882767,
            24.35492904414532
          ],
          [
            120.63609369746669,
            24.35579870046757
          ],
          [
            120.63702569058067,
            24.35703998859573
          ],
          [
            120.6377227024952,
            24.35801765969032
          ],
          [
            120.63783552829007,
            24.358193774149886
          ],
          [
            120.6392129597912,
            24.360084904912945
          ],
          [
            120.64048747808357,
            24.361876701725272
          ],
          [
            120.64053623943461,
            24.3619452528789
          ],
          [
            120.64073468909763,
            24.362224239953395
          ],
          [
            120.64132129943097,
            24.363012989189286
          ],
          [
            120.64136309684389,
            24.363064471372887
          ],
          [
            120.64145681086242,
            24.36317990073669
          ],
          [
            120.64181871762972,
            24.36362566522754
          ],
          [
            120.64330396618034,
            24.365326909744965
          ],
          [
            120.64336578608557,
            24.365394931809348
          ],
          [
            120.64344357301563,
            24.36548052306715
          ],
          [
            120.64405735163871,
            24.3661558731084
          ],
          [
            120.64511353591458,
            24.367358136450125
          ],
          [
            120.64527165768475,
            24.367548762591056
          ],
          [
            120.6453117643915,
            24.367594013309795
          ],
          [
            120.64684043811556,
            24.369318692767255
          ],
          [
            120.64807327955263,
            24.370728786102994
          ],
          [
            120.64928052442731,
            24.372095939460166
          ],
          [
            120.65037846894036,
            24.373333754889153
          ],
          [
            120.6504236559363,
            24.37338469703437
          ],
          [
            120.6511293410328,
            24.374193360615525
          ],
          [
            120.65147396551801,
            24.374585216736588
          ],
          [
            120.65161575489606,
            24.37474643810974
          ],
          [
            120.65176792155621,
            24.374917390296073
          ],
          [
            120.65222670382975,
            24.375437887019245
          ],
          [
            120.65267431429248,
            24.37590896077138
          ],
          [
            120.65386317029831,
            24.377250810155385
          ],
          [
            120.65481372715739,
            24.378334175556716
          ],
          [
            120.6551560324779,
            24.378779256730876
          ],
          [
            120.65554816664527,
            24.379275935674684
          ],
          [
            120.655855176578,
            24.379686611209504
          ],
          [
            120.6559153357705,
            24.379766836129193
          ],
          [
            120.65603948753937,
            24.379931866893074
          ],
          [
            120.65646784097362,
            24.38043172260239
          ],
          [
            120.65691986248598,
            24.38090902201849
          ],
          [
            120.65693188584922,
            24.380923402671346
          ],
          [
            120.65702835782027,
            24.381038786190278
          ],
          [
            120.65743668091575,
            24.381527153148767
          ],
          [
            120.65805550972424,
            24.38222724161208
          ],
          [
            120.65805845816105,
            24.382230578167583
          ],
          [
            120.65888676149504,
            24.383167631964955
          ],
          [
            120.65917931858633,
            24.38349859523798
          ],
          [
            120.66063243585462,
            24.385142440999548
          ],
          [
            120.66112804342674,
            24.38573962065548
          ],
          [
            120.66152480081853,
            24.386309815884335
          ],
          [
            120.66180607813736,
            24.38680677080409
          ],
          [
            120.66205001133329,
            24.38731654616303
          ],
          [
            120.66221488991562,
            24.387768252642203
          ],
          [
            120.66237383097211,
            24.38833124815937
          ],
          [
            120.66248278601591,
            24.388889252849896
          ],
          [
            120.66255076786231,
            24.38956226802875
          ],
          [
            120.66255152469138,
            24.390238791953767
          ],
          [
            120.66252573951523,
            24.390552402390597
          ],
          [
            120.66246870470361,
            24.3910001197113
          ],
          [
            120.66241982943708,
            24.39125306870364
          ],
          [
            120.66221569497972,
            24.39203085657278
          ],
          [
            120.66145212521072,
            24.394573995956087
          ],
          [
            120.66128803836607,
            24.395067129313713
          ],
          [
            120.66029214300615,
            24.3983330280134
          ],
          [
            120.66029200776876,
            24.398333458393417
          ],
          [
            120.66021824800252,
            24.398572456726285
          ],
          [
            120.66020699635094,
            24.398609021509202
          ],
          [
            120.66019603908707,
            24.39864462987746
          ],
          [
            120.66017182706204,
            24.398723312953948
          ],
          [
            120.66014211000775,
            24.39881988366601
          ],
          [
            120.66013055695666,
            24.398857426508997
          ],
          [
            120.66011921474417,
            24.39889428632867
          ],
          [
            120.66005207934194,
            24.399112457782227
          ],
          [
            120.65979188311216,
            24.39995615359532
          ],
          [
            120.65895211145674,
            24.402735134447436
          ],
          [
            120.65855278427145,
            24.404038134208847
          ],
          [
            120.65829551028166,
            24.404877601429348
          ],
          [
            120.65818892313843,
            24.405224027207723
          ],
          [
            120.65817924683934,
            24.405255477721305
          ],
          [
            120.6581701484533,
            24.405285047896843
          ],
          [
            120.65811246555347,
            24.40547252205508
          ],
          [
            120.65805980526491,
            24.405645652334332
          ],
          [
            120.65805852996446,
            24.40564983619764
          ],
          [
            120.65805555553801,
            24.405659613295512
          ],
          [
            120.65772954506497,
            24.4067314214652
          ],
          [
            120.6577273244322,
            24.406738069908016
          ],
          [
            120.65771866754602,
            24.406763986111844
          ],
          [
            120.65771860985488,
            24.40676417288152
          ],
          [
            120.65771810288742,
            24.406765697634746
          ],
          [
            120.65770634576388,
            24.40680378242189
          ],
          [
            120.6576911072448,
            24.406853145574324
          ],
          [
            120.65767977785326,
            24.406889831832444
          ],
          [
            120.65759675159335,
            24.407158762156936
          ],
          [
            120.65742783728771,
            24.40771537839431
          ],
          [
            120.65719336433133,
            24.40849021203121
          ],
          [
            120.65676543422755,
            24.409891723985773
          ],
          [
            120.65654684851759,
            24.410604319441266
          ],
          [
            120.65651388806161,
            24.410716429794654
          ],
          [
            120.65650394624066,
            24.41075022078426
          ],
          [
            120.6564932379721,
            24.410786673584337
          ],
          [
            120.65645829706015,
            24.41090549699262
          ],
          [
            120.65630809603645,
            24.41141159177529
          ],
          [
            120.6562113320854,
            24.411719197190045
          ],
          [
            120.65609298849978,
            24.412104971580387
          ],
          [
            120.65596356698465,
            24.412521319896907
          ],
          [
            120.65583664037703,
            24.41293726744017
          ],
          [
            120.65571035071181,
            24.413354372004942
          ],
          [
            120.65557090207076,
            24.41380937724005
          ],
          [
            120.65545137555326,
            24.414208095853184
          ],
          [
            120.65531137562688,
            24.414672959171522
          ],
          [
            120.65517541053333,
            24.41511497917053
          ],
          [
            120.655063284089,
            24.415478419970395
          ],
          [
            120.65494462433098,
            24.41587630937702
          ],
          [
            120.65485443743479,
            24.416166900026784
          ],
          [
            120.65474527747895,
            24.416522979643812
          ],
          [
            120.65465812547072,
            24.41681041692431
          ],
          [
            120.65460736488832,
            24.416976199506543
          ],
          [
            120.65446114441937,
            24.417459900120093
          ],
          [
            120.65436948415274,
            24.417747543591567
          ],
          [
            120.65427294944486,
            24.418068781700626
          ],
          [
            120.65419563510315,
            24.418313263192896
          ],
          [
            120.65418333122899,
            24.418352168017304
          ],
          [
            120.65416969451162,
            24.41839528632587
          ],
          [
            120.65416587509793,
            24.41840734030796
          ],
          [
            120.65406769961852,
            24.418733233450453
          ],
          [
            120.65390540381826,
            24.419263161092523
          ],
          [
            120.65378431393195,
            24.41966357188323
          ],
          [
            120.65366411868307,
            24.420061077267583
          ],
          [
            120.65353825817017,
            24.420470984395564
          ],
          [
            120.6534081125215,
            24.42091146269829
          ],
          [
            120.65331582886462,
            24.421216114508873
          ],
          [
            120.6532784933689,
            24.421339364707308
          ],
          [
            120.65324073995977,
            24.4214639592528
          ],
          [
            120.65321383284176,
            24.421552778776075
          ],
          [
            120.6530894229142,
            24.421946797763347
          ],
          [
            120.65293493297612,
            24.42245356459951
          ],
          [
            120.65279028811315,
            24.42292612500525
          ],
          [
            120.65266894599688,
            24.423333206475903
          ],
          [
            120.65266881661033,
            24.423333641375155
          ],
          [
            120.65265614690256,
            24.423376145953505
          ],
          [
            120.65261332727816,
            24.423513793585123
          ],
          [
            120.6525288916824,
            24.423785172994332
          ],
          [
            120.65246525304761,
            24.42398819665896
          ],
          [
            120.65243077472505,
            24.424097386021515
          ],
          [
            120.65243077472505,
            24.424097386021515
          ],
          [
            120.65234379105804,
            24.42427271834413
          ],
          [
            120.65202231289453,
            24.42518223456166
          ],
          [
            120.6517954623724,
            24.425832366967757
          ],
          [
            120.65158983990113,
            24.42647580319857
          ],
          [
            120.65141348783202,
            24.427085655566884
          ],
          [
            120.65107735211471,
            24.428192002994127
          ],
          [
            120.65091950782858,
            24.42871855998932
          ],
          [
            120.65073039604125,
            24.42933632737114
          ],
          [
            120.65063917959469,
            24.42963912862666
          ],
          [
            120.65039767846805,
            24.430457560464934
          ],
          [
            120.65025409015284,
            24.43095494985307
          ],
          [
            120.64997248105199,
            24.431853609691597
          ],
          [
            120.64974437955036,
            24.432627043779178
          ],
          [
            120.64946404050893,
            24.433545180798582
          ],
          [
            120.64926938988192,
            24.43423836989077
          ],
          [
            120.64912848256579,
            24.434722392224067
          ],
          [
            120.64904533098375,
            24.43499113567991
          ],
          [
            120.64894576397433,
            24.43542535066956
          ],
          [
            120.64890262896239,
            24.435641864103797
          ],
          [
            120.64888081360306,
            24.435841389373437
          ],
          [
            120.64882495048465,
            24.436334113921585
          ],
          [
            120.64884821612604,
            24.436686441383287
          ],
          [
            120.64884821612604,
            24.436686441383287
          ],
          [
            120.64884371568613,
            24.436783762999262
          ],
          [
            120.64884315214486,
            24.43705134359585
          ],
          [
            120.64884968752064,
            24.437251963927846
          ],
          [
            120.64885970501834,
            24.437427401573686
          ],
          [
            120.64887669021935,
            24.437622448203282
          ],
          [
            120.6489005915575,
            24.437855739440018
          ],
          [
            120.64893221850474,
            24.438077157473025
          ],
          [
            120.6489748369568,
            24.43832893825996
          ],
          [
            120.6490093334531,
            24.438511403020946
          ],
          [
            120.64904488008834,
            24.43867081930755
          ],
          [
            120.64908973799963,
            24.438844107586384
          ],
          [
            120.64914293352953,
            24.439033865926778
          ],
          [
            120.64919690248372,
            24.439204358268938
          ],
          [
            120.64926499515133,
            24.43939605621452
          ],
          [
            120.64931956703744,
            24.439548356581
          ],
          [
            120.64940795208204,
            24.439771825600424
          ],
          [
            120.64947570351248,
            24.43992058189264
          ],
          [
            120.64953057470208,
            24.44004719642537
          ],
          [
            120.650311945246,
            24.441713318203146
          ],
          [
            120.65083085470326,
            24.44279908352532
          ],
          [
            120.65200079260255,
            24.445332832308697
          ],
          [
            120.65285219962063,
            24.44698791557355
          ],
          [
            120.6531640042724,
            24.447480746955865
          ],
          [
            120.65343072205873,
            24.447918361729972
          ],
          [
            120.65356362117706,
            24.448130078813556
          ],
          [
            120.65369944723642,
            24.448332015112587
          ],
          [
            120.65370025282878,
            24.44833318169029
          ],
          [
            120.65370053774872,
            24.448333588644925
          ],
          [
            120.65381361980211,
            24.448495781546857
          ],
          [
            120.6538903301109,
            24.44859532058819
          ],
          [
            120.65411822729297,
            24.448899521280403
          ],
          [
            120.6545078857921,
            24.449387098803207
          ],
          [
            120.6550791826396,
            24.450091061888198
          ],
          [
            120.65510338439695,
            24.45012108412849
          ],
          [
            120.65513617770382,
            24.450161762045628
          ],
          [
            120.65521230222382,
            24.45025621578555
          ],
          [
            120.65527148957597,
            24.450329629571137
          ],
          [
            120.6553240710778,
            24.4503948661184
          ],
          [
            120.65537192435785,
            24.45045422306319
          ],
          [
            120.65541374195678,
            24.450506090280076
          ],
          [
            120.65613344404088,
            24.451398911653698
          ],
          [
            120.6563288365048,
            24.451643209347328
          ],
          [
            120.65762658340964,
            24.453251046482475
          ],
          [
            120.65805549563217,
            24.453833850602752
          ],
          [
            120.65805852251616,
            24.453837965612898
          ],
          [
            120.65822691815826,
            24.4540667693374
          ],
          [
            120.65856205872183,
            24.45456294409408
          ],
          [
            120.65857521881539,
            24.45458417374682
          ],
          [
            120.65857544470497,
            24.45458453541422
          ],
          [
            120.65867359547093,
            24.45474290781133
          ],
          [
            120.65869111609899,
            24.45477118083641
          ],
          [
            120.65869137143414,
            24.454771596743715
          ],
          [
            120.65885333943251,
            24.45503295261418
          ],
          [
            120.65916992867044,
            24.455574093372643
          ],
          [
            120.65944103261336,
            24.456091809273353
          ],
          [
            120.65963993097131,
            24.45647907465714
          ],
          [
            120.65980239109014,
            24.456823162693773
          ],
          [
            120.65981200989526,
            24.45684461902011
          ],
          [
            120.65981930490462,
            24.45686088751063
          ],
          [
            120.65982607049624,
            24.45687595396176
          ],
          [
            120.66002029100717,
            24.45730909332733
          ],
          [
            120.660295514311,
            24.458029480272295
          ],
          [
            120.6605511887771,
            24.458757786298335
          ],
          [
            120.66070228212114,
            24.45924138988694
          ],
          [
            120.66082372750206,
            24.459705722257674
          ],
          [
            120.66093813977758,
            24.460210912692936
          ],
          [
            120.66115103961248,
            24.46129012115652
          ],
          [
            120.66115848647978,
            24.46133458725531
          ],
          [
            120.66115853502744,
            24.461334876289783
          ],
          [
            120.66116235066254,
            24.46135767385355
          ],
          [
            120.66116239918607,
            24.46135797191689
          ],
          [
            120.66116621477418,
            24.461380787538246
          ],
          [
            120.66116626334605,
            24.461381067543844
          ],
          [
            120.66149904543008,
            24.4633689261499
          ],
          [
            120.66159655266299,
            24.464015624476755
          ],
          [
            120.66169056182315,
            24.46456525394066
          ],
          [
            120.66169248489177,
            24.46457651731211
          ],
          [
            120.66169441782513,
            24.464587780705617
          ],
          [
            120.66170190630494,
            24.464631578714446
          ],
          [
            120.66170199368541,
            24.46463210258756
          ],
          [
            120.66170420817717,
            24.464645055019645
          ],
          [
            120.66170430532559,
            24.464645615030307
          ],
          [
            120.66170814186883,
            24.464668042433004
          ],
          [
            120.6617082292735,
            24.46466855727724
          ],
          [
            120.66183808962619,
            24.465427728816753
          ],
          [
            120.66201862478167,
            24.466545750606993
          ],
          [
            120.66202043944558,
            24.46655699567161
          ],
          [
            120.66202225410984,
            24.466568240736162
          ],
          [
            120.66216935118828,
            24.467479190409588
          ],
          [
            120.66232526126664,
            24.468400578912004
          ],
          [
            120.6623253195156,
            24.468400931170002
          ],
          [
            120.66232715506837,
            24.46841176094502
          ],
          [
            120.66232721331733,
            24.468412113203012
          ],
          [
            120.66232950526243,
            24.46842566170231
          ],
          [
            120.66232955374304,
            24.468425977822797
          ],
          [
            120.66243650892397,
            24.469058051450208
          ],
          [
            120.66268401750372,
            24.470542398335915
          ],
          [
            120.66268407585082,
            24.470542714478235
          ],
          [
            120.66268633820307,
            24.470556289989663
          ],
          [
            120.66268638668531,
            24.470556606109973
          ],
          [
            120.66269018321888,
            24.47057936745392
          ],
          [
            120.66269026095894,
            24.47057981004434
          ],
          [
            120.66271159320014,
            24.470707788375762
          ],
          [
            120.66286070478395,
            24.471347386426363
          ],
          [
            120.66286239217757,
            24.47135461332347
          ],
          [
            120.66286790292786,
            24.47137825429011
          ],
          [
            120.66286804924246,
            24.471378877611713
          ],
          [
            120.66287551066492,
            24.471410901763566
          ],
          [
            120.66287568633392,
            24.471411615439795
          ],
          [
            120.66288832690947,
            24.471465853248443
          ],
          [
            120.66298442362469,
            24.471768978674714
          ],
          [
            120.66311878268121,
            24.472125712741846
          ],
          [
            120.66322495035999,
            24.472370371138023
          ],
          [
            120.66328156839394,
            24.47248810794936
          ],
          [
            120.66328171555242,
            24.472488415260365
          ],
          [
            120.66328464902499,
            24.47249449825635
          ],
          [
            120.66328476668453,
            24.472494769385953
          ],
          [
            120.66328753338897,
            24.472500499882603
          ],
          [
            120.66328770010934,
            24.4725008704396
          ],
          [
            120.66335209823245,
            24.47263478631587
          ],
          [
            120.66349553872345,
            24.472904808503724
          ],
          [
            120.66365691803419,
            24.473166112432917
          ],
          [
            120.66376536519101,
            24.47333325325001
          ],
          [
            120.66376562062754,
            24.473333651090588
          ],
          [
            120.66380879129393,
            24.473400181891133
          ],
          [
            120.6639458482108,
            24.473596883686486
          ],
          [
            120.66420933131401,
            24.473948378146925
          ],
          [
            120.66467883460338,
            24.47454797449379
          ],
          [
            120.66503106733613,
            24.47499347483652
          ],
          [
            120.66570403515718,
            24.475852775082096
          ],
          [
            120.6657473162053,
            24.475908100686876
          ],
          [
            120.66584719114145,
            24.47603577371305
          ],
          [
            120.66584754512355,
            24.476036216912565
          ],
          [
            120.66589776780718,
            24.476100415187734
          ],
          [
            120.66589844624771,
            24.476101274434512
          ],
          [
            120.66594924905704,
            24.476166223374893
          ],
          [
            120.66594982913134,
            24.47616697405702
          ],
          [
            120.66596073304216,
            24.476180902687396
          ],
          [
            120.66596141145972,
            24.47618177096274
          ],
          [
            120.66597224653047,
            24.476195618179887
          ],
          [
            120.66597298392551,
            24.476196567845765
          ],
          [
            120.66603140680631,
            24.476271239683776
          ],
          [
            120.66622644839093,
            24.476520561635915
          ],
          [
            120.66638248043904,
            24.47672218775705
          ],
          [
            120.66783508110316,
            24.478575105027247
          ],
          [
            120.6678356514052,
            24.478575828593865
          ],
          [
            120.66784658525484,
            24.478589784239805
          ],
          [
            120.6678471456915,
            24.478590507784688
          ],
          [
            120.66785808943285,
            24.47860445442261
          ],
          [
            120.66785865973516,
            24.478605177989138
          ],
          [
            120.66785958398633,
            24.478606362808176
          ],
          [
            120.66966745094571,
            24.480913032367035
          ],
          [
            120.66966868991832,
            24.480914606106143
          ],
          [
            120.66968129579513,
            24.48093068706778
          ],
          [
            120.66968260356849,
            24.4809323602752
          ],
          [
            120.66969279053134,
            24.48094535708932
          ],
          [
            120.669694098305,
            24.480947030296623
          ],
          [
            120.66986640184841,
            24.481166863561707
          ],
          [
            120.67081064400794,
            24.482372053084404
          ],
          [
            120.67120410306178,
            24.482861951677247
          ],
          [
            120.6714881158712,
            24.483194842365457
          ],
          [
            120.67182164851643,
            24.48355006927172
          ],
          [
            120.67239618955878,
            24.484129735174434
          ],
          [
            120.67250614169359,
            24.48423805862079
          ],
          [
            120.6725251346278,
            24.48425676254435
          ],
          [
            120.67253975819479,
            24.48427116826358
          ],
          [
            120.67255475571238,
            24.484285944977113
          ],
          [
            120.67257523460802,
            24.484306123827096
          ],
          [
            120.6725843768106,
            24.484315127404116
          ],
          [
            120.67333914879823,
            24.48505865762616
          ],
          [
            120.6738010816977,
            24.485558150755775
          ],
          [
            120.6741598388076,
            24.48600381533473
          ],
          [
            120.67447215609552,
            24.48641588174579
          ],
          [
            120.67457742119733,
            24.486579594942224
          ],
          [
            120.67458656017111,
            24.486593808069024
          ],
          [
            120.67465637023037,
            24.486702368504883
          ],
          [
            120.67467366552692,
            24.486729266746913
          ],
          [
            120.67469096080758,
            24.48675617401579
          ],
          [
            120.67469563839315,
            24.48676345235775
          ],
          [
            120.67469795755835,
            24.486767050856336
          ],
          [
            120.67472831666886,
            24.48681659463158
          ],
          [
            120.67474049966816,
            24.486836457369197
          ],
          [
            120.67474893929739,
            24.486850235592666
          ],
          [
            120.6747568680251,
            24.486863182056357
          ],
          [
            120.6748676939056,
            24.487043998736475
          ],
          [
            120.674868037782,
            24.487044559268725
          ],
          [
            120.67494022213963,
            24.48716233416405
          ],
          [
            120.67514784418229,
            24.487520623386427
          ],
          [
            120.67514841394014,
            24.487521590704517
          ],
          [
            120.67520855978822,
            24.48762485721551
          ],
          [
            120.67596818591325,
            24.488929016389154
          ],
          [
            120.67625522273552,
            24.489366538698018
          ],
          [
            120.67634000037783,
            24.489483856856157
          ],
          [
            120.67668699259868,
            24.489964027512166
          ],
          [
            120.67705514795914,
            24.490399798749436
          ],
          [
            120.6780381752802,
            24.49157743156574
          ],
          [
            120.67910771930298,
            24.492726483853914
          ],
          [
            120.67957014623944,
            24.493173233332513
          ],
          [
            120.68102351328471,
            24.494797613280898
          ],
          [
            120.68168570239222,
            24.495485637501552
          ],
          [
            120.68259463021974,
            24.496479744433024
          ],
          [
            120.68321755042273,
            24.497167679376783
          ],
          [
            120.68399716300353,
            24.498039279612136
          ],
          [
            120.68431838472789,
            24.498410227454183
          ],
          [
            120.68461399837565,
            24.49877715202181
          ],
          [
            120.68472945327089,
            24.498940313237195
          ],
          [
            120.68489933245,
            24.499226703261595
          ],
          [
            120.68514397982443,
            24.49969382692629
          ],
          [
            120.68546803790306,
            24.50027303780455
          ],
          [
            120.68619957566132,
            24.501632496614988
          ],
          [
            120.68700204292523,
            24.503132841200355
          ],
          [
            120.68706591147102,
            24.503249870664014
          ],
          [
            120.68709539989474,
            24.503303897471326
          ],
          [
            120.68714211771976,
            24.503389515954893
          ],
          [
            120.68718032899054,
            24.503459523901824
          ],
          [
            120.68740115940689,
            24.503864159644024
          ],
          [
            120.68740140495494,
            24.50386462062593
          ],
          [
            120.6874143909877,
            24.5038884115564
          ],
          [
            120.68741463653586,
            24.503888872538283
          ],
          [
            120.68742762257355,
            24.503912663467585
          ],
          [
            120.6874278779893,
            24.50391312446987
          ],
          [
            120.68785959247765,
            24.504704181093803
          ],
          [
            120.68845183357337,
            24.50584983436696
          ],
          [
            120.68858370485108,
            24.506162370606745
          ],
          [
            120.68867929198993,
            24.506383233818955
          ],
          [
            120.68877844284054,
            24.50665974032859
          ],
          [
            120.68887962903455,
            24.50699148970275
          ],
          [
            120.68898742321637,
            24.507340886032146
          ],
          [
            120.68959015398823,
            24.50958830613169
          ],
          [
            120.68959024197895,
            24.509588640381427
          ],
          [
            120.68959722382544,
            24.509614648901703
          ],
          [
            120.68959731183836,
            24.509614974122588
          ],
          [
            120.68960428381979,
            24.5096409826222
          ],
          [
            120.68960437181055,
            24.509641316871924
          ],
          [
            120.6903680050584,
            24.512488545900833
          ],
          [
            120.69039802601073,
            24.512600538546266
          ],
          [
            120.69103694021776,
            24.51498263750383
          ],
          [
            120.69130353501282,
            24.51603263683431
          ],
          [
            120.69137746398502,
            24.516547966845312
          ],
          [
            120.69143733391402,
            24.517114561101526
          ],
          [
            120.69145675704482,
            24.517796642236416
          ],
          [
            120.69141904672618,
            24.519276127108025
          ],
          [
            120.69143326962528,
            24.520030708311285
          ],
          [
            120.6914825344929,
            24.520572153260975
          ],
          [
            120.69151390998876,
            24.520801451485887
          ],
          [
            120.69154411792927,
            24.52099162520257
          ],
          [
            120.69154573136807,
            24.521001776954584
          ],
          [
            120.69154577018183,
            24.521002047900122
          ],
          [
            120.69154766547268,
            24.521013978916326
          ],
          [
            120.69154857920581,
            24.521019687032194
          ],
          [
            120.69154861801957,
            24.52101995797773
          ],
          [
            120.69154968711813,
            24.521026704731646
          ],
          [
            120.69155139776862,
            24.521037461616775
          ],
          [
            120.69155144642914,
            24.521037741611316
          ],
          [
            120.69155195182411,
            24.521040929836758
          ],
          [
            120.69155409011019,
            24.521054387229153
          ],
          [
            120.6915692135347,
            24.5211496095549
          ],
          [
            120.69188951227135,
            24.523154294360765
          ],
          [
            120.69188985253129,
            24.523156407811427
          ],
          [
            120.69189243809738,
            24.523172637972625
          ],
          [
            120.69189520850959,
            24.5231899610046
          ],
          [
            120.69189532517524,
            24.523190683552517
          ],
          [
            120.69191812005052,
            24.523333341115677
          ],
          [
            120.69191818809828,
            24.523333765611554
          ],
          [
            120.69244302801498,
            24.5266184194063
          ],
          [
            120.69261485414899,
            24.527684004320015
          ],
          [
            120.69262273918278,
            24.527732902666735
          ],
          [
            120.69285008575294,
            24.52914261809713
          ],
          [
            120.69293502435386,
            24.52968569661859
          ],
          [
            120.69293517978437,
            24.529686717196594
          ],
          [
            120.69293766781428,
            24.52970257694602
          ],
          [
            120.69293782326676,
            24.529703588495195
          ],
          [
            120.69294072914185,
            24.529722139696485
          ],
          [
            120.69294088457242,
            24.529723160274475
          ],
          [
            120.69313704317632,
            24.530977289314354
          ],
          [
            120.69326051754385,
            24.53170227817547
          ],
          [
            120.69341113887745,
            24.532401336993864
          ],
          [
            120.6935650067374,
            24.53297122630123
          ],
          [
            120.6935829172987,
            24.53303757063613
          ],
          [
            120.69359172098567,
            24.53307017367647
          ],
          [
            120.69359232749754,
            24.533072405037004
          ],
          [
            120.69361033590802,
            24.53313911072115
          ],
          [
            120.69362768077484,
            24.533202691069363
          ],
          [
            120.69384770716813,
            24.534000909799985
          ],
          [
            120.69398883896658,
            24.534512906777916
          ],
          [
            120.6945694992579,
            24.536763154111558
          ],
          [
            120.69457520009699,
            24.536785232181177
          ],
          [
            120.69458090091615,
            24.53680731927936
          ],
          [
            120.69550457473488,
            24.540386717102354
          ],
          [
            120.69624858335845,
            24.543511558948936
          ],
          [
            120.69627447319722,
            24.543606206351754
          ],
          [
            120.69674718571446,
            24.54540985761221
          ],
          [
            120.69703004718407,
            24.546513624903557
          ],
          [
            120.69703025254134,
            24.54651442888349
          ],
          [
            120.69703349923022,
            24.54652710287835
          ],
          [
            120.69703370458751,
            24.54652790685828
          ],
          [
            120.69703695127704,
            24.546540580853033
          ],
          [
            120.69703715663442,
            24.546541384832977
          ],
          [
            120.69723523592984,
            24.54731432686453
          ],
          [
            120.69736489878787,
            24.547693536837254
          ],
          [
            120.69754884561132,
            24.548153979757487
          ],
          [
            120.69763439191806,
            24.548333382930945
          ],
          [
            120.69763458834169,
            24.548333798651683
          ],
          [
            120.69776139577095,
            24.548599708588746
          ],
          [
            120.69812329730088,
            24.54922249389149
          ],
          [
            120.69815630848672,
            24.549279279180084
          ],
          [
            120.69816370106156,
            24.549292015620676
          ],
          [
            120.6981776900321,
            24.549316078407287
          ],
          [
            120.69819166918008,
            24.549340123115222
          ],
          [
            120.69825872380049,
            24.549455519546456
          ],
          [
            120.6988026107741,
            24.55030725954607
          ],
          [
            120.69900321150071,
            24.550634459133274
          ],
          [
            120.6993016919311,
            24.551100085276985
          ],
          [
            120.69930949009093,
            24.551112551603744
          ],
          [
            120.69934176450755,
            24.55116412551514
          ],
          [
            120.70156786691528,
            24.55472160518299
          ],
          [
            120.70159275757847,
            24.55476138134903
          ],
          [
            120.70159295428135,
            24.554761688718944
          ],
          [
            120.70271876420824,
            24.556560733239408
          ],
          [
            120.702719108416,
            24.556561284677333
          ],
          [
            120.70275308696542,
            24.556615587912063
          ],
          [
            120.70275344104512,
            24.556616139369364
          ],
          [
            120.70278741962392,
            24.55667044259624
          ],
          [
            120.70278776383229,
            24.556670994034015
          ],
          [
            120.70329200760062,
            24.557476763797656
          ],
          [
            120.70343970531279,
            24.55771309533484
          ],
          [
            120.70352715577187,
            24.55785305181162
          ],
          [
            120.70353114869762,
            24.557859434023722
          ],
          [
            120.703531453553,
            24.55785993120934
          ],
          [
            120.70412146428417,
            24.55880408023073
          ],
          [
            120.70519562001698,
            24.560508860766102
          ],
          [
            120.70519796087731,
            24.56051256716675
          ],
          [
            120.70520070496633,
            24.56051692443211
          ],
          [
            120.7060436819265,
            24.56185476605941
          ],
          [
            120.70618002728217,
            24.56207830593883
          ],
          [
            120.7064211677851,
            24.562419560121707
          ],
          [
            120.70805552916671,
            24.56506943764744
          ],
          [
            120.70805853879114,
            24.565074319046165
          ],
          [
            120.70863562786164,
            24.565991464878433
          ],
          [
            120.70863794922077,
            24.565995153129094
          ],
          [
            120.70864060500855,
            24.56599937472726
          ],
          [
            120.70879644113866,
            24.566247047812677
          ],
          [
            120.70960587429202,
            24.567500872253223
          ],
          [
            120.70960914032284,
            24.56750592566215
          ],
          [
            120.70961214073336,
            24.56751057226187
          ],
          [
            120.71083674861268,
            24.56940746416178
          ],
          [
            120.71084382193848,
            24.569418411644662
          ],
          [
            120.71084885882135,
            24.569426222216528
          ],
          [
            120.7109171817282,
            24.569532044753988
          ],
          [
            120.71103023720656,
            24.569741486603796
          ],
          [
            120.71103136775764,
            24.569743583459633
          ],
          [
            120.71104327299696,
            24.56976564565552
          ],
          [
            120.71104441342109,
            24.56976774253019
          ],
          [
            120.7110574492169,
            24.56979190158065
          ],
          [
            120.71106609061462,
            24.569807908202336
          ],
          [
            120.71127033879519,
            24.57018628249311
          ],
          [
            120.7114304953194,
            24.57056515893099
          ],
          [
            120.71152464942962,
            24.57085944417473
          ],
          [
            120.7116299451105,
            24.571294076665676
          ],
          [
            120.71168013003496,
            24.571560974464983
          ],
          [
            120.71170435715041,
            24.571828869915347
          ],
          [
            120.71171898903305,
            24.572139435270866
          ],
          [
            120.7117202387961,
            24.572365618713633
          ],
          [
            120.711703606117,
            24.572709440579118
          ],
          [
            120.71164143949191,
            24.57333358160412
          ],
          [
            120.71163622514386,
            24.573385967682984
          ],
          [
            120.71162835327316,
            24.573464972864187
          ],
          [
            120.71161812684231,
            24.573593514681395
          ],
          [
            120.71161692728154,
            24.573608608574936
          ],
          [
            120.71152942350949,
            24.574453538700517
          ],
          [
            120.71148988110653,
            24.57503593022542
          ],
          [
            120.71148809847763,
            24.575430648745684
          ],
          [
            120.71151383506029,
            24.57581124470108
          ],
          [
            120.71154524859172,
            24.57614453146668
          ],
          [
            120.71159362718575,
            24.576450755209486
          ],
          [
            120.71166472450342,
            24.57677415910858
          ],
          [
            120.7117447326165,
            24.577056652384524
          ],
          [
            120.71180933097405,
            24.577264863136957
          ],
          [
            120.71187096569882,
            24.577456617684174
          ],
          [
            120.7120429892818,
            24.57790530863804
          ],
          [
            120.71280728979013,
            24.579912040651454
          ],
          [
            120.71393418179609,
            24.58284586784114
          ],
          [
            120.71444890673332,
            24.58419229095096
          ],
          [
            120.71491749094696,
            24.58540823977352
          ],
          [
            120.71492737591443,
            24.585433891274125
          ],
          [
            120.71497094709149,
            24.585539664982335
          ],
          [
            120.7149886907991,
            24.585591903136788
          ],
          [
            120.71549440373522,
            24.586916238883806
          ],
          [
            120.71606869728816,
            24.58839202489189
          ],
          [
            120.71632235286242,
            24.5889668433448
          ],
          [
            120.71642929335306,
            24.589189144351376
          ],
          [
            120.71655817097715,
            24.589452603750455
          ],
          [
            120.71675785063535,
            24.58984198553672
          ],
          [
            120.71707082491797,
            24.59040904111153
          ],
          [
            120.71743970789142,
            24.591012505756957
          ],
          [
            120.71782663505708,
            24.59159828877907
          ],
          [
            120.7183207469515,
            24.59232357673596
          ],
          [
            120.71879290341305,
            24.593013573595712
          ],
          [
            120.71917491673167,
            24.593567842419922
          ],
          [
            120.71970264053938,
            24.5943449776532
          ],
          [
            120.72003416068766,
            24.59482916801227
          ],
          [
            120.72028489693436,
            24.595185179178884
          ],
          [
            120.72061210654775,
            24.59562920013263
          ],
          [
            120.72090637036156,
            24.596009081904786
          ],
          [
            120.72112033017746,
            24.596270446805466
          ],
          [
            120.72139244605387,
            24.596584213836856
          ],
          [
            120.72154834878897,
            24.59676302870947
          ],
          [
            120.72178148858805,
            24.597019724131876
          ],
          [
            120.72200151047905,
            24.59725188178047
          ],
          [
            120.72216932985754,
            24.597414619662743
          ],
          [
            120.72246456338166,
            24.597708058436623
          ],
          [
            120.72247679131108,
            24.597720215683363
          ],
          [
            120.72247901816931,
            24.5977224228152
          ],
          [
            120.7224922905662,
            24.597735611269083
          ],
          [
            120.72249296060275,
            24.597736271606454
          ],
          [
            120.72250134574634,
            24.597744611614775
          ],
          [
            120.7230936992775,
            24.598333350677805
          ],
          [
            120.72309412296445,
            24.59833377581061
          ],
          [
            120.72351301172222,
            24.59875009613717
          ],
          [
            120.7246216494488,
            24.59984024274208
          ],
          [
            120.72541896017259,
            24.600632910668697
          ],
          [
            120.72593419406971,
            24.601145502451548
          ],
          [
            120.7262997554306,
            24.60150749095059
          ],
          [
            120.72631937779664,
            24.601525484902147
          ],
          [
            120.72632028452364,
            24.601526308171078
          ],
          [
            120.7263261781217,
            24.60153171810596
          ],
          [
            120.72632713410671,
            24.601532595637174
          ],
          [
            120.72634295225052,
            24.601547097554167
          ],
          [
            120.72634387866924,
            24.60154794794515
          ],
          [
            120.72634488395174,
            24.60154886168106
          ],
          [
            120.72636779809443,
            24.601569868199494
          ],
          [
            120.72636862597788,
            24.60157061909445
          ],
          [
            120.72637392824876,
            24.60157548622481
          ],
          [
            120.72637694403868,
            24.601578254518206
          ],
          [
            120.72688116572968,
            24.602040433324564
          ],
          [
            120.72743759568557,
            24.602528166185603
          ],
          [
            120.72810508514323,
            24.603053630338717
          ],
          [
            120.72879841908039,
            24.603530969482527
          ],
          [
            120.72960160249445,
            24.604035751717838
          ],
          [
            120.73017044466526,
            24.60438572640873
          ],
          [
            120.73062069480007,
            24.604639303013816
          ],
          [
            120.73100453453104,
            24.604832727152687
          ],
          [
            120.73145135467512,
            24.605024574314488
          ],
          [
            120.73204805024744,
            24.60523785956693
          ],
          [
            120.73244134443695,
            24.605352547742843
          ],
          [
            120.73288547865104,
            24.605457835865927
          ],
          [
            120.73305549227655,
            24.605487192153223
          ],
          [
            120.73305851307789,
            24.605487712152073
          ],
          [
            120.73329052227159,
            24.60552777791862
          ],
          [
            120.73366425635577,
            24.605581240106574
          ],
          [
            120.73394938661208,
            24.605607160440748
          ],
          [
            120.73417723204983,
            24.605622343153936
          ],
          [
            120.73440752561493,
            24.60563334951059
          ],
          [
            120.73458281761076,
            24.605632611388245
          ],
          [
            120.73487912578733,
            24.60563112019507
          ],
          [
            120.7352803467348,
            24.605617795649184
          ],
          [
            120.73604729258965,
            24.605569141128452
          ],
          [
            120.73739926093987,
            24.60548367387325
          ],
          [
            120.73876300004335,
            24.605402530655937
          ],
          [
            120.73978923836728,
            24.605332890556834
          ],
          [
            120.73979500645846,
            24.605332503261657
          ],
          [
            120.73981435526971,
            24.60533119141955
          ],
          [
            120.73983926476815,
            24.605329500948365
          ],
          [
            120.73986830280612,
            24.605327528686942
          ],
          [
            120.74007627041989,
            24.605313414810926
          ],
          [
            120.74046476913122,
            24.605291070808832
          ],
          [
            120.74083145879746,
            24.605280172882903
          ],
          [
            120.74121123546978,
            24.605287489593902
          ],
          [
            120.74158306835764,
            24.605315955212056
          ],
          [
            120.74197540184147,
            24.605369040476877
          ],
          [
            120.74231556666318,
            24.605434982712012
          ],
          [
            120.74272043409042,
            24.605535759554108
          ],
          [
            120.7431086183839,
            24.605653020509365
          ],
          [
            120.74338071018371,
            24.605754020341873
          ],
          [
            120.74366095040514,
            24.60586923586251
          ],
          [
            120.74387024022221,
            24.6059723398954
          ],
          [
            120.74413133652986,
            24.606105082977077
          ],
          [
            120.7444085648607,
            24.606264695621466
          ],
          [
            120.74472016072743,
            24.6064584768529
          ],
          [
            120.74475953438701,
            24.606482966530457
          ],
          [
            120.74487898701095,
            24.60655725035054
          ],
          [
            120.74546038445052,
            24.60694704189087
          ],
          [
            120.74547895507429,
            24.60695948789461
          ],
          [
            120.74550010960056,
            24.606973671794655
          ],
          [
            120.74586868242265,
            24.607220771753536
          ],
          [
            120.74592673187827,
            24.60725969359284
          ],
          [
            120.74602347311972,
            24.607323600190256
          ],
          [
            120.74650063199937,
            24.60763884156781
          ],
          [
            120.7465010758213,
            24.60763913123689
          ],
          [
            120.7469224641366,
            24.607917512066066
          ],
          [
            120.74692347998645,
            24.607918181905312
          ],
          [
            120.74702462093,
            24.607985011560075
          ],
          [
            120.74704572693393,
            24.607998942355263
          ],
          [
            120.74714000364393,
            24.60806122793888
          ],
          [
            120.74717373379805,
            24.60808351350611
          ],
          [
            120.74750958622752,
            24.608305391221794
          ],
          [
            120.74877935758565,
            24.60914663454011
          ],
          [
            120.7498649767581,
            24.609860778824636
          ],
          [
            120.75020906253772,
            24.61006415517499
          ],
          [
            120.75059322130618,
            24.610274775051355
          ],
          [
            120.75087452953606,
            24.610407702474692
          ],
          [
            120.75124126595719,
            24.61056511224611
          ],
          [
            120.75204277766386,
            24.61085950975372
          ],
          [
            120.75268095207865,
            24.611074849375214
          ],
          [
            120.75327232315479,
            24.611276774036526
          ],
          [
            120.75391196181506,
            24.611492959559445
          ],
          [
            120.75424028188816,
            24.611597697445912
          ],
          [
            120.7546187168583,
            24.61170570350945
          ],
          [
            120.75499775224635,
            24.611794803300732
          ],
          [
            120.75521251616527,
            24.61184038707628
          ],
          [
            120.75541161917411,
            24.6118746320098
          ],
          [
            120.75575885901844,
            24.611925982978736
          ],
          [
            120.75597990254556,
            24.611952263256374
          ],
          [
            120.7561902749551,
            24.611970986875406
          ],
          [
            120.75661559722667,
            24.6119907171065
          ],
          [
            120.75673902839864,
            24.611990420103957
          ],
          [
            120.75674173445678,
            24.611990406420787
          ],
          [
            120.75674223813262,
            24.611990407234988
          ],
          [
            120.75676704682942,
            24.611990348019745
          ],
          [
            120.75677024666994,
            24.61199034416297
          ],
          [
            120.75679258635004,
            24.611990289981545
          ],
          [
            120.75679574670403,
            24.611990277031623
          ],
          [
            120.75680095138944,
            24.61199026738553
          ],
          [
            120.75699502611087,
            24.611989804432334
          ],
          [
            120.75737377989388,
            24.611975364574043
          ],
          [
            120.75793349261897,
            24.61193495921591
          ],
          [
            120.75805551456351,
            24.611922785996867
          ],
          [
            120.7580585470838,
            24.611922483893338
          ],
          [
            120.75877497241979,
            24.611850997346423
          ],
          [
            120.7595013737174,
            24.611778475985954
          ],
          [
            120.7601079662315,
            24.611717425378355
          ],
          [
            120.76053711574387,
            24.611672080068658
          ],
          [
            120.76066242787562,
            24.611658871655855
          ],
          [
            120.76066630992369,
            24.611658462505215
          ],
          [
            120.76072988464269,
            24.611651755887475
          ],
          [
            120.76073376669034,
            24.61165134673509
          ],
          [
            120.76073957494782,
            24.611650732982774
          ],
          [
            120.7607950496959,
            24.611644889252354
          ],
          [
            120.76079893174314,
            24.611644480098303
          ],
          [
            120.76084188121195,
            24.61163995270298
          ],
          [
            120.76086415606208,
            24.611637604498615
          ],
          [
            120.76086804798487,
            24.611637195358462
          ],
          [
            120.76097990624834,
            24.611625400880087
          ],
          [
            120.76099687663314,
            24.611623604016245
          ],
          [
            120.76099778539408,
            24.611623515171566
          ],
          [
            120.7610007092821,
            24.61162320380731
          ],
          [
            120.76100132171243,
            24.611623141578377
          ],
          [
            120.7610051049815,
            24.611622741290898
          ],
          [
            120.76105955239898,
            24.61161700417683
          ],
          [
            120.76106338506472,
            24.611616594937512
          ],
          [
            120.76110416135576,
            24.611612298765483
          ],
          [
            120.76112587314609,
            24.611610012830038
          ],
          [
            120.7611297058114,
            24.611609603589038
          ],
          [
            120.761190149166,
            24.61160322587151
          ],
          [
            120.76119398181378,
            24.61160282565764
          ],
          [
            120.76121684932939,
            24.61160041513985
          ],
          [
            120.76145563293598,
            24.611568281133902
          ],
          [
            120.76179494086684,
            24.611511819797173
          ],
          [
            120.7620165198613,
            24.61146420035845
          ],
          [
            120.76233059818954,
            24.611384683496286
          ],
          [
            120.76260895774563,
            24.611298329004104
          ],
          [
            120.76283232845502,
            24.611216717749596
          ],
          [
            120.76301994624356,
            24.611146462267698
          ],
          [
            120.76325607079367,
            24.611046713543473
          ],
          [
            120.76344333878156,
            24.610957397178883
          ],
          [
            120.76360787254131,
            24.61087309196875
          ],
          [
            120.76373890163157,
            24.61079685087204
          ],
          [
            120.76392090658958,
            24.610690921676174
          ],
          [
            120.76407083258843,
            24.610596408547465
          ],
          [
            120.76407363078546,
            24.61059464328906
          ],
          [
            120.76409848824441,
            24.61057897214081
          ],
          [
            120.76410125676222,
            24.61057723392177
          ],
          [
            120.76412003332878,
            24.61056539950749
          ],
          [
            120.7641228117557,
            24.61056364324597
          ],
          [
            120.76414057977546,
            24.61055244829325
          ],
          [
            120.76429166149208,
            24.610447093160367
          ],
          [
            120.7644259285557,
            24.6103500090222
          ],
          [
            120.76453277088541,
            24.610263030228232
          ],
          [
            120.7646860038335,
            24.6101423922938
          ],
          [
            120.76478748396431,
            24.610049725812686
          ],
          [
            120.76492739448477,
            24.60992346894504
          ],
          [
            120.76505350421878,
            24.60980460304642
          ],
          [
            120.76521925672822,
            24.609637395472312
          ],
          [
            120.76586988192012,
            24.608971821476484
          ],
          [
            120.76665789459014,
            24.608171513106637
          ],
          [
            120.76718373682338,
            24.607734520638502
          ],
          [
            120.7675650005,
            24.607476642276726
          ],
          [
            120.76782491853528,
            24.607321440994227
          ],
          [
            120.768370638011,
            24.60705325949115
          ],
          [
            120.76882097004578,
            24.60687988548229
          ],
          [
            120.76904586819572,
            24.606809751878377
          ],
          [
            120.76905112503115,
            24.606808116701746
          ],
          [
            120.76905428702953,
            24.60680713741357
          ],
          [
            120.76906805166126,
            24.606802842763525
          ],
          [
            120.76907121367593,
            24.6068018544462
          ],
          [
            120.76908182616765,
            24.60679854812736
          ],
          [
            120.76908498818212,
            24.606797559809745
          ],
          [
            120.76908792292518,
            24.606796643373848
          ],
          [
            120.76922846433372,
            24.60675282542999
          ],
          [
            120.76984662202797,
            24.606616254184388
          ],
          [
            120.7707791790662,
            24.60643034759726
          ],
          [
            120.7713525243642,
            24.60630664017245
          ],
          [
            120.77203834454347,
            24.606159463524705
          ],
          [
            120.7722856121953,
            24.606114188164646
          ],
          [
            120.77229523419723,
            24.606112424046213
          ],
          [
            120.77229851397361,
            24.606111824077786
          ],
          [
            120.77234055833502,
            24.606104131930806
          ],
          [
            120.7723438578784,
            24.606103522962464
          ],
          [
            120.77237003681537,
            24.606098732143682
          ],
          [
            120.77237331659106,
            24.606098132173596
          ],
          [
            120.77237446253007,
            24.606097926244022
          ],
          [
            120.77255288432418,
            24.606065249844914
          ],
          [
            120.77257905337,
            24.606060458974685
          ],
          [
            120.77258253071987,
            24.60605982318333
          ],
          [
            120.77260058923406,
            24.60605651883694
          ],
          [
            120.77260403695709,
            24.60605588300034
          ],
          [
            120.77263092715842,
            24.606050957778436
          ],
          [
            120.77263436498929,
            24.60605033095499
          ],
          [
            120.77263937355345,
            24.606049417582273
          ],
          [
            120.77318616683223,
            24.60594928240505
          ],
          [
            120.7739894923324,
            24.60586246895574
          ],
          [
            120.77426125635535,
            24.605857730374463
          ],
          [
            120.77427034214894,
            24.605857572453793
          ],
          [
            120.77427393697074,
            24.605857505614612
          ],
          [
            120.77429160488974,
            24.605857198044678
          ],
          [
            120.77429519969533,
            24.60585714023376
          ],
          [
            120.77431312439417,
            24.605856824017565
          ],
          [
            120.77431672907525,
            24.605856766220946
          ],
          [
            120.77431899065215,
            24.605856724467994
          ],
          [
            120.77469305872485,
            24.605850197275533
          ],
          [
            120.77504755832811,
            24.60586301573914
          ],
          [
            120.77529468528594,
            24.605884539398243
          ],
          [
            120.77534717557896,
            24.605889114103228
          ],
          [
            120.77539344524206,
            24.605893146807084
          ],
          [
            120.77609213379564,
            24.605991509408682
          ],
          [
            120.77610381234929,
            24.605993892330858
          ],
          [
            120.77627876368284,
            24.606029572516007
          ],
          [
            120.77628212016326,
            24.606030254666052
          ],
          [
            120.77642940039254,
            24.6060602956797
          ],
          [
            120.77643292469473,
            24.60606101419096
          ],
          [
            120.77646990518912,
            24.60606855400295
          ],
          [
            120.77657899230749,
            24.606095486404374
          ],
          [
            120.77662370906337,
            24.606106522784124
          ],
          [
            120.77680374096906,
            24.606150958819995
          ],
          [
            120.77715137192386,
            24.60625648805647
          ],
          [
            120.7771638874507,
            24.606260280630615
          ],
          [
            120.77717261277753,
            24.606262929961986
          ],
          [
            120.77717504087043,
            24.606263664890584
          ],
          [
            120.77718646077099,
            24.606267139832347
          ],
          [
            120.77720607302389,
            24.606273091766287
          ],
          [
            120.77722241821002,
            24.60627805472132
          ],
          [
            120.7772277185575,
            24.60627966066646
          ],
          [
            120.77756329067094,
            24.6064027682608
          ],
          [
            120.77789979498151,
            24.606540828198256
          ],
          [
            120.77818210239265,
            24.606667819454035
          ],
          [
            120.77853158167649,
            24.606846851798434
          ],
          [
            120.7788847595925,
            24.607051620882423
          ],
          [
            120.77926405070454,
            24.607278457741852
          ],
          [
            120.77942019026334,
            24.607376847910707
          ],
          [
            120.77942271564363,
            24.60737844068288
          ],
          [
            120.77942440251188,
            24.607379508555
          ],
          [
            120.77944000860036,
            24.607389336716427
          ],
          [
            120.77944169546889,
            24.607390404588354
          ],
          [
            120.7794558317024,
            24.607399309655246
          ],
          [
            120.77945754816649,
            24.607400395627998
          ],
          [
            120.7794611586824,
            24.60740266715057
          ],
          [
            120.77961408262821,
            24.60749902995239
          ],
          [
            120.779792959157,
            24.607612874238722
          ],
          [
            120.78017551321456,
            24.607856308533606
          ],
          [
            120.78059058152206,
            24.60813831520202
          ],
          [
            120.78088358282295,
            24.60836620493238
          ],
          [
            120.78098467466434,
            24.608449209486725
          ],
          [
            120.781041744125,
            24.608496070800438
          ],
          [
            120.78110452354518,
            24.608547617321975
          ],
          [
            120.78133714080464,
            24.608761550073535
          ],
          [
            120.78163113574819,
            24.609050140487373
          ],
          [
            120.78183102828727,
            24.609268647735526
          ],
          [
            120.7818317084178,
            24.60926939811281
          ],
          [
            120.78190325156912,
            24.609347601025462
          ],
          [
            120.78211180186072,
            24.609602804502302
          ],
          [
            120.7823743610061,
            24.609939733331295
          ],
          [
            120.78243183944211,
            24.610013482504154
          ],
          [
            120.78267878161768,
            24.610330362313466
          ],
          [
            120.78280394383488,
            24.610493431769616
          ],
          [
            120.78281528548791,
            24.61050821927133
          ],
          [
            120.7828266370351,
            24.610522997757634
          ],
          [
            120.78305553049613,
            24.610821231679203
          ],
          [
            120.78305853589114,
            24.610825156320935
          ],
          [
            120.78321383704915,
            24.611027486413047
          ],
          [
            120.78328749946854,
            24.611123454992235
          ],
          [
            120.78333834537041,
            24.611189700349872
          ],
          [
            120.78346207060432,
            24.61135090724578
          ],
          [
            120.78351151556055,
            24.61141641919451
          ],
          [
            120.78385427162345,
            24.611870546345713
          ],
          [
            120.78385535551708,
            24.611871983483148
          ],
          [
            120.78386111987004,
            24.61187962110599
          ],
          [
            120.78387743741126,
            24.611901250481285
          ],
          [
            120.78387793009465,
            24.611901901263103
          ],
          [
            120.78389250357476,
            24.611921207728084
          ],
          [
            120.78389430678912,
            24.61192359392316
          ],
          [
            120.78390036674453,
            24.611931629236548
          ],
          [
            120.78395426598796,
            24.612003043245753
          ],
          [
            120.78429678821382,
            24.612457169035377
          ],
          [
            120.78445409887092,
            24.61266199626855
          ],
          [
            120.78449813686173,
            24.61271934712867
          ],
          [
            120.78449932922115,
            24.61272089276241
          ],
          [
            120.78451319397936,
            24.61273893411816
          ],
          [
            120.78528833940211,
            24.613751277619414
          ],
          [
            120.78530009548234,
            24.613766625308024
          ],
          [
            120.7853211528804,
            24.613794743970313
          ],
          [
            120.78534298870144,
            24.61382392011046
          ],
          [
            120.78534547183827,
            24.6138272372249
          ],
          [
            120.78535240886022,
            24.61383650164769
          ],
          [
            120.78537316078308,
            24.613864231628117
          ],
          [
            120.78538354660871,
            24.61387810566011
          ],
          [
            120.78538938001711,
            24.613885896811578
          ],
          [
            120.7855670430318,
            24.61412323753434
          ],
          [
            120.78584959728659,
            24.614491013037625
          ],
          [
            120.7861569382344,
            24.614890405993016
          ],
          [
            120.78619145762976,
            24.614935797710842
          ],
          [
            120.78623723059087,
            24.61499599459245
          ],
          [
            120.78625774717337,
            24.615022956665843
          ],
          [
            120.78625846652871,
            24.615023905712317
          ],
          [
            120.78627846081412,
            24.615050198909284
          ],
          [
            120.78627981083856,
            24.615051979501576
          ],
          [
            120.78663709812228,
            24.61552175873288
          ],
          [
            120.78665344646951,
            24.615543252413435
          ],
          [
            120.78763868345305,
            24.61683867255095
          ],
          [
            120.7876538890103,
            24.616858665726436
          ],
          [
            120.78767925461052,
            24.616892017810557
          ],
          [
            120.7876917013119,
            24.616908142760785
          ],
          [
            120.78771608227893,
            24.61693972380361
          ],
          [
            120.78773586101892,
            24.61696534836786
          ],
          [
            120.78810296659883,
            24.61744091634286
          ],
          [
            120.78832324279291,
            24.61772762908684
          ],
          [
            120.78907497724998,
            24.61866668718263
          ],
          [
            120.78933186703668,
            24.61899661645644
          ],
          [
            120.78965135994191,
            24.61940694401872
          ],
          [
            120.78980777603984,
            24.61960781872193
          ],
          [
            120.79040923598258,
            24.620430068389656
          ],
          [
            120.79040940350541,
            24.620430297051705
          ],
          [
            120.79058940271443,
            24.620711244100352
          ],
          [
            120.79073237418388,
            24.620962886112224
          ],
          [
            120.79092415869579,
            24.62133241264288
          ],
          [
            120.79115915660708,
            24.621831986541956
          ],
          [
            120.79125088571782,
            24.622056136428043
          ],
          [
            120.79137250453427,
            24.622386190377522
          ],
          [
            120.7914796428247,
            24.622693417400956
          ],
          [
            120.79158134743314,
            24.62299583348953
          ],
          [
            120.79164296210776,
            24.62317904092904
          ],
          [
            120.79169487618768,
            24.623333424012998
          ],
          [
            120.79169499511335,
            24.623333777203687
          ],
          [
            120.79171785522196,
            24.623401767716487
          ],
          [
            120.79200969409247,
            24.624276285510973
          ],
          [
            120.79233261357248,
            24.62520858472146
          ],
          [
            120.7923361229612,
            24.625218710846692
          ],
          [
            120.79264226282095,
            24.626134941965997
          ],
          [
            120.79292464825653,
            24.626963740946344
          ],
          [
            120.79319030191687,
            24.627770558294976
          ],
          [
            120.79332488429873,
            24.628182329842065
          ],
          [
            120.79343084692287,
            24.62848955367462
          ],
          [
            120.79367394259879,
            24.62917270781084
          ],
          [
            120.79393482145514,
            24.62995755908724
          ],
          [
            120.79419235873804,
            24.63057732287331
          ],
          [
            120.79426269181518,
            24.63072494953388
          ],
          [
            120.79457650001319,
            24.631359696113474
          ],
          [
            120.79473733293095,
            24.631633948494287
          ],
          [
            120.79489111877363,
            24.63188708177734
          ],
          [
            120.794947510269,
            24.631977735485265
          ],
          [
            120.79495226865268,
            24.63198539838597
          ],
          [
            120.7949524558555,
            24.63198568756245
          ],
          [
            120.7949617066515,
            24.632000570590137
          ],
          [
            120.79496959792132,
            24.632013257768087
          ],
          [
            120.79496978512422,
            24.632013546944542
          ],
          [
            120.79497492773514,
            24.63202182432598
          ],
          [
            120.79526612758498,
            24.63248999353979
          ],
          [
            120.79555687246997,
            24.632953782591176
          ],
          [
            120.79601183699084,
            24.63368511824223
          ],
          [
            120.7961561388891,
            24.633917805179053
          ],
          [
            120.79700778742368,
            24.63528902134776
          ],
          [
            120.79810069288163,
            24.63704238394444
          ],
          [
            120.79840693530329,
            24.63753836670458
          ],
          [
            120.79840712252228,
            24.63753865587665
          ],
          [
            120.7984168172826,
            24.637554387985837
          ],
          [
            120.7984263643384,
            24.637569830975323
          ],
          [
            120.79842654167943,
            24.637570120134114
          ],
          [
            120.79928824,
            24.63896565
          ],
          [
            120.80067391,
            24.64120803
          ],
          [
            120.8020595914938,
            24.643450416859203
          ],
          [
            120.8020597787157,
            24.643450715055366
          ],
          [
            120.80208406732409,
            24.643490022215026
          ],
          [
            120.80210817858978,
            24.643529040216322
          ],
          [
            120.8021083658119,
            24.64352933841244
          ],
          [
            120.8022413800748,
            24.643744578920362
          ],
          [
            120.80299351604975,
            24.644894791581354
          ],
          [
            120.80384869734202,
            24.64625278675806
          ],
          [
            120.80500417968275,
            24.64814245139325
          ],
          [
            120.80512095582499,
            24.64833356138099
          ],
          [
            120.80550788797235,
            24.648966785364333
          ],
          [
            120.80615177496051,
            24.65001847315797
          ],
          [
            120.80624207439932,
            24.650162448608647
          ],
          [
            120.80624660760648,
            24.650169677469023
          ],
          [
            120.80625052979114,
            24.650175948491913
          ],
          [
            120.80625600864158,
            24.650184957238828
          ],
          [
            120.80626587247491,
            24.650201221740595
          ],
          [
            120.8062712330299,
            24.6502100678166
          ],
          [
            120.80683652093072,
            24.65114204080086
          ],
          [
            120.80686025385945,
            24.651178448213958
          ],
          [
            120.80751732730604,
            24.65223346317
          ],
          [
            120.80805553527208,
            24.653093924995368
          ],
          [
            120.80805856081983,
            24.653098759250277
          ],
          [
            120.80842676232072,
            24.65368741714314
          ],
          [
            120.80847475458475,
            24.653766109846266
          ],
          [
            120.80855150224787,
            24.653898867310385
          ],
          [
            120.80870201990307,
            24.654121934091464
          ],
          [
            120.80871296129122,
            24.654138145626078
          ],
          [
            120.80872388295099,
            24.65415433907723
          ],
          [
            120.8087359086242,
            24.654172159110654
          ],
          [
            120.80891268666595,
            24.654433947359447
          ],
          [
            120.80896673723683,
            24.654505063438958
          ],
          [
            120.80909863477275,
            24.65466243992242
          ],
          [
            120.80931918319743,
            24.65492219762957
          ],
          [
            120.80951375460978,
            24.655133076459872
          ],
          [
            120.80965215935919,
            24.6552740012576
          ],
          [
            120.80978749346941,
            24.655400855222766
          ],
          [
            120.80993822276785,
            24.65553897837812
          ],
          [
            120.81024113767434,
            24.6557805465818
          ],
          [
            120.81026872565192,
            24.655803758255118
          ],
          [
            120.81027917475271,
            24.655812547406768
          ],
          [
            120.81029374825037,
            24.65582479978129
          ],
          [
            120.81030827240804,
            24.65583701597705
          ],
          [
            120.81031176530917,
            24.655839954734656
          ],
          [
            120.81034966431545,
            24.65587181993595
          ],
          [
            120.81115838479057,
            24.656486225563153
          ],
          [
            120.81171464403727,
            24.656913577815388
          ],
          [
            120.8122576053144,
            24.65734346653015
          ],
          [
            120.81298615139694,
            24.657898181290825
          ],
          [
            120.81378838066526,
            24.658516934564968
          ],
          [
            120.81485641602639,
            24.6593546427694
          ],
          [
            120.81507421609264,
            24.65952199724643
          ],
          [
            120.81548033356954,
            24.65982516769722
          ],
          [
            120.81577309421135,
            24.660045900944056
          ],
          [
            120.8157964637937,
            24.66006351762279
          ],
          [
            120.81581720824025,
            24.660079162810018
          ],
          [
            120.81581732667875,
            24.660079244214046
          ],
          [
            120.81582896211599,
            24.660088025403628
          ],
          [
            120.81611394062823,
            24.66032090116024
          ],
          [
            120.81680820956653,
            24.66085435584682
          ],
          [
            120.8169622808821,
            24.66096660859521
          ],
          [
            120.81698974540016,
            24.66098804021331
          ],
          [
            120.81710230755203,
            24.661075900714533
          ],
          [
            120.81731462087818,
            24.6612225423045
          ],
          [
            120.81740946943764,
            24.661289560713648
          ],
          [
            120.81764704630734,
            24.661443130503947
          ],
          [
            120.8178173421235,
            24.661548477002405
          ],
          [
            120.81804653089023,
            24.661682299117583
          ],
          [
            120.81808818636054,
            24.6617084878177
          ],
          [
            120.8183240195506,
            24.66183920263076
          ],
          [
            120.81843472885586,
            24.661897752532486
          ],
          [
            120.81856672539776,
            24.66196606106257
          ],
          [
            120.81882363449111,
            24.66208931569577
          ],
          [
            120.8188437647596,
            24.662099732070974
          ],
          [
            120.81967152469464,
            24.66244060645503
          ],
          [
            120.8200559935584,
            24.662566215036374
          ],
          [
            120.8201748287398,
            24.662601966738016
          ],
          [
            120.8204900472938,
            24.662701407225445
          ],
          [
            120.82053288631099,
            24.6627158141291
          ],
          [
            120.82080610027128,
            24.662798049131744
          ],
          [
            120.82084809220197,
            24.662810685298282
          ],
          [
            120.82084822059085,
            24.662810721566387
          ],
          [
            120.82086738952638,
            24.662816495741428
          ],
          [
            120.82088669673264,
            24.662822306193892
          ],
          [
            120.82088681524151,
            24.6628223424502
          ],
          [
            120.82090323871635,
            24.66282728270188
          ],
          [
            120.8209044435652,
            24.662827645288427
          ],
          [
            120.82092350387708,
            24.662833383211794
          ],
          [
            120.82094380872745,
            24.662839366392397
          ],
          [
            120.82094402598518,
            24.66283943888139
          ],
          [
            120.82094534934318,
            24.662839837723897
          ],
          [
            120.82247514773184,
            24.66330035014189
          ],
          [
            120.82355123231683,
            24.66361335372637
          ],
          [
            120.82440211445457,
            24.66386277691697
          ],
          [
            120.82452204779366,
            24.663899257798217
          ],
          [
            120.82551888246513,
            24.66419917137417
          ],
          [
            120.82667927936222,
            24.664541395312792
          ],
          [
            120.82749175169668,
            24.66478236899757
          ],
          [
            120.82763278270784,
            24.664817661767415
          ],
          [
            120.8279947365695,
            24.664902540634852
          ],
          [
            120.82831923710988,
            24.66497143104783
          ],
          [
            120.82901119135715,
            24.665078226813115
          ],
          [
            120.82963772334088,
            24.665124235838597
          ],
          [
            120.82984832320044,
            24.665129584769502
          ],
          [
            120.83040119029636,
            24.66513055296796
          ],
          [
            120.83087326257564,
            24.665105271883142
          ],
          [
            120.83097426562927,
            24.66509985994424
          ],
          [
            120.83102962857359,
            24.665096897582643
          ],
          [
            120.83161688912635,
            24.665016532783675
          ],
          [
            120.83213881916463,
            24.66491531752778
          ],
          [
            120.8326594349211,
            24.66478400612551
          ],
          [
            120.83300972279442,
            24.664683914763796
          ],
          [
            120.8330555277922,
            24.664668779288018
          ],
          [
            120.83305857223522,
            24.664667771449373
          ],
          [
            120.83321080406039,
            24.664617487794654
          ],
          [
            120.83742448240739,
            24.66314496430298
          ],
          [
            120.83876040080472,
            24.662673829185795
          ],
          [
            120.83879765557066,
            24.662660696188986
          ],
          [
            120.83907365103185,
            24.662563354955395
          ],
          [
            120.83907645823236,
            24.66256236479759
          ],
          [
            120.83908497868019,
            24.662559358314606
          ],
          [
            120.83912681004,
            24.66254450564243
          ],
          [
            120.83971026358186,
            24.66233733211556
          ],
          [
            120.84017097840879,
            24.662182501000014
          ],
          [
            120.84046263666502,
            24.662081147029614
          ],
          [
            120.84069113913934,
            24.66199725038188
          ],
          [
            120.84069203864166,
            24.661996917271143
          ],
          [
            120.84089950378282,
            24.661915020442642
          ],
          [
            120.84114309041264,
            24.661817081282116
          ],
          [
            120.84133530860667,
            24.661728603812808
          ],
          [
            120.84157310509731,
            24.66161483943314
          ],
          [
            120.84175988218193,
            24.66151586424955
          ],
          [
            120.84182874207485,
            24.661479370236542
          ],
          [
            120.84200458807256,
            24.66137530004147
          ],
          [
            120.84229346696772,
            24.66119513647194
          ],
          [
            120.84252805039863,
            24.66104217330435
          ],
          [
            120.84270678092854,
            24.660913826937595
          ],
          [
            120.84273023880804,
            24.660895685606185
          ],
          [
            120.842730980513,
            24.660895117569982
          ],
          [
            120.84279486661354,
            24.66084570676199
          ],
          [
            120.84280011791374,
            24.66084165833807
          ],
          [
            120.8429089417119,
            24.660757506635317
          ],
          [
            120.84292093764007,
            24.660748228571368
          ],
          [
            120.8429780196367,
            24.66070408337289
          ],
          [
            120.84297877123058,
            24.660703506316995
          ],
          [
            120.8430199904825,
            24.6606716417103
          ],
          [
            120.84322019852425,
            24.66051982429759
          ],
          [
            120.8433792027057,
            24.660387312327835
          ],
          [
            120.84352848251322,
            24.66027245936507
          ],
          [
            120.84524955746822,
            24.658955598521025
          ],
          [
            120.84545548176091,
            24.658794691986152
          ],
          [
            120.84555462054412,
            24.658709986643558
          ],
          [
            120.84650387560885,
            24.65799095064712
          ],
          [
            120.8470487825099,
            24.657575008859478
          ],
          [
            120.84720664549809,
            24.65746459403806
          ],
          [
            120.8483053615006,
            24.65677682054702
          ],
          [
            120.84966368630724,
            24.655943384760832
          ],
          [
            120.85003458259624,
            24.655745465303458
          ],
          [
            120.85030462562816,
            24.655615720120725
          ],
          [
            120.85044819294151,
            24.655550639159326
          ],
          [
            120.85056429045724,
            24.655506089276727
          ],
          [
            120.8505670184389,
            24.655505044650933
          ],
          [
            120.85086050316067,
            24.655392973030107
          ],
          [
            120.85129757512019,
            24.655264583508927
          ],
          [
            120.85182002832056,
            24.655149657569247
          ],
          [
            120.85210472083281,
            24.655110978813834
          ],
          [
            120.85254472184869,
            24.65506915647369
          ],
          [
            120.85286714807428,
            24.655060353406252
          ],
          [
            120.85320076913344,
            24.655067198428682
          ],
          [
            120.85366686439421,
            24.655098964785328
          ],
          [
            120.85400250095088,
            24.655148335544137
          ],
          [
            120.85437055472227,
            24.655229671764083
          ],
          [
            120.85464252468122,
            24.655299501805196
          ],
          [
            120.85507594972555,
            24.655433988736824
          ],
          [
            120.8557670739986,
            24.65567452842226
          ],
          [
            120.85783895052609,
            24.656459551470448
          ],
          [
            120.85805548503113,
            24.656539764673745
          ],
          [
            120.86086468859463,
            24.65758037453404
          ],
          [
            120.86174600266614,
            24.657841609495875
          ],
          [
            120.86197959364338,
            24.65791352445631
          ],
          [
            120.86263301977347,
            24.658072379601542
          ],
          [
            120.86290133816844,
            24.658130426871736
          ],
          [
            120.86342608929277,
            24.65825663946404
          ],
          [
            120.86345263898987,
            24.6582630288796
          ],
          [
            120.8634531229673,
            24.658263146693486
          ],
          [
            120.86348092706457,
            24.65826983519354
          ],
          [
            120.86350648906269,
            24.65827597992527
          ],
          [
            120.86350705205814,
            24.658276115868315
          ],
          [
            120.86355021508655,
            24.65828650204673
          ],
          [
            120.86373605326239,
            24.658331200608668
          ],
          [
            120.86473919418282,
            24.65855630047528
          ],
          [
            120.86580092104641,
            24.65882264429775
          ],
          [
            120.8664122466808,
            24.659030327225956
          ],
          [
            120.86691407329914,
            24.659203953496473
          ],
          [
            120.86691970260533,
            24.65920599898578
          ],
          [
            120.86692800829601,
            24.65920902195301
          ],
          [
            120.86720024946366,
            24.659308145968055
          ],
          [
            120.86753081082986,
            24.65944535012637
          ],
          [
            120.86760771301702,
            24.659475510816574
          ],
          [
            120.867702065645,
            24.659512512588083
          ],
          [
            120.86806240770566,
            24.659685558955196
          ],
          [
            120.86806290144938,
            24.65968579413694
          ],
          [
            120.86809001775187,
            24.659698810354246
          ],
          [
            120.8681183684103,
            24.659712423549312
          ],
          [
            120.86811887202454,
            24.659712667768314
          ],
          [
            120.86817444763037,
            24.659739351427984
          ],
          [
            120.86818148839122,
            24.659742734367377
          ],
          [
            120.86838661866767,
            24.65984123756278
          ],
          [
            120.86900159490612,
            24.660166648417405
          ],
          [
            120.86952418916768,
            24.660490504873657
          ],
          [
            120.870105638205,
            24.660912264280505
          ],
          [
            120.87025895576201,
            24.661035513138714
          ],
          [
            120.8702673171074,
            24.66104223776784
          ],
          [
            120.87026794889945,
            24.661042743924817
          ],
          [
            120.87028692234803,
            24.661058000879965
          ],
          [
            120.87030658682643,
            24.661073809184515
          ],
          [
            120.87030721861879,
            24.66107431534132
          ],
          [
            120.8703150172804,
            24.661080588043294
          ],
          [
            120.8705194413085,
            24.66124491652344
          ],
          [
            120.87093485667705,
            24.661597134362356
          ],
          [
            120.87127413045141,
            24.661928898856832
          ],
          [
            120.87140170869283,
            24.662056331896643
          ],
          [
            120.87146273433058,
            24.662117292234825
          ],
          [
            120.87147678909332,
            24.66213132594605
          ],
          [
            120.87151766043219,
            24.662172143880046
          ],
          [
            120.87155492927208,
            24.66220936527054
          ],
          [
            120.87165487223912,
            24.66230919155683
          ],
          [
            120.87193732279454,
            24.662647677568266
          ],
          [
            120.87220129048079,
            24.66298494649185
          ],
          [
            120.87248029382214,
            24.66334488992688
          ],
          [
            120.87259620878349,
            24.663499073325255
          ],
          [
            120.87260477315213,
            24.663510474900345
          ],
          [
            120.87261330793697,
            24.663521822277204
          ],
          [
            120.87266573010054,
            24.663591713311174
          ],
          [
            120.87268864076471,
            24.663622259011582
          ],
          [
            120.87276942021118,
            24.663729932367573
          ],
          [
            120.8729800898239,
            24.66407605711765
          ],
          [
            120.8735738670439,
            24.66496935012155
          ],
          [
            120.87357597821035,
            24.66497253002605
          ],
          [
            120.87358474845183,
            24.6649857194139
          ],
          [
            120.87359586663335,
            24.665002441026793
          ],
          [
            120.87360694536059,
            24.66501909940424
          ],
          [
            120.87361146366739,
            24.665025892842344
          ],
          [
            120.87380305788018,
            24.665314162028743
          ],
          [
            120.87387249018506,
            24.66541860197071
          ],
          [
            120.87387293411616,
            24.66541927950132
          ],
          [
            120.87389127381098,
            24.66544686876699
          ],
          [
            120.87390916957325,
            24.665473789528626
          ],
          [
            120.87390961351386,
            24.66547445803035
          ],
          [
            120.87392386897146,
            24.66549589527021
          ],
          [
            120.87397894824497,
            24.665577850501993
          ],
          [
            120.87406301261294,
            24.6657029153124
          ],
          [
            120.87454933829689,
            24.666426409422563
          ],
          [
            120.87484867380851,
            24.66687173234583
          ],
          [
            120.87515640725552,
            24.667329539392533
          ],
          [
            120.87564378144215,
            24.66805457463383
          ],
          [
            120.87588766782468,
            24.668417525187493
          ],
          [
            120.87589704050924,
            24.668431473350164
          ],
          [
            120.87590509115556,
            24.6684434521485
          ],
          [
            120.87591255970213,
            24.668454572732504
          ],
          [
            120.8759348270584,
            24.668487898252955
          ],
          [
            120.87610371355835,
            24.66873914575622
          ],
          [
            120.87621230917146,
            24.66890070577997
          ],
          [
            120.87643954494001,
            24.669238767428972
          ],
          [
            120.87675586708752,
            24.669715926804926
          ],
          [
            120.87678798091622,
            24.669764347343552
          ],
          [
            120.87682247246823,
            24.669816363274297
          ],
          [
            120.87693122558065,
            24.669980414829936
          ],
          [
            120.87768576744688,
            24.67110770384748
          ],
          [
            120.87828721124171,
            24.6720196914393
          ],
          [
            120.87834620319916,
            24.672117827734276
          ],
          [
            120.87839640562741,
            24.6722013393189
          ],
          [
            120.87842593128724,
            24.67225044358613
          ],
          [
            120.87844602609977,
            24.67228387530845
          ],
          [
            120.87844628258073,
            24.67228430889673
          ],
          [
            120.87870903539212,
            24.67272137808288
          ],
          [
            120.878875724297,
            24.67304982555252
          ],
          [
            120.87890269717295,
            24.673102972549547
          ],
          [
            120.87894156378329,
            24.673179567799412
          ],
          [
            120.87900822021615,
            24.673333218840863
          ],
          [
            120.8790083680985,
            24.673333562053006
          ],
          [
            120.87926602369097,
            24.673927500875802
          ],
          [
            120.87946548350448,
            24.674458895431588
          ],
          [
            120.87961174861125,
            24.674925339291306
          ],
          [
            120.8797216556031,
            24.67539885047854
          ],
          [
            120.8797895206443,
            24.675747315687374
          ],
          [
            120.87978959926883,
            24.67574775815961
          ],
          [
            120.87979857650595,
            24.67579386619939
          ],
          [
            120.87980774063352,
            24.67584086823528
          ],
          [
            120.87980782913927,
            24.675841310715416
          ],
          [
            120.8798128929604,
            24.675867335657287
          ],
          [
            120.87981819283088,
            24.675894507440447
          ],
          [
            120.87982665875505,
            24.675938023814144
          ],
          [
            120.87983686507431,
            24.67599048005295
          ],
          [
            120.87983704698092,
            24.67599141286949
          ],
          [
            120.87984092606146,
            24.676011258480944
          ],
          [
            120.87984840875257,
            24.67604969990252
          ],
          [
            120.87989455493333,
            24.67642996501177
          ],
          [
            120.87993882123939,
            24.676905960528003
          ],
          [
            120.87997255059292,
            24.6773963574815
          ],
          [
            120.87999578657823,
            24.677855497477857
          ],
          [
            120.88003731953484,
            24.67844206589486
          ],
          [
            120.88009522713962,
            24.679255034390415
          ],
          [
            120.88009672874216,
            24.679276081622195
          ],
          [
            120.88009677747549,
            24.679276785904158
          ],
          [
            120.88009778188975,
            24.6792907632221
          ],
          [
            120.88009894220428,
            24.679307042997536
          ],
          [
            120.88009899094625,
            24.679307738250746
          ],
          [
            120.8801022182484,
            24.67935315547536
          ],
          [
            120.88010264695022,
            24.67935951206256
          ],
          [
            120.88018522214658,
            24.680593592261335
          ],
          [
            120.88030638,
            24.68191671
          ],
          [
            120.88060819,
            24.68419335
          ],
          [
            120.88091,
            24.68647
          ],
          [
            120.88095809988766,
            24.691780357430446
          ],
          [
            120.88098875552754,
            24.692227169034982
          ],
          [
            120.88099324905166,
            24.692292721262078
          ],
          [
            120.8809932879981,
            24.692293335247385
          ],
          [
            120.88099509129562,
            24.6923196012864
          ],
          [
            120.88099664120159,
            24.692342129225406
          ],
          [
            120.88099818122573,
            24.69236465715651
          ],
          [
            120.88100011123858,
            24.6923927741877
          ],
          [
            120.88100461455369,
            24.6924584347657
          ],
          [
            120.88106716484312,
            24.69336988156007
          ],
          [
            120.88106969490366,
            24.693442610068107
          ],
          [
            120.88106971395732,
            24.693443359468635
          ],
          [
            120.88107157126294,
            24.69349605266837
          ],
          [
            120.88107319738047,
            24.693542434595155
          ],
          [
            120.8810748333645,
            24.69358883458695
          ],
          [
            120.88107645010739,
            24.693634683810036
          ],
          [
            120.88107646916112,
            24.693635433210545
          ],
          [
            120.88109260664369,
            24.694094304608626
          ],
          [
            120.88107573493093,
            24.694638074148244
          ],
          [
            120.88096114895616,
            24.695207534208045
          ],
          [
            120.88083624197552,
            24.695602929938282
          ],
          [
            120.88068192110302,
            24.695969536606782
          ],
          [
            120.88047020307744,
            24.696354200018078
          ],
          [
            120.88026200605199,
            24.69667258596335
          ],
          [
            120.87991876382526,
            24.69711072912322
          ],
          [
            120.87964366030796,
            24.697426297836948
          ],
          [
            120.87957168359519,
            24.697508862061
          ],
          [
            120.87949804463561,
            24.697593339006666
          ],
          [
            120.8788530786793,
            24.698333203137746
          ],
          [
            120.8788527224947,
            24.698333618172004
          ],
          [
            120.87814935472397,
            24.699140461345387
          ],
          [
            120.87756935223783,
            24.69981080610748
          ],
          [
            120.87755997257732,
            24.699821641962988
          ],
          [
            120.8775594184952,
            24.699822291579675
          ],
          [
            120.8775021510602,
            24.699888470598616
          ],
          [
            120.87746438499569,
            24.699932111745802
          ],
          [
            120.87746383091259,
            24.699932761362113
          ],
          [
            120.87744840589198,
            24.699950580513033
          ],
          [
            120.87743336672759,
            24.699967966598315
          ],
          [
            120.877432792887,
            24.69996860716965
          ],
          [
            120.87741000656291,
            24.699994952456244
          ],
          [
            120.87647857932247,
            24.7010714247155
          ],
          [
            120.87645295290291,
            24.70110106300069
          ],
          [
            120.87645239881827,
            24.701101703584413
          ],
          [
            120.87640304565005,
            24.701158796752775
          ],
          [
            120.87636664418186,
            24.70120092191112
          ],
          [
            120.87636042060915,
            24.701208121710714
          ],
          [
            120.87384935294253,
            24.704113453905236
          ],
          [
            120.87384878893882,
            24.7041141034994
          ],
          [
            120.87379865169315,
            24.70417210702317
          ],
          [
            120.8737954952296,
            24.704175761002638
          ],
          [
            120.87370702517921,
            24.70427811746876
          ],
          [
            120.8737035223932,
            24.70428216841872
          ],
          [
            120.87364714132475,
            24.704347407673165
          ],
          [
            120.87364657731892,
            24.704348057266536
          ],
          [
            120.87228768495329,
            24.70592020731896
          ],
          [
            120.87227975894909,
            24.70592937375613
          ],
          [
            120.872266667673,
            24.705944521839783
          ],
          [
            120.87226610365282,
            24.705945171427768
          ],
          [
            120.87220436781087,
            24.70601659926693
          ],
          [
            120.87214953873635,
            24.706080024487058
          ],
          [
            120.87214542234614,
            24.706084788145677
          ],
          [
            120.87214486820814,
            24.706085437741606
          ],
          [
            120.87154204143184,
            24.70678286122075
          ],
          [
            120.87097320698793,
            24.707451979297403
          ],
          [
            120.87057356599661,
            24.70798573813528
          ],
          [
            120.87030411701387,
            24.708397531126987
          ],
          [
            120.8701868179369,
            24.708597542238852
          ],
          [
            120.87006304148424,
            24.708819668005887
          ],
          [
            120.8699475102329,
            24.709048780009343
          ],
          [
            120.8698304432574,
            24.709300101231282
          ],
          [
            120.8697072003021,
            24.709597147447656
          ],
          [
            120.8695754894661,
            24.709957630989493
          ],
          [
            120.86945707558955,
            24.710342720191658
          ],
          [
            120.86923878823993,
            24.711131387162464
          ],
          [
            120.86911451744227,
            24.711595445099952
          ],
          [
            120.8691040192664,
            24.71163465668271
          ],
          [
            120.86910381089254,
            24.711635432970457
          ],
          [
            120.86909651775883,
            24.711662648185442
          ],
          [
            120.86908922461248,
            24.711689872428664
          ],
          [
            120.86908902614124,
            24.711690630667597
          ],
          [
            120.8690757198302,
            24.711740331165153
          ],
          [
            120.86883343618264,
            24.71264504959554
          ],
          [
            120.86856426542592,
            24.713642875138607
          ],
          [
            120.86843918214029,
            24.714160462870197
          ],
          [
            120.8683666582907,
            24.714530946636422
          ],
          [
            120.86833933933092,
            24.714774508283018
          ],
          [
            120.868320112838,
            24.714954740608338
          ],
          [
            120.8683200429745,
            24.71495538158554
          ],
          [
            120.8683175373251,
            24.71497888112237
          ],
          [
            120.86831518142853,
            24.715000963282833
          ],
          [
            120.86831511156494,
            24.71500160426003
          ],
          [
            120.86831467238719,
            24.7150056667947
          ],
          [
            120.86829813567391,
            24.71519400925517
          ],
          [
            120.86828486595644,
            24.715443108773734
          ],
          [
            120.86828146767208,
            24.715685535704424
          ],
          [
            120.86828246463625,
            24.715865280149846
          ],
          [
            120.86830116177163,
            24.716216540480254
          ],
          [
            120.86832682090962,
            24.716489446731927
          ],
          [
            120.86835432842382,
            24.716715459474955
          ],
          [
            120.8683930550228,
            24.71696001798945
          ],
          [
            120.86843717367415,
            24.717199886286895
          ],
          [
            120.86849460124765,
            24.717454392739988
          ],
          [
            120.8685334455763,
            24.717615571177234
          ],
          [
            120.86857008264474,
            24.71774208645642
          ],
          [
            120.86862677562831,
            24.71792474174014
          ],
          [
            120.86871771353724,
            24.71820618297879
          ],
          [
            120.86879217353625,
            24.718403651790094
          ],
          [
            120.86887411757917,
            24.718599908226857
          ],
          [
            120.86899741328322,
            24.718876736800798
          ],
          [
            120.86916697593641,
            24.719222603002887
          ],
          [
            120.86935176792011,
            24.719609869855123
          ],
          [
            120.86966731252114,
            24.720245530507793
          ],
          [
            120.86999968335475,
            24.72081518714747
          ],
          [
            120.87029220769188,
            24.721226914582285
          ],
          [
            120.8702923458713,
            24.72122711333327
          ],
          [
            120.8703096682117,
            24.7212514877566
          ],
          [
            120.87032226269828,
            24.72126920393523
          ],
          [
            120.87032785912788,
            24.721277099861254
          ],
          [
            120.8703280269427,
            24.72127731669524
          ],
          [
            120.87041979102908,
            24.721406488414424
          ],
          [
            120.87042721407049,
            24.721416381258308
          ],
          [
            120.87042740162698,
            24.721416625195342
          ],
          [
            120.87043427188473,
            24.721425786236296
          ],
          [
            120.87044062885049,
            24.721434260652035
          ],
          [
            120.87044080653172,
            24.72143449555181
          ],
          [
            120.87113282292185,
            24.72235676887906
          ],
          [
            120.87156267067904,
            24.722916330306965
          ],
          [
            120.87156283848893,
            24.72291655616822
          ],
          [
            120.87157646132052,
            24.722934291176745
          ],
          [
            120.87157663901523,
            24.72293451704645
          ],
          [
            120.87188312417034,
            24.72333347763442
          ],
          [
            120.87188341046065,
            24.723333839027067
          ],
          [
            120.8720897290585,
            24.723602420382605
          ],
          [
            120.87272068099243,
            24.72447577077233
          ],
          [
            120.87331727711974,
            24.725353405136467
          ],
          [
            120.87376032221033,
            24.725981002505065
          ],
          [
            120.8739391239572,
            24.726166439877044
          ],
          [
            120.8741801193692,
            24.72643427096063
          ],
          [
            120.87460022883323,
            24.726864993823778
          ],
          [
            120.87481463501308,
            24.727074512358335
          ],
          [
            120.87532088735018,
            24.72749614996383
          ],
          [
            120.87569179956249,
            24.727773819480074
          ],
          [
            120.87588605684168,
            24.727909907423793
          ],
          [
            120.87619368635436,
            24.72811763215528
          ],
          [
            120.8765546945035,
            24.7283581021447
          ],
          [
            120.8770576660649,
            24.72868925457585
          ],
          [
            120.87760045041941,
            24.729048607348854
          ],
          [
            120.87785815301326,
            24.729217753414527
          ],
          [
            120.87802654714038,
            24.729331390223226
          ],
          [
            120.8783083935177,
            24.72951813402055
          ],
          [
            120.87865181779523,
            24.729744355445447
          ],
          [
            120.87912410320544,
            24.730058357675354
          ],
          [
            120.87957244605845,
            24.730354417224518
          ],
          [
            120.88000427644491,
            24.730646363187255
          ],
          [
            120.88049868185372,
            24.73099197920283
          ],
          [
            120.88104959210442,
            24.731361817259643
          ],
          [
            120.88110113057517,
            24.73139764788092
          ],
          [
            120.88110953755921,
            24.731403496112353
          ],
          [
            120.88113039203688,
            24.731417985643528
          ],
          [
            120.88114072542129,
            24.731425171647118
          ],
          [
            120.88115134529693,
            24.731432556508363
          ],
          [
            120.88115303459783,
            24.73143373157759
          ],
          [
            120.8811602956351,
            24.731438775344056
          ],
          [
            120.8811710538239,
            24.73144625060045
          ],
          [
            120.8815750547502,
            24.731727100783324
          ],
          [
            120.88224361417592,
            24.732196749233566
          ],
          [
            120.88268768341842,
            24.732501571962416
          ],
          [
            120.88305551239304,
            24.73275861728228
          ],
          [
            120.88305864407062,
            24.732760813697258
          ],
          [
            120.88397006784109,
            24.733397737657146
          ],
          [
            120.88427646586898,
            24.733587279052266
          ],
          [
            120.88427868886953,
            24.733588653129285
          ],
          [
            120.88427886374019,
            24.733588767025765
          ],
          [
            120.88445592630555,
            24.733698298828966
          ],
          [
            120.88490213153439,
            24.733938850383215
          ],
          [
            120.88583885319264,
            24.734443530073868
          ],
          [
            120.88650771061184,
            24.734792771081686
          ],
          [
            120.88698574714647,
            24.73504298315656
          ],
          [
            120.88848479591317,
            24.735829628838076
          ],
          [
            120.88956231764043,
            24.736382937148814
          ],
          [
            120.88979279897967,
            24.73650400994126
          ],
          [
            120.88980517037906,
            24.73651051066309
          ],
          [
            120.88981809513442,
            24.73651730070866
          ],
          [
            120.88983101989119,
            24.736524090753115
          ],
          [
            120.88984697821498,
            24.73653247207479
          ],
          [
            120.89097644751209,
            24.73712577837193
          ],
          [
            120.89155217817446,
            24.73741811153519
          ],
          [
            120.89190190306773,
            24.73759050510139
          ],
          [
            120.89240810864955,
            24.737815286343828
          ],
          [
            120.89292558383131,
            24.738008085279084
          ],
          [
            120.893520373821,
            24.738230388944164
          ],
          [
            120.89454901482091,
            24.738605048194927
          ],
          [
            120.89642583836373,
            24.739301980954814
          ],
          [
            120.89684365265069,
            24.73947249592688
          ],
          [
            120.89789127848078,
            24.7400009038498
          ],
          [
            120.89873119989838,
            24.74043674662464
          ],
          [
            120.8993577132513,
            24.740761849172305
          ],
          [
            120.89937579748786,
            24.74077123308951
          ],
          [
            120.8993915890832,
            24.740779423679207
          ],
          [
            120.90044540091216,
            24.741326254444928
          ],
          [
            120.90056485281478,
            24.74139328143874
          ],
          [
            120.90063497453941,
            24.74143262980827
          ],
          [
            120.9007194843217,
            24.741480050291734
          ],
          [
            120.90077644347522,
            24.74151201343997
          ],
          [
            120.90087855301581,
            24.741569304807594
          ],
          [
            120.90147851968297,
            24.741948805833267
          ],
          [
            120.90179352093857,
            24.74217101889245
          ],
          [
            120.90182125651711,
            24.74219058416542
          ],
          [
            120.90185248005207,
            24.74221260751954
          ],
          [
            120.90189414767308,
            24.742242005110416
          ],
          [
            120.90204310695333,
            24.74235329079064
          ],
          [
            120.90235725026777,
            24.74258797071193
          ],
          [
            120.9024547224767,
            24.74266078731947
          ],
          [
            120.90248965045394,
            24.74268688488771
          ],
          [
            120.90251767189076,
            24.74270782257713
          ],
          [
            120.90272994745501,
            24.74286639584281
          ],
          [
            120.9031431828807,
            24.743205672489815
          ],
          [
            120.9035085339734,
            24.743553404133877
          ],
          [
            120.90387350190757,
            24.74387492436069
          ],
          [
            120.90478631445785,
            24.744881320383598
          ],
          [
            120.90491104264912,
            24.74503797498264
          ],
          [
            120.90494287664426,
            24.74507794709635
          ],
          [
            120.90495499588738,
            24.7450931681123
          ],
          [
            120.9049749872159,
            24.74511827149713
          ],
          [
            120.90499165982966,
            24.74513921055289
          ],
          [
            120.90522977855498,
            24.74543825583682
          ],
          [
            120.90542687897614,
            24.74569791883198
          ],
          [
            120.90576837979692,
            24.746199767487084
          ],
          [
            120.90667166448462,
            24.747761725636575
          ],
          [
            120.9069584500771,
            24.748333076272246
          ],
          [
            120.90695861791109,
            24.748333401408892
          ],
          [
            120.90782164606394,
            24.750052751274005
          ],
          [
            120.90805555055185,
            24.750511307980695
          ],
          [
            120.90805868021808,
            24.750517440372313
          ],
          [
            120.90885323970699,
            24.752075137589017
          ],
          [
            120.90923014099337,
            24.752831499800624
          ],
          [
            120.90953168497362,
            24.753446285649023
          ],
          [
            120.90954095046918,
            24.753465166587315
          ],
          [
            120.90955077376981,
            24.753485189086035
          ],
          [
            120.90958066424895,
            24.753546138030327
          ],
          [
            120.91032193705612,
            24.755057409048888
          ],
          [
            120.91156669014075,
            24.75752409541132
          ],
          [
            120.91243554735438,
            24.759416517921814
          ],
          [
            120.91246604392063,
            24.759482941586235
          ],
          [
            120.91286241337285,
            24.76034624993099
          ],
          [
            120.91339406105566,
            24.76147745629202
          ],
          [
            120.91340125375498,
            24.761492760424606
          ],
          [
            120.91342758586113,
            24.761548789477153
          ],
          [
            120.91345256534184,
            24.76160194662805
          ],
          [
            120.91346366196731,
            24.761625556675174
          ],
          [
            120.91410548528846,
            24.762991156568283
          ],
          [
            120.91697031084338,
            24.769193934941505
          ],
          [
            120.91698064918124,
            24.769216340766853
          ],
          [
            120.91699622090101,
            24.76925005336854
          ],
          [
            120.9170024416997,
            24.769263509512665
          ],
          [
            120.91701187114894,
            24.76928465082024
          ],
          [
            120.91702549992037,
            24.7693152032155
          ],
          [
            120.91738489476886,
            24.770121054959326
          ],
          [
            120.91751299424072,
            24.77044551608861
          ],
          [
            120.91761545886645,
            24.770746452382323
          ],
          [
            120.91771609707973,
            24.77110362707414
          ],
          [
            120.9178286881341,
            24.77160076139074
          ],
          [
            120.91800864135705,
            24.772640861443865
          ],
          [
            120.91812368769607,
            24.773333503194117
          ],
          [
            120.91812373693283,
            24.77333381922381
          ],
          [
            120.91843670277171,
            24.7752181518315
          ],
          [
            120.91848417015957,
            24.775508279889383
          ],
          [
            120.91849178592139,
            24.77555482942511
          ],
          [
            120.91905970007973,
            24.779025906162964
          ],
          [
            120.91929141272458,
            24.780360220951337
          ],
          [
            120.91943523107629,
            24.78093110722329
          ],
          [
            120.91959226514582,
            24.781375942524388
          ],
          [
            120.91977388893275,
            24.781846314782168
          ],
          [
            120.9199710246454,
            24.782249079597644
          ],
          [
            120.92025779580901,
            24.782721006140328
          ],
          [
            120.9204339647966,
            24.782990063043155
          ],
          [
            120.92045007120687,
            24.78301137919116
          ],
          [
            120.92050570257773,
            24.7830850282659
          ],
          [
            120.92070476065926,
            24.78334855340621
          ],
          [
            120.92102808615734,
            24.783715919049005
          ],
          [
            120.92145435061705,
            24.784153084251695
          ],
          [
            120.92198309223681,
            24.78459483403487
          ],
          [
            120.9219924924253,
            24.784602693848083
          ],
          [
            120.9220134970626,
            24.784620247434432
          ],
          [
            120.9220254783135,
            24.784628352363256
          ],
          [
            120.92206023581359,
            24.784651862977633
          ],
          [
            120.92207412497622,
            24.784661259991005
          ],
          [
            120.92268861139404,
            24.78507685979103
          ],
          [
            120.92318702279414,
            24.785384712988613
          ],
          [
            120.92378639806763,
            24.785633370037836
          ],
          [
            120.92489173259989,
            24.78605511457214
          ],
          [
            120.92686217796034,
            24.786799390736054
          ],
          [
            120.92768426239076,
            24.787108885460377
          ],
          [
            120.92878732454494,
            24.78752414733287
          ],
          [
            120.92889653342087,
            24.787565258768957
          ],
          [
            120.92898878700302,
            24.78759952108643
          ],
          [
            120.92908186133133,
            24.787634081680743
          ],
          [
            120.92917198912957,
            24.787667548358183
          ],
          [
            120.92935653916807,
            24.787736084353718
          ],
          [
            120.92940373100339,
            24.787753610431285
          ],
          [
            120.93071130819112,
            24.78823916740358
          ],
          [
            120.93271403425831,
            24.788984401619857
          ],
          [
            120.93305549174057,
            24.789106685045535
          ],
          [
            120.9340265588813,
            24.78945443507434
          ],
          [
            120.93416165959226,
            24.789502816706477
          ],
          [
            120.93533248210781,
            24.78992209587612
          ],
          [
            120.93707355111552,
            24.79044732927059
          ],
          [
            120.9390987289666,
            24.79105768992276
          ],
          [
            120.93911468253216,
            24.79106243012479
          ],
          [
            120.93925711954937,
            24.7911047645653
          ],
          [
            120.93947953623292,
            24.791170873823283
          ],
          [
            120.94194472342453,
            24.791884706800968
          ],
          [
            120.94200743318983,
            24.791902868728585
          ],
          [
            120.94208630516225,
            24.79193064605673
          ],
          [
            120.94243671033475,
            24.792054074410242
          ],
          [
            120.94283417668507,
            24.792193782294262
          ],
          [
            120.94455034955773,
            24.792977742896646
          ],
          [
            120.94652606663082,
            24.793882200584903
          ],
          [
            120.94723778365251,
            24.79420673445663
          ],
          [
            120.94726296980517,
            24.79421821872104
          ],
          [
            120.94728798785512,
            24.794229630692957
          ],
          [
            120.94920554121025,
            24.795103994168617
          ],
          [
            120.95051505211907,
            24.795691690957433
          ],
          [
            120.95093742567276,
            24.795877088427734
          ],
          [
            120.95125566234151,
            24.795986330464338
          ],
          [
            120.9516094861791,
            24.796095095788314
          ],
          [
            120.95215119999757,
            24.79623687495399
          ],
          [
            120.95262807314016,
            24.79632369245155
          ],
          [
            120.95362687617852,
            24.79643642070885
          ],
          [
            120.95514850769248,
            24.79641984744602
          ],
          [
            120.9562650499844,
            24.796394707239365
          ],
          [
            120.95631961804904,
            24.796393478128202
          ],
          [
            120.95634362281233,
            24.79639294341482
          ],
          [
            120.95636827047306,
            24.796392390827783
          ],
          [
            120.95637832933004,
            24.79639216443287
          ],
          [
            120.95798891309892,
            24.796355891336592
          ],
          [
            120.95805552715476,
            24.796354004980742
          ],
          [
            120.95805866251276,
            24.7963539246018
          ],
          [
            120.95856741480249,
            24.796339543765548
          ],
          [
            120.95878494844818,
            24.796333396649455
          ],
          [
            120.95893238947883,
            24.79632922984061
          ],
          [
            120.95907991951553,
            24.796325062910824
          ],
          [
            120.95915649547536,
            24.79632289528946
          ],
          [
            120.95923597534886,
            24.796320645356527
          ],
          [
            120.96065560025164,
            24.796280504818466
          ],
          [
            120.96079693858907,
            24.796276506111994
          ],
          [
            120.96102290187868,
            24.79627010966333
          ],
          [
            120.961842108298,
            24.796252814265006
          ],
          [
            120.96224729053752,
            24.796276102540382
          ],
          [
            120.96260627434712,
            24.79629755440001
          ],
          [
            120.96298138064208,
            24.79638351893368
          ],
          [
            120.96348189474011,
            24.79652400997699
          ],
          [
            120.96387663875656,
            24.796666234434436
          ],
          [
            120.96401348925534,
            24.79672321998648
          ],
          [
            120.9641417636372,
            24.79678379675216
          ],
          [
            120.9642354741369,
            24.79683078609595
          ],
          [
            120.9643585738519,
            24.796898575311644
          ],
          [
            120.96481813654954,
            24.79717107773518
          ],
          [
            120.96569132366092,
            24.79772266772539
          ],
          [
            120.96615929387166,
            24.79801576222895
          ],
          [
            120.9666471599753,
            24.79833344464294
          ],
          [
            120.96664772366344,
            24.79833376979909
          ],
          [
            120.96706857266365,
            24.798574340444276
          ],
          [
            120.96859531246558,
            24.799539756407064
          ]
        ]
      }
    }
  ]
}