{
  "type": "FeatureCollection",
  "features": [
    {
      "type": "Feature",
      "properties": {
        "track_id": "SP-CH-JJ-0",
        "source_tracks": [
          "WL-CH-ZY-0",
          "JJ-ES-CT"
        ],
        "point_count": 1306,
        "generated_by": "build_special_tracks.py",
        "track_type": "v-shaped"
      },
      "geometry": {
        "type": "LineString",
        "coordinates": [
          [
            120.53840197332002,
            24.081859017128853
          ],
          [
            120.53837341238368,
            24.081814530463152
          ],
          [
            120.53776618092267,
            24.080872695488413
          ],
          [
            120.53762116640364,
            24.080657980469415
          ],
          [
            120.53725724028193,
            24.080086206403585
          ],
          [
            120.53686197318147,
            24.079533086787503
          ],
          [
            120.53657906785051,
            24.079117354043063
          ],
          [
            120.53638738392613,
            24.07880998508436
          ],
          [
            120.5360181426413,
            24.078246775193524
          ],
          [
            120.53568667850709,
            24.077722189901426
          ],
          [
            120.53548530344379,
            24.07737618205899
          ],
          [
            120.53532288041512,
            24.07708595694102
          ],
          [
            120.53516144958162,
            24.076716847578837
          ],
          [
            120.53499697057556,
            24.076290310625055
          ],
          [
            120.53486757387941,
            24.075882570790917
          ],
          [
            120.53481022329592,
            24.075647973477903
          ],
          [
            120.53472711632804,
            24.07530801718921
          ],
          [
            120.53445392776636,
            24.0741033135029
          ],
          [
            120.53431766546201,
            24.073515612916726
          ],
          [
            120.53427541884635,
            24.07333340052359
          ],
          [
            120.53427531232468,
            24.07333294241422
          ],
          [
            120.53427514770179,
            24.07333223401661
          ],
          [
            120.53425875168662,
            24.07326128971611
          ],
          [
            120.5330603505137,
            24.068075548963613
          ],
          [
            120.53305843546413,
            24.06806642623859
          ],
          [
            120.53305554500683,
            24.068052656769577
          ],
          [
            120.53302083736307,
            24.067887308396113
          ],
          [
            120.53298986506965,
            24.067751455679392
          ],
          [
            120.53273502488712,
            24.06663085335866
          ],
          [
            120.53245271427788,
            24.065399988355562
          ],
          [
            120.5323168932712,
            24.064787098762814
          ],
          [
            120.53229725829473,
            24.064698498340135
          ],
          [
            120.53223030570038,
            24.064396375569057
          ],
          [
            120.53165710781752,
            24.061901672014745
          ],
          [
            120.53164070345073,
            24.06183027316463
          ],
          [
            120.53162515483912,
            24.061762600615822
          ],
          [
            120.53161153069085,
            24.061703305924663
          ],
          [
            120.53123505462507,
            24.06006472425264
          ],
          [
            120.53035297314136,
            24.056225380321504
          ],
          [
            120.53034837341201,
            24.056205359067086
          ],
          [
            120.53030958551032,
            24.056036527423984
          ],
          [
            120.53027343246833,
            24.055879164755698
          ],
          [
            120.53026521167733,
            24.055843376242542
          ],
          [
            120.53006192102808,
            24.054958497578767
          ],
          [
            120.52862730714008,
            24.048629994392876
          ],
          [
            120.52861779590626,
            24.048580834797207
          ],
          [
            120.52856880850163,
            24.04833362472931
          ],
          [
            120.52856872934164,
            24.048333223583942
          ],
          [
            120.52856858934678,
            24.04833251886624
          ],
          [
            120.5285374781305,
            24.04817551793445
          ],
          [
            120.52847321192773,
            24.04777370777617
          ],
          [
            120.52843555487927,
            24.047366542079047
          ],
          [
            120.52842594816893,
            24.04686732218113
          ],
          [
            120.52843776361969,
            24.046471785974074
          ],
          [
            120.52845599805771,
            24.04626534072834
          ],
          [
            120.52852018470672,
            24.045756761582247
          ],
          [
            120.52862409719941,
            24.045273761033556
          ],
          [
            120.52875994795419,
            24.044774916504565
          ],
          [
            120.52888634205492,
            24.044419497852804
          ],
          [
            120.52888811128278,
            24.044414521820123
          ],
          [
            120.52892663105041,
            24.044336072600245
          ],
          [
            120.52895350185399,
            24.044281345482837
          ],
          [
            120.52915724213813,
            24.043782097152214
          ],
          [
            120.5291648134471,
            24.043764099713268
          ],
          [
            120.52917231334928,
            24.04374627090265
          ],
          [
            120.5292399567952,
            24.04358233483937
          ],
          [
            120.52951039202436,
            24.04293553515565
          ],
          [
            120.5298348925065,
            24.04217019419951
          ],
          [
            120.53027379794732,
            24.041142143033618
          ],
          [
            120.53039589208423,
            24.040858802531353
          ],
          [
            120.53071041138887,
            24.04013492936982
          ],
          [
            120.53109954403658,
            24.039214149301923
          ],
          [
            120.53273476072437,
            24.03537777409373
          ],
          [
            120.53280947760798,
            24.035201586878394
          ],
          [
            120.53299827579175,
            24.034756268791543
          ],
          [
            120.53305555387858,
            24.034612293689857
          ],
          [
            120.53305848366088,
            24.034604928363105
          ],
          [
            120.53342649212667,
            24.033679886394403
          ],
          [
            120.53386130972281,
            24.032690137485154
          ],
          [
            120.53443207945557,
            24.031369153623967
          ],
          [
            120.53489595726948,
            24.03029798805505
          ],
          [
            120.53539187775014,
            24.029115791174796
          ],
          [
            120.53594726675772,
            24.027809320163282
          ],
          [
            120.53609029117173,
            24.0274767672837
          ],
          [
            120.5361918808452,
            24.02724055564795
          ],
          [
            120.53625954044314,
            24.027087955019443
          ],
          [
            120.5362765901045,
            24.027049500975775
          ],
          [
            120.53629228097914,
            24.02701411098942
          ],
          [
            120.53656580543155,
            24.026397193085185
          ],
          [
            120.53706407839044,
            24.025369970381888
          ],
          [
            120.53723462225547,
            24.024945848105098
          ],
          [
            120.53731639162254,
            24.024742497429738
          ],
          [
            120.537901527272,
            24.02333358776959
          ],
          [
            120.53790168889985,
            24.023333198188976
          ],
          [
            120.53790199231744,
            24.0233324686294
          ],
          [
            120.53791296812598,
            24.023304915251313
          ],
          [
            120.53793532387033,
            24.023254727096816
          ],
          [
            120.53812947099446,
            24.022762181531824
          ],
          [
            120.53817219252849,
            24.02265820456069
          ],
          [
            120.53818566912057,
            24.02262540451559
          ],
          [
            120.53820037238333,
            24.022589618546956
          ],
          [
            120.5382558553806,
            24.02245458020431
          ],
          [
            120.53853583383619,
            24.02179796743146
          ],
          [
            120.53867706993,
            24.021466905201915
          ],
          [
            120.53869129728639,
            24.021433556573772
          ],
          [
            120.53880042204284,
            24.021177761052694
          ],
          [
            120.53906771847184,
            24.02054772750653
          ],
          [
            120.5393349355528,
            24.01992238934151
          ],
          [
            120.53936155512577,
            24.01986014602346
          ],
          [
            120.539376679911,
            24.0198247819565
          ],
          [
            120.53939153805392,
            24.019790036500304
          ],
          [
            120.5395634492974,
            24.01938805773192
          ],
          [
            120.53971189868385,
            24.01904085530611
          ],
          [
            120.53982883519164,
            24.01878146793477
          ],
          [
            120.53997521432055,
            24.018468966951794
          ],
          [
            120.54013902468364,
            24.018152473865833
          ],
          [
            120.54026826742707,
            24.01792327207496
          ],
          [
            120.54042047665651,
            24.01766247216445
          ],
          [
            120.54057287566002,
            24.017422784207394
          ],
          [
            120.54072093077501,
            24.017199000929697
          ],
          [
            120.54092666200468,
            24.01691355810377
          ],
          [
            120.54109308045354,
            24.01669188813908
          ],
          [
            120.54126610948067,
            24.016471719486603
          ],
          [
            120.5415535758985,
            24.016115991127755
          ],
          [
            120.54209140163775,
            24.01546583144111
          ],
          [
            120.54285850703518,
            24.014533814061092
          ],
          [
            120.542974757905,
            24.01438785972166
          ],
          [
            120.5430932911838,
            24.01424379110389
          ],
          [
            120.54310420773622,
            24.014230522485395
          ],
          [
            120.54321182518342,
            24.01409972148777
          ],
          [
            120.54333035793152,
            24.013955652673282
          ],
          [
            120.54344889041751,
            24.013811582857485
          ],
          [
            120.54356742361792,
            24.01366751384921
          ],
          [
            120.54368595557322,
            24.01352344383672
          ],
          [
            120.54380448824615,
            24.0133793737288
          ],
          [
            120.54392301966763,
            24.01323530442253
          ],
          [
            120.54404155180673,
            24.013091235020823
          ],
          [
            120.54416008171462,
            24.01294716551493
          ],
          [
            120.54427861332626,
            24.012803095013613
          ],
          [
            120.54439714368966,
            24.01265902441103
          ],
          [
            120.5445156747675,
            24.012514954615945
          ],
          [
            120.54463420558322,
            24.012370883819585
          ],
          [
            120.54474147145442,
            24.012240503208943
          ],
          [
            120.54474965120623,
            24.01223056178673
          ],
          [
            120.5447527351475,
            24.012226813824896
          ],
          [
            120.54476057824544,
            24.01221728855913
          ],
          [
            120.5447942388831,
            24.01217641143514
          ],
          [
            120.54487133308723,
            24.01208279088843
          ],
          [
            120.5449903200397,
            24.011939038987375
          ],
          [
            120.54507692526137,
            24.011835282200007
          ],
          [
            120.54511007350283,
            24.011795824704702
          ],
          [
            120.54523083857242,
            24.01165333025624
          ],
          [
            120.54535263580642,
            24.011511579176975
          ],
          [
            120.54547545732426,
            24.011370575955777
          ],
          [
            120.54559822350043,
            24.01123153906391
          ],
          [
            120.54559930014743,
            24.011230328707853
          ],
          [
            120.54572409562162,
            24.011090793886254
          ],
          [
            120.5458495290166,
            24.010951744821817
          ],
          [
            120.54594271867434,
            24.010848807929893
          ],
          [
            120.54597523663337,
            24.01081290413685
          ],
          [
            120.54610096848937,
            24.010674081473553
          ],
          [
            120.54622670007149,
            24.010535259603483
          ],
          [
            120.54635243236899,
            24.010396436723717
          ],
          [
            120.5464781624299,
            24.01025761372844
          ],
          [
            120.54660389319673,
            24.01011879243224
          ],
          [
            120.54672962369922,
            24.00997996922051
          ],
          [
            120.54685535392778,
            24.009841146802014
          ],
          [
            120.54697527488428,
            24.009708737827996
          ],
          [
            120.54698108487176,
            24.00970232337382
          ],
          [
            120.54710675573843,
            24.00956345631822
          ],
          [
            120.54723211165688,
            24.009424348042142
          ],
          [
            120.54735684773178,
            24.00928477100864
          ],
          [
            120.54748065709288,
            24.00914450038474
          ],
          [
            120.54759763689974,
            24.00900981854882
          ],
          [
            120.54760322892288,
            24.00900331584148
          ],
          [
            120.54772430727493,
            24.00886104687431
          ],
          [
            120.54784383323884,
            24.0087176752542
          ],
          [
            120.54797383832452,
            24.008558153789284
          ],
          [
            120.54798824117174,
            24.008540143822458
          ],
          [
            120.54807818063466,
            24.008427679912078
          ],
          [
            120.5481385880549,
            24.008350927676673
          ],
          [
            120.5481716051224,
            24.008308539059154
          ],
          [
            120.54819298524475,
            24.00828108955629
          ],
          [
            120.54830635289797,
            24.008133557624888
          ],
          [
            120.54831375305706,
            24.008123782553003
          ],
          [
            120.5483371691177,
            24.008092850075275
          ],
          [
            120.54841858657888,
            24.007985296301065
          ],
          [
            120.54853000794682,
            24.0078365178221
          ],
          [
            120.54864093377114,
            24.007687427186454
          ],
          [
            120.54869905667029,
            24.00760913209054
          ],
          [
            120.54875168377858,
            24.00753822669153
          ],
          [
            120.5488624266643,
            24.007389021575012
          ],
          [
            120.54897316831004,
            24.007239816368884
          ],
          [
            120.54908390969868,
            24.007090611076055
          ],
          [
            120.54919465083024,
            24.006941405696516
          ],
          [
            120.5493053926876,
            24.006792200233175
          ],
          [
            120.54941613330816,
            24.006642993777287
          ],
          [
            120.54950262747863,
            24.0065264565271
          ],
          [
            120.54952687464822,
            24.00649378904346
          ],
          [
            120.54963773244486,
            24.006344656800874
          ],
          [
            120.54974907055819,
            24.006195826561335
          ],
          [
            120.54980852777965,
            24.00611699497532
          ],
          [
            120.54986127146609,
            24.006047544143154
          ],
          [
            120.54997453422394,
            24.00589994556951
          ],
          [
            120.550088866646,
            24.005753044405107
          ],
          [
            120.55020426182837,
            24.005606846947853
          ],
          [
            120.55032071581903,
            24.005461358601448
          ],
          [
            120.55033115796978,
            24.00544841129572
          ],
          [
            120.55043817366226,
            24.00531655392003
          ],
          [
            120.55055633332256,
            24.00517223156352
          ],
          [
            120.55065576098751,
            24.005051289977573
          ],
          [
            120.550674812375,
            24.00502813036319
          ],
          [
            120.55079332940716,
            24.004884054459012
          ],
          [
            120.55089958468463,
            24.00475522296832
          ],
          [
            120.55137533877777,
            24.004176658390737
          ],
          [
            120.55169860050972,
            24.003783533525414
          ],
          [
            120.55265681301405,
            24.00261871050184
          ],
          [
            120.55371340498694,
            24.001331508620396
          ],
          [
            120.55469169099472,
            24.000147652294906
          ],
          [
            120.55564575499571,
            23.998986477737205
          ],
          [
            120.55609713811886,
            23.998435363900086
          ],
          [
            120.5561183247051,
            23.998409496413498
          ],
          [
            120.55613954187783,
            23.998383591991775
          ],
          [
            120.5561806437749,
            23.998333409088712
          ],
          [
            120.55618095960891,
            23.99833302354462
          ],
          [
            120.55618159029099,
            23.99833225335652
          ],
          [
            120.55636465936021,
            23.998108733948644
          ],
          [
            120.55721766714235,
            23.997069072195377
          ],
          [
            120.55760649364736,
            23.99659628633116
          ],
          [
            120.5577405994884,
            23.996435280733525
          ],
          [
            120.55790285617984,
            23.996224821776533
          ],
          [
            120.55802770932071,
            23.99606253505238
          ],
          [
            120.55804339037569,
            23.99603433808245
          ],
          [
            120.55805550465253,
            23.99601594940337
          ],
          [
            120.5580583479801,
            23.996011633416924
          ],
          [
            120.55806011345878,
            23.996008951354796
          ],
          [
            120.55824304516327,
            23.995729876668896
          ],
          [
            120.558357879727,
            23.995556553952767
          ],
          [
            120.55846851903735,
            23.9953740804056
          ],
          [
            120.55859201159736,
            23.995157549642833
          ],
          [
            120.55868980356998,
            23.994960710178855
          ],
          [
            120.5588273820897,
            23.994679892459
          ],
          [
            120.55893829786964,
            23.994412688302056
          ],
          [
            120.55904297224313,
            23.994154441333016
          ],
          [
            120.55922386367857,
            23.993682289127378
          ],
          [
            120.55941131785178,
            23.9931870682285
          ],
          [
            120.55960682770369,
            23.992675353592364
          ],
          [
            120.55970183601383,
            23.99242298355989
          ],
          [
            120.5597208749214,
            23.99237241032827
          ],
          [
            120.55973065966234,
            23.99234642017913
          ],
          [
            120.5597468898816,
            23.99230330529795
          ],
          [
            120.5597843011482,
            23.992203928474876
          ],
          [
            120.55979025172194,
            23.99218812061441
          ],
          [
            120.5598194110716,
            23.992111359529968
          ],
          [
            120.55999225318787,
            23.99165635254513
          ],
          [
            120.56020352400446,
            23.99110307649485
          ],
          [
            120.56040199202299,
            23.990587748322106
          ],
          [
            120.56062090148869,
            23.990019962019062
          ],
          [
            120.56074046199839,
            23.989709857476207
          ],
          [
            120.56099800746304,
            23.989045839572288
          ],
          [
            120.56106627227095,
            23.988862634021338
          ],
          [
            120.56108197644767,
            23.9888204890286
          ],
          [
            120.5610986744011,
            23.988775675977166
          ],
          [
            120.56112212848524,
            23.98871272952276
          ],
          [
            120.56126866816419,
            23.988333136849025
          ],
          [
            120.56152588035337,
            23.987658515487837
          ],
          [
            120.56175268723042,
            23.987070074679217
          ],
          [
            120.56190831916584,
            23.986650804903928
          ],
          [
            120.56202921574983,
            23.98633983300997
          ],
          [
            120.56212115420901,
            23.98608658557346
          ],
          [
            120.56222813777138,
            23.985809651696847
          ],
          [
            120.56236073488584,
            23.9854650963571
          ],
          [
            120.56244162822075,
            23.985252182285333
          ],
          [
            120.56250915992611,
            23.985074437565064
          ],
          [
            120.56270761652704,
            23.984552560333107
          ],
          [
            120.56292074688177,
            23.98399337982018
          ],
          [
            120.56312337011057,
            23.98346443474369
          ],
          [
            120.56333780287522,
            23.982904083414855
          ],
          [
            120.56362308498784,
            23.98215197586449
          ],
          [
            120.56388025535476,
            23.98147941915459
          ],
          [
            120.56410656770278,
            23.980882476050002
          ],
          [
            120.56429298426819,
            23.98039520893543
          ],
          [
            120.56452734244144,
            23.97978033833407
          ],
          [
            120.56454535814206,
            23.979732782719108
          ],
          [
            120.56459563448334,
            23.979600064615653
          ],
          [
            120.56476733190945,
            23.979146832992225
          ],
          [
            120.5647802015621,
            23.9791128592577
          ],
          [
            120.56495352066571,
            23.97865565813103
          ],
          [
            120.56512517473793,
            23.978208139722142
          ],
          [
            120.56527917716843,
            23.977805503317832
          ],
          [
            120.56541791708422,
            23.97743899900769
          ],
          [
            120.56552803675393,
            23.97716028250685
          ],
          [
            120.56563471100178,
            23.976877647317814
          ],
          [
            120.56577533390737,
            23.976516055443334
          ],
          [
            120.5660313186036,
            23.97585064233274
          ],
          [
            120.56617137870239,
            23.97547743567663
          ],
          [
            120.56625943685776,
            23.975224273573964
          ],
          [
            120.56639727290292,
            23.974860722776384
          ],
          [
            120.56657845150288,
            23.974397662573494
          ],
          [
            120.5667141132315,
            23.97404052612182
          ],
          [
            120.56686121239262,
            23.973665460455035
          ],
          [
            120.56698745505531,
            23.973333807086593
          ],
          [
            120.56698760177319,
            23.973333422846615
          ],
          [
            120.5669994456024,
            23.973302307420667
          ],
          [
            120.56705758143984,
            23.97315094667361
          ],
          [
            120.56714043869206,
            23.97293521525372
          ],
          [
            120.56740857531996,
            23.97222798220694
          ],
          [
            120.56745301969988,
            23.97211258937218
          ],
          [
            120.56749006043505,
            23.972016414679622
          ],
          [
            120.5677192144969,
            23.97142143523691
          ],
          [
            120.56796602560706,
            23.970772182174542
          ],
          [
            120.56819695884879,
            23.970153854941653
          ],
          [
            120.56830488723406,
            23.969880560185317
          ],
          [
            120.56834096731829,
            23.969789197040825
          ],
          [
            120.56839632410578,
            23.969649019857798
          ],
          [
            120.56858247680834,
            23.969145221829336
          ],
          [
            120.56880476519282,
            23.968571980281144
          ],
          [
            120.56898696626764,
            23.968103420598638
          ],
          [
            120.5690581182818,
            23.9679118015964
          ],
          [
            120.56908413716745,
            23.96784173031551
          ],
          [
            120.5691801634873,
            23.96758312030003
          ],
          [
            120.56929620545765,
            23.967254972836322
          ],
          [
            120.56930859969307,
            23.967219925513234
          ],
          [
            120.56936212882323,
            23.96703886829072
          ],
          [
            120.56938672956896,
            23.96695131196222
          ],
          [
            120.56945179215612,
            23.966681575462925
          ],
          [
            120.56949207608506,
            23.96646832536226
          ],
          [
            120.56953817174012,
            23.96619982501147
          ],
          [
            120.56956616412845,
            23.96595515766019
          ],
          [
            120.56961225930004,
            23.965565069441645
          ],
          [
            120.56964111818279,
            23.96534078123645
          ],
          [
            120.56964508381151,
            23.965299687601973
          ],
          [
            120.56965608966148,
            23.96501327007326
          ],
          [
            120.5696570838471,
            23.964867123123152
          ],
          [
            120.5696592513686,
            23.964548683143807
          ],
          [
            120.56966137152914,
            23.964237102690443
          ],
          [
            120.56965893215127,
            23.963777325349362
          ],
          [
            120.5696497145117,
            23.963414152215364
          ],
          [
            120.56965038184511,
            23.963298375775405
          ],
          [
            120.56964810833755,
            23.963171045131958
          ],
          [
            120.5696493305669,
            23.962802574764144
          ],
          [
            120.56964740697336,
            23.962551486543408
          ],
          [
            120.56965519605198,
            23.96167705119758
          ],
          [
            120.56965304694049,
            23.961176276291372
          ],
          [
            120.56964847008558,
            23.960474154906297
          ],
          [
            120.56965424926874,
            23.959537908883338
          ],
          [
            120.56965403514798,
            23.959469999889176
          ],
          [
            120.56965124605735,
            23.958585432062986
          ],
          [
            120.56964203816621,
            23.957565708917688
          ],
          [
            120.56964812328918,
            23.956558756426563
          ],
          [
            120.56965602787218,
            23.955450234715148
          ],
          [
            120.56965637052551,
            23.9544741204192
          ],
          [
            120.56964795658502,
            23.953314821548283
          ],
          [
            120.56965018979491,
            23.952175417160635
          ],
          [
            120.56964530638459,
            23.951231815546084
          ],
          [
            120.56964825300886,
            23.950437269783148
          ],
          [
            120.56963498813853,
            23.949457475139127
          ],
          [
            120.56961925714118,
            23.948333817799014
          ],
          [
            120.56961195385162,
            23.94748882066158
          ],
          [
            120.56961034950119,
            23.946683007432846
          ],
          [
            120.56960976335698,
            23.946647946168067
          ],
          [
            120.56960265587514,
            23.94622279265225
          ],
          [
            120.56959821016558,
            23.946123020808542
          ],
          [
            120.56959412841057,
            23.9460314081093
          ],
          [
            120.56959870700335,
            23.945337118794125
          ],
          [
            120.56960775087764,
            23.944663801136784
          ],
          [
            120.56960764506479,
            23.94465423592128
          ],
          [
            120.5695975445988,
            23.943737876946734
          ],
          [
            120.56959939208645,
            23.942685685756377
          ],
          [
            120.56959841484768,
            23.941494604153508
          ],
          [
            120.56960113814307,
            23.940178234301264
          ],
          [
            120.56960113890042,
            23.9387928497128
          ],
          [
            120.56960113866577,
            23.938552376644793
          ],
          [
            120.5696005390322,
            23.937989927826486
          ],
          [
            120.56960022715332,
            23.937697672504612
          ],
          [
            120.56960027800353,
            23.93745807811404
          ],
          [
            120.56959750210927,
            23.936706384169554
          ],
          [
            120.56960127321533,
            23.936102087688635
          ],
          [
            120.5696190098594,
            23.935454180860937
          ],
          [
            120.56964214846508,
            23.93518609623533
          ],
          [
            120.56967855565411,
            23.934829759377703
          ],
          [
            120.56972806462073,
            23.934480484121025
          ],
          [
            120.56979344319379,
            23.934103406335655
          ],
          [
            120.56986759639898,
            23.933772403433533
          ],
          [
            120.5699420719094,
            23.933468832050803
          ],
          [
            120.57003230435748,
            23.93315923960379
          ],
          [
            120.57016858781171,
            23.932737302834752
          ],
          [
            120.57030557867299,
            23.932332568158333
          ],
          [
            120.57047039776982,
            23.931838998664418
          ],
          [
            120.57068846591213,
            23.931191406444345
          ],
          [
            120.57090641150856,
            23.930550794191227
          ],
          [
            120.57113358042821,
            23.92987406314723
          ],
          [
            120.57137116886823,
            23.92917934510339
          ],
          [
            120.57172506252854,
            23.928131113865373
          ],
          [
            120.57174079004791,
            23.92808393001788
          ],
          [
            120.57208892625702,
            23.927039492849772
          ],
          [
            120.57220448047767,
            23.92672160072612
          ],
          [
            120.57236226950138,
            23.926243475734033
          ],
          [
            120.57237452465591,
            23.926207404494335
          ],
          [
            120.572564221236,
            23.92564906510548
          ],
          [
            120.57280126991796,
            23.924955382088843
          ],
          [
            120.57297690308404,
            23.92443890977047
          ],
          [
            120.57302525924779,
            23.924296707624237
          ],
          [
            120.57317607799094,
            23.923840030750775
          ],
          [
            120.5731828603899,
            23.9238194948348
          ],
          [
            120.57319063097742,
            23.923795966577842
          ],
          [
            120.57320164690952,
            23.923762612402278
          ],
          [
            120.57321203281751,
            23.923731165312283
          ],
          [
            120.57322002266112,
            23.92370697309119
          ],
          [
            120.57322911478879,
            23.92367944301566
          ],
          [
            120.57324142348895,
            23.923642171817644
          ],
          [
            120.57324942820678,
            23.92361793358545
          ],
          [
            120.57325587027032,
            23.923598428792168
          ],
          [
            120.5732559783916,
            23.923598108545157
          ],
          [
            120.57334518260176,
            23.923333781031268
          ],
          [
            120.57334531255209,
            23.923333394026468
          ],
          [
            120.573352827477,
            23.9233111255676
          ],
          [
            120.57361229787405,
            23.922549793714353
          ],
          [
            120.57383965274803,
            23.92187528483944
          ],
          [
            120.57408540666867,
            23.921143657133197
          ],
          [
            120.57434248253884,
            23.920389456729247
          ],
          [
            120.57456426934777,
            23.919731372914082
          ],
          [
            120.57476865828772,
            23.919126674475763
          ],
          [
            120.57493071164579,
            23.91862968177782
          ],
          [
            120.57503005180703,
            23.91830011669561
          ],
          [
            120.57508427161928,
            23.91810945503987
          ],
          [
            120.57510283439942,
            23.91804418057495
          ],
          [
            120.57519113164145,
            23.917709707091674
          ],
          [
            120.57531967698603,
            23.917188214497713
          ],
          [
            120.57556528802104,
            23.916182542302177
          ],
          [
            120.57583201190369,
            23.915083600573396
          ],
          [
            120.57607362903158,
            23.914102276904053
          ],
          [
            120.57628746836357,
            23.913230956745323
          ],
          [
            120.57651584054021,
            23.912286027853444
          ],
          [
            120.57661296717059,
            23.911888139774934
          ],
          [
            120.57661911674762,
            23.91186280273244
          ],
          [
            120.57663654993374,
            23.91179099385192
          ],
          [
            120.57685446270996,
            23.910900887029253
          ],
          [
            120.57706720560992,
            23.910031461196624
          ],
          [
            120.57718389210588,
            23.909576422595833
          ],
          [
            120.5772974400986,
            23.90911039263915
          ],
          [
            120.5774579117936,
            23.90844337249751
          ],
          [
            120.57758109604052,
            23.907946127480393
          ],
          [
            120.57782312373635,
            23.906954563311967
          ],
          [
            120.57802361388065,
            23.90615042601355
          ],
          [
            120.57820171759359,
            23.905417947551204
          ],
          [
            120.57832802359238,
            23.904903592065608
          ],
          [
            120.57843560956282,
            23.90445689391745
          ],
          [
            120.57855461872776,
            23.903971195934222
          ],
          [
            120.57865727687661,
            23.903546871864293
          ],
          [
            120.57866663006867,
            23.9035076777391
          ],
          [
            120.57868565804208,
            23.903427938647006
          ],
          [
            120.57869949563998,
            23.903369952813907
          ],
          [
            120.57877962957775,
            23.90303416012461
          ],
          [
            120.57898169512455,
            23.902212841253558
          ],
          [
            120.57899782370177,
            23.902147286781343
          ],
          [
            120.57915200924383,
            23.90150829800507
          ],
          [
            120.5791610904695,
            23.901471411942644
          ],
          [
            120.57917200682836,
            23.901427076120974
          ],
          [
            120.57918811017679,
            23.901361668732257
          ],
          [
            120.57928243596892,
            23.900978549189897
          ],
          [
            120.57944126264768,
            23.900343018359226
          ],
          [
            120.57989639074532,
            23.89833350622135
          ],
          [
            120.57989648239824,
            23.898333103754457
          ],
          [
            120.57989667368629,
            23.898332260015486
          ],
          [
            120.5800802985964,
            23.89764562468443
          ],
          [
            120.58012452970597,
            23.897480232244142
          ],
          [
            120.5803824098511,
            23.8966561862725
          ],
          [
            120.58047983697698,
            23.896257476523015
          ],
          [
            120.58061680987896,
            23.89568208428728
          ],
          [
            120.58086153781052,
            23.894727121842607
          ],
          [
            120.58103028585722,
            23.893965468532883
          ],
          [
            120.58119535910689,
            23.89316320902578
          ],
          [
            120.58139721946192,
            23.892339990632802
          ],
          [
            120.58147016973032,
            23.892034876806377
          ],
          [
            120.58153326505357,
            23.891734271665
          ],
          [
            120.58160763804341,
            23.891416508513064
          ],
          [
            120.58172986329264,
            23.890939998778137
          ],
          [
            120.58183283726463,
            23.890514355992785
          ],
          [
            120.5819389001564,
            23.890095696823792
          ],
          [
            120.58207379642312,
            23.88952030968634
          ],
          [
            120.5821802965164,
            23.889091905877684
          ],
          [
            120.58232319807118,
            23.888501202571987
          ],
          [
            120.58233297877676,
            23.888461506337723
          ],
          [
            120.58242309536341,
            23.888095736416126
          ],
          [
            120.58252455024765,
            23.887690033304125
          ],
          [
            120.58260583524084,
            23.88735219203975
          ],
          [
            120.58273922516874,
            23.886796352550114
          ],
          [
            120.58284739454062,
            23.886360440020237
          ],
          [
            120.5829289193142,
            23.88599811282384
          ],
          [
            120.58293823271289,
            23.885961627078643
          ],
          [
            120.58302546816493,
            23.8856198620268
          ],
          [
            120.58305553108309,
            23.885496056238214
          ],
          [
            120.58305816917114,
            23.885485192709396
          ],
          [
            120.58305970067491,
            23.885478886105634
          ],
          [
            120.5834326857923,
            23.883933021952185
          ],
          [
            120.58355692741229,
            23.88344246652665
          ],
          [
            120.58364529441027,
            23.883078361307863
          ],
          [
            120.58372696501488,
            23.882738438915993
          ],
          [
            120.58380950447905,
            23.882400279573996
          ],
          [
            120.58392393916643,
            23.8819358179016
          ],
          [
            120.58407347277729,
            23.88130565205213
          ],
          [
            120.58417645289825,
            23.880882054917613
          ],
          [
            120.58429094328031,
            23.880417747407595
          ],
          [
            120.58439496920934,
            23.879985999195842
          ],
          [
            120.5844382775954,
            23.879810033419194
          ],
          [
            120.58443843776175,
            23.879809384626355
          ],
          [
            120.58445375365261,
            23.87974715452856
          ],
          [
            120.5845667256423,
            23.879288142072195
          ],
          [
            120.58473773023776,
            23.878576350936257
          ],
          [
            120.58482961976003,
            23.87821401590542
          ],
          [
            120.58496948746259,
            23.87762714564852
          ],
          [
            120.58514753602,
            23.87690020318254
          ],
          [
            120.5851645678977,
            23.87683018509509
          ],
          [
            120.58516963128828,
            23.87680937024827
          ],
          [
            120.5851763950691,
            23.876781567490134
          ],
          [
            120.58525427794329,
            23.87646139130248
          ],
          [
            120.58535771542056,
            23.87603969137054
          ],
          [
            120.58545827036217,
            23.875625359827247
          ],
          [
            120.58555629951077,
            23.87522078234852
          ],
          [
            120.58563873233939,
            23.874882187884694
          ],
          [
            120.58573727112892,
            23.87447785540949
          ],
          [
            120.58582536255032,
            23.874119564486573
          ],
          [
            120.58591277096717,
            23.873756358666707
          ],
          [
            120.58599391278962,
            23.873424817965258
          ],
          [
            120.58601063860458,
            23.873355956510103
          ],
          [
            120.58601626646283,
            23.873333550325313
          ],
          [
            120.58601637286681,
            23.87333312893066
          ],
          [
            120.58604684912075,
            23.873211815570038
          ],
          [
            120.58615571085811,
            23.872768909967345
          ],
          [
            120.58619716651943,
            23.872597840650748
          ],
          [
            120.5862114699174,
            23.872538817591423
          ],
          [
            120.58622228501216,
            23.872494189122463
          ],
          [
            120.58629005278966,
            23.87221454761956
          ],
          [
            120.58646935901182,
            23.871485628855716
          ],
          [
            120.58663031908135,
            23.870819640889255
          ],
          [
            120.58680533270172,
            23.870152229411175
          ],
          [
            120.58690119007895,
            23.869804324397798
          ],
          [
            120.58701815301112,
            23.86941752143647
          ],
          [
            120.58715094648088,
            23.8690172444399
          ],
          [
            120.58735935455327,
            23.868449462783307
          ],
          [
            120.58744132590184,
            23.868240590008522
          ],
          [
            120.58748280591881,
            23.868134890785544
          ],
          [
            120.5875817192009,
            23.867882846863345
          ],
          [
            120.58789693525229,
            23.867124248451876
          ],
          [
            120.5882302909068,
            23.86632166144383
          ],
          [
            120.58848295230327,
            23.865698330757326
          ],
          [
            120.58866362437001,
            23.865265881313814
          ],
          [
            120.58869234939131,
            23.865197127368567
          ],
          [
            120.58871602290186,
            23.865140464075775
          ],
          [
            120.58873445298757,
            23.865096350531164
          ],
          [
            120.58880366685607,
            23.864930681864198
          ],
          [
            120.58898223404185,
            23.86449126545644
          ],
          [
            120.58921675369048,
            23.86392427374674
          ],
          [
            120.58951078130731,
            23.863213265820868
          ],
          [
            120.58968187218846,
            23.862826451124803
          ],
          [
            120.59015407805175,
            23.861724968870895
          ],
          [
            120.59041360305788,
            23.861119584565117
          ],
          [
            120.59099030909567,
            23.859528257577686
          ],
          [
            120.59144865488841,
            23.858424856642824
          ],
          [
            120.59341180944105,
            23.85369884714747
          ],
          [
            120.5934815118497,
            23.853529699091307
          ],
          [
            120.59367361162248,
            23.85307244871156
          ],
          [
            120.59416503600289,
            23.85188854711788
          ],
          [
            120.59444775241055,
            23.85121901275667
          ],
          [
            120.59494415620186,
            23.850008704346806
          ],
          [
            120.59525004181471,
            23.849321830035223
          ],
          [
            120.59560873876565,
            23.848458079102112
          ],
          [
            120.5956593970926,
            23.84833382655711
          ],
          [
            120.59565955438345,
            23.84833344050286
          ],
          [
            120.59569329753603,
            23.84825067431156
          ],
          [
            120.59588635536876,
            23.847795006095144
          ],
          [
            120.5960839935981,
            23.847315854569764
          ],
          [
            120.59625353792579,
            23.84690164048777
          ],
          [
            120.5964454999898,
            23.84642539010294
          ],
          [
            120.59659119180344,
            23.846070094497325
          ],
          [
            120.59675768387633,
            23.845671052344372
          ],
          [
            120.59692054449705,
            23.845283791342904
          ],
          [
            120.59697457812986,
            23.845159278937885
          ],
          [
            120.59698952686205,
            23.845124833058815
          ],
          [
            120.59699694832946,
            23.84510773142854
          ],
          [
            120.59708065771416,
            23.844914836808357
          ],
          [
            120.59725344398298,
            23.84446950574491
          ],
          [
            120.59739758743962,
            23.844089636525847
          ],
          [
            120.59754399534607,
            23.84376491689171
          ],
          [
            120.59768745807521,
            23.843420595151052
          ],
          [
            120.59783116838045,
            23.8430689599139
          ],
          [
            120.59796564229077,
            23.84274533736705
          ],
          [
            120.59808298722488,
            23.842462808922505
          ],
          [
            120.59820255878452,
            23.842171131053824
          ],
          [
            120.59830613436684,
            23.84191899539908
          ],
          [
            120.59840071170859,
            23.84168466157289
          ],
          [
            120.59850123850777,
            23.841447165657613
          ],
          [
            120.59860788913188,
            23.841184293437312
          ],
          [
            120.5987462978978,
            23.840853853948555
          ],
          [
            120.59887290743039,
            23.840548287281273
          ],
          [
            120.59900793163536,
            23.840223084913003
          ],
          [
            120.5991586749886,
            23.839858094556735
          ],
          [
            120.59930348477383,
            23.839500961522344
          ],
          [
            120.59947976906584,
            23.839075212797486
          ],
          [
            120.59961530050235,
            23.838736946166083
          ],
          [
            120.59970105452257,
            23.838538259077346
          ],
          [
            120.59970853979699,
            23.838520915465974
          ],
          [
            120.5997554425845,
            23.838412243018865
          ],
          [
            120.599757582845,
            23.83840703577831
          ],
          [
            120.59975815450154,
            23.838405645798662
          ],
          [
            120.59988371748668,
            23.83810014315737
          ],
          [
            120.60002782441232,
            23.837756428217762
          ],
          [
            120.60015051991272,
            23.83744798776654
          ],
          [
            120.60027229448406,
            23.83714869271916
          ],
          [
            120.60038157263405,
            23.8368877320166
          ],
          [
            120.60052617808923,
            23.83653420894348
          ],
          [
            120.60065715639352,
            23.83621928002832
          ],
          [
            120.60078580246339,
            23.835912443609743
          ],
          [
            120.60091852988025,
            23.835590728687738
          ],
          [
            120.60106057924496,
            23.835237190277933
          ],
          [
            120.60119676869994,
            23.834908963742915
          ],
          [
            120.60135003799947,
            23.834535634023272
          ],
          [
            120.6014980912977,
            23.834176375950463
          ],
          [
            120.60167671521371,
            23.833754054348162
          ],
          [
            120.60180250976265,
            23.83344720143592
          ],
          [
            120.60193239570613,
            23.833124690760716
          ],
          [
            120.60206224420405,
            23.832808448226046
          ],
          [
            120.60217651491675,
            23.832523470174454
          ],
          [
            120.6023285493932,
            23.83216371577716
          ],
          [
            120.60247029199988,
            23.831812007150877
          ],
          [
            120.6026613886986,
            23.831353171660304
          ],
          [
            120.60269571763946,
            23.831270749197657
          ],
          [
            120.6028010269146,
            23.831017910137838
          ],
          [
            120.6029246675652,
            23.830733252649164
          ],
          [
            120.60303960274233,
            23.830474155376898
          ],
          [
            120.6031691190163,
            23.830203392236463
          ],
          [
            120.60333221718497,
            23.82988368448863
          ],
          [
            120.60347095187095,
            23.829634670074643
          ],
          [
            120.60364147149436,
            23.82934977312535
          ],
          [
            120.60384198606272,
            23.82904232298626
          ],
          [
            120.60402433467334,
            23.8287724000143
          ],
          [
            120.60421741894478,
            23.82850959173028
          ],
          [
            120.60443607127642,
            23.82820826516655
          ],
          [
            120.60463885301235,
            23.82794212217526
          ],
          [
            120.60479586043844,
            23.82771882456866
          ],
          [
            120.60492694811808,
            23.827543200051814
          ],
          [
            120.60509589189168,
            23.827319715993816
          ],
          [
            120.60541078637179,
            23.826909195257336
          ],
          [
            120.60590264052804,
            23.826248747980248
          ],
          [
            120.60626726860362,
            23.825756686646624
          ],
          [
            120.60665667049808,
            23.82523225403404
          ],
          [
            120.60712215238249,
            23.824613957002597
          ],
          [
            120.60758769421255,
            23.823974576215846
          ],
          [
            120.60804529838954,
            23.823333342533346
          ],
          [
            120.60804555364295,
            23.823332997346903
          ],
          [
            120.60805550558015,
            23.823319535067814
          ],
          [
            120.60805804530497,
            23.82331609942398
          ],
          [
            120.60873473178461,
            23.822400705145114
          ],
          [
            120.60930399846796,
            23.821635088395197
          ],
          [
            120.6094600096275,
            23.821424598943747
          ],
          [
            120.60971873825198,
            23.82107743384896
          ],
          [
            120.60997439551225,
            23.82072856294801
          ],
          [
            120.61022657518345,
            23.820386824351154
          ],
          [
            120.61046957435077,
            23.8200582815275
          ],
          [
            120.6108476081388,
            23.819545563667592
          ],
          [
            120.61113022760237,
            23.819168833661426
          ],
          [
            120.611464297923,
            23.818717438341682
          ],
          [
            120.6116174518966,
            23.81850955614902
          ],
          [
            120.61173614358859,
            23.818345417860648
          ],
          [
            120.61183330599607,
            23.81821558310811
          ],
          [
            120.61186613318173,
            23.81817261777337
          ],
          [
            120.6119670079488,
            23.818040594457145
          ],
          [
            120.61207776891331,
            23.817910934618737
          ],
          [
            120.6121657196086,
            23.817806455210274
          ],
          [
            120.61226806201552,
            23.817692961512673
          ],
          [
            120.61239891077727,
            23.817550979504986
          ],
          [
            120.61247504115425,
            23.81747022360502
          ],
          [
            120.61256772869243,
            23.81737572369115
          ],
          [
            120.61266116879956,
            23.81728687907476
          ],
          [
            120.61273403681757,
            23.817219546455814
          ],
          [
            120.61280929343911,
            23.81714932218232
          ],
          [
            120.6128533535007,
            23.817108216040204
          ],
          [
            120.61298943558413,
            23.816991624486004
          ],
          [
            120.61307884337411,
            23.81691662639361
          ],
          [
            120.61322129354777,
            23.816803796104637
          ],
          [
            120.61333031637625,
            23.816720716753366
          ],
          [
            120.6135291654012,
            23.816591496075265
          ],
          [
            120.61368648957256,
            23.816478527441
          ],
          [
            120.6146058688025,
            23.815826529779567
          ],
          [
            120.61540500694424,
            23.815293071430457
          ],
          [
            120.61585832159541,
            23.81499038299507
          ],
          [
            120.61608232148727,
            23.814840810944293
          ],
          [
            120.61608370908753,
            23.81483987621686
          ],
          [
            120.61695929820078,
            23.814255204886436
          ],
          [
            120.61786541754506,
            23.813620926522162
          ],
          [
            120.6188466235953,
            23.812948152411625
          ],
          [
            120.62104223642267,
            23.81136094814179
          ],
          [
            120.62150719674561,
            23.811036000239433
          ],
          [
            120.621965175598,
            23.810893940177902
          ],
          [
            120.62233955265002,
            23.810635936946397
          ],
          [
            120.62258320519706,
            23.810467170139205
          ],
          [
            120.62279402301931,
            23.81032021869019
          ],
          [
            120.62297990534196,
            23.810192553872042
          ],
          [
            120.62313233146216,
            23.81009269702689
          ],
          [
            120.62331704283916,
            23.80997708715108
          ],
          [
            120.62349872961961,
            23.80987083433664
          ],
          [
            120.62354032312243,
            23.809846509692456
          ],
          [
            120.62374281965526,
            23.80972633847062
          ],
          [
            120.62389837702338,
            23.809632055279913
          ],
          [
            120.6241538234089,
            23.809465345457582
          ],
          [
            120.6245919977787,
            23.80915980455512
          ],
          [
            120.6252128568298,
            23.80873095558103
          ],
          [
            120.62601995310445,
            23.80817248592036
          ],
          [
            120.62641120543017,
            23.807899427589167
          ],
          [
            120.62685291866462,
            23.80759539933053
          ],
          [
            120.62725355711027,
            23.80731669538961
          ],
          [
            120.62769816377651,
            23.807009142842112
          ],
          [
            120.62805956072764,
            23.80675498493318
          ],
          [
            120.6282503075858,
            23.80662556634896
          ],
          [
            120.628389300788,
            23.80653056860409
          ],
          [
            120.62853036598202,
            23.806438519394494
          ],
          [
            120.62868961522088,
            23.80634102197036
          ],
          [
            120.62887721257475,
            23.80623679142249
          ],
          [
            120.62946088988966,
            23.805929337000215
          ],
          [
            120.62991437408958,
            23.805689711444494
          ],
          [
            120.63038695442935,
            23.805441841037254
          ],
          [
            120.63050003604918,
            23.80538252957413
          ],
          [
            120.63117343203959,
            23.80503052057926
          ],
          [
            120.6313924808533,
            23.80491494136212
          ],
          [
            120.63150273488523,
            23.80485676735867
          ],
          [
            120.63166041654979,
            23.804773567882606
          ],
          [
            120.63201205050234,
            23.8045880307627
          ],
          [
            120.6324512570482,
            23.804359889949033
          ],
          [
            120.6325231069297,
            23.804319662303588
          ],
          [
            120.63269641361315,
            23.804222630276485
          ],
          [
            120.63284541332733,
            23.804134909407292
          ],
          [
            120.6330555192403,
            23.80399784023959
          ],
          [
            120.63305798213102,
            23.803996233395875
          ],
          [
            120.63310210374435,
            23.80396744966195
          ],
          [
            120.63380636262004,
            23.80344293878194
          ],
          [
            120.63442749257194,
            23.802983442746296
          ],
          [
            120.63499977777862,
            23.80255000655983
          ],
          [
            120.63558814865081,
            23.802111352709165
          ],
          [
            120.6361348348014,
            23.80170370372203
          ],
          [
            120.636502602107,
            23.801429831474422
          ],
          [
            120.63708087297181,
            23.800995952672324
          ],
          [
            120.63756033810385,
            23.80063964481161
          ],
          [
            120.63802205392194,
            23.800292821008366
          ],
          [
            120.63852007066383,
            23.79992010511572
          ],
          [
            120.63899345951202,
            23.799566537011568
          ],
          [
            120.63921786409698,
            23.799399125832373
          ],
          [
            120.6392448165645,
            23.799379018320383
          ],
          [
            120.63943122463888,
            23.799238226912
          ],
          [
            120.63964227250104,
            23.799082341893588
          ],
          [
            120.63974201350639,
            23.799012452899856
          ],
          [
            120.63987354147339,
            23.798929337289252
          ],
          [
            120.63997157985828,
            23.79887217332846
          ],
          [
            120.64005712493514,
            23.798826997781834
          ],
          [
            120.64014290620558,
            23.798784407939017
          ],
          [
            120.6402630006628,
            23.798733126599693
          ],
          [
            120.64035123771801,
            23.79869709972788
          ],
          [
            120.64047280907386,
            23.798655042788663
          ],
          [
            120.64058137010976,
            23.798626014193335
          ],
          [
            120.64069548346856,
            23.798594522507248
          ],
          [
            120.64083143609822,
            23.798560737461067
          ],
          [
            120.6409416428617,
            23.79853557715005
          ],
          [
            120.64107591089191,
            23.7985169713984
          ],
          [
            120.64121361806953,
            23.79850352767545
          ],
          [
            120.64134457907417,
            23.79849450714774
          ],
          [
            120.64143255155041,
            23.798490355665393
          ],
          [
            120.64153566550651,
            23.798491824173173
          ],
          [
            120.64169099489554,
            23.798497975665722
          ],
          [
            120.64210898334662,
            23.798522218795007
          ],
          [
            120.64251353246746,
            23.798548593174825
          ],
          [
            120.64280741676646,
            23.798565411593696
          ],
          [
            120.64290700911035,
            23.798571775061774
          ],
          [
            120.64317578673057,
            23.79858894733563
          ],
          [
            120.64346313218088,
            23.798604803074788
          ],
          [
            120.64383970745318,
            23.798627615756896
          ],
          [
            120.64414295085763,
            23.798648180695082
          ],
          [
            120.6444567480664,
            23.798666479424146
          ],
          [
            120.64480155688261,
            23.798687698674758
          ],
          [
            120.64509453302179,
            23.798705633044044
          ],
          [
            120.64542915586595,
            23.798725690627816
          ],
          [
            120.64576013289559,
            23.798745826705524
          ],
          [
            120.64607986146537,
            23.798765364695846
          ],
          [
            120.64636842664848,
            23.798781910406817
          ],
          [
            120.64667682742963,
            23.7987997308422
          ],
          [
            120.64699124017085,
            23.798820049388258
          ],
          [
            120.64727912300205,
            23.798836805841095
          ],
          [
            120.64759733194624,
            23.79885634353838
          ],
          [
            120.64790034341749,
            23.798875295092415
          ],
          [
            120.648078254757,
            23.79888536181603
          ],
          [
            120.6482356501967,
            23.798894995097154
          ],
          [
            120.64834813626429,
            23.79890384233394
          ],
          [
            120.64845341213757,
            23.798914597291713
          ],
          [
            120.6485513239764,
            23.79892753955553
          ],
          [
            120.6486579953079,
            23.798945980020132
          ],
          [
            120.64881752286915,
            23.798977695177438
          ],
          [
            120.64895128198806,
            23.799006195670486
          ],
          [
            120.6490983761656,
            23.79904514574252
          ],
          [
            120.64917186972482,
            23.79906958377863
          ],
          [
            120.64921492441509,
            23.799083898920415
          ],
          [
            120.64934502183138,
            23.79912939547912
          ],
          [
            120.64945338153372,
            23.799172645622413
          ],
          [
            120.64953298696402,
            23.7992073767814
          ],
          [
            120.6496641237793,
            23.79926608136839
          ],
          [
            120.64978683188107,
            23.799326976282675
          ],
          [
            120.64988779534607,
            23.79938380625741
          ],
          [
            120.65008149827429,
            23.79949252707766
          ],
          [
            120.65041179636171,
            23.79967720258147
          ],
          [
            120.65078733248029,
            23.799889991701665
          ],
          [
            120.65097852779007,
            23.79999716435811
          ],
          [
            120.65108555355803,
            23.800057156825282
          ],
          [
            120.651095324066,
            23.800062633759424
          ],
          [
            120.65115382287073,
            23.80009462099562
          ],
          [
            120.651236254523,
            23.800139694870435
          ],
          [
            120.65137684291874,
            23.800205991679164
          ],
          [
            120.65149420551916,
            23.800259069700644
          ],
          [
            120.65160827000258,
            23.800303630598194
          ],
          [
            120.65172609648971,
            23.80033811553484
          ],
          [
            120.65182930566846,
            23.800365230769266
          ],
          [
            120.65190208510082,
            23.80038229495765
          ],
          [
            120.65202655104005,
            23.800404108819208
          ],
          [
            120.65214111136653,
            23.8004184706131
          ],
          [
            120.65227510957065,
            23.800429143249293
          ],
          [
            120.65238985105815,
            23.800431131869743
          ],
          [
            120.65252122256013,
            23.80042985930608
          ],
          [
            120.65264322179104,
            23.800422040671442
          ],
          [
            120.65283006469853,
            23.800401600754487
          ],
          [
            120.65310345428692,
            23.800361417626988
          ],
          [
            120.6534933226854,
            23.800300078980783
          ],
          [
            120.65382806385352,
            23.8002483307356
          ],
          [
            120.65416698263556,
            23.8001964999245
          ],
          [
            120.65436148677612,
            23.800172611524346
          ],
          [
            120.65451614111181,
            23.80016008783669
          ],
          [
            120.6546555449635,
            23.800153547255796
          ],
          [
            120.6548009704853,
            23.80015181388877
          ],
          [
            120.65492551553042,
            23.800154192771057
          ],
          [
            120.65507789420725,
            23.800162784805806
          ],
          [
            120.65516441290642,
            23.800171340587056
          ],
          [
            120.65523604727795,
            23.80017842463285
          ],
          [
            120.65531368111151,
            23.800186102657054
          ],
          [
            120.65547112916187,
            23.800209359931202
          ],
          [
            120.65556921328053,
            23.800226840983004
          ],
          [
            120.65568677266187,
            23.80025097788176
          ],
          [
            120.65578525612828,
            23.800273349271446
          ],
          [
            120.65611365288325,
            23.800353935668998
          ],
          [
            120.65653295376309,
            23.800461737903873
          ],
          [
            120.65691566609287,
            23.800558736689737
          ],
          [
            120.65733655947848,
            23.800665274326757
          ],
          [
            120.65777731124106,
            23.800779024449444
          ],
          [
            120.6580555020337,
            23.800850183039692
          ],
          [
            120.65805788515792,
            23.800850792408017
          ],
          [
            120.65822385711674,
            23.800896025107026
          ],
          [
            120.65833485407381,
            23.80092697643052
          ],
          [
            120.65845118210676,
            23.80096384219198
          ],
          [
            120.65855263301755,
            23.8010002035951
          ],
          [
            120.65865729429257,
            23.801043603463587
          ],
          [
            120.6587664449651,
            23.801090549221545
          ],
          [
            120.658911669031,
            23.801165989318896
          ],
          [
            120.65901321278142,
            23.801231183370767
          ],
          [
            120.6591278843628,
            23.80131783294058
          ],
          [
            120.65922478903225,
            23.8014027311558
          ],
          [
            120.65931623291412,
            23.80148897532058
          ],
          [
            120.65941670178655,
            23.80159585326121
          ],
          [
            120.6595094965399,
            23.801700453164404
          ],
          [
            120.65959240773371,
            23.801800271650674
          ],
          [
            120.65968990140527,
            23.801925660963626
          ],
          [
            120.65981721493786,
            23.802094158749092
          ],
          [
            120.65995678034409,
            23.802271688753027
          ],
          [
            120.66008221311218,
            23.802421761580938
          ],
          [
            120.66019608561686,
            23.80254199547966
          ],
          [
            120.66030146279819,
            23.802640615155124
          ],
          [
            120.6604238072737,
            23.802751672592567
          ],
          [
            120.66055385556639,
            23.80285111301405
          ],
          [
            120.6606821543782,
            23.80294937200582
          ],
          [
            120.66088428962004,
            23.80308771892555
          ],
          [
            120.66109047745577,
            23.803212437827877
          ],
          [
            120.66138526357904,
            23.803364626044896
          ],
          [
            120.66165017663319,
            23.8035040732011
          ],
          [
            120.66177770652189,
            23.803575803948146
          ],
          [
            120.6618781080089,
            23.803638836424653
          ],
          [
            120.66197169498953,
            23.803706360630645
          ],
          [
            120.6620748786559,
            23.80378390438854
          ],
          [
            120.66220557819557,
            23.803895767012705
          ],
          [
            120.66236372421032,
            23.804044184938586
          ],
          [
            120.66261641496607,
            23.804273876335394
          ],
          [
            120.66293908901037,
            23.804571944138154
          ],
          [
            120.66329743211081,
            23.804889920146472
          ],
          [
            120.66358029439162,
            23.805152734452637
          ],
          [
            120.6637858695885,
            23.80534196113729
          ],
          [
            120.66446615163083,
            23.805961563128903
          ],
          [
            120.66496556074544,
            23.806423823304247
          ],
          [
            120.66546525848554,
            23.806880147271002
          ],
          [
            120.66568163475675,
            23.807074707933975
          ],
          [
            120.66592485277683,
            23.807282926055002
          ],
          [
            120.66619184214781,
            23.80749433756828
          ],
          [
            120.66650896794674,
            23.80773963802452
          ],
          [
            120.66709658379386,
            23.80819835994
          ],
          [
            120.66754742845868,
            23.808549513000674
          ],
          [
            120.66795608571245,
            23.808864096670046
          ],
          [
            120.66840686164426,
            23.809214760381263
          ],
          [
            120.66896079021846,
            23.809649922881817
          ],
          [
            120.66943095368994,
            23.810008824185232
          ],
          [
            120.67015979769222,
            23.810578592651645
          ],
          [
            120.67104451404663,
            23.811258261063216
          ],
          [
            120.67154276927205,
            23.81165070521102
          ],
          [
            120.6717227243964,
            23.81179015830601
          ],
          [
            120.67208490344177,
            23.81207082316253
          ],
          [
            120.67242473356954,
            23.812336558767573
          ],
          [
            120.67288004230711,
            23.812690359617825
          ],
          [
            120.67313339916039,
            23.812887982539117
          ],
          [
            120.67328335091803,
            23.81300494497995
          ],
          [
            120.67330450267434,
            23.813021279357987
          ],
          [
            120.67371109488016,
            23.81333526195948
          ],
          [
            120.67408977604454,
            23.813629660506383
          ],
          [
            120.67450591359938,
            23.813948464989924
          ],
          [
            120.6749459174606,
            23.814285450288956
          ],
          [
            120.67546799196751,
            23.81469636161929
          ],
          [
            120.67548694472794,
            23.814711143382056
          ],
          [
            120.67550721110274,
            23.81472694826205
          ],
          [
            120.67554459943676,
            23.8147561061572
          ],
          [
            120.67568275558651,
            23.814863850131125
          ],
          [
            120.67571910858864,
            23.81489220035806
          ],
          [
            120.67572123231015,
            23.814893855451956
          ],
          [
            120.67577958574734,
            23.814939310824258
          ],
          [
            120.67581130398973,
            23.81496382359772
          ],
          [
            120.67615536705378,
            23.81523097577038
          ],
          [
            120.67657625884273,
            23.815561820356738
          ],
          [
            120.67705693302894,
            23.815931836110384
          ],
          [
            120.67747821741598,
            23.8162581633155
          ],
          [
            120.67818021912373,
            23.816804827523825
          ],
          [
            120.67835041613931,
            23.816937361089902
          ],
          [
            120.67885021081918,
            23.81732900838176
          ],
          [
            120.67918670625913,
            23.817596166051054
          ],
          [
            120.67954906994139,
            23.81790548221657
          ],
          [
            120.67996341374315,
            23.818263539356735
          ],
          [
            120.6808011453787,
            23.818984662448248
          ],
          [
            120.68160525235874,
            23.8196726087168
          ],
          [
            120.68231089810754,
            23.82029776317226
          ],
          [
            120.68305550670141,
            23.820931157338283
          ],
          [
            120.6830578476948,
            23.820933148682748
          ],
          [
            120.68315609247357,
            23.82101616191092
          ],
          [
            120.68386179520931,
            23.821636008972735
          ],
          [
            120.68447391591522,
            23.8221624749037
          ],
          [
            120.68497149611471,
            23.82259163522998
          ],
          [
            120.6850077677131,
            23.822622500587194
          ],
          [
            120.68540882321064,
            23.82296378396418
          ],
          [
            120.68572524356242,
            23.823247735858583
          ],
          [
            120.6858219154624,
            23.823333182204024
          ],
          [
            120.6858222778901,
            23.823333489952084
          ],
          [
            120.68592647364362,
            23.823420874887216
          ],
          [
            120.68647522976431,
            23.823907798228042
          ],
          [
            120.68689894849888,
            23.82429348670273
          ],
          [
            120.68728095504189,
            23.824637778574115
          ],
          [
            120.68770054914518,
            23.82500173104298
          ],
          [
            120.68819259023378,
            23.82542474764659
          ],
          [
            120.68861062870495,
            23.825796938607354
          ],
          [
            120.68907784586568,
            23.826210222423548
          ],
          [
            120.68949163904145,
            23.826586610274923
          ],
          [
            120.68989940234427,
            23.82693638341717
          ],
          [
            120.69024708697943,
            23.827244453058626
          ],
          [
            120.69056804337211,
            23.82753671146244
          ],
          [
            120.6908946023601,
            23.82782220816369
          ],
          [
            120.69121429595144,
            23.82811008329203
          ],
          [
            120.69146350906107,
            23.8283377241266
          ],
          [
            120.69159293412505,
            23.828447964730294
          ],
          [
            120.6916441576049,
            23.828491590304306
          ],
          [
            120.69196120101981,
            23.82876835206568
          ],
          [
            120.69222383547957,
            23.82899990125709
          ],
          [
            120.69242643868527,
            23.829172592106087
          ],
          [
            120.6927821871893,
            23.829483570659235
          ],
          [
            120.69318747789923,
            23.829848861261794
          ],
          [
            120.6936970217341,
            23.830303526170916
          ],
          [
            120.69419675191392,
            23.83075035924922
          ],
          [
            120.69462036573587,
            23.831120423024533
          ],
          [
            120.6948183786993,
            23.83128593206889
          ],
          [
            120.69514564477613,
            23.831583475816245
          ],
          [
            120.69548073733469,
            23.8318719143448
          ],
          [
            120.69549437260486,
            23.83188417650933
          ],
          [
            120.69565695776463,
            23.83203037222286
          ],
          [
            120.69588001879247,
            23.83222756938838
          ],
          [
            120.6959106405365,
            23.83225468274778
          ],
          [
            120.69599071163778,
            23.83232558829814
          ],
          [
            120.69606682530001,
            23.832392991514478
          ],
          [
            120.6961681242147,
            23.832482684460775
          ],
          [
            120.69627305490357,
            23.832572510912275
          ],
          [
            120.6963879039652,
            23.832664839992944
          ],
          [
            120.6964890786124,
            23.83274062676323
          ],
          [
            120.6966114137375,
            23.832826198151146
          ],
          [
            120.69676009383869,
            23.832920896108874
          ],
          [
            120.69687406112266,
            23.832987443332595
          ],
          [
            120.69697514746352,
            23.833042316852392
          ],
          [
            120.6970720361146,
            23.833091448204488
          ],
          [
            120.69717627455879,
            23.833141677497924
          ],
          [
            120.69731428810094,
            23.833205562729557
          ],
          [
            120.69743138963871,
            23.833258390570887
          ],
          [
            120.69773059582496,
            23.833393519959827
          ],
          [
            120.69822590209614,
            23.833616720123455
          ],
          [
            120.69861115767999,
            23.83379039243018
          ],
          [
            120.69876032363501,
            23.833854343327317
          ],
          [
            120.69899052363415,
            23.833938958771895
          ],
          [
            120.69916940049517,
            23.833991454439534
          ],
          [
            120.69926243495027,
            23.834014165059127
          ],
          [
            120.6995298625567,
            23.834062950288104
          ],
          [
            120.69974394111605,
            23.834085399894956
          ],
          [
            120.69986641311708,
            23.834091643160527
          ],
          [
            120.69997961863805,
            23.83409362433866
          ],
          [
            120.70015140038915,
            23.834094283673746
          ],
          [
            120.70040622003087,
            23.834093740754707
          ],
          [
            120.7006902040588,
            23.834092983158577
          ],
          [
            120.7009836201614,
            23.834092785118322
          ],
          [
            120.70120684090178,
            23.83409250464183
          ],
          [
            120.70132006127568,
            23.834092299679444
          ],
          [
            120.70141214730648,
            23.834092134962344
          ],
          [
            120.70321045424626,
            23.834111373619187
          ],
          [
            120.703389120985,
            23.834134972630693
          ],
          [
            120.70362105453785,
            23.834194007402907
          ],
          [
            120.70378907752156,
            23.834244564757203
          ],
          [
            120.70403457950673,
            23.834290692645098
          ],
          [
            120.70479675999003,
            23.834513617585355
          ],
          [
            120.70561707491322,
            23.834736957885966
          ],
          [
            120.70615840913587,
            23.834824440805328
          ],
          [
            120.70647836292339,
            23.834907083854674
          ],
          [
            120.70664046160832,
            23.8349438767734
          ],
          [
            120.7068435815751,
            23.83497549414449
          ],
          [
            120.70699706868629,
            23.83498948570316
          ],
          [
            120.7071350377108,
            23.83499496050277
          ],
          [
            120.70732033690138,
            23.834992628274914
          ],
          [
            120.70748204198696,
            23.834982945401762
          ],
          [
            120.70760340004394,
            23.834967584688876
          ],
          [
            120.70782869591457,
            23.834936917111094
          ],
          [
            120.7079547794582,
            23.83491159791525
          ],
          [
            120.70809261916219,
            23.83486784411713
          ],
          [
            120.7084120891787,
            23.83475643873045
          ],
          [
            120.70891850448362,
            23.834487822143643
          ],
          [
            120.71123080273283,
            23.83322452502141
          ],
          [
            120.71185866911023,
            23.83288138708187
          ],
          [
            120.71232492850763,
            23.83264059048922
          ],
          [
            120.71249429625622,
            23.83257173932368
          ],
          [
            120.71273480446064,
            23.832505846081837
          ],
          [
            120.71291683575545,
            23.832472860494597
          ],
          [
            120.71307668582088,
            23.832461742757694
          ],
          [
            120.7131885097306,
            23.832458487485795
          ],
          [
            120.71332887474185,
            23.832464446600444
          ],
          [
            120.71342913427569,
            23.832473861124107
          ],
          [
            120.71349896005167,
            23.832483275647775
          ],
          [
            120.71369052085623,
            23.832519600905137
          ],
          [
            120.7138045615113,
            23.832551682875657
          ],
          [
            120.71392063108499,
            23.832591188494106
          ],
          [
            120.71403999346697,
            23.83264156806339
          ],
          [
            120.71416747151802,
            23.832703083096767
          ],
          [
            120.71480537675762,
            23.83300392870394
          ],
          [
            120.7162377903432,
            23.833688195225502
          ],
          [
            120.71748310765507,
            23.83427951476604
          ],
          [
            120.71777047700476,
            23.834391561474146
          ],
          [
            120.71861738559771,
            23.834685115388254
          ],
          [
            120.7194417136042,
            23.83496981721793
          ],
          [
            120.7228521313909,
            23.836149089051688
          ],
          [
            120.72361235843317,
            23.836323669235668
          ],
          [
            120.72399049954555,
            23.836354597624894
          ],
          [
            120.72451927951157,
            23.83643763141746
          ],
          [
            120.72595114361968,
            23.83666062685236
          ],
          [
            120.72737516823732,
            23.83698670666191
          ],
          [
            120.72838240826434,
            23.837214042747508
          ],
          [
            120.72879324242469,
            23.837273701951162
          ],
          [
            120.72945712891678,
            23.837312786368386
          ],
          [
            120.7302943685387,
            23.837341923187505
          ],
          [
            120.73074672865957,
            23.837369350824744
          ],
          [
            120.73132868414635,
            23.837381263380035
          ],
          [
            120.73186902232804,
            23.837399520467592
          ],
          [
            120.73200670602961,
            23.83739590903927
          ],
          [
            120.73215826216767,
            23.8373827808132
          ],
          [
            120.73236357399163,
            23.83734586059082
          ],
          [
            120.73252033229224,
            23.837305768101338
          ],
          [
            120.73267969167404,
            23.837249021206542
          ],
          [
            120.73281477429428,
            23.837189102042487
          ],
          [
            120.73338666500717,
            23.836878927384777
          ],
          [
            120.73399090037871,
            23.83654566501189
          ],
          [
            120.73479975417357,
            23.83613309546842
          ],
          [
            120.7355496501199,
            23.835752248768465
          ],
          [
            120.7359182819828,
            23.835565285807107
          ],
          [
            120.73603190401545,
            23.835507831615256
          ],
          [
            120.73617253779804,
            23.835457857651285
          ],
          [
            120.73633942931566,
            23.835407883687317
          ],
          [
            120.73645680778463,
            23.835378729076645
          ],
          [
            120.7366171451755,
            23.835351360601017
          ],
          [
            120.73683215755726,
            23.835335602004285
          ],
          [
            120.73715456724116,
            23.8353252018132
          ],
          [
            120.73852709784175,
            23.83529252512846
          ],
          [
            120.73988585199697,
            23.835250397344687
          ],
          [
            120.74050656502985,
            23.835233323620606
          ],
          [
            120.74121682495304,
            23.835222550631762
          ],
          [
            120.74193483412395,
            23.835216503189535
          ],
          [
            120.74226800787537,
            23.83524498314314
          ],
          [
            120.74256674051807,
            23.835289214931638
          ],
          [
            120.74281502236029,
            23.835338905633442
          ],
          [
            120.74312529820219,
            23.835423250345976
          ],
          [
            120.74362375255072,
            23.835591362192602
          ],
          [
            120.74414088498527,
            23.835770864045422
          ],
          [
            120.74459259865708,
            23.835916876249645
          ],
          [
            120.74515436900413,
            23.83611186282856
          ],
          [
            120.7453926449087,
            23.836197059873093
          ],
          [
            120.74568113690671,
            23.836282256917624
          ],
          [
            120.74597153278579,
            23.836337796103635
          ],
          [
            120.74629261627973,
            23.836363989308673
          ],
          [
            120.74652093935947,
            23.83636340918701
          ],
          [
            120.74669485287954,
            23.836347112663027
          ],
          [
            120.74694465341841,
            23.83630855122923
          ],
          [
            120.74710678128142,
            23.836269624999737
          ],
          [
            120.74722309056679,
            23.836230698770244
          ],
          [
            120.74814472092265,
            23.835905056506753
          ],
          [
            120.74864250751861,
            23.8357186408577
          ],
          [
            120.74882984253952,
            23.835647644209928
          ],
          [
            120.74930329044582,
            23.835496349742314
          ],
          [
            120.75003729966149,
            23.83524612254399
          ],
          [
            120.75036068574377,
            23.835125810523984
          ],
          [
            120.75064455595319,
            23.834963433038048
          ],
          [
            120.75075845520307,
            23.834885702865915
          ],
          [
            120.75113209361706,
            23.83463243956254
          ],
          [
            120.7515074951921,
            23.834382514819175
          ],
          [
            120.75190949171702,
            23.834128167011258
          ],
          [
            120.75216021663981,
            23.834042344941338
          ],
          [
            120.75235654280536,
            23.83399080171911
          ],
          [
            120.75359935095742,
            23.833759749740572
          ],
          [
            120.75387308011076,
            23.833708618529357
          ],
          [
            120.75420954797397,
            23.833652497014818
          ],
          [
            120.7547788284388,
            23.83351530245581
          ],
          [
            120.7550786783685,
            23.83338152724172
          ],
          [
            120.75583912864822,
            23.832918927820455
          ],
          [
            120.75661916959331,
            23.832439798243783
          ],
          [
            120.7569714461614,
            23.832196812740385
          ],
          [
            120.75734474251651,
            23.83185768978342
          ],
          [
            120.75804509169487,
            23.831187134634277
          ],
          [
            120.75839938267109,
            23.830865750325405
          ],
          [
            120.75861450871687,
            23.83071369917871
          ],
          [
            120.75883286585,
            23.830603263446562
          ],
          [
            120.75897626186469,
            23.830547709550267
          ],
          [
            120.75909123972323,
            23.830507752862346
          ],
          [
            120.75922119494633,
            23.83047217732985
          ],
          [
            120.75939661921575,
            23.830434002260922
          ],
          [
            120.75957247549206,
            23.830404435537595
          ],
          [
            120.7598922175361,
            23.83032551173121
          ],
          [
            120.76013056089417,
            23.830235431121984
          ],
          [
            120.76037269072027,
            23.830124568560723
          ],
          [
            120.76086688651435,
            23.829755946406273
          ],
          [
            120.76119948277992,
            23.829342113600788
          ],
          [
            120.76132950423,
            23.829094387158325
          ],
          [
            120.76147681894474,
            23.828635260226243
          ],
          [
            120.76151924937929,
            23.828250677877254
          ],
          [
            120.76136647237392,
            23.8268993339346
          ],
          [
            120.76136051751357,
            23.82678151557791
          ],
          [
            120.7613633499285,
            23.826639582189642
          ],
          [
            120.76138617677553,
            23.8264829382653
          ],
          [
            120.76141559407742,
            23.82634036147488
          ],
          [
            120.76145105263163,
            23.82622642144637
          ],
          [
            120.76149749527862,
            23.82610243344576
          ],
          [
            120.76161229058218,
            23.82586747752866
          ],
          [
            120.76182313304338,
            23.825639843426895
          ],
          [
            120.76297443725709,
            23.82468368526093
          ],
          [
            120.76377419939837,
            23.824117742608653
          ],
          [
            120.76406818610926,
            23.82404398447897
          ],
          [
            120.76439418853944,
            23.824021479764987
          ],
          [
            120.76470418310998,
            23.824028262702523
          ],
          [
            120.76501417768051,
            23.824078977145504
          ],
          [
            120.76531775390065,
            23.824123841576956
          ],
          [
            120.7656133261903,
            23.824214145558276
          ],
          [
            120.76662124823424,
            23.82456868261336
          ],
          [
            120.76743560647094,
            23.824838549697436
          ],
          [
            120.76767052774976,
            23.82496312081203
          ],
          [
            120.76790456586352,
            23.82508607611532
          ],
          [
            120.76805239552684,
            23.82521482642586
          ],
          [
            120.76817234741844,
            23.825346507964916
          ],
          [
            120.76843857461839,
            23.825690501096837
          ],
          [
            120.76866091922739,
            23.82606214776361
          ],
          [
            120.7687506378199,
            23.82617348401117
          ],
          [
            120.7688364557371,
            23.826254490209408
          ],
          [
            120.76897463229568,
            23.826364681635244
          ],
          [
            120.76911865986582,
            23.826465952471075
          ],
          [
            120.76921407770196,
            23.82652640052298
          ],
          [
            120.76931144587422,
            23.82657971211193
          ],
          [
            120.76949838087094,
            23.826669386193412
          ],
          [
            120.76998573309959,
            23.82688702422017
          ],
          [
            120.77072178240303,
            23.82716819654624
          ],
          [
            120.77144370538531,
            23.82748013628933
          ],
          [
            120.77163470285464,
            23.827562561345893
          ],
          [
            120.77199720381253,
            23.827695308149384
          ],
          [
            120.77208950587678,
            23.827727411503645
          ],
          [
            120.7722278804836,
            23.827744943228943
          ],
          [
            120.7723436036864,
            23.82775063455911
          ],
          [
            120.77249556706823,
            23.827753079731878
          ],
          [
            120.77268673440358,
            23.827747248973044
          ],
          [
            120.77286885467022,
            23.82771107312832
          ],
          [
            120.77303438865314,
            23.827665242027017
          ],
          [
            120.7735197122511,
            23.82747898602913
          ],
          [
            120.77414494132233,
            23.82718372959294
          ],
          [
            120.77449308714868,
            23.82703327506206
          ],
          [
            120.77463573779377,
            23.82698859557776
          ],
          [
            120.77481289600004,
            23.826941248646946
          ],
          [
            120.77504771585947,
            23.826893583923322
          ],
          [
            120.77521983059623,
            23.826866521546705
          ],
          [
            120.77545477936391,
            23.826840733740582
          ],
          [
            120.7756285848321,
            23.826832988543533
          ],
          [
            120.77629571882458,
            23.826772391621695
          ],
          [
            120.77995288575028,
            23.826492002248134
          ],
          [
            120.78184161440475,
            23.826347130441548
          ],
          [
            120.78274461205226,
            23.826283103685796
          ],
          [
            120.78384984680355,
            23.82626252422753
          ],
          [
            120.78496130246499,
            23.826318069302054
          ],
          [
            120.78562270761526,
            23.82632974499973
          ],
          [
            120.78607473483927,
            23.82629101714106
          ],
          [
            120.7907971814287,
            23.826521023053584
          ],
          [
            120.79395013822715,
            23.826653445546235
          ],
          [
            120.7964322672945,
            23.826809707165594
          ],
          [
            120.79668177058585,
            23.826829092428262
          ],
          [
            120.79680576786645,
            23.826841010499344
          ],
          [
            120.79688505529063,
            23.826837843425544
          ],
          [
            120.7969730844121,
            23.826827236696623
          ],
          [
            120.79707351057743,
            23.826826348110394
          ],
          [
            120.79717804881946,
            23.82681936855503
          ],
          [
            120.79729351884079,
            23.826769824386368
          ],
          [
            120.7974336942093,
            23.826765479685474
          ],
          [
            120.79804397576842,
            23.82678604868901
          ],
          [
            120.79872013825496,
            23.82676895146946
          ],
          [
            120.7992254220868,
            23.826783870545746
          ],
          [
            120.80001893497553,
            23.826670724442252
          ],
          [
            120.80368502643901,
            23.82544113384963
          ],
          [
            120.80815435306091,
            23.82345430903724
          ],
          [
            120.81092089760415,
            23.822204017934304
          ],
          [
            120.81172273449292,
            23.821929441210706
          ],
          [
            120.81243207029468,
            23.821860371243798
          ],
          [
            120.8151024990878,
            23.822049243336252
          ],
          [
            120.81828603660426,
            23.822644923486784
          ],
          [
            120.82157219586543,
            23.823350127364687
          ],
          [
            120.82540567110142,
            23.82421179429508
          ],
          [
            120.8270405039921,
            23.824366210781207
          ],
          [
            120.82759497937442,
            23.824438510128296
          ],
          [
            120.82811905969481,
            23.824464842030498
          ],
          [
            120.82890574910104,
            23.824429556150335
          ],
          [
            120.8293377890524,
            23.824381485250186
          ],
          [
            120.82975356212658,
            23.82430365286052
          ],
          [
            120.83057600716768,
            23.824002609040605
          ],
          [
            120.83108483096038,
            23.823710719582238
          ],
          [
            120.83180498633129,
            23.82341254273445
          ],
          [
            120.83261939403367,
            23.823256379377078
          ],
          [
            120.83388101475217,
            23.82309261074858
          ],
          [
            120.83553648889556,
            23.822887912767467
          ],
          [
            120.83688893681824,
            23.822746197869947
          ],
          [
            120.83759168275209,
            23.822588918974937
          ],
          [
            120.83857529521637,
            23.822240058976153
          ],
          [
            120.83928413209858,
            23.82193725020292
          ],
          [
            120.8400273549303,
            23.8214854370992
          ],
          [
            120.84083978791384,
            23.820662300126592
          ],
          [
            120.84172994573407,
            23.81988664207558
          ],
          [
            120.84231967893655,
            23.819496744830342
          ],
          [
            120.84356968103961,
            23.818952058299885
          ],
          [
            120.84385987152399,
            23.818822100223905
          ],
          [
            120.84454428324857,
            23.81862301410766
          ],
          [
            120.84524317326671,
            23.818473597293846
          ],
          [
            120.84659003144222,
            23.818176646804226
          ],
          [
            120.847780000446,
            23.818055353500522
          ],
          [
            120.84812814286515,
            23.81802188881037
          ],
          [
            120.84873455524385,
            23.817862968966907
          ],
          [
            120.84943744919694,
            23.817664437153887
          ],
          [
            120.85011291625261,
            23.817461723491675
          ],
          [
            120.85060881704425,
            23.817429657492184
          ],
          [
            120.85098018848134,
            23.817457533975023
          ],
          [
            120.8512122321257,
            23.81751444089365
          ],
          [
            120.85141098486339,
            23.817575320298033
          ],
          [
            120.8518885821257,
            23.817857037658946
          ],
          [
            120.85236617938799,
            23.81812499071482
          ],
          [
            120.85334328629386,
            23.81867142192843
          ],
          [
            120.85350467426994,
            23.818765211789504
          ],
          [
            120.85491073300066,
            23.819766368957445
          ],
          [
            120.85563611240968,
            23.82042948650895
          ],
          [
            120.85618355793186,
            23.8209478534819
          ],
          [
            120.8562891620995,
            23.821074698517677
          ],
          [
            120.85662541903122,
            23.82153988684393
          ],
          [
            120.85671155198183,
            23.821673216359976
          ],
          [
            120.85671907366887,
            23.821829255582767
          ],
          [
            120.85665212152648,
            23.82205720883455
          ],
          [
            120.85654793246762,
            23.82233815130766
          ],
          [
            120.85638460874469,
            23.822967144779675
          ],
          [
            120.85637906870097,
            23.823325282538455
          ],
          [
            120.85646729062447,
            23.82364253095148
          ],
          [
            120.85707185896462,
            23.82485076606116
          ],
          [
            120.85739897475827,
            23.82549750331552
          ],
          [
            120.85773380161625,
            23.826090160444473
          ],
          [
            120.85816222439226,
            23.826605179272107
          ],
          [
            120.85862767428722,
            23.82699889958667
          ],
          [
            120.85896279060833,
            23.827205266250264
          ],
          [
            120.85921409773462,
            23.82731360896699
          ],
          [
            120.85950683867773,
            23.827372678690992
          ],
          [
            120.85973892592895,
            23.82738522527799
          ],
          [
            120.86007704675976,
            23.82735564876576
          ],
          [
            120.86044759771524,
            23.827279598994465
          ],
          [
            120.86075819108629,
            23.82723570105362
          ],
          [
            120.86106687281409,
            23.827162046030274
          ],
          [
            120.86143781881815,
            23.82712105597644
          ],
          [
            120.86197343362775,
            23.827228288134158
          ],
          [
            120.86229238046268,
            23.827390084582184
          ],
          [
            120.86249500277694,
            23.827536768088443
          ],
          [
            120.86268164401565,
            23.827718537073444
          ],
          [
            120.86279769525872,
            23.82791257660609
          ],
          [
            120.8633767967629,
            23.82948154076213
          ],
          [
            120.86365879578268,
            23.829902869379815
          ],
          [
            120.86404581870687,
            23.830393561094944
          ],
          [
            120.86447915589966,
            23.8308355300428
          ],
          [
            120.867393,
            23.833916
          ]
        ]
      }
    }
  ]
}