{"type": "FeatureCollection", "features": [{"type": "Feature", "properties": {"track_id": "SP-N-ZN-C-1", "source_tracks": ["WL-SL-ZN-1", "WL-C-ZN-CH-1"], "point_count": 4276, "generated_by": "build_special_tracks.py", "track_type": "v-shaped"}, "geometry": {"type": "LineString", "coordinates": [[121.424411, 24.991235], [121.42461965633458, 24.99164545931918], [121.42353391903676, 24.989507137727017], [121.42305286235802, 24.988630609424206], [121.42292762926293, 24.988420950536096], [121.42290684010479, 24.98838709955762], [121.42282970020624, 24.98826150123921], [121.42277433577401, 24.988180070352936], [121.42271489147787, 24.988090308941647], [121.42266084949601, 24.9880102916866], [121.42260252217808, 24.987931378996723], [121.42255479955038, 24.98787435673404], [121.4223962952176, 24.987682216329905], [121.4223503501348, 24.987632230978747], [121.42225748802323, 24.987537679932977], [121.42216449688911, 24.987440113760695], [121.42200130717059, 24.987285354087593], [121.42194378646708, 24.987236484818265], [121.42184806476145, 24.98715138515236], [121.42175180630925, 24.98707151429463], [121.42160829855648, 24.986968574661308], [121.42152607345741, 24.986910990733534], [121.42143258125209, 24.986843381206207], [121.42129087970483, 24.986755811237252], [121.42115636309428, 24.986680797136916], [121.42107547574638, 24.98663778074902], [121.42096789178426, 24.986579925180866], [121.42075129261782, 24.986474347540124], [121.420249231614, 24.98622238852237], [121.41888878892576, 24.985553574680324], [121.41754144076069, 24.984883203737628], [121.41719918486679, 24.984712572706357], [121.41643973407803, 24.984333924324815], [121.41503431515076, 24.983630495904123], [121.41445455659267, 24.983339216999006], [121.41380687226558, 24.98301314019311], [121.41270640342262, 24.9824746360456], [121.41203028038541, 24.982139692260287], [121.4109940666849, 24.98161737459941], [121.41093220386526, 24.98158618124992], [121.41073929339548, 24.98148894675043], [121.41058526120977, 24.98140066009565], [121.41032465441158, 24.981251274978607], [121.40998482452152, 24.98105648785561], [121.4092173329208, 24.980650152524568], [121.40901198262861, 24.980543407077647], [121.40855556499288, 24.98031913467349], [121.40805888569339, 24.980068148270206], [121.40805548260914, 24.980066442230335], [121.4073460528402, 24.979709927364485], [121.40700180097323, 24.979526177936183], [121.40665132788541, 24.979320776867816], [121.40606833924446, 24.978950720028305], [121.40590057895123, 24.97883036138147], [121.4056424014534, 24.97863914237065], [121.40542281318574, 24.97847771037998], [121.4051819480558, 24.97830371446109], [121.40498042196954, 24.978158700185286], [121.40477555902373, 24.978004801863317], [121.40456795889675, 24.97785575886795], [121.40438164823628, 24.97772286347714], [121.40407572902055, 24.97749080109368], [121.40375909940377, 24.9772574038453], [121.40356816151174, 24.977114354131757], [121.40328406774223, 24.97689809356521], [121.40311113612191, 24.97677270792424], [121.40281992132365, 24.976553089157584], [121.40263366657267, 24.976420976825846], [121.4024036443496, 24.976249754749396], [121.40218276115074, 24.976098703851967], [121.40193195659701, 24.975935608443276], [121.40158633110737, 24.975731879393383], [121.40129502398908, 24.975573803520344], [121.40106378561636, 24.97545716751425], [121.40089802423459, 24.975376061637004], [121.40069382714444, 24.975277959486725], [121.40045544808352, 24.975164230785833], [121.40020993382828, 24.975046133139557], [121.39988020412501, 24.97488939460929], [121.39969112191781, 24.974800089138427], [121.39947225901822, 24.974693140841225], [121.39927492622374, 24.974600588737914], [121.39897502809002, 24.97445806894253], [121.39867840657135, 24.974317841968375], [121.39839533953092, 24.974188159257785], [121.39823655241584, 24.974112575065476], [121.39797256955353, 24.973997357950978], [121.39777525682868, 24.973907277522652], [121.39770334120752, 24.973877062428294], [121.3971878709733, 24.973656911788158], [121.39669479619218, 24.97349523899952], [121.39632186288597, 24.973400821426946], [121.39620434706185, 24.973373661172467], [121.396115942639, 24.973353239719632], [121.39599521295767, 24.973333843138462], [121.39545172674306, 24.973246539788164], [121.39469207751316, 24.97313551257665], [121.39465467168469, 24.973130474648546], [121.3941520841615, 24.9730745577709], [121.39396250632507, 24.973051396433906], [121.39346558168943, 24.97296024293622], [121.39298553877055, 24.972848413596388], [121.3926894618972, 24.97275163525053], [121.39250031356258, 24.972679429301298], [121.39242863676324, 24.972652063940988], [121.39231156648687, 24.972602509290052], [121.39205416885564, 24.972493538874616], [121.39178470734227, 24.972349967274802], [121.39145005579229, 24.97215029332403], [121.39119228246044, 24.971975226343368], [121.39118489446035, 24.971969196807212], [121.39117750646095, 24.971963167270683], [121.39117010852931, 24.97195712873159], [121.39116272053136, 24.971951099194296], [121.39115533253411, 24.971945069656623], [121.39114794453761, 24.971939040118574], [121.39114055651326, 24.971933001551935], [121.39113316851817, 24.97192697201312], [121.39112579042819, 24.971920942447905], [121.39111840240602, 24.971914903880123], [121.39111101438455, 24.97190886531197], [121.39110363629675, 24.97190283574562], [121.39109625818111, 24.971896797150677], [121.39108887016181, 24.971890758581377], [121.39108149204759, 24.97188471998568], [121.39107411393411, 24.9718786813896], [121.39106674572575, 24.971872642767135], [121.39105936758517, 24.971866595142096], [121.39105198947385, 24.971860556544897], [121.3910446212391, 24.971854508893085], [121.39103725300507, 24.971848461240892], [121.39102988477177, 24.97184241358832], [121.39102251653918, 24.97183636593537], [121.3910151582117, 24.971830318256032], [121.39100778995201, 24.97182426157412], [121.39100044153034, 24.971818213868033], [121.39099308317648, 24.97181215715936], [121.3909857247948, 24.97180609142209], [121.39097837634677, 24.97180003468665], [121.39097102787092, 24.971793968922647], [121.39096367939577, 24.971787903158237], [121.39095634082577, 24.971781837367455], [121.39094900222791, 24.971775762548102], [121.39094166363078, 24.971769687728354], [121.39093433493878, 24.971763612882235], [121.39092700621893, 24.971757529007537], [121.3909196874042, 24.971751445106452], [121.39091236856166, 24.971745352176807], [121.39090504971985, 24.971739259246778], [121.3908977407831, 24.971733166290356], [121.3908904318186, 24.971727064305377], [121.39088313275916, 24.971720962294004], [121.39087584357631, 24.971714851228064], [121.39086855439417, 24.97170874016175], [121.3908612750886, 24.971702620040862], [121.39085399575521, 24.971696490891393], [121.39084672632696, 24.971690361715556], [121.39083945687086, 24.971684223511147], [121.39083220719574, 24.971678076226162], [121.39082495752132, 24.9716719289408], [121.3908177177235, 24.971665772600875], [121.39081048780221, 24.971659607206373], [121.39080326775752, 24.97165343275732], [121.39079604771356, 24.97164725830789], [121.390788847422, 24.9716410657497], [121.39078165703555, 24.971634873165137], [121.39077446659277, 24.971628662523813], [121.39076729595945, 24.971622451830136], [121.39076013517422, 24.97161622305369], [121.39075298426552, 24.971609985222692], [121.39074585313779, 24.971603738311135], [121.39073873188663, 24.97159748234502], [121.39073162048352, 24.971591208296143], [121.39072452886136, 24.971584925166738], [121.39071744711575, 24.97157863298277], [121.39071038509407, 24.971572313661856], [121.39070334288185, 24.971565994288607], [121.39069632039354, 24.971559647778413], [121.3906893077818, 24.97155329221368], [121.3906823149225, 24.971546918540206], [121.39067535171996, 24.971540526732014], [121.39066840824137, 24.971534107786876], [121.39066148454371, 24.971527679761223], [121.39065458056994, 24.97152122459865], [121.390647706253, 24.971514751301353], [121.39064085168847, 24.971508259895355], [121.39063403665658, 24.971501741300465], [121.3906272413486, 24.971495195568647], [121.39062047566888, 24.971488622673924], [121.39061373961749, 24.9714820226163], [121.39060906004048, 24.97147740338506], [121.39060238330241, 24.97147076705817], [121.39059573613561, 24.971464085512004], [121.39058912852995, 24.97145738580516], [121.39058254064821, 24.971450658961437], [121.39057598242326, 24.971443913983038], [121.39056944392222, 24.971437141867753], [121.39056293507795, 24.9714303516178], [121.3905564459576, 24.971423534230986], [121.39054998652256, 24.971416707737717], [121.39054353693555, 24.97140986316175], [121.39053710707248, 24.971402991448933], [121.39053069699033, 24.97139611065564], [121.3905243066891, 24.971389220781887], [121.39051792623593, 24.971382312825472], [121.39051156556366, 24.971375395788584], [121.390505214768, 24.971368469697243], [121.39049887382036, 24.971361525523225], [121.3904925427778, 24.97135458132294], [121.39048622158333, 24.97134761903998], [121.3904799102939, 24.971340656730764], [121.39047360888102, 24.971333685367075], [121.3904673074404, 24.971326704974903], [121.3904610159048, 24.971319724556462], [121.39045472436995, 24.97131274413776], [121.39044844271163, 24.9713057546646], [121.39044216102553, 24.971298756162934], [121.39043587936867, 24.97129176668919], [121.39042960761682, 24.971284777189222], [121.39042332593286, 24.97127777868672], [121.39041705418245, 24.971270789186175], [121.39041077249993, 24.97126379068312], [121.39040448097076, 24.971256810262172], [121.39039819931814, 24.97124982078675], [121.39039190779037, 24.97124284036523], [121.39038560635902, 24.97123585996942], [121.39037930495682, 24.971228888601512], [121.3903729936795, 24.971221926287505], [121.39036667249854, 24.971214963999184], [121.39036034147097, 24.971208019792957], [121.39035400053973, 24.971201075612402], [121.39034764976188, 24.971194149513963], [121.39034128910886, 24.971187232469415], [121.39024369200791, 24.97106196810368], [121.38988389424644, 24.97070359409693], [121.38984263792555, 24.97063299261373], [121.3897559452072, 24.970541907523188], [121.38963435832726, 24.970425273374108], [121.38946035564744, 24.970263887610304], [121.38937452583075, 24.970182460294545], [121.38929729435446, 24.970110878360575], [121.3891165874212, 24.969968414935774], [121.38878155454596, 24.96972592369122], [121.38865162992006, 24.96964080113891], [121.3884139525566, 24.96949441377718], [121.38814525262471, 24.969337616033357], [121.38765259353276, 24.969065513958185], [121.38736325910955, 24.96889735674171], [121.38718549108845, 24.968797081479693], [121.3867872859999, 24.96856719990619], [121.38659266162242, 24.968460476369767], [121.38622811999821, 24.96823596797977], [121.38606940399421, 24.968133935592824], [121.38590862406095, 24.968030581223502], [121.38575147657866, 24.967929555593116], [121.38549323710866, 24.967758416028342], [121.3852825776055, 24.96762537868], [121.38459837852083, 24.96718518554651], [121.38413397115636, 24.966880821794188], [121.38364354659628, 24.96656318880451], [121.38306354108148, 24.966184274872816], [121.38305888671296, 24.966181244311166], [121.38305550262072, 24.96617904108466], [121.38286538838848, 24.9660553006986], [121.38270584713547, 24.965950431881883], [121.38253822089435, 24.965841195909213], [121.38238148185475, 24.965739154422472], [121.38220831896388, 24.96562321523617], [121.38206179260973, 24.965521544436978], [121.38192400275274, 24.9654201851303], [121.3817587385834, 24.965299250559273], [121.38131436519026, 24.964957647923], [121.38069274446141, 24.96448092824416], [121.3802322792912, 24.96414450955182], [121.37977553328653, 24.963818661077948], [121.37936651686326, 24.963525353971548], [121.37883748212796, 24.963149164318253], [121.37824210627701, 24.962724668301327], [121.37776732951453, 24.96240316580187], [121.3773475488429, 24.962126609754314], [121.37682151369009, 24.96178182364938], [121.37635256003401, 24.961480642564922], [121.37607749604551, 24.9613013942908], [121.37574801543104, 24.96109377141318], [121.3753146392778, 24.96080845023546], [121.37483435318084, 24.96049739779803], [121.37444287155974, 24.960240985553778], [121.37402935684995, 24.95996840372383], [121.37368395632895, 24.959750271095075], [121.37340114649514, 24.959568039801514], [121.37322172549447, 24.959453324423293], [121.37299933266048, 24.959321860596262], [121.37282725885936, 24.95922295295661], [121.37272357043814, 24.959164068025075], [121.37258192376832, 24.95908598448355], [121.37243383926257, 24.959007646053802], [121.37218732985335, 24.958881667307494], [121.37197406123407, 24.958780207276497], [121.37176662713759, 24.958685693199186], [121.37083029666937, 24.958298717595877], [121.37049889524054, 24.958161752242102], [121.37004458822054, 24.957973296118894], [121.36956832465728, 24.957777480828792], [121.36910057873109, 24.957588062020367], [121.36873271705124, 24.9574378121032], [121.36839265626581, 24.95729801049479], [121.36800420511914, 24.95713702987202], [121.3676867808196, 24.957009187389232], [121.36739195310096, 24.95689021749155], [121.36720142227983, 24.956816294006366], [121.3670144133983, 24.956747751500775], [121.36685938268083, 24.956692672473807], [121.3666412741541, 24.95661952039277], [121.36645135234909, 24.956563696211454], [121.36632750566937, 24.956528086206905], [121.3661926383335, 24.95649301780674], [121.36595346512817, 24.95643621260539], [121.3657399739934, 24.956390385590776], [121.36560322415646, 24.956364972545995], [121.36536375004502, 24.9563268376895], [121.36512744315243, 24.956294752683323], [121.3649584785978, 24.956276162160947], [121.36478327056427, 24.95625941045671], [121.3646348666317, 24.95624801895114], [121.36449861456337, 24.95624018180357], [121.36431441944144, 24.956235206407698], [121.36418722222348, 24.956231842930233], [121.36404117588094, 24.956230737350147], [121.3639015275131, 24.95623316412525], [121.36375266209845, 24.95623657027995], [121.36362891875197, 24.95624251511504], [121.36349268538328, 24.956251144652935], [121.36336000178159, 24.956261282164483], [121.3632300370565, 24.956273263733156], [121.36309177063748, 24.95628768501448], [121.36296628007624, 24.95630234588587], [121.36285695430146, 24.956317933304565], [121.36274257707375, 24.956336638686516], [121.36263457682422, 24.956355111776258], [121.36250648664283, 24.956378265209448], [121.36239603735983, 24.95639914561967], [121.36228672318428, 24.956422135813973], [121.36214167401218, 24.956453916112533], [121.36197247295573, 24.9564932394404], [121.36175065139868, 24.956544634847702], [121.36145935742718, 24.956616115000923], [121.3612272578736, 24.956668211696762], [121.36103861199861, 24.956712925887615], [121.3608876245378, 24.95674620000734], [121.36076198597243, 24.95676810009759], [121.3605938499287, 24.95679256770087], [121.36045314047169, 24.956811759406456], [121.36034709092228, 24.956823608364424], [121.360192430243, 24.95683348023599], [121.36009989700239, 24.956837956308952], [121.35996919471772, 24.956838425715247], [121.35987360002005, 24.956835632220727], [121.35975464064516, 24.956828462193297], [121.35963017893617, 24.956819219813916], [121.35951204919662, 24.956807858448983], [121.35938476525509, 24.95679185143598], [121.35924196381345, 24.956765923502903], [121.35913649566169, 24.956746080793767], [121.35896047793214, 24.95670280801548], [121.35884323805288, 24.956673811664135], [121.3587340905353, 24.95664527423157], [121.35865598936746, 24.956619993416666], [121.35856297359756, 24.956587769572252], [121.3584215413587, 24.95653180032883], [121.35827578290947, 24.956469467360808], [121.35818222211093, 24.956423359029156], [121.35805880689325, 24.95635460714956], [121.35805547404358, 24.956352755326943], [121.35805170472274, 24.956350651760456], [121.35786452749144, 24.956235620316498], [121.35784697776857, 24.956224936833006], [121.35774402073906, 24.95616224771109], [121.35760635132273, 24.956078416272543], [121.35670422001584, 24.95550228819325], [121.35592327336269, 24.95497832861635], [121.35431321970225, 24.953867511791234], [121.35382832387882, 24.9535374511221], [121.35344670405914, 24.953275009776974], [121.35314160281463, 24.95307038403833], [121.35282600098141, 24.952857250760303], [121.35280920306582, 24.952845959991812], [121.35240996314668, 24.952577571876045], [121.3523719323485, 24.952552003326257], [121.35199344284624, 24.952301693870126], [121.35178542139232, 24.952162128757482], [121.3515703360696, 24.952017822088173], [121.35150808666499, 24.95197606849921], [121.35137883161005, 24.951888022181215], [121.35113096114719, 24.951720110876767], [121.35089727654795, 24.95156419147506], [121.35072179817092, 24.95144553002943], [121.3505605352651, 24.95133546600743], [121.35039921665171, 24.951226611734317], [121.35025192099145, 24.95113885061253], [121.35014347417331, 24.951072034055034], [121.35004269328441, 24.951012584581193], [121.34994295210006, 24.95095657239048], [121.34985098670002, 24.95090827012482], [121.34976468816173, 24.95086431518199], [121.34965451766358, 24.950814647113535], [121.3495499551106, 24.950773010049648], [121.34943427573413, 24.950729268300247], [121.34934358899342, 24.95069881173322], [121.34925934908557, 24.950671888132028], [121.34915345385876, 24.950642189368466], [121.34905726855231, 24.950617821581012], [121.34894188351427, 24.95059056449393], [121.3488373418056, 24.95056672172269], [121.34872625971947, 24.950544772080924], [121.34860525945734, 24.950524380381275], [121.34847650516288, 24.950500404415198], [121.3482848729974, 24.950474616198704], [121.34811947118644, 24.95045508627904], [121.34793973661695, 24.950430795604195], [121.3477566539052, 24.950406124308877], [121.34759184307953, 24.950385400681988], [121.3474503601492, 24.950367096232497], [121.3472803106853, 24.95034278217161], [121.34711833507858, 24.950323080640448], [121.34697690987853, 24.95030412556529], [121.34685587305009, 24.950288174465946], [121.34673652183602, 24.95027297772507], [121.34662179536753, 24.950257824298287], [121.34653213627128, 24.950243894501202], [121.34643534875984, 24.95023052292657], [121.34635015112318, 24.950218442482125], [121.3462579070231, 24.950204356018986], [121.34615867022929, 24.950186241051725], [121.34605949897282, 24.950166762587045], [121.34597059604201, 24.950146971303948], [121.34587947508525, 24.950127239286992], [121.34578772874391, 24.950103409800736], [121.34570134342584, 24.950080867898237], [121.34564983064685, 24.950063625930394], [121.34558797233822, 24.95004385292396], [121.34553429775458, 24.95002552350175], [121.3454740086923, 24.9500073899653], [121.34541821847127, 24.949986772209293], [121.34536217931648, 24.94996565845069], [121.34521470295857, 24.94990363249859], [121.34492913450781, 24.949771044702306], [121.3446552394633, 24.94964111076274], [121.34432461728981, 24.94948090901431], [121.34398766990614, 24.949317777887444], [121.34371569594097, 24.94918711549319], [121.34346533509171, 24.949065358883296], [121.3432836266705, 24.948978139586295], [121.34311298176713, 24.948895210132104], [121.34292000678786, 24.94880162426707], [121.34275146693919, 24.948720576470645], [121.34258118943683, 24.948637753893358], [121.34242843525561, 24.9485640184968], [121.3422678699706, 24.948490968983133], [121.34216029678498, 24.948444070075613], [121.34207013138752, 24.948407522743317], [121.34197816439925, 24.948371205199614], [121.34187223171195, 24.948333782074215], [121.34187139907431, 24.94833348604955], [121.34186869303313, 24.948332535254693], [121.34177897264715, 24.948302884375792], [121.34170537761419, 24.948278216217517], [121.34162253773258, 24.948255058897065], [121.34155750962802, 24.948237972884847], [121.34145193567542, 24.948212050742608], [121.34136038726342, 24.948190953638527], [121.34125225109202, 24.94816952431023], [121.3411403531285, 24.948152112100228], [121.34103829812786, 24.948134605048807], [121.34091354949258, 24.948121826537065], [121.34079500576289, 24.948111173444833], [121.34068307815116, 24.948104540798575], [121.34058673519759, 24.948100761512226], [121.34046341920862, 24.948101187812544], [121.34036083966713, 24.948101756235754], [121.34023785345336, 24.948106876334045], [121.34011716448535, 24.948115548253625], [121.34001245910216, 24.948124508620158], [121.3398821183531, 24.948141598734438], [121.33976542444451, 24.948159081946436], [121.33965469347396, 24.94818075868117], [121.33954913773547, 24.948204662568475], [121.33949968221836, 24.948218435152985], [121.33940398703206, 24.94824507914122], [121.3392383836057, 24.948294985790707], [121.33913456874231, 24.948329078420507], [121.33912187547101, 24.948333386747468], [121.33912097517818, 24.948333695760333], [121.33903165717898, 24.948363981473612], [121.3389854478584, 24.94838073488267], [121.33887548845598, 24.948427562247993], [121.33877191948804, 24.94846836212565], [121.33868001820758, 24.948510056299998], [121.33859321578139, 24.948551404781522], [121.33850695070161, 24.94859372705287], [121.33842757746861, 24.948635925279582], [121.33834862258135, 24.948679034376767], [121.3382703378452, 24.94872460664836], [121.33815646651252, 24.948796893265904], [121.33805173919097, 24.9488670103036], [121.33800037308819, 24.948902942281087], [121.3378140369475, 24.949041787452114], [121.3375917178064, 24.94921472369775], [121.33740645829789, 24.94936743345545], [121.33729333915859, 24.949465421403776], [121.33719478256587, 24.949550962336666], [121.3370856359575, 24.949656913162833], [121.33699649224057, 24.949744500157422], [121.3369435352935, 24.94980380072025], [121.33689031407583, 24.949856980645727], [121.33682285838105, 24.949930470391376], [121.3367513649555, 24.950015868588206], [121.33669049363155, 24.950089063511893], [121.33663727768308, 24.950158837427683], [121.3365868161276, 24.950229155830275], [121.3365447447319, 24.95028584052281], [121.3364929304554, 24.950361299075585], [121.33645063526428, 24.950423121373266], [121.3364156261534, 24.950476792669956], [121.33637385552508, 24.95054947485613], [121.33633358521085, 24.950620366031522], [121.33628402247221, 24.950704540805386], [121.33623992829399, 24.95078225698418], [121.33620165274674, 24.95085843422888], [121.33615850194525, 24.95094444529965], [121.33611903161345, 24.951025581777657], [121.3360901598791, 24.95108578469635], [121.33605431926365, 24.95117619410248], [121.33600073744552, 24.95132310675914], [121.33597749834422, 24.951386231161425], [121.3359536699496, 24.95145116255687], [121.3359338456581, 24.951513683380377], [121.33591379783562, 24.951581423085877], [121.33588900379613, 24.951677368997558], [121.33585874732404, 24.95180034904261], [121.33583310808662, 24.95190965879223], [121.33581036520478, 24.95202436998318], [121.33579253136072, 24.9521234510755], [121.33578147068847, 24.95220777361865], [121.33576716198182, 24.95234327611199], [121.33576428136935, 24.952380217543272], [121.33576322084275, 24.952398141188272], [121.33576006855374, 24.952451758575226], [121.33575133134026, 24.952629672673442], [121.33574853780914, 24.95273159989481], [121.33574984358488, 24.95282237690489], [121.33575281473306, 24.952895508785396], [121.33576006366398, 24.953005042315382], [121.33577023893397, 24.953098137670352], [121.33577973242481, 24.953202745692227], [121.33578927149784, 24.953283988268378], [121.3358014428537, 24.953368168147644], [121.33581157343217, 24.953433808417863], [121.33582527309134, 24.95350821618575], [121.33584370839127, 24.953597952421994], [121.33586212742357, 24.953685332295024], [121.33587819542161, 24.953752972490005], [121.33589874939601, 24.953835165276473], [121.33593321359014, 24.953952519151564], [121.3359620872557, 24.95404968923331], [121.33598593154468, 24.954114513089475], [121.3360303358584, 24.954230851398947], [121.3360746558145, 24.954341619398836], [121.33613166271783, 24.95447827911176], [121.33618094588499, 24.954585975269058], [121.3362401946305, 24.954702045266647], [121.3363125907944, 24.954838489595915], [121.33648315073069, 24.9551183259221], [121.33666342678433, 24.955398275501853], [121.3367065595982, 24.955465439110515], [121.33675587836836, 24.955542203898197], [121.336811922584, 24.955626654631267], [121.33686059834746, 24.955699990068084], [121.33696318228752, 24.955858801192793], [121.33705591241724, 24.95599565957209], [121.3371540646649, 24.95614883787392], [121.33723908469688, 24.956279935447846], [121.33734958552222, 24.95645445571952], [121.33744507736944, 24.956597780898964], [121.33750553544247, 24.956691674017165], [121.33755269896206, 24.956765789073753], [121.33762075825044, 24.956868855759073], [121.33768799289665, 24.956974533468784], [121.33777121241312, 24.957102276257235], [121.33785702683929, 24.957237298974245], [121.33796247601501, 24.95739632856613], [121.33806295185181, 24.95755095451115], [121.3381827911876, 24.957735366028835], [121.33827897440342, 24.95788815978321], [121.33840927555151, 24.958106331360412], [121.33849962973841, 24.958264031559178], [121.33852325971233, 24.958311259224757], [121.33855788033343, 24.95837941666055], [121.33860594821759, 24.958483178339193], [121.33864761308624, 24.958577700519694], [121.33869400674723, 24.958699305953626], [121.33873656730762, 24.958813471715434], [121.33877478493086, 24.95893655830281], [121.33879764474402, 24.959027963289543], [121.33881878959991, 24.959122369578164], [121.33884343940845, 24.959238146973476], [121.33885907524625, 24.959327934253086], [121.33886936966319, 24.959405608636153], [121.33887934657336, 24.95949753044388], [121.33888702442152, 24.95960338819297], [121.33889396144421, 24.959717183527065], [121.33889671259472, 24.95983218915143], [121.3388959972651, 24.959900083813086], [121.33889369487225, 24.959974301915526], [121.33889098046923, 24.960053576818826], [121.3388821092051, 24.960148475710596], [121.33886819358557, 24.96025659452266], [121.3388602970083, 24.960316840468593], [121.33884648449639, 24.96039390159239], [121.33883446154198, 24.960469875243525], [121.33880988369187, 24.960583083194972], [121.33878716618418, 24.9606812727997], [121.33876655031355, 24.960758520926987], [121.33873958679487, 24.960850463549445], [121.33871536595935, 24.9609204791487], [121.33869159891725, 24.961000713778613], [121.33861111220475, 24.961228834981377], [121.33846618014695, 24.96161201064944], [121.33836417468052, 24.961884627063384], [121.33826974884033, 24.962144108026777], [121.33817349416593, 24.962408585741848], [121.33809349254037, 24.9626191815548], [121.33800682990487, 24.962853184831836], [121.33793624342763, 24.963055498265035], [121.33790171281984, 24.963151258812804], [121.33786846569862, 24.963260080426906], [121.33785273893706, 24.963314683305256], [121.33783484354744, 24.96338391698838], [121.3378063799802, 24.96349278190447], [121.33779559509857, 24.963543726122207], [121.33777866972821, 24.963620035803626], [121.3377685522741, 24.96367603436691], [121.33776070521674, 24.963725662810692], [121.33775128284181, 24.963796845438207], [121.33773611222176, 24.963917371867886], [121.33772628720091, 24.964047880526856], [121.33772113396095, 24.964173719972955], [121.33772207232984, 24.96425627284358], [121.33772476913025, 24.964355334530552], [121.33772924754477, 24.964450365543048], [121.33773621213102, 24.96454186986931], [121.33774587505744, 24.964616864298065], [121.33775701907788, 24.964708350113735], [121.33777137436405, 24.964800704390996], [121.33778778918301, 24.964885614655266], [121.33780556144701, 24.964967109131027], [121.33782115177569, 24.965029333083], [121.3378460314509, 24.96511673400843], [121.33786371423747, 24.965183566680302], [121.33788544200867, 24.965251915957957], [121.33790572270222, 24.965308974083168], [121.3379469254117, 24.965422177007483], [121.33797282948792, 24.965492954438798], [121.33800799048169, 24.965573380186854], [121.33802239987506, 24.96560566887415], [121.33804734244396, 24.96566161493879], [121.33808103173179, 24.965732591354396], [121.33808200796821, 24.965734656623834], [121.33812403347628, 24.965819030189227], [121.33813583152255, 24.965841637403646], [121.33815862113832, 24.965885291761023], [121.33820469910572, 24.965970251967672], [121.33826140724024, 24.96607082506535], [121.3383714681465, 24.96626177681068], [121.33846852207493, 24.966422567325754], [121.33854513589712, 24.966555010174275], [121.33862140475057, 24.966688004491722], [121.3387362613318, 24.966886546882833], [121.33881187126926, 24.967017475106985], [121.33887432267538, 24.96712812854313], [121.33892858629129, 24.967225348390294], [121.3389747894014, 24.967315842410205], [121.33902675960846, 24.9674254362367], [121.33907646774087, 24.967533563577682], [121.33911563538075, 24.96761908090826], [121.33914351955971, 24.967692787800036], [121.33917412163953, 24.967782450563202], [121.33920868762802, 24.967887362148037], [121.33923702643888, 24.96797512507569], [121.33926045735953, 24.968075385343827], [121.33928124005162, 24.968167020568075], [121.33930506176182, 24.968283350342656], [121.33931747850079, 24.968350817757084], [121.33933332160262, 24.96845421006848], [121.33934185524663, 24.968550324153778], [121.3393482182507, 24.968631402006253], [121.33935279455285, 24.968739930016273], [121.33935513498656, 24.968834920643484], [121.33935457688408, 24.96893476608215], [121.33935346163364, 24.96899036500443], [121.33935049280574, 24.969038203797588], [121.33934352965831, 24.96912471094942], [121.3393296452027, 24.969247988153683], [121.33931536296679, 24.969356243141398], [121.3392939549165, 24.969470048722762], [121.33926471724834, 24.969610866807802], [121.3392352396977, 24.96972924103582], [121.33921468866016, 24.969805270171342], [121.339178054533, 24.969914397636977], [121.339146359048, 24.970004157132777], [121.3391118758051, 24.97009224370353], [121.33907724460595, 24.9701733426857], [121.33903829249032, 24.970260735206562], [121.33899986461536, 24.97034428046035], [121.33894646504967, 24.970454520404544], [121.33891327445458, 24.97051924772982], [121.33887876988578, 24.970577965179565], [121.33882502607744, 24.970671079146612], [121.33876829708606, 24.970759162085677], [121.33871077783279, 24.970844420937667], [121.33864182953273, 24.97093719023609], [121.33854619791236, 24.971062296406032], [121.33840579229998, 24.97122154103636], [121.33809770478496, 24.9715261701786], [121.33761436302761, 24.97194969283123], [121.33702729274765, 24.972480533607506], [121.33647706573535, 24.972979770963498], [121.33623213725103, 24.97320292643556], [121.33608633823192, 24.973333046687305], [121.3360858046853, 24.973333526392434], [121.33578030354231, 24.97360616661553], [121.33534722712378, 24.973998727822604], [121.33503653250278, 24.974278627956398], [121.33467300680765, 24.974606911583095], [121.33439635207472, 24.974864939506837], [121.33410388991999, 24.975127281814014], [121.33383559006646, 24.975369734162303], [121.33350515759099, 24.975667777132834], [121.33319383372012, 24.975948830460208], [121.3330589499165, 24.976070328367072], [121.33305554100535, 24.976073396591808], [121.33291232735297, 24.976202406501542], [121.33259964125524, 24.97648618818483], [121.3322724351304, 24.976781774541774], [121.33195989721088, 24.97706280994532], [121.33167382734388, 24.97732296643557], [121.33139912433865, 24.977570972048753], [121.33114146955063, 24.97780893586298], [121.33100243899983, 24.977936932489634], [121.33089371502734, 24.978041794285467], [121.33073171656396, 24.978207706451848], [121.33056941009458, 24.978377131138934], [121.33044133341296, 24.978519999629814], [121.33031173175254, 24.97867054545874], [121.33018482216127, 24.97882783837977], [121.33007980583751, 24.97895298699985], [121.32994811614027, 24.979123155660737], [121.32994800754616, 24.97912329132612], [121.32994589514249, 24.97912602255835], [121.32958983312695, 24.97958555790652], [121.32910969977378, 24.980217599846945], [121.32866241631287, 24.980797131270595], [121.32806349532294, 24.981550871844924], [121.32762025539563, 24.98213113152002], [121.3272525674029, 24.982605764096036], [121.32682285670646, 24.983150808310988], [121.32636883102596, 24.9837359180556], [121.32580625807194, 24.984472009706643], [121.32457168957524, 24.986063165529643], [121.32437311977046, 24.98631949675798], [121.32414823973917, 24.986609876597406], [121.32389189208973, 24.986935778737642], [121.3236515541139, 24.98724024853317], [121.32346055961735, 24.987489456782537], [121.323224277128, 24.987800065342764], [121.32305945703087, 24.988009473624196], [121.32285962314121, 24.98826966967394], [121.32273788369612, 24.9884264755078], [121.32259069434781, 24.988620686505666], [121.32241974417097, 24.988839153721376], [121.32227587937432, 24.989009477338918], [121.32219356586883, 24.989098602426424], [121.32206091187385, 24.98923010694211], [121.32195503294841, 24.989327245860387], [121.32184403969548, 24.98943476025689], [121.32153645675017, 24.989680796404695], [121.32129150092976, 24.98982121001939], [121.32101135187142, 24.989974311696084], [121.32090251661995, 24.990013106321822], [121.32082816926233, 24.990046292166408], [121.32070429232436, 24.9900987066732], [121.32056765196963, 24.990149424167694], [121.32045451315018, 24.990186647785038], [121.32034642173507, 24.990218280959482], [121.3202294994879, 24.990248163512433], [121.32008327002222, 24.99028367948005], [121.31992789849502, 24.990312028430477], [121.3197759359443, 24.990337083590994], [121.31960240098384, 24.990359440326973], [121.31945467262942, 24.99037088944089], [121.31926772278236, 24.99037711392225], [121.319075361702, 24.99037851962947], [121.3190538631799, 24.990377554556023], [121.31867689168303, 24.990343567260197], [121.31858219349981, 24.99033327914316], [121.318469937432, 24.990317412938516], [121.31838371577216, 24.99029824978696], [121.31827996304203, 24.990272370911693], [121.31706020701077, 24.98993219717802], [121.31655735177313, 24.98976647882871], [121.3165209166447, 24.98975447645888], [121.31641980580595, 24.989715490586708], [121.31615877417858, 24.989614856148307], [121.31606466407194, 24.989578572678663], [121.31597759419205, 24.989545009776876], [121.31513505817307, 24.98914241853321], [121.31432941640367, 24.98885252615737], [121.3136383008149, 24.9886332061041], [121.3131852817712, 24.988530027678912], [121.31184610835278, 24.988325811829668], [121.31128885341322, 24.988211091139444], [121.31043235416689, 24.98800162683105], [121.30929281388718, 24.987813773031174], [121.30820017734764, 24.98770792585172], [121.3079432564933, 24.987710263375597], [121.30624228577125, 24.98749973918279], [121.30461471207674, 24.987289045281265], [121.30367923949277, 24.987155279608178], [121.30286317862006, 24.98697539219321], [121.30198300638591, 24.986729055574145], [121.30178040445682, 24.986672172844347], [121.30130088698793, 24.986537457843916], [121.30084965208258, 24.986411197821386], [121.30034179009758, 24.98626979285299], [121.29989738282009, 24.986143814079732], [121.29934986486282, 24.985987760421168], [121.298768963063, 24.985822201737527], [121.29827026634962, 24.985683994364532], [121.29822130965135, 24.985670423595447], [121.29819301013094, 24.98566258051924], [121.29772802545281, 24.98552927837179], [121.29732722097786, 24.98541686448931], [121.29685608270157, 24.98528600051178], [121.29647008302237, 24.985179495411188], [121.29532146728008, 24.984863611916552], [121.29444027394213, 24.98461692546167], [121.29374792445336, 24.98442910502341], [121.2934353480014, 24.98435519280313], [121.29309972016799, 24.984288972312036], [121.29265087301197, 24.98422296470008], [121.29114918504719, 24.984025255354865], [121.28933214585028, 24.983783300487822], [121.2891011996998, 24.9837538384146], [121.28860776204424, 24.98369208529877], [121.28825603049287, 24.983646379379348], [121.2879121358641, 24.98360128944976], [121.28733316051952, 24.98352882743237], [121.28667963955813, 24.98344453519669], [121.28614015994398, 24.983376885801807], [121.28555619439166, 24.98330447159027], [121.28503752252303, 24.98323903534853], [121.2843334342122, 24.983149105656587], [121.28373774505174, 24.983073402319558], [121.28364862906719, 24.983061871462247], [121.28337788260463, 24.983026824595015], [121.28332790475828, 24.983020356144173], [121.28305875036648, 24.98298405072613], [121.28305549048024, 24.982983614537453], [121.28280651981662, 24.982950023917134], [121.28266457677455, 24.98293347377188], [121.28262493397145, 24.982928583471146], [121.28261348006355, 24.98292716971541], [121.28231546056644, 24.982890385084392], [121.28222203583118, 24.982878789316842], [121.28210358988878, 24.982862798977386], [121.28183054785474, 24.982837161162088], [121.28137121871747, 24.982765415325083], [121.28110064384391, 24.98271814864565], [121.28030977313404, 24.982524718473115], [121.2801377333051, 24.982475359453606], [121.27946840737226, 24.982256849993632], [121.27803100116041, 24.981720640611282], [121.2768370034638, 24.981269959621628], [121.27633753783961, 24.981056852939922], [121.27579811439375, 24.98079413566217], [121.27567219027712, 24.980737038984035], [121.27512608459637, 24.98040799138113], [121.27510891513064, 24.980397423845346], [121.27497617003792, 24.98031495148721], [121.27495353290556, 24.98029992500582], [121.27433300190482, 24.979889829072437], [121.2743060028975, 24.979873113201577], [121.27415483490734, 24.979777077366148], [121.2739297350753, 24.979618502707815], [121.27303094518689, 24.978965824970473], [121.27251523805438, 24.978607496135293], [121.27130920598783, 24.977736847922543], [121.27127659619966, 24.977708630578643], [121.27122367755422, 24.977669742615063], [121.2707314315115, 24.977300286940462], [121.2701791746595, 24.976903799321132], [121.26980960583192, 24.97664265659903], [121.26955558591857, 24.976484506787944], [121.26924272993783, 24.976271037937607], [121.26900127660211, 24.97611095042492], [121.26851429152994, 24.975836645565117], [121.26801475686354, 24.975579560685443], [121.26792240160225, 24.975528129915098], [121.26779228680456, 24.97547103401285], [121.26745860599097, 24.975316842831578], [121.26698441108198, 24.97514188495819], [121.26635708435802, 24.974923240581546], [121.26560816342217, 24.97470672453834], [121.26486763674826, 24.974495922772984], [121.26472092197659, 24.97445636869611], [121.26454669644542, 24.974414317367017], [121.26410622764386, 24.974319552368794], [121.26312869549908, 24.97405756513424], [121.26243433713222, 24.973858135597123], [121.26175039357811, 24.97363192445123], [121.26131014482976, 24.97347491830767], [121.26101814233516, 24.973384542096003], [121.26086524519576, 24.973333519997517], [121.2608641152676, 24.973333142786455], [121.26035509340525, 24.97316328956703], [121.25958415542996, 24.97292781295801], [121.25854956866114, 24.972649418192297], [121.25805879547899, 24.972497816827396], [121.25805552484226, 24.972496802292014], [121.25766665746727, 24.97237667637937], [121.25714431609155, 24.972213416831043], [121.25668924612305, 24.97205405709178], [121.25633887076218, 24.97191490176697], [121.25589998642582, 24.971721772751582], [121.25539673012818, 24.971464443861706], [121.25487805459461, 24.971168651747504], [121.2545614745616, 24.97098937550461], [121.25421469811779, 24.970796327718606], [121.25384014420455, 24.970595309287962], [121.25343759934995, 24.970369040080804], [121.25322702611734, 24.97025053094959], [121.2528828684139, 24.97003801944277], [121.25254129944965, 24.969817034132358], [121.25220474037944, 24.969584889510273], [121.25187266518229, 24.96934588399986], [121.25162190036433, 24.969157732548357], [121.25142140490645, 24.968995985011983], [121.25124851907829, 24.968856589985574], [121.25092858526683, 24.968600425999433], [121.25061334938047, 24.968330566400486], [121.25031392033478, 24.968089227236696], [121.24988114283128, 24.96773560882195], [121.24943519883237, 24.96736904643876], [121.24909449485212, 24.96708887969123], [121.24872231619881, 24.966783674885527], [121.24829038550126, 24.96642798281917], [121.2478727963827, 24.966086106085957], [121.24748293037757, 24.96576369238767], [121.2471110604763, 24.96546032472672], [121.24675936260702, 24.965174672466052], [121.24634369044136, 24.964826323845934], [121.24595596356113, 24.964509807064044], [121.24556695199216, 24.9641887230093], [121.24518748673738, 24.9638710800623], [121.24493610415374, 24.963665303745316], [121.24439023974145, 24.963213581076847], [121.24412602154429, 24.963001323991783], [121.24391228478615, 24.96282961144272], [121.24380426102229, 24.962742836047557], [121.24325448541369, 24.962292388515056], [121.24295839938159, 24.962039066132228], [121.24275698223948, 24.96187543926721], [121.24273724231081, 24.961859409960418], [121.24271023132093, 24.96183746085737], [121.24268629541773, 24.961818016627046], [121.24266869811112, 24.961803717267763], [121.24263709460548, 24.961778146226766], [121.24236815881444, 24.961561045393317], [121.24214381873814, 24.961383578365844], [121.2418277257818, 24.96115258629776], [121.2415950578521, 24.96098000727098], [121.24141177001803, 24.960858051212057], [121.24111400173675, 24.960667827135975], [121.24073323323344, 24.960442670410877], [121.24039324988925, 24.960233129168476], [121.24004378385148, 24.960035772676854], [121.23968672791726, 24.95982056943199], [121.2392550373361, 24.959563096980943], [121.23882147448595, 24.95930957166397], [121.23848276442772, 24.959109946141115], [121.23810471430261, 24.958882322520324], [121.23809290551921, 24.958875208975883], [121.23808586587538, 24.958870976889376], [121.2380572122516, 24.958854112529814], [121.23802173728963, 24.958833232407354], [121.23801243727601, 24.958827767041146], [121.23751985420368, 24.958537875573303], [121.2372025809738, 24.958349362960767], [121.23678510321622, 24.95810275786389], [121.23641342166881, 24.957882613317757], [121.23603361367833, 24.957658824212217], [121.23560830001088, 24.95742417273729], [121.23538033905264, 24.957307362770454], [121.23499753080682, 24.95713929892108], [121.23418927566249, 24.956809528071116], [121.23345071384071, 24.956510872774274], [121.23305873880824, 24.956352605033263], [121.23305549794838, 24.956351291959447], [121.23283433724431, 24.956261985939165], [121.23225273057918, 24.95602732523131], [121.23157813476386, 24.95575586266291], [121.23110500952343, 24.955567001296863], [121.23067738064309, 24.955393759307054], [121.23024376361872, 24.955211009411904], [121.22958771693368, 24.954940357746185], [121.2295813541988, 24.954937731262728], [121.22946442665595, 24.954889492170345], [121.22940589355437, 24.954865350125218], [121.22940116610673, 24.954863398244882], [121.22902018121863, 24.954703595116094], [121.22863880088107, 24.954543629099877], [121.22755851705219, 24.954115333206307], [121.2266923428459, 24.9537664244501], [121.22597392434591, 24.9534808013002], [121.22523063676186, 24.953175683842105], [121.22432355747267, 24.95278920171314], [121.2233920666187, 24.952355333482867], [121.22294373105889, 24.952153769037203], [121.22267524491701, 24.952023764435378], [121.22248212755837, 24.951930491693002], [121.22217581162971, 24.95175554514164], [121.22185910604662, 24.951557193761396], [121.22148782245581, 24.951306801908498], [121.22114822086897, 24.951040390850164], [121.22094572162169, 24.95086021362139], [121.22058481621882, 24.950518653362472], [121.22028157134793, 24.950190594699777], [121.21999000895312, 24.949843305710743], [121.21980467307029, 24.949628622075725], [121.21949812257046, 24.94920984022887], [121.21912400165327, 24.948737194352663], [121.21881718587346, 24.94833384998918], [121.21881689802615, 24.948333471219026], [121.21857386673534, 24.948013978723587], [121.21809442893509, 24.947429044868652], [121.2176881360306, 24.94690605477826], [121.21728687376948, 24.946369901801805], [121.21687093047407, 24.94584556015556], [121.21660032815424, 24.945496274552063], [121.21632129839328, 24.945128835511895], [121.2160493169141, 24.944787550029375], [121.21570351944857, 24.944340964231326], [121.21535237015256, 24.943884616586693], [121.21514628613673, 24.943618639398526], [121.21497935784394, 24.943410387250957], [121.21480789200668, 24.943206195205068], [121.21469154901706, 24.94306846293127], [121.21456762070393, 24.942930470632895], [121.21435645992753, 24.942727328324676], [121.21414305170856, 24.942529723354046], [121.21345414752352, 24.94191131754429], [121.2127870554522, 24.941322165491744], [121.21208696330345, 24.940696690888757], [121.21172683160933, 24.94038218353802], [121.21167086086967, 24.940333301953395], [121.21164448204355, 24.940310262789946], [121.21149871443392, 24.94018296142916], [121.21140348319047, 24.94009979136342], [121.21137442502113, 24.94007329806861], [121.21115319646077, 24.939871537689527], [121.21110371839713, 24.939826411536128], [121.21084895008902, 24.939594055756043], [121.21046568121298, 24.93920805489311], [121.21028221060077, 24.939011413137223], [121.2100957122076, 24.938786534525697], [121.20973604704167, 24.938331891493117], [121.20917597768893, 24.937617347977344], [121.20844623852182, 24.93668540957399], [121.2080587479915, 24.936193125613904], [121.2080555528064, 24.936189058256183], [121.20800524378276, 24.936125153081683], [121.20765092366398, 24.935689727855934], [121.20740405066594, 24.935415110992015], [121.20721782907772, 24.93521319653923], [121.20674788562424, 24.934791030031555], [121.20652175360313, 24.934607479680523], [121.20619917972468, 24.934369720343472], [121.20587860204023, 24.93415269582883], [121.20554113285243, 24.93395322710831], [121.20526767470051, 24.93381145139672], [121.20509706366511, 24.933723126429975], [121.20442437943211, 24.933378559747325], [121.20256945914083, 24.93245630132623], [121.20185373870665, 24.93210033334582], [121.20102735534188, 24.93168980792043], [121.20026247508379, 24.931310198878744], [121.19973623177479, 24.931047843559927], [121.19923841043122, 24.930799686213717], [121.19883975607343, 24.930609375529396], [121.19829872871803, 24.930342376130383], [121.1977730279876, 24.930079814459226], [121.19700375102532, 24.929699824184656], [121.19648044704509, 24.92944048691792], [121.19578862547682, 24.929092222454855], [121.1952419117602, 24.92881489981042], [121.19473339119922, 24.92857042487217], [121.1943354362903, 24.92836890584311], [121.19369300967232, 24.928050017908532], [121.19317554412187, 24.92779244896129], [121.19285935830158, 24.927636278151176], [121.1921784340216, 24.927298130619896], [121.19177383646576, 24.92709830156002], [121.1912346115734, 24.926831129478085], [121.19071115617346, 24.926567104235797], [121.19039580177333, 24.92640671982937], [121.19007660616506, 24.926233122010025], [121.18986812111581, 24.926109634843694], [121.18970344665836, 24.926004654115484], [121.18953690122822, 24.925893211217833], [121.18940812632027, 24.925806566419173], [121.18922373201471, 24.925670425970136], [121.18907301386474, 24.925555630961647], [121.18896040790246, 24.925462582155234], [121.18884152381429, 24.925362282347162], [121.18874255549505, 24.925271735032958], [121.18865079269634, 24.925179580499837], [121.18856098306482, 24.92509562126337], [121.18850720740893, 24.925040796339424], [121.18841012929626, 24.92494284308596], [121.18824539129156, 24.92477461656048], [121.18801017945032, 24.924514767813022], [121.18749701735116, 24.92391009303534], [121.1871938108663, 24.923552126060244], [121.18701083263286, 24.923333560359954], [121.18701053509474, 24.923333217652267], [121.18659286551691, 24.92283432348253], [121.1860045074036, 24.922167043921846], [121.1850497211917, 24.921178127294226], [121.18439305098764, 24.920494132999465], [121.18352841584947, 24.91958011217849], [121.18305549337369, 24.919083966199576], [121.18304967284534, 24.919077861083455], [121.18286500605237, 24.91891325522682], [121.18236519884813, 24.91838972054858], [121.18186605588437, 24.917884186064143], [121.18148366313586, 24.917481901666495], [121.18105208305012, 24.917021541766132], [121.18080234548529, 24.916766917325138], [121.18064005730841, 24.91659400240727], [121.18045406388043, 24.91639742532747], [121.18034390685479, 24.916283059715276], [121.18019061520752, 24.91613467275338], [121.17992190922324, 24.915884556852152], [121.17959238170357, 24.915602715487424], [121.17924348901506, 24.915326250528263], [121.17906014637714, 24.915193716345712], [121.17885815845646, 24.9150516251032], [121.17873443477453, 24.914967258046175], [121.17855754461245, 24.914852980070858], [121.17840690066693, 24.91475999570429], [121.17826669423457, 24.914675756311592], [121.17809787057209, 24.914580175105435], [121.17784919222535, 24.91444211074666], [121.17758958734461, 24.914312708242782], [121.17736910419094, 24.914201604588488], [121.17725364417758, 24.914148609379676], [121.17699836157874, 24.914043288627457], [121.17665116200497, 24.91390582667947], [121.17643129024205, 24.913826735818635], [121.17618611895104, 24.91374381034038], [121.17592144912159, 24.91366371530872], [121.17572824367092, 24.9136090500458], [121.17572482689461, 24.913608133168726], [121.17554386678901, 24.913559728017017], [121.17529630421774, 24.91350021467984], [121.17501411733897, 24.913444515461247], [121.17476326550856, 24.91339694974919], [121.17456080414463, 24.91336309538663], [121.17441546504168, 24.913343077787037], [121.17425246981563, 24.91331976723025], [121.1740054300938, 24.913293448783076], [121.1737368595628, 24.91326812105429], [121.17353069756903, 24.913256533786203], [121.17345222489743, 24.913252237237888], [121.17329636921355, 24.91324411223116], [121.1731151333319, 24.91323823752463], [121.17294215897104, 24.91323593731728], [121.17256022896163, 24.913241941235384], [121.1712420192295, 24.913286715951962], [121.16959712961946, 24.91334487893224], [121.16873647798684, 24.91337217310334], [121.16744573671289, 24.913416287318295], [121.16651126863748, 24.913449781835574], [121.16573161240927, 24.91347385340194], [121.1647859887805, 24.91350931771354], [121.16443120058958, 24.913520940702913], [121.1643930974015, 24.913522183492983], [121.16424846567708, 24.913526920275395], [121.16410326965736, 24.913531666566982], [121.16408241140252, 24.91353234859401], [121.16360497808232, 24.913547977710117], [121.16132507443194, 24.91362536142084], [121.16081730646967, 24.913640626201232], [121.16018158277214, 24.913664459321584], [121.16015970483551, 24.913665187037648], [121.1600716882248, 24.913668125497097], [121.15944729584041, 24.91368898198994], [121.15888973503998, 24.913707697165975], [121.15809403265555, 24.913735655236547], [121.15805854280812, 24.913736812382272], [121.15805550364247, 24.91373690588777], [121.15755169624391, 24.913753347113083], [121.1568928740113, 24.913776648910797], [121.15634496504651, 24.913795524991446], [121.15586601720216, 24.913812963706643], [121.1553527945501, 24.913829596943287], [121.15487667727119, 24.91384660519587], [121.15476027821845, 24.913850355469517], [121.15473317322032, 24.91385123226916], [121.15469820796723, 24.913852360985814], [121.15457524549596, 24.913856325577655], [121.1544525503036, 24.91386028076285], [121.1544168722712, 24.913861428208666], [121.15429902869445, 24.913865901895306], [121.15425952970506, 24.913867396338258], [121.15406892480527, 24.913874617509993], [121.15363572714512, 24.91389456588028], [121.15310104774075, 24.913924927712362], [121.15253039392884, 24.91395720234588], [121.15172544300079, 24.914002344164167], [121.15090371787855, 24.914044997728073], [121.14998936618177, 24.914094375872438], [121.1491471714096, 24.914140994815433], [121.14849184259182, 24.91417467487125], [121.14804063525533, 24.914194977036697], [121.14801783680126, 24.91419600182535], [121.14790822008952, 24.914200931779092], [121.14779842517977, 24.914205870857366], [121.14778549648454, 24.9142064524627], [121.14767961302395, 24.914212200139577], [121.14695081266531, 24.914251805636283], [121.1459651433567, 24.914305590122552], [121.14540637118905, 24.914350890072058], [121.14498665176691, 24.91440266165047], [121.14436566905475, 24.914526177614125], [121.14407180408912, 24.914591999433867], [121.14385511333133, 24.9146525639137], [121.14377987769565, 24.9146735915392], [121.14367356684086, 24.914712579603606], [121.14358607779118, 24.91474466075135], [121.14352177464885, 24.914768241805536], [121.14349741244165, 24.9147783410184], [121.14346761772605, 24.91479070257028], [121.14320363085845, 24.91490015560461], [121.14269872545451, 24.915112700216408], [121.14241938270723, 24.91522259089295], [121.14202808728592, 24.91538256930151], [121.14192935653745, 24.915419634868716], [121.14170101072634, 24.91550607387079], [121.14145875597572, 24.915610772249266], [121.14112708726732, 24.915771432057735], [121.14087571304017, 24.91590187827778], [121.14051887633862, 24.916088490261938], [121.14017792005853, 24.91628531571771], [121.13989518419176, 24.916445764267735], [121.13969019239862, 24.9165610693732], [121.1394804924087, 24.916671728939914], [121.13930422162903, 24.916761744999572], [121.13911410537578, 24.916856369256415], [121.13883244166865, 24.916986461085223], [121.13858096240988, 24.917089303509776], [121.13830477512148, 24.917195165878113], [121.13801752128637, 24.91729428468513], [121.13724673347804, 24.91755850990283], [121.13676271533132, 24.917725222810343], [121.1362083313229, 24.917916059296946], [121.13573086330723, 24.918081796827813], [121.1352149657043, 24.918260947867015], [121.1347647874797, 24.918415037923356], [121.134392933665, 24.918545338274324], [121.1340361051351, 24.918664013587264], [121.1336319072721, 24.91880531069533], [121.13322737154117, 24.918946300042197], [121.1330586521165, 24.919004214806133], [121.13305548516101, 24.919005301047786], [121.13282920610484, 24.91908296701133], [121.13242260776187, 24.919222547572417], [121.13207723013547, 24.919341208030282], [121.1316740422799, 24.91947753328273], [121.13131160222481, 24.91960312283756], [121.13099440051, 24.91971373869701], [121.13065214245344, 24.919835887130407], [121.13029485410266, 24.91995734369229], [121.12993142983098, 24.920081729967563], [121.12951758139732, 24.920224775857324], [121.12897922611482, 24.920408439066417], [121.12880735594536, 24.920467895614223], [121.12878170307178, 24.920476765666766], [121.12875230915976, 24.920486939044064], [121.1287185605833, 24.920498614899817], [121.12868901820033, 24.920508833535127], [121.12867345030328, 24.92051421890624], [121.12861998698388, 24.920532710184496], [121.12818669798337, 24.920682594668094], [121.12751522602771, 24.920914299086668], [121.12704299895933, 24.92107721452966], [121.12659815593344, 24.921230769798285], [121.12616346678847, 24.921371648214244], [121.12584625938442, 24.921466164407008], [121.12557724783736, 24.921531648945663], [121.12519069126405, 24.921611821734306], [121.12453270271537, 24.92173464521797], [121.12378637112683, 24.921868788633663], [121.12322716760526, 24.921971110960175], [121.12269160137734, 24.922068915567692], [121.12218405641806, 24.922160050343983], [121.12163240321262, 24.92226113263498], [121.12105660221042, 24.92236302699854], [121.12054125731417, 24.92245848715303], [121.1200306409842, 24.922550691473973], [121.11964338625825, 24.92262237272502], [121.11872419945112, 24.922789195090253], [121.11778002817218, 24.92296378698081], [121.11723621461356, 24.92306022425026], [121.11681840609619, 24.923135127294167], [121.11625948521981, 24.923234434861975], [121.11579271539524, 24.92331883503254], [121.11571370134185, 24.923333350945466], [121.11571161264366, 24.923333731761925], [121.11530293086179, 24.923408758905307], [121.11483167401596, 24.923492437261757], [121.11431747332519, 24.923582882295808], [121.1137848231539, 24.92368017418548], [121.11336189268928, 24.923756118759545], [121.11299929383193, 24.923828603662766], [121.11272828432807, 24.923887692452055], [121.11245046880316, 24.92395336763231], [121.11240174010726, 24.923967524893207], [121.11223300618796, 24.92401686615895], [121.11211351594376, 24.924052266379032], [121.11188967174118, 24.924121050854726], [121.11165252481626, 24.924205491284123], [121.11140491276846, 24.924301342105522], [121.111146464592, 24.92441453524354], [121.1109376400166, 24.92451794027725], [121.11065182927928, 24.92465804870604], [121.1102589156444, 24.924848425056286], [121.1080588108637, 24.925930724805188], [121.1080555449573, 24.925932334238542], [121.10787107044759, 24.926023077472557], [121.10633611540096, 24.92678290502252], [121.10624648002737, 24.92682728061748], [121.10592923736809, 24.92698431268263], [121.10513958316983, 24.927371650944547], [121.10512687550117, 24.927377880515618], [121.1051180573276, 24.92738220233791], [121.1047743758324, 24.92755078895393], [121.10368718673257, 24.928080562690564], [121.10297877424094, 24.928428604299146], [121.10226720656362, 24.928773457653364], [121.10146984687893, 24.92916167554548], [121.10122172360632, 24.929283791629427], [121.10111589229093, 24.929335623609077], [121.10085695010484, 24.929462432193127], [121.10032066249241, 24.92972192889357], [121.09989172243554, 24.92993267934546], [121.09936215649537, 24.930195625986464], [121.0993478349601, 24.930202632587164], [121.09932624872327, 24.930213183182932], [121.09930386079768, 24.930224131561786], [121.09929720973653, 24.930227377208897], [121.09926356845655, 24.930243831408536], [121.09851106628153, 24.930611725650152], [121.09793271695777, 24.930895212090412], [121.09721295180782, 24.93123929729731], [121.09609050699434, 24.931792882671527], [121.09509642170308, 24.93227834832006], [121.09390876604708, 24.932857364897657], [121.09323773227676, 24.933186819205627], [121.09267736373708, 24.933462274753538], [121.09218502096631, 24.933703874568224], [121.0918197131705, 24.93386477947349], [121.09166284651918, 24.933923714467447], [121.09142435636856, 24.934016682489506], [121.09126721322838, 24.93407716110217], [121.09089368698365, 24.93420053747923], [121.09058459818691, 24.934294784090376], [121.09036441044711, 24.93435490280015], [121.0900726674794, 24.934420499573132], [121.08973631137967, 24.934491476515106], [121.08939745660984, 24.934544469514687], [121.08916578224985, 24.93457748089289], [121.08872902108666, 24.934632517171515], [121.08862930962535, 24.934643582182712], [121.08844783128141, 24.9346558513133], [121.08840794897624, 24.93465794249075], [121.0880988016368, 24.93467412396121], [121.08804834371229, 24.934675291362165], [121.08769609867744, 24.934683471153942], [121.08739822506637, 24.93467982707916], [121.08716432062297, 24.934668588196644], [121.08660254961, 24.93462390881236], [121.08610701435043, 24.93456978140905], [121.08599812776039, 24.93455789059858], [121.08591047189094, 24.934548316814432], [121.08523498085262, 24.934473633018737], [121.08412654553703, 24.934316093239378], [121.08307308370595, 24.93410977897121], [121.08305877400028, 24.934106942982147], [121.0830555258427, 24.934106294743284], [121.08188496452595, 24.933874450622213], [121.08042705111407, 24.933591696692734], [121.07939004340383, 24.933409128427957], [121.07901488678907, 24.933351437300235], [121.07734036961851, 24.933035344445706], [121.07699220026588, 24.932967486227486], [121.07680234568676, 24.93293048623481], [121.07639380841735, 24.932848058691235], [121.07561037742886, 24.932694008299766], [121.07471083858927, 24.93251500319134], [121.07355190245092, 24.932283295348444], [121.07332335063955, 24.93223878929977], [121.07275365526016, 24.932127846845038], [121.07261044432389, 24.932099964561534], [121.0717689422742, 24.93193106137743], [121.07075940853647, 24.931732457429252], [121.06953450628376, 24.9314868367411], [121.06870468961574, 24.931323959847997], [121.06869689638518, 24.93132242860125], [121.06847350705249, 24.931278580831545], [121.06834963739024, 24.93125426083313], [121.06789605430787, 24.931161402735153], [121.06748922404547, 24.931082958605813], [121.06711595173964, 24.931007784619297], [121.0667521780471, 24.93093776069543], [121.06623075643522, 24.930832143582023], [121.06581066694888, 24.93074716414805], [121.06537506563994, 24.93064905391838], [121.06486241602538, 24.930518888800485], [121.06439308988921, 24.930377778766726], [121.06390471193716, 24.930212027713775], [121.06337677722433, 24.930002702453788], [121.06291520430372, 24.92979694967961], [121.06271949084436, 24.929708237204643], [121.06228738549652, 24.929481442779824], [121.0620145511761, 24.929330970763885], [121.06174795237378, 24.929174672301855], [121.0614805265065, 24.929006401954712], [121.0612410353539, 24.92884373535542], [121.06113180836293, 24.928769105746856], [121.06112307258861, 24.92876314151305], [121.06111440614116, 24.928757213364168], [121.06098257724517, 24.928667136175655], [121.06079168426466, 24.928528771644835], [121.06065307360355, 24.928418545390276], [121.0603351035367, 24.928164703659842], [121.06003630176878, 24.92790768453068], [121.05982621488626, 24.927712104049988], [121.05969445118505, 24.927588674522386], [121.05952328731235, 24.92741549569937], [121.0593716869845, 24.92726004982441], [121.05924029307809, 24.927121181059157], [121.05924024355133, 24.92712113593649], [121.05924003552165, 24.927120910307462], [121.0592370637088, 24.92711776958147], [121.0591979942901, 24.9270764798594], [121.05901511380709, 24.926871786708368], [121.05877954360075, 24.926589505393885], [121.0584996506932, 24.926229424718564], [121.05811981893967, 24.92567845744293], [121.05805861954282, 24.92559009256805], [121.05805546891635, 24.925585534417625], [121.05781968809558, 24.925245081178968], [121.05705587133563, 24.92414209627401], [121.05650002820485, 24.923333447113396], [121.05649974089424, 24.92333303191251], [121.05624821495132, 24.922967103687917], [121.0557392033638, 24.922226418286005], [121.05548099479948, 24.921851110619457], [121.05532313594475, 24.92162164738618], [121.05512663005446, 24.921334948709124], [121.05498342453976, 24.921126001405508], [121.05494497584574, 24.921070454339166], [121.05491744457132, 24.92103065793213], [121.05488618833421, 24.92098549997631], [121.05485628935735, 24.92094229166513], [121.05478167080713, 24.92083448298151], [121.05473358292276, 24.920764999432205], [121.05456513706564, 24.92052162636293], [121.05430588513224, 24.92014396954389], [121.05407970315088, 24.919813681712036], [121.05383678925799, 24.919457388518317], [121.05345570043842, 24.918902653410605], [121.05292206449619, 24.91812484166129], [121.05200378571281, 24.916745739320078], [121.05096967254023, 24.91502003109379], [121.04979795107808, 24.913027361862554], [121.0491804962326, 24.911985950248337], [121.04883238129747, 24.91138945313948], [121.04853952802671, 24.910888991283713], [121.04837455764478, 24.910607094202664], [121.0479380611956, 24.909869643656194], [121.04766946734688, 24.909415867535895], [121.04718574562528, 24.908592911873953], [121.04689277695641, 24.908092545931744], [121.04688704142833, 24.908082742792214], [121.04678090960464, 24.907901465932948], [121.04672042430803, 24.907798144765266], [121.04668057328175, 24.90773078663019], [121.04667596709005, 24.90772300551096], [121.04605848481364, 24.906679160542684], [121.04564929301374, 24.905980363488965], [121.04497167620711, 24.904816525376543], [121.04430888795152, 24.903671368577484], [121.0433115348438, 24.902020972003953], [121.04286424650327, 24.901274922723257], [121.04229480758832, 24.900373968579917], [121.04200919043758, 24.89989424758264], [121.0418848000397, 24.89968531786185], [121.04188155137643, 24.89967986555816], [121.04169289997917, 24.899358440490186], [121.0415754922874, 24.899158392591378], [121.04155605974242, 24.89912529951151], [121.04152931772184, 24.89907974912884], [121.0414770519914, 24.898990742622406], [121.04143215522686, 24.898914292699075], [121.0413254946839, 24.898732677811093], [121.04109158650873, 24.898373579489704], [121.04106337180174, 24.898333753495955], [121.04106309450849, 24.898333365346577], [121.04089269747648, 24.898092847639468], [121.04072538576672, 24.897871117206194], [121.04051443944871, 24.897613600408775], [121.04049982316437, 24.89759575502168], [121.04046582871827, 24.89755815149141], [121.04045342119478, 24.89754442249907], [121.04041618874518, 24.897503244546854], [121.04037095530813, 24.897453202757646], [121.0403329901447, 24.897411203388355], [121.04032275124219, 24.897399884409637], [121.04029120275017, 24.897364979700654], [121.04024004900997, 24.89731184269179], [121.04008371647598, 24.897149434864854], [121.03987604663617, 24.896945681011715], [121.03966476711403, 24.89675016182075], [121.03943485960795, 24.896556281408724], [121.03922175804671, 24.896385581425957], [121.038989936252, 24.896206561743494], [121.03882604876446, 24.896090254104067], [121.03862999711703, 24.895960908419436], [121.03844814448138, 24.89584476752335], [121.03826059308327, 24.89573659100865], [121.03793174932417, 24.895560068320442], [121.03777085360186, 24.895478166394156], [121.03756526056968, 24.895377270542333], [121.03729045068353, 24.895253504450086], [121.0370861708882, 24.895172271697806], [121.03666388240168, 24.89500809330808], [121.03641085856428, 24.894910584166265], [121.03609711158644, 24.894791204189097], [121.03567136170574, 24.89462863089181], [121.0352610763161, 24.894473167187446], [121.03517486127215, 24.89443943896609], [121.03514972636287, 24.894429603813276], [121.0351210969228, 24.894418397145248], [121.03480742077844, 24.894295673881196], [121.03430875507652, 24.894105892714947], [121.03374282378266, 24.89388838048915], [121.03305864550175, 24.893622418277715], [121.0330554875952, 24.8936211910998], [121.03300860407256, 24.893602963885964], [121.03256941913587, 24.893435807222147], [121.03252264474744, 24.893418004171266], [121.0325033113387, 24.893410650147064], [121.03248373044745, 24.89340319686059], [121.03247998849747, 24.893401771170343], [121.0319528991284, 24.893201163101864], [121.03102227783208, 24.89284639450429], [121.02998271945526, 24.89244263524447], [121.02889457489829, 24.89202830574285], [121.02819977644154, 24.891761429406323], [121.02742148299143, 24.891464391896154], [121.0267824221324, 24.891218598321775], [121.02629388751929, 24.891030982387534], [121.02568581523201, 24.89079931729095], [121.02512263598013, 24.890581320357775], [121.02464827138094, 24.890397750434808], [121.02381596716675, 24.890079720697226], [121.02351906234406, 24.88996573763045], [121.02266842100997, 24.88963778202101], [121.02212587169558, 24.889429729057962], [121.02200159279407, 24.889378573800172], [121.02197963735931, 24.889369530461792], [121.02195126753834, 24.88935785173696], [121.02192037354367, 24.889345144126604], [121.02188534187742, 24.889330721698514], [121.02172073572216, 24.889262968672305], [121.02139948038769, 24.88911838727328], [121.02098439065084, 24.888902709803112], [121.02068366039596, 24.88872736381033], [121.02034764783728, 24.888510499869785], [121.0201306500816, 24.888359238427405], [121.01985438428224, 24.888147836576216], [121.01935283286403, 24.887745402084935], [121.01904875120903, 24.88749821327992], [121.01899597904078, 24.887455325513155], [121.01898442678151, 24.88744593732346], [121.01897288442186, 24.88743654913162], [121.01893603005904, 24.887406597186494], [121.01858391982903, 24.887120365162737], [121.01800762908421, 24.88665478088339], [121.01793197126136, 24.88659365788455], [121.01780535371036, 24.886491361855136], [121.01773993158957, 24.886438507660497], [121.0176183925035, 24.88634031884321], [121.01720716233302, 24.88600616710767], [121.0168930914384, 24.885751273672515], [121.01668184044475, 24.88557804914233], [121.01639819085186, 24.885349532586897], [121.01621852771177, 24.885198739793704], [121.0158784076984, 24.884924291243966], [121.0154472612196, 24.88457640432743], [121.01507372666421, 24.884272614675393], [121.0145326515087, 24.88383517319517], [121.01407356885063, 24.883461598824567], [121.01369444851308, 24.883154303132454], [121.01363887881442, 24.883109382283966], [121.01353408440903, 24.883024659122196], [121.01349664867757, 24.88299438084116], [121.01346308323548, 24.882967244128057], [121.01340707817444, 24.882921962090396], [121.01327563768463, 24.882815699076282], [121.01284571354185, 24.88247007962185], [121.01245502794312, 24.8821508369949], [121.01204823024199, 24.881820318003804], [121.01174589002363, 24.881574630766334], [121.0112099162979, 24.88114389389908], [121.01098522970219, 24.88096107390765], [121.01068932735086, 24.880720051775576], [121.01019136889636, 24.880316854511154], [121.01015128213797, 24.88028438162846], [121.01008799459424, 24.880233139995358], [121.01003143770572, 24.880187342085176], [121.0099656361849, 24.880134069149655], [121.00968482229364, 24.879906686096863], [121.00881613764815, 24.87920051939125], [121.00851652217888, 24.878956992210263], [121.00841576311797, 24.878875073048942], [121.00832219983843, 24.87879901293336], [121.00822703324312, 24.878721643709923], [121.00814119040369, 24.878651857881785], [121.00805862379492, 24.878584699128947], [121.00805546643086, 24.878582135196886], [121.00759627421151, 24.878208648982103], [121.0068565385413, 24.87760745687949], [121.00618762642283, 24.877067056275717], [121.00556797902858, 24.876560056375272], [121.00504833922577, 24.876140356432074], [121.00428870513937, 24.875523532745344], [121.00425273870705, 24.875494443839155], [121.00415117371084, 24.875412314127612], [121.0040134148937, 24.875300914816954], [121.00361135335686, 24.874975771461187], [121.00310723535102, 24.874563955234976], [121.00235760657836, 24.87395596031923], [121.0015912297531, 24.873333750853654], [121.00159075470398, 24.873333362631655], [121.00154918791777, 24.873299614400516], [121.00112852339525, 24.872955901791897], [121.0005093822824, 24.872447788158883], [120.99992464693402, 24.87198661131345], [120.99951116634485, 24.871656364670347], [120.99896251121666, 24.871225646411872], [120.99841196987255, 24.8707775100406], [120.9983984018446, 24.870766467992212], [120.99837789641236, 24.87074977400178], [120.99825392377414, 24.870648851591074], [120.99599230745461, 24.86879624179609], [120.99573023841603, 24.86858593271041], [120.9956581255478, 24.8685280757347], [120.9949680047415, 24.86797427037869], [120.99423798077056, 24.86736880796288], [120.99393431545562, 24.86712507040719], [120.99387168464918, 24.867071952928004], [120.99384457004902, 24.867048956112132], [120.99381856379239, 24.867026898305696], [120.99364503065026, 24.866879725758043], [120.99352441113562, 24.86676931051249], [120.99339042332662, 24.866634680021367], [120.9932898938113, 24.86652007622603], [120.99320973961703, 24.866426419512226], [120.99313116011731, 24.86631324311331], [120.99305735022193, 24.866209023209517], [120.99300228300952, 24.866119051190907], [120.99293926065808, 24.8660061282138], [120.99289035874571, 24.86591938866197], [120.9928557659861, 24.865845831454248], [120.99281223850636, 24.86574695776717], [120.9927710765378, 24.865643542822287], [120.99272594747065, 24.865519921786564], [120.99267313176729, 24.865352854996317], [120.99264146063769, 24.86524566654342], [120.99262318700202, 24.86517018699808], [120.99260245082579, 24.865068398144548], [120.99258954101671, 24.864991302749132], [120.99256557256204, 24.86482793001305], [120.99255408072587, 24.864704301554006], [120.99254616323978, 24.86454980466931], [120.9925425223192, 24.86437103926047], [120.99254709388723, 24.864212678773832], [120.99255280741642, 24.864153894188284], [120.99255975871134, 24.86408226204094], [120.99256356112625, 24.864043069306465], [120.99256966982674, 24.86399521830949], [120.99257890712427, 24.863922845932564], [120.99260768442856, 24.863761064815694], [120.99263388614595, 24.863642449049976], [120.99267179601068, 24.86350242716544], [120.99271212012152, 24.863367226631166], [120.99277067377905, 24.86320974450972], [120.99282526706504, 24.863084304490457], [120.99289016274568, 24.862944103262823], [120.99295156385685, 24.862824450816575], [120.99301365699513, 24.862714910350338], [120.99310016504535, 24.862572263296958], [120.99316501805359, 24.862477746397442], [120.99326690358104, 24.86234208804303], [120.99337499349178, 24.862208371030068], [120.9934761055598, 24.862094299756027], [120.99355647416533, 24.862010635674128], [120.99363318078188, 24.861935133201104], [120.99374245577617, 24.8618345778296], [120.99388063713296, 24.86171737491735], [120.99396603150682, 24.8616500615211], [120.99405428554837, 24.861585492868564], [120.99418498376133, 24.861496973077465], [120.99434852665479, 24.86139322325245], [120.99454596292652, 24.8612768435459], [120.99486749434284, 24.861102901851662], [120.9956577367885, 24.860675181245494], [120.99609031687318, 24.860441642621932], [120.99666507897872, 24.86012972009127], [120.9972146830172, 24.85983435323406], [120.99769363872511, 24.85957321954099], [120.99851184676298, 24.859128041010834], [120.99898504762693, 24.858873620338652], [120.99943966260898, 24.858628515557875], [120.99988229226442, 24.858390848905206], [121.00019706988923, 24.858219920231374], [121.00037721809028, 24.85812210452595], [121.00081760776324, 24.857884480234258], [121.00122479650105, 24.857663810539155], [121.0015881272547, 24.857464050334553], [121.00183551258698, 24.857333440417328], [121.00205932666366, 24.857219298500436], [121.00221886990407, 24.857138743442277], [121.00248989425717, 24.85701265538932], [121.00286057423266, 24.856849656230498], [121.00399600212405, 24.85639376030799], [121.00662847947653, 24.855330499915937], [121.00747218357259, 24.8549907064318], [121.00805550575835, 24.854755030744055], [121.00805865237322, 24.854753757547602], [121.0082352387215, 24.85468241327683], [121.00826910931778, 24.854668733139647], [121.00833936381653, 24.854640343446228], [121.00885973044011, 24.854422716198187], [121.0092086646978, 24.854263611888502], [121.00923424292, 24.854250654327405], [121.00953770808074, 24.85409689695631], [121.00988185820214, 24.85390043119384], [121.01016842884422, 24.853725068307853], [121.01046246726892, 24.853522727008293], [121.01047325238657, 24.853515304776334], [121.01049879022648, 24.853496234665222], [121.01053427207738, 24.85346972431541], [121.0107278685487, 24.85332510009224], [121.0110412853697, 24.853073902709685], [121.01123991390635, 24.852892206173426], [121.01136550225056, 24.852777326293573], [121.01154503285457, 24.852601697989325], [121.01185958551447, 24.852261161163696], [121.01217692198352, 24.85187084897209], [121.0124133513187, 24.85154455533764], [121.01250234323187, 24.851407395025934], [121.01261547496736, 24.851233007858546], [121.01286492291813, 24.85080329019164], [121.01288962525375, 24.850751364795418], [121.0129766916699, 24.85056833022201], [121.01301049525284, 24.850497263458692], [121.0130297861299, 24.85045670546996], [121.0130470885236, 24.85042005702022], [121.01312180823255, 24.850261770725496], [121.0131256663891, 24.850253608564874], [121.01313423302945, 24.85023128017358], [121.01317464261106, 24.850126039674354], [121.01320685151978, 24.850042143413475], [121.01323608284747, 24.849966002945177], [121.01334733694682, 24.84965124826445], [121.01341290873496, 24.84945372448228], [121.01341382858537, 24.84945028451652], [121.01350033385151, 24.849126692954716], [121.0135621469667, 24.84885559565248], [121.01362132060397, 24.848518770595575], [121.01364173302392, 24.848333656043085], [121.01364177256238, 24.848333285868268], [121.01365303149436, 24.84823118981276], [121.01367870099888, 24.847894015648485], [121.01369019033285, 24.84754844619698], [121.01368079617696, 24.847151361635337], [121.01365851832003, 24.84683582425675], [121.01361435044755, 24.84649076543868], [121.01356422121363, 24.8461900193485], [121.01350783245424, 24.845921460644185], [121.01350111056797, 24.845889464002628], [121.01350015037741, 24.84588561791892], [121.01349314197948, 24.84585755775889], [121.01348544066676, 24.84582674394736], [121.0134679691917, 24.845756819253968], [121.01345163610087, 24.845691435825824], [121.01343880721372, 24.845640091505736], [121.01343615454532, 24.84563148751757], [121.0134047283625, 24.845529476532697], [121.0133977997594, 24.845506959901453], [121.01339087116173, 24.845484470355508], [121.0133487255443, 24.845347655180436], [121.01326245506323, 24.845068174449274], [121.01314968493226, 24.844763948680022], [121.0130340396554, 24.84449398649034], [121.01287958595312, 24.844195569494474], [121.01273828597014, 24.8439294464067], [121.0125446797446, 24.843612848829906], [121.01232585414364, 24.843299999928156], [121.01211953851417, 24.843012068539224], [121.01176627549864, 24.842536715317177], [121.01175654816214, 24.84252362465147], [121.01174666249757, 24.84251030828322], [121.01152243959753, 24.842208581784664], [121.01089981955569, 24.841384915555114], [121.01021020680412, 24.840467507528686], [121.00923197364605, 24.83913787850696], [121.00912970862066, 24.838998871780934], [121.00909957832981, 24.838957910961753], [121.0085698253905, 24.838275625546054], [121.00805863975319, 24.837601345539287], [121.00805551301039, 24.837597219647094], [121.00791356306812, 24.83740997449311], [121.00735282051885, 24.83663803245447], [121.0070684206934, 24.836262023845535], [121.00694568889217, 24.836099767940958], [121.00690648681467, 24.83604792764451], [121.00644219792048, 24.83541369954966], [121.00643699345123, 24.835406666508536], [121.0058609731734, 24.834628570855838], [121.00580608950305, 24.83455442124596], [121.00552891111793, 24.83416816187893], [121.0050618168787, 24.833541242592226], [121.00442592572496, 24.832690309631978], [121.00378133654023, 24.831823393491664], [121.00339363731486, 24.831293849104444], [121.00323892857425, 24.831082538456034], [121.00315077520727, 24.830954569143916], [121.00276886841968, 24.830400122106663], [121.00228353712525, 24.829659813138935], [121.00192975419584, 24.82906984495807], [121.00163028915021, 24.82855173386113], [121.00138855399926, 24.828111628628182], [121.00128504985005, 24.827923193832962], [121.00119953193503, 24.827757249038882], [121.00110712852126, 24.827577978042395], [121.00071629642224, 24.82677458020268], [121.00040651305292, 24.82607557868101], [121.00013306995596, 24.82540335523426], [120.99988755739523, 24.824774026104727], [120.99987888135148, 24.82475131015336], [120.99977561985591, 24.824480939728037], [120.99957944601366, 24.823967248336672], [120.99934076511929, 24.823333801167596], [120.99934064640767, 24.823333476137616], [120.99932550078371, 24.823293271729487], [120.99921998621105, 24.823013249287513], [120.99921782962673, 24.823007588345963], [120.9990051597122, 24.822450351086687], [120.9990049123997, 24.822449701026002], [120.99900470465742, 24.82244913222298], [120.99888769645874, 24.822142538274168], [120.99880862623417, 24.821934834765514], [120.9986118075129, 24.821417864543506], [120.9984587537475, 24.821019602509338], [120.99837553018378, 24.82080306872728], [120.99830108131694, 24.820607959860034], [120.99809960758937, 24.820079982955434], [120.99791253829457, 24.81959503625676], [120.99782635860834, 24.819388650234536], [120.99774325562517, 24.81918964057089], [120.9976128388847, 24.818913372362136], [120.99743915440939, 24.81858542357565], [120.99738079140704, 24.818482794442122], [120.99732344045314, 24.81838195928586], [120.99730534500351, 24.818350144874156], [120.99711681320579, 24.818043439723223], [120.9969625178628, 24.81781206968691], [120.99674360843657, 24.817504966165032], [120.99650193799684, 24.817195505313983], [120.99618277459757, 24.81682583936819], [120.99590934201554, 24.816543290988555], [120.9954959102102, 24.816148395014377], [120.995150040474, 24.81585902642535], [120.99463737578324, 24.815452324403896], [120.994258294484, 24.815156464575434], [120.99423445333896, 24.8151378520891], [120.99422770715272, 24.81513258815136], [120.9942198530892, 24.8151264574243], [120.99417097887161, 24.815088311471097], [120.99389988473648, 24.814876731516602], [120.9930543142515, 24.81422425137772], [120.99294441442214, 24.81413870017759], [120.99293054044979, 24.814127901307806], [120.9929186210623, 24.81411861030674], [120.992907740294, 24.814110149985886], [120.99281136346366, 24.814035123975344], [120.9918151802599, 24.813259644448877], [120.99145916312864, 24.81298438921096], [120.99136613822982, 24.812912460165414], [120.99132581092178, 24.81288128204518], [120.99128566167944, 24.81285023935345], [120.99108493456148, 24.812695040178227], [120.99098905841183, 24.8126209041334], [120.9903242624727, 24.81210014657289], [120.98984125093057, 24.81174454079401], [120.98983164651447, 24.811737470739477], [120.98982187394824, 24.811730274272332], [120.98981880765741, 24.811728016911058], [120.9895088746747, 24.811509241289727], [120.98858897533808, 24.81094679079359], [120.98598322082354, 24.809530115510018], [120.98554006198484, 24.809288476672073], [120.98554006198484, 24.809288476672073], [120.98554006198484, 24.809288476672073], [120.98305861592358, 24.80793533259871], [120.9830555121833, 24.80793364479908], [120.97881242681967, 24.8056197098726], [120.97450476647768, 24.803096188933676], [120.97418854560782, 24.8029058926563], [120.96859531246558, 24.799539756407064], [120.96706857266365, 24.798574340444276], [120.96664772366344, 24.79833376979909], [120.9666471599753, 24.79833344464294], [120.96615929387166, 24.79801576222895], [120.96569132366092, 24.79772266772539], [120.96481813654954, 24.79717107773518], [120.9643585738519, 24.796898575311644], [120.9642354741369, 24.79683078609595], [120.9641417636372, 24.79678379675216], [120.96401348925534, 24.79672321998648], [120.96387663875656, 24.796666234434436], [120.96348189474011, 24.79652400997699], [120.96298138064208, 24.79638351893368], [120.96260627434712, 24.79629755440001], [120.96224729053752, 24.796276102540382], [120.961842108298, 24.796252814265006], [120.96102290187868, 24.79627010966333], [120.96079693858907, 24.796276506111994], [120.96065560025164, 24.796280504818466], [120.95923597534886, 24.796320645356527], [120.95915649547536, 24.79632289528946], [120.95907991951553, 24.796325062910824], [120.95893238947883, 24.79632922984061], [120.95878494844818, 24.796333396649455], [120.95856741480249, 24.796339543765548], [120.95805866251276, 24.7963539246018], [120.95805552715476, 24.796354004980742], [120.95798891309892, 24.796355891336592], [120.95637832933004, 24.79639216443287], [120.95636827047306, 24.796392390827783], [120.95634362281233, 24.79639294341482], [120.95631961804904, 24.796393478128202], [120.9562650499844, 24.796394707239365], [120.95514850769248, 24.79641984744602], [120.95362687617852, 24.79643642070885], [120.95262807314016, 24.79632369245155], [120.95215119999757, 24.79623687495399], [120.9516094861791, 24.796095095788314], [120.95125566234151, 24.795986330464338], [120.95093742567276, 24.795877088427734], [120.95051505211907, 24.795691690957433], [120.94920554121025, 24.795103994168617], [120.94728798785512, 24.794229630692957], [120.94726296980517, 24.79421821872104], [120.94723778365251, 24.79420673445663], [120.94652606663082, 24.793882200584903], [120.94455034955773, 24.792977742896646], [120.94283417668507, 24.792193782294262], [120.94243671033475, 24.792054074410242], [120.94208630516225, 24.79193064605673], [120.94200743318983, 24.791902868728585], [120.94194472342453, 24.791884706800968], [120.93947953623292, 24.791170873823283], [120.93925711954937, 24.7911047645653], [120.93911468253216, 24.79106243012479], [120.9390987289666, 24.79105768992276], [120.93707355111552, 24.79044732927059], [120.93533248210781, 24.78992209587612], [120.93416165959226, 24.789502816706477], [120.9340265588813, 24.78945443507434], [120.93305549174057, 24.789106685045535], [120.93271403425831, 24.788984401619857], [120.93071130819112, 24.78823916740358], [120.92940373100339, 24.787753610431285], [120.92935653916807, 24.787736084353718], [120.92917198912957, 24.787667548358183], [120.92908186133133, 24.787634081680743], [120.92898878700302, 24.78759952108643], [120.92889653342087, 24.787565258768957], [120.92878732454494, 24.78752414733287], [120.92768426239076, 24.787108885460377], [120.92686217796034, 24.786799390736054], [120.92489173259989, 24.78605511457214], [120.92378639806763, 24.785633370037836], [120.92318702279414, 24.785384712988613], [120.92268861139404, 24.78507685979103], [120.92207412497622, 24.784661259991005], [120.92206023581359, 24.784651862977633], [120.9220254783135, 24.784628352363256], [120.9220134970626, 24.784620247434432], [120.9219924924253, 24.784602693848083], [120.92198309223681, 24.78459483403487], [120.92145435061705, 24.784153084251695], [120.92102808615734, 24.783715919049005], [120.92070476065926, 24.78334855340621], [120.92050570257773, 24.7830850282659], [120.92045007120687, 24.78301137919116], [120.9204339647966, 24.782990063043155], [120.92025779580901, 24.782721006140328], [120.9199710246454, 24.782249079597644], [120.91977388893275, 24.781846314782168], [120.91959226514582, 24.781375942524388], [120.91943523107629, 24.78093110722329], [120.91929141272458, 24.780360220951337], [120.91905970007973, 24.779025906162964], [120.91849178592139, 24.77555482942511], [120.91848417015957, 24.775508279889383], [120.91843670277171, 24.7752181518315], [120.91812373693283, 24.77333381922381], [120.91812368769607, 24.773333503194117], [120.91800864135705, 24.772640861443865], [120.9178286881341, 24.77160076139074], [120.91771609707973, 24.77110362707414], [120.91761545886645, 24.770746452382323], [120.91751299424072, 24.77044551608861], [120.91738489476886, 24.770121054959326], [120.91702549992037, 24.7693152032155], [120.91701187114894, 24.76928465082024], [120.9170024416997, 24.769263509512665], [120.91699622090101, 24.76925005336854], [120.91698064918124, 24.769216340766853], [120.91697031084338, 24.769193934941505], [120.91410548528846, 24.762991156568283], [120.91346366196731, 24.761625556675174], [120.91345256534184, 24.76160194662805], [120.91342758586113, 24.761548789477153], [120.91340125375498, 24.761492760424606], [120.91339406105566, 24.76147745629202], [120.91286241337285, 24.76034624993099], [120.91246604392063, 24.759482941586235], [120.91243554735438, 24.759416517921814], [120.91156669014075, 24.75752409541132], [120.91032193705612, 24.755057409048888], [120.90958066424895, 24.753546138030327], [120.90955077376981, 24.753485189086035], [120.90954095046918, 24.753465166587315], [120.90953168497362, 24.753446285649023], [120.90923014099337, 24.752831499800624], [120.90885323970699, 24.752075137589017], [120.90805868021808, 24.750517440372313], [120.90805555055185, 24.750511307980695], [120.90782164606394, 24.750052751274005], [120.90695861791109, 24.748333401408892], [120.9069584500771, 24.748333076272246], [120.90667166448462, 24.747761725636575], [120.90576837979692, 24.746199767487084], [120.90542687897614, 24.74569791883198], [120.90522977855498, 24.74543825583682], [120.90499165982966, 24.74513921055289], [120.9049749872159, 24.74511827149713], [120.90495499588738, 24.7450931681123], [120.90494287664426, 24.74507794709635], [120.90491104264912, 24.74503797498264], [120.90478631445785, 24.744881320383598], [120.90387350190757, 24.74387492436069], [120.9035085339734, 24.743553404133877], [120.9031431828807, 24.743205672489815], [120.90272994745501, 24.74286639584281], [120.90251767189076, 24.74270782257713], [120.90248965045394, 24.74268688488771], [120.9024547224767, 24.74266078731947], [120.90235725026777, 24.74258797071193], [120.90204310695333, 24.74235329079064], [120.90189414767308, 24.742242005110416], [120.90185248005207, 24.74221260751954], [120.90182125651711, 24.74219058416542], [120.90179352093857, 24.74217101889245], [120.90147851968297, 24.741948805833267], [120.90087855301581, 24.741569304807594], [120.90077644347522, 24.74151201343997], [120.9007194843217, 24.741480050291734], [120.90063497453941, 24.74143262980827], [120.90056485281478, 24.74139328143874], [120.90044540091216, 24.741326254444928], [120.8993915890832, 24.740779423679207], [120.89937579748786, 24.74077123308951], [120.8993577132513, 24.740761849172305], [120.89873119989838, 24.74043674662464], [120.89789127848078, 24.7400009038498], [120.89684365265069, 24.73947249592688], [120.89642583836373, 24.739301980954814], [120.89454901482091, 24.738605048194927], [120.893520373821, 24.738230388944164], [120.89292558383131, 24.738008085279084], [120.89240810864955, 24.737815286343828], [120.89190190306773, 24.73759050510139], [120.89155217817446, 24.73741811153519], [120.89097644751209, 24.73712577837193], [120.88984697821498, 24.73653247207479], [120.88983101989119, 24.736524090753115], [120.88981809513442, 24.73651730070866], [120.88980517037906, 24.73651051066309], [120.88979279897967, 24.73650400994126], [120.88956231764043, 24.736382937148814], [120.88848479591317, 24.735829628838076], [120.88698574714647, 24.73504298315656], [120.88650771061184, 24.734792771081686], [120.88583885319264, 24.734443530073868], [120.88490213153439, 24.733938850383215], [120.88445592630555, 24.733698298828966], [120.88427886374019, 24.733588767025765], [120.88427868886953, 24.733588653129285], [120.88427646586898, 24.733587279052266], [120.88397006784109, 24.733397737657146], [120.88305864407062, 24.732760813697258], [120.88305551239304, 24.73275861728228], [120.88268768341842, 24.732501571962416], [120.88224361417592, 24.732196749233566], [120.8815750547502, 24.731727100783324], [120.8811710538239, 24.73144625060045], [120.8811602956351, 24.731438775344056], [120.88115303459783, 24.73143373157759], [120.88115134529693, 24.731432556508363], [120.88114072542129, 24.731425171647118], [120.88113039203688, 24.731417985643528], [120.88110953755921, 24.731403496112353], [120.88110113057517, 24.73139764788092], [120.88104959210442, 24.731361817259643], [120.88049868185372, 24.73099197920283], [120.88000427644491, 24.730646363187255], [120.87957244605845, 24.730354417224518], [120.87912410320544, 24.730058357675354], [120.87865181779523, 24.729744355445447], [120.8783083935177, 24.72951813402055], [120.87802654714038, 24.729331390223226], [120.87785815301326, 24.729217753414527], [120.87760045041941, 24.729048607348854], [120.8770576660649, 24.72868925457585], [120.8765546945035, 24.7283581021447], [120.87619368635436, 24.72811763215528], [120.87588605684168, 24.727909907423793], [120.87569179956249, 24.727773819480074], [120.87532088735018, 24.72749614996383], [120.87481463501308, 24.727074512358335], [120.87460022883323, 24.726864993823778], [120.8741801193692, 24.72643427096063], [120.8739391239572, 24.726166439877044], [120.87376032221033, 24.725981002505065], [120.87331727711974, 24.725353405136467], [120.87272068099243, 24.72447577077233], [120.8720897290585, 24.723602420382605], [120.87188341046065, 24.723333839027067], [120.87188312417034, 24.72333347763442], [120.87157663901523, 24.72293451704645], [120.87157646132052, 24.722934291176745], [120.87156283848893, 24.72291655616822], [120.87156267067904, 24.722916330306965], [120.87113282292185, 24.72235676887906], [120.87044080653172, 24.72143449555181], [120.87044062885049, 24.721434260652035], [120.87043427188473, 24.721425786236296], [120.87042740162698, 24.721416625195342], [120.87042721407049, 24.721416381258308], [120.87041979102908, 24.721406488414424], [120.8703280269427, 24.72127731669524], [120.87032785912788, 24.721277099861254], [120.87032226269828, 24.72126920393523], [120.8703096682117, 24.7212514877566], [120.8702923458713, 24.72122711333327], [120.87029220769188, 24.721226914582285], [120.86999968335475, 24.72081518714747], [120.86966731252114, 24.720245530507793], [120.86935176792011, 24.719609869855123], [120.86916697593641, 24.719222603002887], [120.86899741328322, 24.718876736800798], [120.86887411757917, 24.718599908226857], [120.86879217353625, 24.718403651790094], [120.86871771353724, 24.71820618297879], [120.86862677562831, 24.71792474174014], [120.86857008264474, 24.71774208645642], [120.8685334455763, 24.717615571177234], [120.86849460124765, 24.717454392739988], [120.86843717367415, 24.717199886286895], [120.8683930550228, 24.71696001798945], [120.86835432842382, 24.716715459474955], [120.86832682090962, 24.716489446731927], [120.86830116177163, 24.716216540480254], [120.86828246463625, 24.715865280149846], [120.86828146767208, 24.715685535704424], [120.86828486595644, 24.715443108773734], [120.86829813567391, 24.71519400925517], [120.86831467238719, 24.7150056667947], [120.86831511156494, 24.71500160426003], [120.86831518142853, 24.715000963282833], [120.8683175373251, 24.71497888112237], [120.8683200429745, 24.71495538158554], [120.868320112838, 24.714954740608338], [120.86833933933092, 24.714774508283018], [120.8683666582907, 24.714530946636422], [120.86843918214029, 24.714160462870197], [120.86856426542592, 24.713642875138607], [120.86883343618264, 24.71264504959554], [120.8690757198302, 24.711740331165153], [120.86908902614124, 24.711690630667597], [120.86908922461248, 24.711689872428664], [120.86909651775883, 24.711662648185442], [120.86910381089254, 24.711635432970457], [120.8691040192664, 24.71163465668271], [120.86911451744227, 24.711595445099952], [120.86923878823993, 24.711131387162464], [120.86945707558955, 24.710342720191658], [120.8695754894661, 24.709957630989493], [120.8697072003021, 24.709597147447656], [120.8698304432574, 24.709300101231282], [120.8699475102329, 24.709048780009343], [120.87006304148424, 24.708819668005887], [120.8701868179369, 24.708597542238852], [120.87030411701387, 24.708397531126987], [120.87057356599661, 24.70798573813528], [120.87097320698793, 24.707451979297403], [120.87154204143184, 24.70678286122075], [120.87214486820814, 24.706085437741606], [120.87214542234614, 24.706084788145677], [120.87214953873635, 24.706080024487058], [120.87220436781087, 24.70601659926693], [120.87226610365282, 24.705945171427768], [120.872266667673, 24.705944521839783], [120.87227975894909, 24.70592937375613], [120.87228768495329, 24.70592020731896], [120.87364657731892, 24.704348057266536], [120.87364714132475, 24.704347407673165], [120.8737035223932, 24.70428216841872], [120.87370702517921, 24.70427811746876], [120.8737954952296, 24.704175761002638], [120.87379865169315, 24.70417210702317], [120.87384878893882, 24.7041141034994], [120.87384935294253, 24.704113453905236], [120.87636042060915, 24.701208121710714], [120.87636664418186, 24.70120092191112], [120.87640304565005, 24.701158796752775], [120.87645239881827, 24.701101703584413], [120.87645295290291, 24.70110106300069], [120.87647857932247, 24.7010714247155], [120.87741000656291, 24.699994952456244], [120.877432792887, 24.69996860716965], [120.87743336672759, 24.699967966598315], [120.87744840589198, 24.699950580513033], [120.87746383091259, 24.699932761362113], [120.87746438499569, 24.699932111745802], [120.8775021510602, 24.699888470598616], [120.8775594184952, 24.699822291579675], [120.87755997257732, 24.699821641962988], [120.87756935223783, 24.69981080610748], [120.87814935472397, 24.699140461345387], [120.8788527224947, 24.698333618172004], [120.8788530786793, 24.698333203137746], [120.87949804463561, 24.697593339006666], [120.87957168359519, 24.697508862061], [120.87964366030796, 24.697426297836948], [120.87991876382526, 24.69711072912322], [120.88026200605199, 24.69667258596335], [120.88047020307744, 24.696354200018078], [120.88068192110302, 24.695969536606782], [120.88083624197552, 24.695602929938282], [120.88096114895616, 24.695207534208045], [120.88107573493093, 24.694638074148244], [120.88109260664369, 24.694094304608626], [120.88107646916112, 24.693635433210545], [120.88107645010739, 24.693634683810036], [120.8810748333645, 24.69358883458695], [120.88107319738047, 24.693542434595155], [120.88107157126294, 24.69349605266837], [120.88106971395732, 24.693443359468635], [120.88106969490366, 24.693442610068107], [120.88106716484312, 24.69336988156007], [120.88100461455369, 24.6924584347657], [120.88100011123858, 24.6923927741877], [120.88099818122573, 24.69236465715651], [120.88099664120159, 24.692342129225406], [120.88099509129562, 24.6923196012864], [120.8809932879981, 24.692293335247385], [120.88099324905166, 24.692292721262078], [120.88098875552754, 24.692227169034982], [120.88095809988766, 24.691780357430446], [120.88067588188119, 24.686528834575967], [120.88060819, 24.68419335], [120.88030638, 24.68191671], [120.88018522214658, 24.680593592261335], [120.88010264695022, 24.67935951206256], [120.8801022182484, 24.67935315547536], [120.88009899094625, 24.679307738250746], [120.88009894220428, 24.679307042997536], [120.88009778188975, 24.6792907632221], [120.88009677747549, 24.679276785904158], [120.88009672874216, 24.679276081622195], [120.88009522713962, 24.679255034390415], [120.88003731953484, 24.67844206589486], [120.87999578657823, 24.677855497477857], [120.87997255059292, 24.6773963574815], [120.87993882123939, 24.676905960528003], [120.87989455493333, 24.67642996501177], [120.87984840875257, 24.67604969990252], [120.87984092606146, 24.676011258480944], [120.87983704698092, 24.67599141286949], [120.87983686507431, 24.67599048005295], [120.87982665875505, 24.675938023814144], [120.87981819283088, 24.675894507440447], [120.8798128929604, 24.675867335657287], [120.87980782913927, 24.675841310715416], [120.87980774063352, 24.67584086823528], [120.87979857650595, 24.67579386619939], [120.87978959926883, 24.67574775815961], [120.8797895206443, 24.675747315687374], [120.8797216556031, 24.67539885047854], [120.87961174861125, 24.674925339291306], [120.87946548350448, 24.674458895431588], [120.87926602369097, 24.673927500875802], [120.8790083680985, 24.673333562053006], [120.87900822021615, 24.673333218840863], [120.87894156378329, 24.673179567799412], [120.87890269717295, 24.673102972549547], [120.878875724297, 24.67304982555252], [120.87870903539212, 24.67272137808288], [120.87844628258073, 24.67228430889673], [120.87844602609977, 24.67228387530845], [120.87842593128724, 24.67225044358613], [120.87839640562741, 24.6722013393189], [120.87834620319916, 24.672117827734276], [120.87828721124171, 24.6720196914393], [120.87768576744688, 24.67110770384748], [120.87693122558065, 24.669980414829936], [120.87682247246823, 24.669816363274297], [120.87678798091622, 24.669764347343552], [120.87675586708752, 24.669715926804926], [120.87643954494001, 24.669238767428972], [120.87621230917146, 24.66890070577997], [120.87610371355835, 24.66873914575622], [120.8759348270584, 24.668487898252955], [120.87591255970213, 24.668454572732504], [120.87590509115556, 24.6684434521485], [120.87589704050924, 24.668431473350164], [120.87588766782468, 24.668417525187493], [120.87564378144215, 24.66805457463383], [120.87515640725552, 24.667329539392533], [120.87484867380851, 24.66687173234583], [120.87454933829689, 24.666426409422563], [120.87406301261294, 24.6657029153124], [120.87397894824497, 24.665577850501993], [120.87392386897146, 24.66549589527021], [120.87390961351386, 24.66547445803035], [120.87390916957325, 24.665473789528626], [120.87389127381098, 24.66544686876699], [120.87387293411616, 24.66541927950132], [120.87387249018506, 24.66541860197071], [120.87380305788018, 24.665314162028743], [120.87361146366739, 24.665025892842344], [120.87360694536059, 24.66501909940424], [120.87359586663335, 24.665002441026793], [120.87358474845183, 24.6649857194139], [120.87357597821035, 24.66497253002605], [120.8735738670439, 24.66496935012155], [120.8729800898239, 24.66407605711765], [120.87276942021118, 24.663729932367573], [120.87268864076471, 24.663622259011582], [120.87266573010054, 24.663591713311174], [120.87261330793697, 24.663521822277204], [120.87260477315213, 24.663510474900345], [120.87259620878349, 24.663499073325255], [120.87248029382214, 24.66334488992688], [120.87220129048079, 24.66298494649185], [120.87193732279454, 24.662647677568266], [120.87165487223912, 24.66230919155683], [120.87155492927208, 24.66220936527054], [120.87151766043219, 24.662172143880046], [120.87147678909332, 24.66213132594605], [120.87146273433058, 24.662117292234825], [120.87140170869283, 24.662056331896643], [120.87127413045141, 24.661928898856832], [120.87093485667705, 24.661597134362356], [120.8705194413085, 24.66124491652344], [120.8703150172804, 24.661080588043294], [120.87030721861879, 24.66107431534132], [120.87030658682643, 24.661073809184515], [120.87028692234803, 24.661058000879965], [120.87026794889945, 24.661042743924817], [120.8702673171074, 24.66104223776784], [120.87025895576201, 24.661035513138714], [120.870105638205, 24.660912264280505], [120.86952418916768, 24.660490504873657], [120.86900159490612, 24.660166648417405], [120.86838661866767, 24.65984123756278], [120.86818148839122, 24.659742734367377], [120.86817444763037, 24.659739351427984], [120.86811887202454, 24.659712667768314], [120.8681183684103, 24.659712423549312], [120.86809001775187, 24.659698810354246], [120.86806290144938, 24.65968579413694], [120.86806240770566, 24.659685558955196], [120.867702065645, 24.659512512588083], [120.86760771301702, 24.659475510816574], [120.86753081082986, 24.65944535012637], [120.86720024946366, 24.659308145968055], [120.86692800829601, 24.65920902195301], [120.86691970260533, 24.65920599898578], [120.86691407329914, 24.659203953496473], [120.8664122466808, 24.659030327225956], [120.86580092104641, 24.65882264429775], [120.86473919418282, 24.65855630047528], [120.86373605326239, 24.658331200608668], [120.86355021508655, 24.65828650204673], [120.86350705205814, 24.658276115868315], [120.86350648906269, 24.65827597992527], [120.86348092706457, 24.65826983519354], [120.8634531229673, 24.658263146693486], [120.86345263898987, 24.6582630288796], [120.86342608929277, 24.65825663946404], [120.86290133816844, 24.658130426871736], [120.86263301977347, 24.658072379601542], [120.86197959364338, 24.65791352445631], [120.86174600266614, 24.657841609495875], [120.86086468859463, 24.65758037453404], [120.85805548503113, 24.656539764673745], [120.85783895052609, 24.656459551470448], [120.8557670739986, 24.65567452842226], [120.85507594972555, 24.655433988736824], [120.85464252468122, 24.655299501805196], [120.85437055472227, 24.655229671764083], [120.85400250095088, 24.655148335544137], [120.85366686439421, 24.655098964785328], [120.85320076913344, 24.655067198428682], [120.85286714807428, 24.655060353406252], [120.85254472184869, 24.65506915647369], [120.85210472083281, 24.655110978813834], [120.85182002832056, 24.655149657569247], [120.85129757512019, 24.655264583508927], [120.85086050316067, 24.655392973030107], [120.8505670184389, 24.655505044650933], [120.85056429045724, 24.655506089276727], [120.85044819294151, 24.655550639159326], [120.85030462562816, 24.655615720120725], [120.85003458259624, 24.655745465303458], [120.84966368630724, 24.655943384760832], [120.8483053615006, 24.65677682054702], [120.84720664549809, 24.65746459403806], [120.8470487825099, 24.657575008859478], [120.84650387560885, 24.65799095064712], [120.84555462054412, 24.658709986643558], [120.84545548176091, 24.658794691986152], [120.84524955746822, 24.658955598521025], [120.84352848251322, 24.66027245936507], [120.8433792027057, 24.660387312327835], [120.84322019852425, 24.66051982429759], [120.8430199904825, 24.6606716417103], [120.84297877123058, 24.660703506316995], [120.8429780196367, 24.66070408337289], [120.84292093764007, 24.660748228571368], [120.8429089417119, 24.660757506635317], [120.84280011791374, 24.66084165833807], [120.84279486661354, 24.66084570676199], [120.842730980513, 24.660895117569982], [120.84273023880804, 24.660895685606185], [120.84270678092854, 24.660913826937595], [120.84252805039863, 24.66104217330435], [120.84229346696772, 24.66119513647194], [120.84200458807256, 24.66137530004147], [120.84182874207485, 24.661479370236542], [120.84175988218193, 24.66151586424955], [120.84157310509731, 24.66161483943314], [120.84133530860667, 24.661728603812808], [120.84114309041264, 24.661817081282116], [120.84089950378282, 24.661915020442642], [120.84069203864166, 24.661996917271143], [120.84069113913934, 24.66199725038188], [120.84046263666502, 24.662081147029614], [120.84017097840879, 24.662182501000014], [120.83971026358186, 24.66233733211556], [120.83912681004, 24.66254450564243], [120.83908497868019, 24.662559358314606], [120.83907645823236, 24.66256236479759], [120.83907365103185, 24.662563354955395], [120.83879765557066, 24.662660696188986], [120.83876040080472, 24.662673829185795], [120.83742448240739, 24.66314496430298], [120.83321080406039, 24.664617487794654], [120.83305857223522, 24.664667771449373], [120.8330555277922, 24.664668779288018], [120.83300972279442, 24.664683914763796], [120.8326594349211, 24.66478400612551], [120.83213881916463, 24.66491531752778], [120.83161688912635, 24.665016532783675], [120.83102962857359, 24.665096897582643], [120.83097426562927, 24.66509985994424], [120.83087326257564, 24.665105271883142], [120.83040119029636, 24.66513055296796], [120.82984832320044, 24.665129584769502], [120.82963772334088, 24.665124235838597], [120.82901119135715, 24.665078226813115], [120.82831923710988, 24.66497143104783], [120.8279947365695, 24.664902540634852], [120.82763278270784, 24.664817661767415], [120.82749175169668, 24.66478236899757], [120.82667927936222, 24.664541395312792], [120.82551888246513, 24.66419917137417], [120.82452204779366, 24.663899257798217], [120.82440211445457, 24.66386277691697], [120.82355123231683, 24.66361335372637], [120.82247514773184, 24.66330035014189], [120.82094534934318, 24.662839837723897], [120.82094402598518, 24.66283943888139], [120.82094380872745, 24.662839366392397], [120.82092350387708, 24.662833383211794], [120.8209044435652, 24.662827645288427], [120.82090323871635, 24.66282728270188], [120.82088681524151, 24.6628223424502], [120.82088669673264, 24.662822306193892], [120.82086738952638, 24.662816495741428], [120.82084822059085, 24.662810721566387], [120.82084809220197, 24.662810685298282], [120.82080610027128, 24.662798049131744], [120.82053288631099, 24.6627158141291], [120.8204900472938, 24.662701407225445], [120.8201748287398, 24.662601966738016], [120.8200559935584, 24.662566215036374], [120.81967152469464, 24.66244060645503], [120.8188437647596, 24.662099732070974], [120.81882363449111, 24.66208931569577], [120.81856672539776, 24.66196606106257], [120.81843472885586, 24.661897752532486], [120.8183240195506, 24.66183920263076], [120.81808818636054, 24.6617084878177], [120.81804653089023, 24.661682299117583], [120.8178173421235, 24.661548477002405], [120.81764704630734, 24.661443130503947], [120.81740946943764, 24.661289560713648], [120.81731462087818, 24.6612225423045], [120.81710230755203, 24.661075900714533], [120.81698974540016, 24.66098804021331], [120.8169622808821, 24.66096660859521], [120.81680820956653, 24.66085435584682], [120.81611394062823, 24.66032090116024], [120.81582896211599, 24.660088025403628], [120.81581732667875, 24.660079244214046], [120.81581720824025, 24.660079162810018], [120.8157964637937, 24.66006351762279], [120.81577309421135, 24.660045900944056], [120.81548033356954, 24.65982516769722], [120.81507421609264, 24.65952199724643], [120.81485641602639, 24.6593546427694], [120.81378838066526, 24.658516934564968], [120.81298615139694, 24.657898181290825], [120.8122576053144, 24.65734346653015], [120.81171464403727, 24.656913577815388], [120.81115838479057, 24.656486225563153], [120.81034966431545, 24.65587181993595], [120.81031176530917, 24.655839954734656], [120.81030827240804, 24.65583701597705], [120.81029374825037, 24.65582479978129], [120.81027917475271, 24.655812547406768], [120.81026872565192, 24.655803758255118], [120.81024113767434, 24.6557805465818], [120.80993822276785, 24.65553897837812], [120.80978749346941, 24.655400855222766], [120.80965215935919, 24.6552740012576], [120.80951375460978, 24.655133076459872], [120.80931918319743, 24.65492219762957], [120.80909863477275, 24.65466243992242], [120.80896673723683, 24.654505063438958], [120.80891268666595, 24.654433947359447], [120.8087359086242, 24.654172159110654], [120.80872388295099, 24.65415433907723], [120.80871296129122, 24.654138145626078], [120.80870201990307, 24.654121934091464], [120.80855150224787, 24.653898867310385], [120.80847475458475, 24.653766109846266], [120.80842676232072, 24.65368741714314], [120.80805856081983, 24.653098759250277], [120.80805553527208, 24.653093924995368], [120.80751732730604, 24.65223346317], [120.80686025385945, 24.651178448213958], [120.80683652093072, 24.65114204080086], [120.8062712330299, 24.6502100678166], [120.80626587247491, 24.650201221740595], [120.80625600864158, 24.650184957238828], [120.80625052979114, 24.650175948491913], [120.80624660760648, 24.650169677469023], [120.80624207439932, 24.650162448608647], [120.80615177496051, 24.65001847315797], [120.80550788797235, 24.648966785364333], [120.80512095582499, 24.64833356138099], [120.80500417968275, 24.64814245139325], [120.80384869734202, 24.64625278675806], [120.80299351604975, 24.644894791581354], [120.8022413800748, 24.643744578920362], [120.8021083658119, 24.64352933841244], [120.80210817858978, 24.643529040216322], [120.80208406732409, 24.643490022215026], [120.8020597787157, 24.643450715055366], [120.8020595914938, 24.643450416859203], [120.80067391, 24.64120803], [120.79928824, 24.63896565], [120.79842654167943, 24.637570120134114], [120.7984263643384, 24.637569830975323], [120.7984168172826, 24.637554387985837], [120.79840712252228, 24.63753865587665], [120.79840693530329, 24.63753836670458], [120.79810069288163, 24.63704238394444], [120.79700778742368, 24.63528902134776], [120.7961561388891, 24.633917805179053], [120.79601183699084, 24.63368511824223], [120.79555687246997, 24.632953782591176], [120.79526612758498, 24.63248999353979], [120.79497492773514, 24.63202182432598], [120.79496978512422, 24.632013546944542], [120.79496959792132, 24.632013257768087], [120.7949617066515, 24.632000570590137], [120.7949524558555, 24.63198568756245], [120.79495226865268, 24.63198539838597], [120.794947510269, 24.631977735485265], [120.79489111877363, 24.63188708177734], [120.79473733293095, 24.631633948494287], [120.79457650001319, 24.631359696113474], [120.79426269181518, 24.63072494953388], [120.79419235873804, 24.63057732287331], [120.79393482145514, 24.62995755908724], [120.79367394259879, 24.62917270781084], [120.79343084692287, 24.62848955367462], [120.79332488429873, 24.628182329842065], [120.79319030191687, 24.627770558294976], [120.79292464825653, 24.626963740946344], [120.79264226282095, 24.626134941965997], [120.7923361229612, 24.625218710846692], [120.79233261357248, 24.62520858472146], [120.79200969409247, 24.624276285510973], [120.79171785522196, 24.623401767716487], [120.79169499511335, 24.623333777203687], [120.79169487618768, 24.623333424012998], [120.79164296210776, 24.62317904092904], [120.79158134743314, 24.62299583348953], [120.7914796428247, 24.622693417400956], [120.79137250453427, 24.622386190377522], [120.79125088571782, 24.622056136428043], [120.79115915660708, 24.621831986541956], [120.79092415869579, 24.62133241264288], [120.79073237418388, 24.620962886112224], [120.79058940271443, 24.620711244100352], [120.79040940350541, 24.620430297051705], [120.79040923598258, 24.620430068389656], [120.78980777603984, 24.61960781872193], [120.78965135994191, 24.61940694401872], [120.78933186703668, 24.61899661645644], [120.78907497724998, 24.61866668718263], [120.78832324279291, 24.61772762908684], [120.78810296659883, 24.61744091634286], [120.78773586101892, 24.61696534836786], [120.78771608227893, 24.61693972380361], [120.7876917013119, 24.616908142760785], [120.78767925461052, 24.616892017810557], [120.7876538890103, 24.616858665726436], [120.78763868345305, 24.61683867255095], [120.78665344646951, 24.615543252413435], [120.78663709812228, 24.61552175873288], [120.78627981083856, 24.615051979501576], [120.78627846081412, 24.615050198909284], [120.78625846652871, 24.615023905712317], [120.78625774717337, 24.615022956665843], [120.78623723059087, 24.61499599459245], [120.78619145762976, 24.614935797710842], [120.7861569382344, 24.614890405993016], [120.78584959728659, 24.614491013037625], [120.7855670430318, 24.61412323753434], [120.78538938001711, 24.613885896811578], [120.78538354660871, 24.61387810566011], [120.78537316078308, 24.613864231628117], [120.78535240886022, 24.61383650164769], [120.78534547183827, 24.6138272372249], [120.78534298870144, 24.61382392011046], [120.7853211528804, 24.613794743970313], [120.78530009548234, 24.613766625308024], [120.78528833940211, 24.613751277619414], [120.78451319397936, 24.61273893411816], [120.78449932922115, 24.61272089276241], [120.78449813686173, 24.61271934712867], [120.78445409887092, 24.61266199626855], [120.78429678821382, 24.612457169035377], [120.78395426598796, 24.612003043245753], [120.78390036674453, 24.611931629236548], [120.78389430678912, 24.61192359392316], [120.78389250357476, 24.611921207728084], [120.78387793009465, 24.611901901263103], [120.78387743741126, 24.611901250481285], [120.78386111987004, 24.61187962110599], [120.78385535551708, 24.611871983483148], [120.78385427162345, 24.611870546345713], [120.78351151556055, 24.61141641919451], [120.78346207060432, 24.61135090724578], [120.78333834537041, 24.611189700349872], [120.78328749946854, 24.611123454992235], [120.78321383704915, 24.611027486413047], [120.78305853589114, 24.610825156320935], [120.78305553049613, 24.610821231679203], [120.7828266370351, 24.610522997757634], [120.78281528548791, 24.61050821927133], [120.78280394383488, 24.610493431769616], [120.78267878161768, 24.610330362313466], [120.78243183944211, 24.610013482504154], [120.7823743610061, 24.609939733331295], [120.78211180186072, 24.609602804502302], [120.78190325156912, 24.609347601025462], [120.7818317084178, 24.60926939811281], [120.78183102828727, 24.609268647735526], [120.78163113574819, 24.609050140487373], [120.78133714080464, 24.608761550073535], [120.78110452354518, 24.608547617321975], [120.781041744125, 24.608496070800438], [120.78098467466434, 24.608449209486725], [120.78088358282295, 24.60836620493238], [120.78059058152206, 24.60813831520202], [120.78017551321456, 24.607856308533606], [120.779792959157, 24.607612874238722], [120.77961408262821, 24.60749902995239], [120.7794611586824, 24.60740266715057], [120.77945754816649, 24.607400395627998], [120.7794558317024, 24.607399309655246], [120.77944169546889, 24.607390404588354], [120.77944000860036, 24.607389336716427], [120.77942440251188, 24.607379508555], [120.77942271564363, 24.60737844068288], [120.77942019026334, 24.607376847910707], [120.77926405070454, 24.607278457741852], [120.7788847595925, 24.607051620882423], [120.77853158167649, 24.606846851798434], [120.77818210239265, 24.606667819454035], [120.77789979498151, 24.606540828198256], [120.77756329067094, 24.6064027682608], [120.7772277185575, 24.60627966066646], [120.77722241821002, 24.60627805472132], [120.77720607302389, 24.606273091766287], [120.77718646077099, 24.606267139832347], [120.77717504087043, 24.606263664890584], [120.77717261277753, 24.606262929961986], [120.7771638874507, 24.606260280630615], [120.77715137192386, 24.60625648805647], [120.77680374096906, 24.606150958819995], [120.77662370906337, 24.606106522784124], [120.77657899230749, 24.606095486404374], [120.77646990518912, 24.60606855400295], [120.77643292469473, 24.60606101419096], [120.77642940039254, 24.6060602956797], [120.77628212016326, 24.606030254666052], [120.77627876368284, 24.606029572516007], [120.77610381234929, 24.605993892330858], [120.77609213379564, 24.605991509408682], [120.77539344524206, 24.605893146807084], [120.77534717557896, 24.605889114103228], [120.77529468528594, 24.605884539398243], [120.77504755832811, 24.60586301573914], [120.77469305872485, 24.605850197275533], [120.77431899065215, 24.605856724467994], [120.77431672907525, 24.605856766220946], [120.77431312439417, 24.605856824017565], [120.77429519969533, 24.60585714023376], [120.77429160488974, 24.605857198044678], [120.77427393697074, 24.605857505614612], [120.77427034214894, 24.605857572453793], [120.77426125635535, 24.605857730374463], [120.7739894923324, 24.60586246895574], [120.77318616683223, 24.60594928240505], [120.77263937355345, 24.606049417582273], [120.77263436498929, 24.60605033095499], [120.77263092715842, 24.606050957778436], [120.77260403695709, 24.60605588300034], [120.77260058923406, 24.60605651883694], [120.77258253071987, 24.60605982318333], [120.77257905337, 24.606060458974685], [120.77255288432418, 24.606065249844914], [120.77237446253007, 24.606097926244022], [120.77237331659106, 24.606098132173596], [120.77237003681537, 24.606098732143682], [120.7723438578784, 24.606103522962464], [120.77234055833502, 24.606104131930806], [120.77229851397361, 24.606111824077786], [120.77229523419723, 24.606112424046213], [120.7722856121953, 24.606114188164646], [120.77203834454347, 24.606159463524705], [120.7713525243642, 24.60630664017245], [120.7707791790662, 24.60643034759726], [120.76984662202797, 24.606616254184388], [120.76922846433372, 24.60675282542999], [120.76908792292518, 24.606796643373848], [120.76908498818212, 24.606797559809745], [120.76908182616765, 24.60679854812736], [120.76907121367593, 24.6068018544462], [120.76906805166126, 24.606802842763525], [120.76905428702953, 24.60680713741357], [120.76905112503115, 24.606808116701746], [120.76904586819572, 24.606809751878377], [120.76882097004578, 24.60687988548229], [120.768370638011, 24.60705325949115], [120.76782491853528, 24.607321440994227], [120.7675650005, 24.607476642276726], [120.76718373682338, 24.607734520638502], [120.76665789459014, 24.608171513106637], [120.76586988192012, 24.608971821476484], [120.76521925672822, 24.609637395472312], [120.76505350421878, 24.60980460304642], [120.76492739448477, 24.60992346894504], [120.76478748396431, 24.610049725812686], [120.7646860038335, 24.6101423922938], [120.76453277088541, 24.610263030228232], [120.7644259285557, 24.6103500090222], [120.76429166149208, 24.610447093160367], [120.76414057977546, 24.61055244829325], [120.7641228117557, 24.61056364324597], [120.76412003332878, 24.61056539950749], [120.76410125676222, 24.61057723392177], [120.76409848824441, 24.61057897214081], [120.76407363078546, 24.61059464328906], [120.76407083258843, 24.610596408547465], [120.76392090658958, 24.610690921676174], [120.76373890163157, 24.61079685087204], [120.76360787254131, 24.61087309196875], [120.76344333878156, 24.610957397178883], [120.76325607079367, 24.611046713543473], [120.76301994624356, 24.611146462267698], [120.76283232845502, 24.611216717749596], [120.76260895774563, 24.611298329004104], [120.76233059818954, 24.611384683496286], [120.7620165198613, 24.61146420035845], [120.76179494086684, 24.611511819797173], [120.76145563293598, 24.611568281133902], [120.76121684932939, 24.61160041513985], [120.76119398181378, 24.61160282565764], [120.761190149166, 24.61160322587151], [120.7611297058114, 24.611609603589038], [120.76112587314609, 24.611610012830038], [120.76110416135576, 24.611612298765483], [120.76106338506472, 24.611616594937512], [120.76105955239898, 24.61161700417683], [120.7610051049815, 24.611622741290898], [120.76100132171243, 24.611623141578377], [120.7610007092821, 24.61162320380731], [120.76099778539408, 24.611623515171566], [120.76099687663314, 24.611623604016245], [120.76097990624834, 24.611625400880087], [120.76086804798487, 24.611637195358462], [120.76086415606208, 24.611637604498615], [120.76084188121195, 24.61163995270298], [120.76079893174314, 24.611644480098303], [120.7607950496959, 24.611644889252354], [120.76073957494782, 24.611650732982774], [120.76073376669034, 24.61165134673509], [120.76072988464269, 24.611651755887475], [120.76066630992369, 24.611658462505215], [120.76066242787562, 24.611658871655855], [120.76053711574387, 24.611672080068658], [120.7601079662315, 24.611717425378355], [120.7595013737174, 24.611778475985954], [120.75877497241979, 24.611850997346423], [120.7580585470838, 24.611922483893338], [120.75805551456351, 24.611922785996867], [120.75793349261897, 24.61193495921591], [120.75737377989388, 24.611975364574043], [120.75699502611087, 24.611989804432334], [120.75680095138944, 24.61199026738553], [120.75679574670403, 24.611990277031623], [120.75679258635004, 24.611990289981545], [120.75677024666994, 24.61199034416297], [120.75676704682942, 24.611990348019745], [120.75674223813262, 24.611990407234988], [120.75674173445678, 24.611990406420787], [120.75673902839864, 24.611990420103957], [120.75661559722667, 24.6119907171065], [120.7561902749551, 24.611970986875406], [120.75597990254556, 24.611952263256374], [120.75575885901844, 24.611925982978736], [120.75541161917411, 24.6118746320098], [120.75521251616527, 24.61184038707628], [120.75499775224635, 24.611794803300732], [120.7546187168583, 24.61170570350945], [120.75424028188816, 24.611597697445912], [120.75391196181506, 24.611492959559445], [120.75327232315479, 24.611276774036526], [120.75268095207865, 24.611074849375214], [120.75204277766386, 24.61085950975372], [120.75124126595719, 24.61056511224611], [120.75087452953606, 24.610407702474692], [120.75059322130618, 24.610274775051355], [120.75020906253772, 24.61006415517499], [120.7498649767581, 24.609860778824636], [120.74877935758565, 24.60914663454011], [120.74750958622752, 24.608305391221794], [120.74717373379805, 24.60808351350611], [120.74714000364393, 24.60806122793888], [120.74704572693393, 24.607998942355263], [120.74702462093, 24.607985011560075], [120.74692347998645, 24.607918181905312], [120.7469224641366, 24.607917512066066], [120.7465010758213, 24.60763913123689], [120.74650063199937, 24.60763884156781], [120.74602347311972, 24.607323600190256], [120.74592673187827, 24.60725969359284], [120.74586868242265, 24.607220771753536], [120.74550010960056, 24.606973671794655], [120.74547895507429, 24.60695948789461], [120.74546038445052, 24.60694704189087], [120.74487898701095, 24.60655725035054], [120.74475953438701, 24.606482966530457], [120.74472016072743, 24.6064584768529], [120.7444085648607, 24.606264695621466], [120.74413133652986, 24.606105082977077], [120.74387024022221, 24.6059723398954], [120.74366095040514, 24.60586923586251], [120.74338071018371, 24.605754020341873], [120.7431086183839, 24.605653020509365], [120.74272043409042, 24.605535759554108], [120.74231556666318, 24.605434982712012], [120.74197540184147, 24.605369040476877], [120.74158306835764, 24.605315955212056], [120.74121123546978, 24.605287489593902], [120.74083145879746, 24.605280172882903], [120.74046476913122, 24.605291070808832], [120.74007627041989, 24.605313414810926], [120.73986830280612, 24.605327528686942], [120.73983926476815, 24.605329500948365], [120.73981435526971, 24.60533119141955], [120.73979500645846, 24.605332503261657], [120.73978923836728, 24.605332890556834], [120.73876300004335, 24.605402530655937], [120.73739926093987, 24.60548367387325], [120.73604729258965, 24.605569141128452], [120.7352803467348, 24.605617795649184], [120.73487912578733, 24.60563112019507], [120.73458281761076, 24.605632611388245], [120.73440752561493, 24.60563334951059], [120.73417723204983, 24.605622343153936], [120.73394938661208, 24.605607160440748], [120.73366425635577, 24.605581240106574], [120.73329052227159, 24.60552777791862], [120.73305851307789, 24.605487712152073], [120.73305549227655, 24.605487192153223], [120.73288547865104, 24.605457835865927], [120.73244134443695, 24.605352547742843], [120.73204805024744, 24.60523785956693], [120.73145135467512, 24.605024574314488], [120.73100453453104, 24.604832727152687], [120.73062069480007, 24.604639303013816], [120.73017044466526, 24.60438572640873], [120.72960160249445, 24.604035751717838], [120.72879841908039, 24.603530969482527], [120.72810508514323, 24.603053630338717], [120.72743759568557, 24.602528166185603], [120.72688116572968, 24.602040433324564], [120.72637694403868, 24.601578254518206], [120.72637392824876, 24.60157548622481], [120.72636862597788, 24.60157061909445], [120.72636779809443, 24.601569868199494], [120.72634488395174, 24.60154886168106], [120.72634387866924, 24.60154794794515], [120.72634295225052, 24.601547097554167], [120.72632713410671, 24.601532595637174], [120.7263261781217, 24.60153171810596], [120.72632028452364, 24.601526308171078], [120.72631937779664, 24.601525484902147], [120.7262997554306, 24.60150749095059], [120.72593419406971, 24.601145502451548], [120.72541896017259, 24.600632910668697], [120.7246216494488, 24.59984024274208], [120.72351301172222, 24.59875009613717], [120.72309412296445, 24.59833377581061], [120.7230936992775, 24.598333350677805], [120.72250134574634, 24.597744611614775], [120.72249296060275, 24.597736271606454], [120.7224922905662, 24.597735611269083], [120.72247901816931, 24.5977224228152], [120.72247679131108, 24.597720215683363], [120.72246456338166, 24.597708058436623], [120.72216932985754, 24.597414619662743], [120.72200151047905, 24.59725188178047], [120.72178148858805, 24.597019724131876], [120.72154834878897, 24.59676302870947], [120.72139244605387, 24.596584213836856], [120.72112033017746, 24.596270446805466], [120.72090637036156, 24.596009081904786], [120.72061210654775, 24.59562920013263], [120.72028489693436, 24.595185179178884], [120.72003416068766, 24.59482916801227], [120.71970264053938, 24.5943449776532], [120.71917491673167, 24.593567842419922], [120.71879290341305, 24.593013573595712], [120.7183207469515, 24.59232357673596], [120.71782663505708, 24.59159828877907], [120.71743970789142, 24.591012505756957], [120.71707082491797, 24.59040904111153], [120.71675785063535, 24.58984198553672], [120.71655817097715, 24.589452603750455], [120.71642929335306, 24.589189144351376], [120.71632235286242, 24.5889668433448], [120.71606869728816, 24.58839202489189], [120.71549440373522, 24.586916238883806], [120.7149886907991, 24.585591903136788], [120.71497094709149, 24.585539664982335], [120.71492737591443, 24.585433891274125], [120.71491749094696, 24.58540823977352], [120.71444890673332, 24.58419229095096], [120.71393418179609, 24.58284586784114], [120.71280728979013, 24.579912040651454], [120.7120429892818, 24.57790530863804], [120.71187096569882, 24.577456617684174], [120.71180933097405, 24.577264863136957], [120.7117447326165, 24.577056652384524], [120.71166472450342, 24.57677415910858], [120.71159362718575, 24.576450755209486], [120.71154524859172, 24.57614453146668], [120.71151383506029, 24.57581124470108], [120.71148809847763, 24.575430648745684], [120.71148988110653, 24.57503593022542], [120.71152942350949, 24.574453538700517], [120.71161692728154, 24.573608608574936], [120.71161812684231, 24.573593514681395], [120.71162835327316, 24.573464972864187], [120.71163622514386, 24.573385967682984], [120.71164143949191, 24.57333358160412], [120.711703606117, 24.572709440579118], [120.7117202387961, 24.572365618713633], [120.71171898903305, 24.572139435270866], [120.71170435715041, 24.571828869915347], [120.71168013003496, 24.571560974464983], [120.7116299451105, 24.571294076665676], [120.71152464942962, 24.57085944417473], [120.7114304953194, 24.57056515893099], [120.71127033879519, 24.57018628249311], [120.71106609061462, 24.569807908202336], [120.7110574492169, 24.56979190158065], [120.71104441342109, 24.56976774253019], [120.71104327299696, 24.56976564565552], [120.71103136775764, 24.569743583459633], [120.71103023720656, 24.569741486603796], [120.7109171817282, 24.569532044753988], [120.71084885882135, 24.569426222216528], [120.71084382193848, 24.569418411644662], [120.71083674861268, 24.56940746416178], [120.70961214073336, 24.56751057226187], [120.70960914032284, 24.56750592566215], [120.70960587429202, 24.567500872253223], [120.70879644113866, 24.566247047812677], [120.70864060500855, 24.56599937472726], [120.70863794922077, 24.565995153129094], [120.70863562786164, 24.565991464878433], [120.70805853879114, 24.565074319046165], [120.70805552916671, 24.56506943764744], [120.7064211677851, 24.562419560121707], [120.70618002728217, 24.56207830593883], [120.7060436819265, 24.56185476605941], [120.70520070496633, 24.56051692443211], [120.70519796087731, 24.56051256716675], [120.70519562001698, 24.560508860766102], [120.70412146428417, 24.55880408023073], [120.703531453553, 24.55785993120934], [120.70353114869762, 24.557859434023722], [120.70352715577187, 24.55785305181162], [120.70343970531279, 24.55771309533484], [120.70329200760062, 24.557476763797656], [120.70278776383229, 24.556670994034015], [120.70278741962392, 24.55667044259624], [120.70275344104512, 24.556616139369364], [120.70275308696542, 24.556615587912063], [120.702719108416, 24.556561284677333], [120.70271876420824, 24.556560733239408], [120.70159295428135, 24.554761688718944], [120.70159275757847, 24.55476138134903], [120.70156786691528, 24.55472160518299], [120.69934176450755, 24.55116412551514], [120.69930949009093, 24.551112551603744], [120.6993016919311, 24.551100085276985], [120.69900321150071, 24.550634459133274], [120.6988026107741, 24.55030725954607], [120.69825872380049, 24.549455519546456], [120.69819166918008, 24.549340123115222], [120.6981776900321, 24.549316078407287], [120.69816370106156, 24.549292015620676], [120.69815630848672, 24.549279279180084], [120.69812329730088, 24.54922249389149], [120.69776139577095, 24.548599708588746], [120.69763458834169, 24.548333798651683], [120.69763439191806, 24.548333382930945], [120.69754884561132, 24.548153979757487], [120.69736489878787, 24.547693536837254], [120.69723523592984, 24.54731432686453], [120.69703715663442, 24.546541384832977], [120.69703695127704, 24.546540580853033], [120.69703370458751, 24.54652790685828], [120.69703349923022, 24.54652710287835], [120.69703025254134, 24.54651442888349], [120.69703004718407, 24.546513624903557], [120.69674718571446, 24.54540985761221], [120.69627447319722, 24.543606206351754], [120.69624858335845, 24.543511558948936], [120.69550457473488, 24.540386717102354], [120.69458090091615, 24.53680731927936], [120.69457520009699, 24.536785232181177], [120.6945694992579, 24.536763154111558], [120.69398883896658, 24.534512906777916], [120.69384770716813, 24.534000909799985], [120.69362768077484, 24.533202691069363], [120.69361033590802, 24.53313911072115], [120.69359232749754, 24.533072405037004], [120.69359172098567, 24.53307017367647], [120.6935829172987, 24.53303757063613], [120.6935650067374, 24.53297122630123], [120.69341113887745, 24.532401336993864], [120.69326051754385, 24.53170227817547], [120.69313704317632, 24.530977289314354], [120.69294088457242, 24.529723160274475], [120.69294072914185, 24.529722139696485], [120.69293782326676, 24.529703588495195], [120.69293766781428, 24.52970257694602], [120.69293517978437, 24.529686717196594], [120.69293502435386, 24.52968569661859], [120.69285008575294, 24.52914261809713], [120.69262273918278, 24.527732902666735], [120.69261485414899, 24.527684004320015], [120.69244302801498, 24.5266184194063], [120.69191818809828, 24.523333765611554], [120.69191812005052, 24.523333341115677], [120.69189532517524, 24.523190683552517], [120.69189520850959, 24.5231899610046], [120.69189243809738, 24.523172637972625], [120.69188985253129, 24.523156407811427], [120.69188951227135, 24.523154294360765], [120.6915692135347, 24.5211496095549], [120.69155409011019, 24.521054387229153], [120.69155195182411, 24.521040929836758], [120.69155144642914, 24.521037741611316], [120.69155139776862, 24.521037461616775], [120.69154968711813, 24.521026704731646], [120.69154861801957, 24.52101995797773], [120.69154857920581, 24.521019687032194], [120.69154766547268, 24.521013978916326], [120.69154577018183, 24.521002047900122], [120.69154573136807, 24.521001776954584], [120.69154411792927, 24.52099162520257], [120.69151390998876, 24.520801451485887], [120.6914825344929, 24.520572153260975], [120.69143326962528, 24.520030708311285], [120.69141904672618, 24.519276127108025], [120.69145675704482, 24.517796642236416], [120.69143733391402, 24.517114561101526], [120.69137746398502, 24.516547966845312], [120.69130353501282, 24.51603263683431], [120.69103694021776, 24.51498263750383], [120.69039802601073, 24.512600538546266], [120.6903680050584, 24.512488545900833], [120.68960437181055, 24.509641316871924], [120.68960428381979, 24.5096409826222], [120.68959731183836, 24.509614974122588], [120.68959722382544, 24.509614648901703], [120.68959024197895, 24.509588640381427], [120.68959015398823, 24.50958830613169], [120.68898742321637, 24.507340886032146], [120.68887962903455, 24.50699148970275], [120.68877844284054, 24.50665974032859], [120.68867929198993, 24.506383233818955], [120.68858370485108, 24.506162370606745], [120.68845183357337, 24.50584983436696], [120.68785959247765, 24.504704181093803], [120.6874278779893, 24.50391312446987], [120.68742762257355, 24.503912663467585], [120.68741463653586, 24.503888872538283], [120.6874143909877, 24.5038884115564], [120.68740140495494, 24.50386462062593], [120.68740115940689, 24.503864159644024], [120.68718032899054, 24.503459523901824], [120.68714211771976, 24.503389515954893], [120.68709539989474, 24.503303897471326], [120.68706591147102, 24.503249870664014], [120.68700204292523, 24.503132841200355], [120.68619957566132, 24.501632496614988], [120.68546803790306, 24.50027303780455], [120.68514397982443, 24.49969382692629], [120.68489933245, 24.499226703261595], [120.68472945327089, 24.498940313237195], [120.68461399837565, 24.49877715202181], [120.68431838472789, 24.498410227454183], [120.68399716300353, 24.498039279612136], [120.68321755042273, 24.497167679376783], [120.68259463021974, 24.496479744433024], [120.68168570239222, 24.495485637501552], [120.68102351328471, 24.494797613280898], [120.67957014623944, 24.493173233332513], [120.67910771930298, 24.492726483853914], [120.6780381752802, 24.49157743156574], [120.67705514795914, 24.490399798749436], [120.67668699259868, 24.489964027512166], [120.67634000037783, 24.489483856856157], [120.67625522273552, 24.489366538698018], [120.67596818591325, 24.488929016389154], [120.67520855978822, 24.48762485721551], [120.67514841394014, 24.487521590704517], [120.67514784418229, 24.487520623386427], [120.67494022213963, 24.48716233416405], [120.674868037782, 24.487044559268725], [120.6748676939056, 24.487043998736475], [120.6747568680251, 24.486863182056357], [120.67474893929739, 24.486850235592666], [120.67474049966816, 24.486836457369197], [120.67472831666886, 24.48681659463158], [120.67469795755835, 24.486767050856336], [120.67469563839315, 24.48676345235775], [120.67469096080758, 24.48675617401579], [120.67467366552692, 24.486729266746913], [120.67465637023037, 24.486702368504883], [120.67458656017111, 24.486593808069024], [120.67457742119733, 24.486579594942224], [120.67447215609552, 24.48641588174579], [120.6741598388076, 24.48600381533473], [120.6738010816977, 24.485558150755775], [120.67333914879823, 24.48505865762616], [120.6725843768106, 24.484315127404116], [120.67257523460802, 24.484306123827096], [120.67255475571238, 24.484285944977113], [120.67253975819479, 24.48427116826358], [120.6725251346278, 24.48425676254435], [120.67250614169359, 24.48423805862079], [120.67239618955878, 24.484129735174434], [120.67182164851643, 24.48355006927172], [120.6714881158712, 24.483194842365457], [120.67120410306178, 24.482861951677247], [120.67081064400794, 24.482372053084404], [120.66986640184841, 24.481166863561707], [120.669694098305, 24.480947030296623], [120.66969279053134, 24.48094535708932], [120.66968260356849, 24.4809323602752], [120.66968129579513, 24.48093068706778], [120.66966868991832, 24.480914606106143], [120.66966745094571, 24.480913032367035], [120.66785958398633, 24.478606362808176], [120.66785865973516, 24.478605177989138], [120.66785808943285, 24.47860445442261], [120.6678471456915, 24.478590507784688], [120.66784658525484, 24.478589784239805], [120.6678356514052, 24.478575828593865], [120.66783508110316, 24.478575105027247], [120.66638248043904, 24.47672218775705], [120.66622644839093, 24.476520561635915], [120.66603140680631, 24.476271239683776], [120.66597298392551, 24.476196567845765], [120.66597224653047, 24.476195618179887], [120.66596141145972, 24.47618177096274], [120.66596073304216, 24.476180902687396], [120.66594982913134, 24.47616697405702], [120.66594924905704, 24.476166223374893], [120.66589844624771, 24.476101274434512], [120.66589776780718, 24.476100415187734], [120.66584754512355, 24.476036216912565], [120.66584719114145, 24.47603577371305], [120.6657473162053, 24.475908100686876], [120.66570403515718, 24.475852775082096], [120.66503106733613, 24.47499347483652], [120.66467883460338, 24.47454797449379], [120.66420933131401, 24.473948378146925], [120.6639458482108, 24.473596883686486], [120.66380879129393, 24.473400181891133], [120.66376562062754, 24.473333651090588], [120.66376536519101, 24.47333325325001], [120.66365691803419, 24.473166112432917], [120.66349553872345, 24.472904808503724], [120.66335209823245, 24.47263478631587], [120.66328770010934, 24.4725008704396], [120.66328753338897, 24.472500499882603], [120.66328476668453, 24.472494769385953], [120.66328464902499, 24.47249449825635], [120.66328171555242, 24.472488415260365], [120.66328156839394, 24.47248810794936], [120.66322495035999, 24.472370371138023], [120.66311878268121, 24.472125712741846], [120.66298442362469, 24.471768978674714], [120.66288832690947, 24.471465853248443], [120.66287568633392, 24.471411615439795], [120.66287551066492, 24.471410901763566], [120.66286804924246, 24.471378877611713], [120.66286790292786, 24.47137825429011], [120.66286239217757, 24.47135461332347], [120.66286070478395, 24.471347386426363], [120.66271159320014, 24.470707788375762], [120.66269026095894, 24.47057981004434], [120.66269018321888, 24.47057936745392], [120.66268638668531, 24.470556606109973], [120.66268633820307, 24.470556289989663], [120.66268407585082, 24.470542714478235], [120.66268401750372, 24.470542398335915], [120.66243650892397, 24.469058051450208], [120.66232955374304, 24.468425977822797], [120.66232950526243, 24.46842566170231], [120.66232721331733, 24.468412113203012], [120.66232715506837, 24.46841176094502], [120.6623253195156, 24.468400931170002], [120.66232526126664, 24.468400578912004], [120.66216935118828, 24.467479190409588], [120.66202225410984, 24.466568240736162], [120.66202043944558, 24.46655699567161], [120.66201862478167, 24.466545750606993], [120.66183808962619, 24.465427728816753], [120.6617082292735, 24.46466855727724], [120.66170814186883, 24.464668042433004], [120.66170430532559, 24.464645615030307], [120.66170420817717, 24.464645055019645], [120.66170199368541, 24.46463210258756], [120.66170190630494, 24.464631578714446], [120.66169441782513, 24.464587780705617], [120.66169248489177, 24.46457651731211], [120.66169056182315, 24.46456525394066], [120.66159655266299, 24.464015624476755], [120.66149904543008, 24.4633689261499], [120.66116626334605, 24.461381067543844], [120.66116621477418, 24.461380787538246], [120.66116239918607, 24.46135797191689], [120.66116235066254, 24.46135767385355], [120.66115853502744, 24.461334876289783], [120.66115848647978, 24.46133458725531], [120.66115103961248, 24.46129012115652], [120.66093813977758, 24.460210912692936], [120.66082372750206, 24.459705722257674], [120.66070228212114, 24.45924138988694], [120.6605511887771, 24.458757786298335], [120.660295514311, 24.458029480272295], [120.66002029100717, 24.45730909332733], [120.65982607049624, 24.45687595396176], [120.65981930490462, 24.45686088751063], [120.65981200989526, 24.45684461902011], [120.65980239109014, 24.456823162693773], [120.65963993097131, 24.45647907465714], [120.65944103261336, 24.456091809273353], [120.65916992867044, 24.455574093372643], [120.65885333943251, 24.45503295261418], [120.65869137143414, 24.454771596743715], [120.65869111609899, 24.45477118083641], [120.65867359547093, 24.45474290781133], [120.65857544470497, 24.45458453541422], [120.65857521881539, 24.45458417374682], [120.65856205872183, 24.45456294409408], [120.65822691815826, 24.4540667693374], [120.65805852251616, 24.453837965612898], [120.65805549563217, 24.453833850602752], [120.65762658340964, 24.453251046482475], [120.6563288365048, 24.451643209347328], [120.65613344404088, 24.451398911653698], [120.65541374195678, 24.450506090280076], [120.65537192435785, 24.45045422306319], [120.6553240710778, 24.4503948661184], [120.65527148957597, 24.450329629571137], [120.65521230222382, 24.45025621578555], [120.65513617770382, 24.450161762045628], [120.65510338439695, 24.45012108412849], [120.6550791826396, 24.450091061888198], [120.6545078857921, 24.449387098803207], [120.65411822729297, 24.448899521280403], [120.6538903301109, 24.44859532058819], [120.65381361980211, 24.448495781546857], [120.65370053774872, 24.448333588644925], [120.65370025282878, 24.44833318169029], [120.65369944723642, 24.448332015112587], [120.65356362117706, 24.448130078813556], [120.65343072205873, 24.447918361729972], [120.6531640042724, 24.447480746955865], [120.65285219962063, 24.44698791557355], [120.65200079260255, 24.445332832308697], [120.65083085470326, 24.44279908352532], [120.650311945246, 24.441713318203146], [120.64953057470208, 24.44004719642537], [120.64947570351248, 24.43992058189264], [120.64940795208204, 24.439771825600424], [120.64931956703744, 24.439548356581], [120.64926499515133, 24.43939605621452], [120.64919690248372, 24.439204358268938], [120.64914293352953, 24.439033865926778], [120.64908973799963, 24.438844107586384], [120.64904488008834, 24.43867081930755], [120.6490093334531, 24.438511403020946], [120.6489748369568, 24.43832893825996], [120.64893221850474, 24.438077157473025], [120.6489005915575, 24.437855739440018], [120.64887669021935, 24.437622448203282], [120.64885970501834, 24.437427401573686], [120.64884968752064, 24.437251963927846], [120.64884315214486, 24.43705134359585], [120.64884371568613, 24.436783762999262], [120.64884821612604, 24.436686441383287], [120.64884821612604, 24.436686441383287], [120.64882495048465, 24.436334113921585], [120.64888081360306, 24.435841389373437], [120.64890262896239, 24.435641864103797], [120.64894576397433, 24.43542535066956], [120.64904533098375, 24.43499113567991], [120.64912848256579, 24.434722392224067], [120.64926938988192, 24.43423836989077], [120.64946404050893, 24.433545180798582], [120.64974437955036, 24.432627043779178], [120.64997248105199, 24.431853609691597], [120.65025409015284, 24.43095494985307], [120.65039767846805, 24.430457560464934], [120.65063917959469, 24.42963912862666], [120.65073039604125, 24.42933632737114], [120.65091950782858, 24.42871855998932], [120.65107735211471, 24.428192002994127], [120.65141348783202, 24.427085655566884], [120.65158983990113, 24.42647580319857], [120.6517954623724, 24.425832366967757], [120.65202231289453, 24.42518223456166], [120.65234379105804, 24.42427271834413], [120.65243077472505, 24.424097386021515], [120.65243077472505, 24.424097386021515], [120.65246525304761, 24.42398819665896], [120.6525288916824, 24.423785172994332], [120.65261332727816, 24.423513793585123], [120.65265614690256, 24.423376145953505], [120.65266881661033, 24.423333641375155], [120.65266894599688, 24.423333206475903], [120.65279028811315, 24.42292612500525], [120.65293493297612, 24.42245356459951], [120.6530894229142, 24.421946797763347], [120.65321383284176, 24.421552778776075], [120.65324073995977, 24.4214639592528], [120.6532784933689, 24.421339364707308], [120.65331582886462, 24.421216114508873], [120.6534081125215, 24.42091146269829], [120.65353825817017, 24.420470984395564], [120.65366411868307, 24.420061077267583], [120.65378431393195, 24.41966357188323], [120.65390540381826, 24.419263161092523], [120.65406769961852, 24.418733233450453], [120.65416587509793, 24.41840734030796], [120.65416969451162, 24.41839528632587], [120.65418333122899, 24.418352168017304], [120.65419563510315, 24.418313263192896], [120.65427294944486, 24.418068781700626], [120.65436948415274, 24.417747543591567], [120.65446114441937, 24.417459900120093], [120.65460736488832, 24.416976199506543], [120.65465812547072, 24.41681041692431], [120.65474527747895, 24.416522979643812], [120.65485443743479, 24.416166900026784], [120.65494462433098, 24.41587630937702], [120.655063284089, 24.415478419970395], [120.65517541053333, 24.41511497917053], [120.65531137562688, 24.414672959171522], [120.65545137555326, 24.414208095853184], [120.65557090207076, 24.41380937724005], [120.65571035071181, 24.413354372004942], [120.65583664037703, 24.41293726744017], [120.65596356698465, 24.412521319896907], [120.65609298849978, 24.412104971580387], [120.6562113320854, 24.411719197190045], [120.65630809603645, 24.41141159177529], [120.65645829706015, 24.41090549699262], [120.6564932379721, 24.410786673584337], [120.65650394624066, 24.41075022078426], [120.65651388806161, 24.410716429794654], [120.65654684851759, 24.410604319441266], [120.65676543422755, 24.409891723985773], [120.65719336433133, 24.40849021203121], [120.65742783728771, 24.40771537839431], [120.65759675159335, 24.407158762156936], [120.65767977785326, 24.406889831832444], [120.6576911072448, 24.406853145574324], [120.65770634576388, 24.40680378242189], [120.65771810288742, 24.406765697634746], [120.65771860985488, 24.40676417288152], [120.65771866754602, 24.406763986111844], [120.6577273244322, 24.406738069908016], [120.65772954506497, 24.4067314214652], [120.65805555553801, 24.405659613295512], [120.65805852996446, 24.40564983619764], [120.65805980526491, 24.405645652334332], [120.65811246555347, 24.40547252205508], [120.6581701484533, 24.405285047896843], [120.65817924683934, 24.405255477721305], [120.65818892313843, 24.405224027207723], [120.65829551028166, 24.404877601429348], [120.65855278427145, 24.404038134208847], [120.65895211145674, 24.402735134447436], [120.65979188311216, 24.39995615359532], [120.66005207934194, 24.399112457782227], [120.66011921474417, 24.39889428632867], [120.66013055695666, 24.398857426508997], [120.66014211000775, 24.39881988366601], [120.66017182706204, 24.398723312953948], [120.66019603908707, 24.39864462987746], [120.66020699635094, 24.398609021509202], [120.66021824800252, 24.398572456726285], [120.66029200776876, 24.398333458393417], [120.66029214300615, 24.3983330280134], [120.66128803836607, 24.395067129313713], [120.66145212521072, 24.394573995956087], [120.66221569497972, 24.39203085657278], [120.66241982943708, 24.39125306870364], [120.66246870470361, 24.3910001197113], [120.66252573951523, 24.390552402390597], [120.66255152469138, 24.390238791953767], [120.66255076786231, 24.38956226802875], [120.66248278601591, 24.388889252849896], [120.66237383097211, 24.38833124815937], [120.66221488991562, 24.387768252642203], [120.66205001133329, 24.38731654616303], [120.66180607813736, 24.38680677080409], [120.66152480081853, 24.386309815884335], [120.66112804342674, 24.38573962065548], [120.66063243585462, 24.385142440999548], [120.65917931858633, 24.38349859523798], [120.65888676149504, 24.383167631964955], [120.65805845816105, 24.382230578167583], [120.65805550972424, 24.38222724161208], [120.65743668091575, 24.381527153148767], [120.65702835782027, 24.381038786190278], [120.65693188584922, 24.380923402671346], [120.65691986248598, 24.38090902201849], [120.65646784097362, 24.38043172260239], [120.65603948753937, 24.379931866893074], [120.6559153357705, 24.379766836129193], [120.655855176578, 24.379686611209504], [120.65554816664527, 24.379275935674684], [120.6551560324779, 24.378779256730876], [120.65481372715739, 24.378334175556716], [120.65386317029831, 24.377250810155385], [120.65267431429248, 24.37590896077138], [120.65222670382975, 24.375437887019245], [120.65176792155621, 24.374917390296073], [120.65161575489606, 24.37474643810974], [120.65147396551801, 24.374585216736588], [120.6511293410328, 24.374193360615525], [120.6504236559363, 24.37338469703437], [120.65037846894036, 24.373333754889153], [120.64928052442731, 24.372095939460166], [120.64807327955263, 24.370728786102994], [120.64684043811556, 24.369318692767255], [120.6453117643915, 24.367594013309795], [120.64527165768475, 24.367548762591056], [120.64511353591458, 24.367358136450125], [120.64405735163871, 24.3661558731084], [120.64344357301563, 24.36548052306715], [120.64336578608557, 24.365394931809348], [120.64330396618034, 24.365326909744965], [120.64181871762972, 24.36362566522754], [120.64145681086242, 24.36317990073669], [120.64136309684389, 24.363064471372887], [120.64132129943097, 24.363012989189286], [120.64073468909763, 24.362224239953395], [120.64053623943461, 24.3619452528789], [120.64048747808357, 24.361876701725272], [120.6392129597912, 24.360084904912945], [120.63783552829007, 24.358193774149886], [120.6377227024952, 24.35801765969032], [120.63702569058067, 24.35703998859573], [120.63609369746669, 24.35579870046757], [120.63531211882767, 24.35492904414532], [120.63305847252863, 24.352506596455882], [120.63305552691425, 24.352503429166088], [120.63247833910064, 24.3518829899635], [120.63220956410105, 24.351594071052816], [120.6322016597809, 24.3515855745214], [120.6317971073622, 24.351092105872958], [120.63123604107824, 24.350281090839644], [120.63091312547466, 24.349779551285547], [120.62993524519086, 24.348333542560262], [120.62993498219666, 24.34833315366989], [120.62992769098473, 24.34832236965362], [120.6291176009336, 24.347151903216012], [120.62879930726496, 24.34662892463053], [120.62873990103064, 24.346560886273707], [120.6284240138581, 24.34605789946702], [120.62827783473818, 24.34580020099021], [120.62808734657591, 24.345470553265237], [120.62801671414304, 24.345312140691203], [120.62773357515545, 24.344849731588276], [120.62728414281143, 24.344114816029744], [120.62678324364988, 24.343411926750193], [120.62667259180583, 24.343299573361357], [120.62558278227206, 24.341798586344137], [120.6253340779285, 24.34148187632919], [120.62499417866361, 24.341033129098946], [120.62377763641736, 24.339241109343135], [120.6233733243604, 24.338649848575553], [120.62330015170414, 24.33854154769642], [120.62321079668973, 24.338407997496525], [120.6230554124295, 24.338168415832275], [120.62282834464416, 24.337840270486954], [120.62256409506664, 24.33747213475767], [120.62250036899013, 24.337389889539537], [120.62226317876299, 24.337093886854785], [120.62203781748906, 24.336832924303152], [120.62180720275084, 24.336577264627795], [120.62158499116056, 24.3363473746008], [120.62134964208806, 24.336118925008737], [120.62108695462379, 24.33586963817157], [120.62102742617571, 24.335823874758695], [120.621020791278, 24.335814903177273], [120.62101415638122, 24.335805931595544], [120.62081598849697, 24.335645519437676], [120.6206948316366, 24.3355438800103], [120.62038430954989, 24.335297237084315], [120.62030414805274, 24.335237748179587], [120.61994237864148, 24.33498062702244], [120.6198333053849, 24.334907763862617], [120.61969322149595, 24.33482008930841], [120.61944761968691, 24.33466243675914], [120.61922711158859, 24.3345245427506], [120.61920779452251, 24.33450563259466], [120.61909294136963, 24.33443349117319], [120.61880279121333, 24.334264159549797], [120.61843667989756, 24.334045207772117], [120.61831630536227, 24.33397763864142], [120.61815808857673, 24.33388574384536], [120.61803903190115, 24.333819145726338], [120.61774953607075, 24.33364089666031], [120.61764960091351, 24.33358549547129], [120.6175341568893, 24.333516424878017], [120.61743422192467, 24.333461023548647], [120.61731878010768, 24.333391950992407], [120.61722534691549, 24.333332692459155], [120.61708421852985, 24.333248145958848], [120.61691772544883, 24.333145294816344], [120.61658217226483, 24.33294608461171], [120.61637277500874, 24.33281962185656], [120.61621351083313, 24.33272700188133], [120.61605634517296, 24.332632637219355], [120.6159928754392, 24.332589158863847], [120.61579970786082, 24.332472274677254], [120.61482244272042, 24.331889758714247], [120.61441166357827, 24.331647730270284], [120.61414090878255, 24.331476521301465], [120.61395024283945, 24.33136053681927], [120.61385983835484, 24.33129657979755], [120.61375872386573, 24.331235455869326], [120.61357029482767, 24.3311073469804], [120.61349105235736, 24.331053471104678], [120.6134682108733, 24.331037491106144], [120.61338225225325, 24.330977353577996], [120.61324021183646, 24.33087293729492], [120.61309068137658, 24.330756590662848], [120.6125874225438, 24.330360594729846], [120.61251640524323, 24.33029435509894], [120.61243940523887, 24.330230523554942], [120.6120889134947, 24.329903419405348], [120.6118210091009, 24.329639790447143], [120.61148596967784, 24.329271264837256], [120.61127548504551, 24.329033288957465], [120.61106212056491, 24.32876798349877], [120.61097186551491, 24.328646470368838], [120.61088555114783, 24.328538202070607], [120.61081473871282, 24.328428732881306], [120.61061885105204, 24.32816017058846], [120.61052045332654, 24.32802071182696], [120.6103218213094, 24.327701341051217], [120.61023538008435, 24.327551170033136], [120.61016115764642, 24.327430015409632], [120.61015511690799, 24.327418866171026], [120.6100663850074, 24.327260020378954], [120.61003530796361, 24.32720698153883], [120.60986796264957, 24.32687774052114], [120.60978757220576, 24.32671034652783], [120.60962127861931, 24.326343772800712], [120.60955337686208, 24.32617782835761], [120.60950268134378, 24.326038379661284], [120.60943674764417, 24.32586762051696], [120.60938605040165, 24.3257281717741], [120.60908467229966, 24.32477044807409], [120.60903621886922, 24.32460583197751], [120.60897187241514, 24.324405690740182], [120.60887938704285, 24.324100690278996], [120.60884739721428, 24.32399519273448], [120.60864026524372, 24.323333347393525], [120.60864014816211, 24.32333296967716], [120.60861037543853, 24.323237838633148], [120.60837067741944, 24.32245895194057], [120.60805843038028, 24.321424952937218], [120.60805552174934, 24.3214153186469], [120.60805154211802, 24.32140214220093], [120.60788454324897, 24.32085543310609], [120.60772505995166, 24.320355437900716], [120.60755285868765, 24.319788457355394], [120.60742378418696, 24.319374392299213], [120.60729853759057, 24.31896348093903], [120.60714947454551, 24.318461242098206], [120.60676923020148, 24.317236644858284], [120.6066672730826, 24.316898264081114], [120.60651637538804, 24.31640844376953], [120.60629883700929, 24.315682790167], [120.6060423125518, 24.314836906984308], [120.60581597204992, 24.31410647866483], [120.60577445405447, 24.313963243957264], [120.60573133248073, 24.313824357082197], [120.60568981467888, 24.31368111873698], [120.60556067547435, 24.313250425601105], [120.60555068038742, 24.31321779297477], [120.60516898869652, 24.312052621271587], [120.60479210003534, 24.311102697715736], [120.60474012424994, 24.310971696045446], [120.60472390648259, 24.310927376190175], [120.60444834101189, 24.310174287241484], [120.60367969818532, 24.307663635905588], [120.60335690977125, 24.3067656340803], [120.6032269373092, 24.306307867388572], [120.60287347557181, 24.305422688664557], [120.60272853995731, 24.30424046864861], [120.60257294927146, 24.303974507014658], [120.60246594559311, 24.303632651105456], [120.60234872377976, 24.30326751357773], [120.60224580735549, 24.30296011417657], [120.60207741532068, 24.302433785815808], [120.60182932183066, 24.30168022835314], [120.60144262508662, 24.300525688008342], [120.6010542325535, 24.299362617242735], [120.60062908117213, 24.29833636552536], [120.60043015701802, 24.29795425370797], [120.59867709697264, 24.294229392438183], [120.59727893296167, 24.292445331741632], [120.59699708132578, 24.29205315266915], [120.59622156410367, 24.29111335512591], [120.59498693898561, 24.28965481567764], [120.59253270150987, 24.28676874795911], [120.59117815, 24.28516167], [120.5898236, 24.2835546], [120.58846905, 24.28194753], [120.58660457828077, 24.2797470331695], [120.58563675306664, 24.278654897502726], [120.58481128879512, 24.27756276183595], [120.58367891769902, 24.275943825394513], [120.58311273214966, 24.27528035068137], [120.5825287514838, 24.274876422797995], [120.58208138034277, 24.274614731396543], [120.58153877175143, 24.27436750950868], [120.58029482548682, 24.274205864989067], [120.57799740785774, 24.27415749741226], [120.57660266896552, 24.274111609989383], [120.57614339314242, 24.274081431503333], [120.57544602369643, 24.273993374706766], [120.57441636169231, 24.273683417697086], [120.57392637856643, 24.273373460687402], [120.57357468260066, 24.273149778340763], [120.57323885954389, 24.272839277913775], [120.57277356123514, 24.272319564854648], [120.5721762956864, 24.271135441034264], [120.57106112913013, 24.268680372685736], [120.56937242531944, 24.26482552777884], [120.56798698364855, 24.26153429054638], [120.56772120210698, 24.261023508711737], [120.56765114581839, 24.260846817798225], [120.56761844958056, 24.260746333917396], [120.56756720544251, 24.260632788170195], [120.56752176299926, 24.26051958756111], [120.56740488343927, 24.260246814760713], [120.56732082201944, 24.260062963505696], [120.56716646185603, 24.259708157453826], [120.56703051904904, 24.25938479603962], [120.56701953747657, 24.25935877903052], [120.56701120795493, 24.25933484084564], [120.56699846310295, 24.259307782274767], [120.56699038504946, 24.259291017521416], [120.56688814793253, 24.259055596035843], [120.56682680731379, 24.258921465630085], [120.56676458546548, 24.258780627678927], [120.56665869085299, 24.25853318149421], [120.56660012149455, 24.258388177016545], [120.5661182334636, 24.25728714179634], [120.56605739974633, 24.25714225885384], [120.56570097586398, 24.256320010525396], [120.56563219784408, 24.256167493190368], [120.56553362611135, 24.25594166832196], [120.5654717804865, 24.255796439138464], [120.56532613214752, 24.255445146672905], [120.56531565944321, 24.25542491503255], [120.56528423029187, 24.255354726876522], [120.56527362995365, 24.25532974917187], [120.56521771776939, 24.25520353768107], [120.56516736073667, 24.255094499150093], [120.56509087928323, 24.254920995768327], [120.56503944714457, 24.25479108424994], [120.56500070263257, 24.254703089588155], [120.56489209475741, 24.25443072125649], [120.56460257931708, 24.253770468553963], [120.56456629348054, 24.253684207178246], [120.56451316122063, 24.25356568533636], [120.56447687747014, 24.25347942394429], [120.56430107433766, 24.25308408321532], [120.56410684843338, 24.252632196185246], [120.56395325547685, 24.25228801979703], [120.56347037640609, 24.251165937878365], [120.56343333118869, 24.251079853720448], [120.56315926785469, 24.250442995373948], [120.56249646479647, 24.248922915062877], [120.56236704522716, 24.248617703913176], [120.5622415462727, 24.24833359412079], [120.56224138407075, 24.24833322346067], [120.5622042840636, 24.248249234488902], [120.56213397999528, 24.24808410648068], [120.56169584432162, 24.247087483209675], [120.56155523848982, 24.246746431471202], [120.56150042018525, 24.24661809083878], [120.5613420770602, 24.24626069384552], [120.5610202043233, 24.24551591315089], [120.56079783798698, 24.245008852113852], [120.56062916012014, 24.244606986842356], [120.56056700996947, 24.2444715837876], [120.56051408320843, 24.244344701933453], [120.56049252248643, 24.244292829714087], [120.56045316220548, 24.244198132465378], [120.56041081145636, 24.244096242102614], [120.56026438689433, 24.243766558017132], [120.56005033989939, 24.243276568651712], [120.55990353998229, 24.24293515971911], [120.55974904067037, 24.24258077790715], [120.55969086684654, 24.242447340786963], [120.55967530293974, 24.242413998189036], [120.5596120249301, 24.242278434359257], [120.55952870541685, 24.242107615204123], [120.55947142658188, 24.241974338596787], [120.55920541599335, 24.241374168780478], [120.55912919795745, 24.241194593668272], [120.5590598565659, 24.241041524446043], [120.55901982326859, 24.240947548995038], [120.55897268089932, 24.24082487826814], [120.5589326497071, 24.24073090099334], [120.55889871533374, 24.24063535947742], [120.55883564960729, 24.240486120429907], [120.5587724773391, 24.240325556729445], [120.55864016352623, 24.24000457626431], [120.55856872804598, 24.23983662436433], [120.55805841249546, 24.238689500201982], [120.55805553005445, 24.238683017955378], [120.5578097411345, 24.23813050401306], [120.55667440261982, 24.235571921185812], [120.5558232335588, 24.23351556417027], [120.5556950369267, 24.233230613816254], [120.555641242541, 24.23310560752096], [120.55556626202115, 24.23294278859547], [120.55537585471389, 24.23249349063648], [120.55517032327005, 24.232027039854106], [120.55512420190419, 24.231908340058382], [120.55493929370468, 24.231465312974866], [120.55488861797335, 24.231349974875137], [120.55483459734923, 24.231220252612786], [120.55471812230853, 24.230955087788573], [120.55448586665503, 24.230415187217215], [120.55430956486569, 24.230018404604778], [120.55404320242226, 24.229400799960597], [120.55368863696911, 24.228594852387307], [120.55365755107421, 24.228524191418543], [120.55365151305944, 24.228510465698733], [120.55344872674415, 24.228032893049857], [120.55339378975914, 24.227900218653033], [120.55333411882128, 24.227763055512412], [120.5532791840359, 24.227630381078733], [120.55305349983507, 24.227119764519806], [120.55276317811764, 24.226457129379895], [120.5524920044917, 24.225805529362717], [120.552419686657, 24.2256409920909], [120.5523383238801, 24.22544906271008], [120.55193029694257, 24.224512968551313], [120.55160945076292, 24.223768915931196], [120.55149996234881, 24.223519862637257], [120.5514157642163, 24.223333699422124], [120.55141557076024, 24.223333274483114], [120.55138033815875, 24.223255370287333], [120.55132711151306, 24.22312916861844], [120.55126133233759, 24.222984817504596], [120.55114737716531, 24.222711081394976], [120.55113573132287, 24.222676931401384], [120.55108642892404, 24.22258013825412], [120.55104275634268, 24.222472667587294], [120.55098508986684, 24.22233919508854], [120.55094141744968, 24.22223172439171], [120.55071625112954, 24.221711227886363], [120.55047949172443, 24.221158419474108], [120.55019296337905, 24.22051200674965], [120.55001188978562, 24.22009773891413], [120.54984050693903, 24.219690825738645], [120.54967123107079, 24.219279156627202], [120.54950281022302, 24.21883295341269], [120.5494579777724, 24.218703283422588], [120.54941175608268, 24.21856330164903], [120.54927009672163, 24.218123755959365], [120.54910478220378, 24.217561127165165], [120.54895178967988, 24.217054892714724], [120.54887804067654, 24.216816868538242], [120.5488446726249, 24.216697998647383], [120.54881016177006, 24.216586630379936], [120.54874342596587, 24.216348890556688], [120.54869708094223, 24.21619630169765], [120.5486916330317, 24.216177188932445], [120.54864324954082, 24.216007459423516], [120.54862546072331, 24.21594505600724], [120.54859655444608, 24.21583582072416], [120.54854867906285, 24.215680101391396], [120.54851977094452, 24.21557086428015], [120.5483794486995, 24.21510957405007], [120.54805819224518, 24.214031945295886], [120.5480135466852, 24.21389091131793], [120.5478508372266, 24.213339091172532], [120.54776783386134, 24.21304927125766], [120.54747031683931, 24.21205708569985], [120.54733184942569, 24.21157781023476], [120.54729431693535, 24.21145695200466], [120.54726138725538, 24.211328481432624], [120.54722385686962, 24.211207623189136], [120.54699259025823, 24.210427267501903], [120.54692962040933, 24.210194850716377], [120.54683353259007, 24.209879697068732], [120.54665770053792, 24.20928551685377], [120.54660552136606, 24.20909987950673], [120.54648348816677, 24.208697555086903], [120.54631867579961, 24.2081382651425], [120.54607666761332, 24.20732794969984], [120.54597660483844, 24.206998893164968], [120.54582047458305, 24.20646210021884], [120.54565870119144, 24.205916880516043], [120.54562812626382, 24.20580757820898], [120.54558691557847, 24.205679394928698], [120.54555447129857, 24.205568990891038], [120.54545663102799, 24.20523605445614], [120.54543201614231, 24.205152291669332], [120.54522356131184, 24.20442043514503], [120.54505920348463, 24.20387532438597], [120.54500848432099, 24.203711689388562], [120.54493316391887, 24.203446242268893], [120.54485221872774, 24.203186383599217], [120.5448096591374, 24.203041530053312], [120.54477943288387, 24.20294531002306], [120.5446898152365, 24.202637346938182], [120.54465027748195, 24.202524268721742], [120.54460321947292, 24.20236115917576], [120.54456368187603, 24.202248080935178], [120.54451060471372, 24.20207685963686], [120.54444194348255, 24.201907610643566], [120.544414693407, 24.20182778914269], [120.54437146785082, 24.201685553727856], [120.5443096600988, 24.20150254307051], [120.54424979688443, 24.20133360381109], [120.54409459265396, 24.20083314132519], [120.5440610014133, 24.200698553433952], [120.5440248258116, 24.20057874574264], [120.54399123470635, 24.20044415783362], [120.5438339135911, 24.199907873684374], [120.54355665918584, 24.198980408751016], [120.54341372083131, 24.198509505745058], [120.54336517498572, 24.19833491525717], [120.5433648382929, 24.198333819915018], [120.54336470010804, 24.19833337165498], [120.54331534400873, 24.19817294365528], [120.54317934938611, 24.19769258782264], [120.54312568508237, 24.197523067122912], [120.54308195886858, 24.197370184424166], [120.54302829679033, 24.19720066369283], [120.54298457275858, 24.197047782774778], [120.54293880194915, 24.19687871726621], [120.54290616476005, 24.196737228248164], [120.54286039415804, 24.196568162712378], [120.54282775910387, 24.196426671874356], [120.54276911298929, 24.19624554265411], [120.54273647613043, 24.19610405539903], [120.54270049279039, 24.196003895368857], [120.54266946975, 24.195858729043998], [120.54263348652803, 24.195758568996602], [120.5426024655933, 24.195613400855546], [120.54253246952796, 24.195386757614795], [120.54235881229896, 24.19478869036272], [120.54232630661839, 24.19465645466968], [120.54228626199625, 24.194518950387582], [120.54225375646064, 24.194386712870717], [120.54213537634888, 24.194020262918002], [120.54206113362751, 24.193778152371877], [120.54200522454052, 24.19362339798977], [120.54196141066357, 24.193476491962056], [120.54190527983481, 24.19329928497202], [120.54173412880758, 24.192758950559647], [120.54168681129694, 24.192609566240545], [120.54163658365623, 24.192458409758995], [120.54159164417518, 24.19230939282199], [120.54150265371273, 24.192029437950723], [120.54145771846672, 24.191880420982308], [120.54137267673444, 24.1916266064849], [120.54130634310197, 24.191435613530597], [120.54125478444908, 24.191279259333307], [120.54122193164571, 24.191185726716505], [120.54117659610239, 24.191070082029075], [120.54111427968657, 24.190940537281538], [120.54106894234856, 24.190824894361036], [120.54100648603193, 24.19068774659463], [120.54094142119008, 24.190538009714956], [120.54089532157806, 24.19044786279111], [120.54082386214286, 24.19031702810603], [120.5407777607286, 24.190226879334702], [120.54070264624809, 24.19009921726198], [120.54063662843355, 24.189977187868713], [120.54056151423008, 24.18984952753239], [120.54049549470659, 24.189727498072], [120.54041780244873, 24.189601332344765], [120.54034268867845, 24.189473671900917], [120.54012080176287, 24.18911524021933], [120.54005326506085, 24.18900149295158], [120.539981167896, 24.18888536083342], [120.53984609508868, 24.18865786795073], [120.53976489514233, 24.188529762671145], [120.53953993904139, 24.1881837829205], [120.53945634935077, 24.188049777826745], [120.53938447348801, 24.187940840529127], [120.5392086005349, 24.18765669582176], [120.53896689326325, 24.18727225633925], [120.53865278866435, 24.186760412613758], [120.53859741508636, 24.186652478363822], [120.53840848146105, 24.18627990853326], [120.53817501889088, 24.185776981378677], [120.53812567927788, 24.18565879004533], [120.53807646739334, 24.185524285190752], [120.53802712797122, 24.185406092018646], [120.53797791825124, 24.185271587136803], [120.5379292398036, 24.185127337769405], [120.53789662660313, 24.18502193539713], [120.53784795030556, 24.184877686007834], [120.53781533723848, 24.184772281810876], [120.53770990550284, 24.184415151261415], [120.53767427858905, 24.184289602855998], [120.5375961733651, 24.183953063924317], [120.53757761349202, 24.183857645207905], [120.53754775704881, 24.18372432751813], [120.53752919724185, 24.183628908794017], [120.53750167699388, 24.18347225959388], [120.53748298511834, 24.183354520365437], [120.53742832650278, 24.18297905909386], [120.53739280157026, 24.182591731929048], [120.53738570762148, 24.18247474117222], [120.53737422348038, 24.182335487421206], [120.5373671315205, 24.182218498471865], [120.53736572866988, 24.182115668263798], [120.53736313559207, 24.181615186330394], [120.5373655829001, 24.181464370550636], [120.53738848004663, 24.181000916882862], [120.5374295455111, 24.18057419658883], [120.53751259642465, 24.17996335619898], [120.53763530053705, 24.179155995078304], [120.53770519294514, 24.178643888257824], [120.53785959534832, 24.177550302425303], [120.53790123455899, 24.177278876257915], [120.53806847529547, 24.17614592917938], [120.53818240685042, 24.175296363474825], [120.53821955700865, 24.175056016397612], [120.53823789094928, 24.174922425670093], [120.53825646396294, 24.17480225301656], [120.53834572080474, 24.174167903988653], [120.53846565601943, 24.17333365863403], [120.53846571658265, 24.173333238057626], [120.53854014957903, 24.172815495474754], [120.53864621847528, 24.172057536914636], [120.53870730627447, 24.17164613376811], [120.53891972948605, 24.170161020792847], [120.53903865902225, 24.16934865093755], [120.53908811228192, 24.1690022657603], [120.53910953662786, 24.16885220136564], [120.53914151455925, 24.168628212614493], [120.5392658599322, 24.167779599348712], [120.53937360886223, 24.167018833069754], [120.53946399146527, 24.166418585637945], [120.53949443143529, 24.166277863759163], [120.5395186559495, 24.166117829541488], [120.53954909381436, 24.165977107638348], [120.53967094605177, 24.165454544588517], [120.53984110458798, 24.16477795191492], [120.53999562522384, 24.164193247025583], [120.5400706322617, 24.163899275092398], [120.54030323009177, 24.162949381164665], [120.54054848799765, 24.162005460642334], [120.54082546751697, 24.160856675946857], [120.54098019318785, 24.16023562053434], [120.54117480560231, 24.15946590175903], [120.54127866674855, 24.1590636997043], [120.54141084760931, 24.15850802491672], [120.54143766158079, 24.158385075466377], [120.54145626666032, 24.15821243352698], [120.54148307855358, 24.158089484056386], [120.54149585961726, 24.15796045910594], [120.54152267338392, 24.15783750962892], [120.5415390274863, 24.157728068902756], [120.54155092975898, 24.1576720911289], [120.54156728578828, 24.15756264859677], [120.54160379115731, 24.157390963317667], [120.54165188396838, 24.15710751509316], [120.54169218791779, 24.156920280267727], [120.54171103836718, 24.156803372633444], [120.54172621276174, 24.15673489741735], [120.54174506315006, 24.156617989775167], [120.54177240940226, 24.15649458133648], [120.54185822259159, 24.156054838850693], [120.54199749134655, 24.155491787828623], [120.54207673419921, 24.1550717433961], [120.54256657354516, 24.1523974422651], [120.54262398538235, 24.15195681031511], [120.54285339183829, 24.150994334120288], [120.54294625054317, 24.150541911239294], [120.54334578069816, 24.148457182817204], [120.54336496009343, 24.148357105347664], [120.54336942558358, 24.14833380618762], [120.54336950377149, 24.14833340191289], [120.543897826085, 24.145576538969], [120.54406125042574, 24.14499112685171], [120.54425361348336, 24.14451007209903], [120.54443996881622, 24.14410124731017], [120.54484740873266, 24.14341773563106], [120.54708569773888, 24.140171453423918], [120.54759175395901, 24.139469853618365], [120.54902035, 24.13741787], [120.55044894, 24.13536589], [120.55052533325089, 24.135256152797393], [120.551129735876, 24.1343879650779], [120.55117841962615, 24.134318033204398], [120.55199068271789, 24.13315124277547], [120.5520718375092, 24.13303466511562], [120.55357165, 24.13088011], [120.55507147, 24.12872556], [120.55516100836103, 24.128596921618403], [120.55624777194734, 24.12703564362412], [120.55686656429084, 24.12618273350351], [120.55734721801753, 24.125584986082167], [120.55775521854878, 24.125159490800225], [120.55805553404225, 24.12487148002914], [120.5580584044364, 24.124868725383877], [120.55826600183815, 24.12466963500603], [120.55876674993696, 24.124253326008365], [120.5594621978178, 24.12374223710256], [120.55995769627413, 24.12342328942853], [120.5601095564328, 24.123333427085065], [120.56011027014976, 24.123333004765563], [120.56056717429392, 24.123062624233818], [120.56058635873052, 24.123053310669402], [120.56070053208602, 24.12299788252466], [120.56124513571045, 24.122733490215914], [120.56192565828606, 24.122446299572232], [120.56259158554968, 24.12221197731266], [120.56310617213002, 24.122055744980706], [120.56585066101509, 24.121322417661236], [120.56609629828597, 24.121263706675045], [120.56617890952718, 24.121243961363646], [120.56633875711273, 24.121205755560485], [120.56700800116666, 24.12100887664008], [120.57013559112698, 24.12021846103429], [120.5703564146217, 24.120136638319803], [120.57079925854674, 24.120001818504036], [120.5716576208063, 24.11976958857385], [120.5726468014482, 24.119510882645955], [120.57399674786117, 24.11915407435737], [120.57471049587501, 24.118957035791464], [120.57491447326657, 24.118899612788546], [120.57503396520724, 24.118860997058086], [120.57522244858173, 24.11879799765517], [120.57542309680392, 24.118721119674237], [120.57575209464491, 24.118590853018063], [120.57606258641268, 24.118418762211512], [120.57623744212154, 24.118323726037488], [120.57635198380285, 24.118249866484216], [120.57662649508731, 24.11807819151494], [120.57678786604816, 24.117976244224597], [120.57686226866358, 24.117916085790014], [120.57698008018208, 24.117825521783015], [120.57708577758848, 24.117738643321424], [120.57723882622787, 24.1176040229253], [120.57747263561969, 24.11738279204554], [120.57767788640851, 24.117164469218757], [120.57785890897546, 24.116955360300743], [120.57819077991888, 24.116508401936763], [120.57833577118241, 24.11626922022799], [120.57846580229855, 24.116025942197858], [120.57856573518237, 24.11581881068099], [120.57867509282599, 24.115557915547196], [120.57876501190651, 24.115313687166392], [120.57884786241958, 24.11503720049045], [120.57894123180961, 24.114628092471385], [120.57898040884538, 24.11435662053739], [120.57900653545798, 24.114124384033758], [120.57901758307327, 24.113940318398114], [120.57901920631534, 24.113575611618668], [120.5789982110614, 24.11327627986138], [120.57896655676163, 24.113021276267656], [120.57892447277393, 24.112756753065618], [120.57887195909738, 24.11253824133844], [120.57881596885824, 24.11236098140014], [120.57871479612155, 24.11203204870261], [120.57858672212676, 24.111631715138863], [120.57836446420211, 24.11093070628816], [120.5779269004517, 24.109602584774805], [120.57675360734797, 24.106085431864898], [120.5759866460015, 24.103742035161993], [120.57577067083926, 24.103161191077533], [120.57565891994, 24.102883845174645], [120.57552855392028, 24.102596750061043], [120.5754069856226, 24.10233430447881], [120.57521545053888, 24.101993653644286], [120.57497828812411, 24.101567339932537], [120.57475452105967, 24.101213599399387], [120.5743639311603, 24.100706251229266], [120.57398797891997, 24.100243831746887], [120.57343443456888, 24.099602715846796], [120.57302468504142, 24.09921357979905], [120.57263298341553, 24.098877956266918], [120.57223284508424, 24.098536677137957], [120.57191425873542, 24.098304582934237], [120.57159895470184, 24.09809073712743], [120.57114216110924, 24.09781939362319], [120.57070542016665, 24.0975561536914], [120.57045421899423, 24.09741550083943], [120.57021932821687, 24.09729966296522], [120.57002374173747, 24.097203578843164], [120.56920529993872, 24.09686796316689], [120.56920529993872, 24.09686796316689], [120.56709038295904, 24.096095316106712], [120.56612675159701, 24.09572727181878], [120.56565608501845, 24.095519505741425], [120.56516296471689, 24.095317596018006], [120.56420504198292, 24.094974313500067], [120.56328755501511, 24.09462839448082], [120.55951650676926, 24.09319486881316], [120.55747019, 24.09244482], [120.55542387, 24.09169477], [120.55337756, 24.09094473], [120.5524897692477, 24.090613376120373], [120.55184627113834, 24.090367340350316], [120.55142411114117, 24.09020961235624], [120.551031462895, 24.09006385831347], [120.54911000800965, 24.089379064104914], [120.54815758439547, 24.089032210313455], [120.54722579835266, 24.088690589905916], [120.5449586470759, 24.087858719643933], [120.54435105065889, 24.087637269874133], [120.5425134505747, 24.086892478096935], [120.54220655060988, 24.08674711636522], [120.54192420941001, 24.086586807700968], [120.54156409878578, 24.086340553968526], [120.5413554338827, 24.086180245360932], [120.54112411729196, 24.085965781584918], [120.54101382876313, 24.085853647453362], [120.54091642767679, 24.085739552422694], [120.54061491272404, 24.08532898501354], [120.53990555624678, 24.084347183869603], [120.53972009908537, 24.08408696494303], [120.53953464192395, 24.083795291610386], [120.53934143053115, 24.08347545759591], [120.53914821913835, 24.083070672692], [120.538402, 24.081859]]}}]}