{
  "KRTC-R-0": {
    "R3": 0.0,
    "R4": 0.050752,
    "R4A": 0.11529,
    "R5": 0.153674,
    "R6": 0.191867,
    "R7": 0.233964,
    "R8": 0.265687,
    "R9": 0.307269,
    "R10": 0.331125,
    "R11": 0.361369,
    "R12": 0.393408,
    "R13": 0.425268,
    "R14": 0.457392,
    "R15": 0.498079,
    "R16": 0.552865,
    "R17": 0.609195,
    "R18": 0.634518,
    "R19": 0.677641,
    "R20": 0.713063,
    "R21": 0.748741,
    "R22": 0.803946,
    "R22A": 0.838612,
    "R23": 0.867578,
    "R24": 0.948307,
    "RK1": 1.0
  },
  "KRTC-R-1": {
    "RK1": 0.0,
    "R24": 0.051693,
    "R23": 0.132422,
    "R22A": 0.161388,
    "R22": 0.196054,
    "R21": 0.251259,
    "R20": 0.286937,
    "R19": 0.322359,
    "R18": 0.365482,
    "R17": 0.390805,
    "R16": 0.447135,
    "R15": 0.501921,
    "R14": 0.542608,
    "R13": 0.574732,
    "R12": 0.606592,
    "R11": 0.638631,
    "R10": 0.668875,
    "R9": 0.692731,
    "R8": 0.734313,
    "R7": 0.766036,
    "R6": 0.808133,
    "R5": 0.846326,
    "R4A": 0.88471,
    "R4": 0.949248,
    "R3": 1.0
  },
  "KRTC-O-0": {
    "O1": 0.0,
    "O2": 0.094632,
    "O4": 0.195374,
    "O5": 0.265772,
    "O6": 0.330397,
    "O7": 0.379983,
    "O8": 0.460977,
    "O9": 0.518615,
    "O10": 0.572077,
    "O11": 0.62864,
    "O12": 0.684777,
    "O13": 0.751456,
    "O14": 0.821089,
    "OT1": 1.0
  },
  "KRTC-O-1": {
    "OT1": 0.0,
    "O14": 0.178911,
    "O13": 0.248544,
    "O12": 0.315223,
    "O11": 0.37136,
    "O10": 0.427923,
    "O9": 0.481385,
    "O8": 0.539023,
    "O7": 0.620017,
    "O6": 0.669603,
    "O5": 0.734228,
    "O4": 0.804626,
    "O2": 0.905368,
    "O1": 1.0
  }
}