{
  "KRTC-O-0": {
    "O1": 0.0,
    "O2": 0.101072,
    "O4": 0.201378,
    "O5": 0.271822,
    "O6": 0.335375,
    "O7": 0.38438,
    "O8": 0.464012,
    "O9": 0.52144,
    "O10": 0.574273,
    "O11": 0.630168,
    "O12": 0.685299,
    "O13": 0.751149,
    "O14": 0.830015,
    "OT1": 1.0
  },
  "KRTC-O-1": {
    "OT1": 0.0,
    "O14": 0.169985,
    "O13": 0.248851,
    "O12": 0.314701,
    "O11": 0.369832,
    "O10": 0.425727,
    "O9": 0.47856,
    "O8": 0.535988,
    "O7": 0.61562,
    "O6": 0.664625,
    "O5": 0.728178,
    "O4": 0.798622,
    "O2": 0.898928,
    "O1": 1.0
  },
  "KRTC-R-0": {
    "R3": 0.0,
    "R4": 0.050471,
    "R4A": 0.112382,
    "R5": 0.15074,
    "R6": 0.188762,
    "R7": 0.23183,
    "R8": 0.263122,
    "R9": 0.305518,
    "R10": 0.330081,
    "R11": 0.361036,
    "R12": 0.394011,
    "R13": 0.426649,
    "R14": 0.459623,
    "R15": 0.501009,
    "R16": 0.554509,
    "R17": 0.6107,
    "R18": 0.636608,
    "R19": 0.680013,
    "R20": 0.714334,
    "R21": 0.75,
    "R22": 0.806528,
    "R22A": 0.843203,
    "R23": 0.872813,
    "R24": 0.95323,
    "RK1": 1.0
  },
  "KRTC-R-1": {
    "RK1": 0.0,
    "R24": 0.04677,
    "R23": 0.127187,
    "R22A": 0.156797,
    "R22": 0.193472,
    "R21": 0.25,
    "R20": 0.285666,
    "R19": 0.319987,
    "R18": 0.363392,
    "R17": 0.3893,
    "R16": 0.445491,
    "R15": 0.498991,
    "R14": 0.540377,
    "R13": 0.573351,
    "R12": 0.605989,
    "R11": 0.638964,
    "R10": 0.669919,
    "R9": 0.694482,
    "R8": 0.736878,
    "R7": 0.76817,
    "R6": 0.811238,
    "R5": 0.84926,
    "R4A": 0.887618,
    "R4": 0.949529,
    "R3": 1.0
  }
}